INSERT INTO PERFIL(PERFIL,DESCRIPCION_EN,DESCRIPCION_ES) VALUES('PORTAL_BASICUSER'               ,'PORTAL BASIC USER'             ,'USUARIO BASICO DE PORTAL'              );
INSERT INTO PERFIL(PERFIL,DESCRIPCION_EN,DESCRIPCION_ES) VALUES('PORTAL_ADMINISTRATOR'           ,'PORTAL ADMINISTRATOR'          ,'ADMINISTRATOR'          );
INSERT INTO PERFIL(PERFIL,DESCRIPCION_EN,DESCRIPCION_ES) VALUES('OPERATION_ADMINISTRATOR'        ,'OPERATION ADMINISTRATOR'       ,'ADMINISTRADOR DE OPERACIÓN');
INSERT INTO PERFIL(PERFIL,DESCRIPCION_EN,DESCRIPCION_ES) VALUES('DESIGN_ADMINISTRATOR'           ,'DESIGN ADMINISTRATOR'          ,'ADMINISTRADOR_DE DISEÑO');
INSERT INTO PERFIL(PERFIL,DESCRIPCION_EN,DESCRIPCION_ES) VALUES('PLANNING_ADMINISTRATOR'         ,'PLANNING ADMINISTRATOR'        ,'ADMINISTRADOE_DE_PLANEACION');
INSERT INTO PERFIL(PERFIL,DESCRIPCION_EN,DESCRIPCION_ES) VALUES('EVALUATION_ADMINISTRATOR'       ,'EVALUATION ADMINISTRATOR'      ,'ADMINISTRADOR DE EVALUACIÓN');
INSERT INTO PERFIL(PERFIL,DESCRIPCION_EN,DESCRIPCION_ES) VALUES('ONBOARD_STD_ADMINISTRATOR'      ,'ONBOARD STD ADMINISTRATOR'     ,'ADMINISTRADOR DE STD A BORDO');
INSERT INTO PERFIL(PERFIL,DESCRIPCION_EN,DESCRIPCION_ES) VALUES('FLIGHT_ATTENDANT_ADMINISTRATOR' ,'FLIGHT ATTENDANT ADMINISTRATOR','ADMINISTRADOR DE SOBRECARGOS');
INSERT INTO PERFIL(PERFIL,DESCRIPCION_EN,DESCRIPCION_ES) VALUES('SUPPLIER'                       ,'SUPPLIER USER'                 ,'USUARIO PROVEEDOR');

INSERT INTO USUARIO(EMAIL_USUARIO               ,CONTRASENIA                                                       ,NOMBRE         ,APELLIDO_PATERNO,APELLIDO_MATERNO,TIPO,STATUS,USUARIO_CREO                ,FECHA_CREO          ,USUARIO_MODIFICO,FECHA_MODIFICO) VALUES('amxsab.system@gmail.com'   ,'OldFoF+H3e4dtoshfcBDv6IG0ceqod0KfddrhSpzNZc='                    ,'AEROMEXICO'   ,'SERVICIOS'     ,'A BORDO'      ,'I',1      ,'amxsab.system@gmail.com'   ,CURRENT_TIMESTAMP   ,'amxsab.system@gmail.com',CURRENT_TIMESTAMP);
-- amxsab.system@gmail.com / qwerty123456#admin

INSERT INTO USUARIO(EMAIL_USUARIO               ,CONTRASENIA                                                       ,NOMBRE         ,APELLIDO_PATERNO,APELLIDO_MATERNO,TIPO,STATUS,USUARIO_CREO                ,FECHA_CREO          ,USUARIO_MODIFICO,FECHA_MODIFICO) VALUES('alfredo.estrada@gonet.us'  ,'OldFoF+H3e4dtoshfcBDv6IG0ceqod0KfddrhSpzNZc='                    ,'ALFREDO'      ,'ESTRADA'       ,'GONZALEZ'     ,'I' ,1      ,'amxsab.system@gmail.com'   ,CURRENT_TIMESTAMP   ,'amxsab.system@gmail.com',CURRENT_TIMESTAMP);
-- alfredo.estrada@gonet.us / qwerty123456
INSERT INTO PERFIL_USUARIO(PERFIL,EMAIL_USUARIO) VALUES('PORTAL_BASICUSER'       ,'alfredo.estrada@gonet.us');
INSERT INTO PERFIL_USUARIO(PERFIL,EMAIL_USUARIO) VALUES('PORTAL_ADMINISTRATOR'   ,'alfredo.estrada@gonet.us');

INSERT INTO USUARIO(EMAIL_USUARIO               ,CONTRASENIA                                                       ,NOMBRE         ,APELLIDO_PATERNO,APELLIDO_MATERNO,TIPO,STATUS,USUARIO_CREO                ,FECHA_CREO          ,USUARIO_MODIFICO,FECHA_MODIFICO) VALUES('mirna.arellano@gonet.us'  ,'OldFoF+H3e4dtoshfcBDv6IG0ceqod0KfddrhSpzNZc='                    ,'MIRNA IVETTE'  ,'ARELLANO'      ,'GARCIA'       ,'I' ,1      ,'amxsab.system@gmail.com'   ,CURRENT_TIMESTAMP   ,'amxsab.system@gmail.com',CURRENT_TIMESTAMP);
-- mirna.arellano@gonet.us / qwerty123456
INSERT INTO PERFIL_USUARIO(PERFIL,EMAIL_USUARIO) VALUES('PORTAL_BASICUSER'       ,'mirna.arellano@gonet.us');
INSERT INTO PERFIL_USUARIO(PERFIL,EMAIL_USUARIO) VALUES('PORTAL_ADMINISTRATOR'   ,'mirna.arellano@gonet.us');

INSERT INTO USUARIO(EMAIL_USUARIO               ,CONTRASENIA                                                       ,NOMBRE         ,APELLIDO_PATERNO,APELLIDO_MATERNO,TIPO,STATUS,USUARIO_CREO                ,FECHA_CREO          ,USUARIO_MODIFICO,FECHA_MODIFICO) VALUES('casandra.nava@gonet.us'    ,'OldFoF+H3e4dtoshfcBDv6IG0ceqod0KfddrhSpzNZc='                   ,'Casandra Estefania'  ,'Nava'      ,'Hernandez'  ,'I'      ,1      ,'amxsab.system@gmail.com'   ,CURRENT_TIMESTAMP   ,'amxsab.system@gmail.com',CURRENT_TIMESTAMP);
-- casandra.nava@gonet.us / qwerty123456
INSERT INTO PERFIL_USUARIO(PERFIL,EMAIL_USUARIO) VALUES('PORTAL_BASICUSER'       ,'casandra.nava@gonet.us');
INSERT INTO PERFIL_USUARIO(PERFIL,EMAIL_USUARIO) VALUES('PORTAL_ADMINISTRATOR'   ,'casandra.nava@gonet.us');

INSERT INTO USUARIO(EMAIL_USUARIO               ,CONTRASENIA                                                       ,NOMBRE         ,APELLIDO_PATERNO,APELLIDO_MATERNO,TIPO,STATUS,USUARIO_CREO                ,FECHA_CREO          ,USUARIO_MODIFICO,FECHA_MODIFICO) VALUES('erick.diaz@gonet.us'       ,'OldFoF+H3e4dtoshfcBDv6IG0ceqod0KfddrhSpzNZc='                    ,'ERICK'         ,'DIAZ'          ,'LARA'        ,'I',1      ,'amxsab.system@gmail.com'   ,CURRENT_TIMESTAMP   ,'amxsab.system@gmail.com',CURRENT_TIMESTAMP);
-- erick.diaz@gonet.us / qwerty123456
INSERT INTO PERFIL_USUARIO(PERFIL,EMAIL_USUARIO) VALUES('PORTAL_BASICUSER'       ,'erick.diaz@gonet.us');
INSERT INTO PERFIL_USUARIO(PERFIL,EMAIL_USUARIO) VALUES('PORTAL_ADMINISTRATOR'   ,'erick.diaz@gonet.us');

-- 

INSERT INTO PARAMETRO (CLAVE,VALOR_ES,VALOR_EN,STATUS,USUARIO_CREO,FECHA_CREO,USUARIO_MODIFICO,FECHA_MODIFICO) VALUES('idioma','Español','Spanish',1,'amxsab.system@gmail.com',CURRENT_TIMESTAMP,'amxsab.system@gmail.com',CURRENT_TIMESTAMP);
INSERT INTO PARAMETRO (CLAVE,VALOR_ES,VALOR_EN,STATUS,USUARIO_CREO,FECHA_CREO,USUARIO_MODIFICO,FECHA_MODIFICO) VALUES('idioma','Inglés','English',1,'amxsab.system@gmail.com',CURRENT_TIMESTAMP,'amxsab.system@gmail.com',CURRENT_TIMESTAMP);
INSERT INTO PARAMETRO (CLAVE,VALOR_ES,VALOR_EN,STATUS,USUARIO_CREO,FECHA_CREO,USUARIO_MODIFICO,FECHA_MODIFICO) VALUES('fabricante','Embraer','Embraer',1,'amxsab.system@gmail.com',CURRENT_TIMESTAMP,'amxsab.system@gmail.com',CURRENT_TIMESTAMP);
INSERT INTO PARAMETRO (CLAVE,VALOR_ES,VALOR_EN,STATUS,USUARIO_CREO,FECHA_CREO,USUARIO_MODIFICO,FECHA_MODIFICO) VALUES('fabricante','Boeing','Boeing',1,'amxsab.system@gmail.com',CURRENT_TIMESTAMP,'amxsab.system@gmail.com',CURRENT_TIMESTAMP);
INSERT INTO PARAMETRO (CLAVE,VALOR_ES,VALOR_EN,STATUS,USUARIO_CREO,FECHA_CREO,USUARIO_MODIFICO,FECHA_MODIFICO) VALUES('tipoCabina','ancha','wide',1,'amxsab.system@gmail.com',CURRENT_TIMESTAMP,'amxsab.system@gmail.com',CURRENT_TIMESTAMP);
INSERT INTO PARAMETRO (CLAVE,VALOR_ES,VALOR_EN,STATUS,USUARIO_CREO,FECHA_CREO,USUARIO_MODIFICO,FECHA_MODIFICO) VALUES('tipoCabina','angosta','narrow',1,'amxsab.system@gmail.com',CURRENT_TIMESTAMP,'amxsab.system@gmail.com',CURRENT_TIMESTAMP);
INSERT INTO PARAMETRO (CLAVE,VALOR_ES,VALOR_EN,STATUS,USUARIO_CREO,FECHA_CREO,USUARIO_MODIFICO,FECHA_MODIFICO) VALUES('tipoAudifono','1 POLO','1 POLE',1,'amxsab.system@gmail.com',CURRENT_TIMESTAMP,'amxsab.system@gmail.com',CURRENT_TIMESTAMP);
INSERT INTO PARAMETRO (CLAVE,VALOR_ES,VALOR_EN,STATUS,USUARIO_CREO,FECHA_CREO,USUARIO_MODIFICO,FECHA_MODIFICO) VALUES('tipoAudifono','2 POLOS','2 POLE',1,'amxsab.system@gmail.com',CURRENT_TIMESTAMP,'amxsab.system@gmail.com',CURRENT_TIMESTAMP);
INSERT INTO PARAMETRO (CLAVE,VALOR_ES,VALOR_EN,STATUS,USUARIO_CREO,FECHA_CREO,USUARIO_MODIFICO,FECHA_MODIFICO) VALUES('tipoAudifono','1 POLO 32 ohms','1POLE 32ohms',1,'amxsab.system@gmail.com',CURRENT_TIMESTAMP,'amxsab.system@gmail.com',CURRENT_TIMESTAMP);
INSERT INTO PARAMETRO (CLAVE,VALOR_ES,VALOR_EN,STATUS,USUARIO_CREO,FECHA_CREO,USUARIO_MODIFICO,FECHA_MODIFICO) VALUES('tipoCiclo','Numérico','Numeric',1,'amxsab.system@gmail.com',CURRENT_TIMESTAMP,'amxsab.system@gmail.com',CURRENT_TIMESTAMP);
INSERT INTO PARAMETRO (CLAVE,VALOR_ES,VALOR_EN,STATUS,USUARIO_CREO,FECHA_CREO,USUARIO_MODIFICO,FECHA_MODIFICO) VALUES('tipoCiclo','Temporada','Season',1,'amxsab.system@gmail.com',CURRENT_TIMESTAMP,'amxsab.system@gmail.com',CURRENT_TIMESTAMP);
INSERT INTO PARAMETRO (CLAVE,VALOR_ES,VALOR_EN,STATUS,USUARIO_CREO,FECHA_CREO,USUARIO_MODIFICO,FECHA_MODIFICO) VALUES('periodicidad','Mensual','Monthly',1,'amxsab.system@gmail.com',CURRENT_TIMESTAMP,'amxsab.system@gmail.com',CURRENT_TIMESTAMP);
INSERT INTO PARAMETRO (CLAVE,VALOR_ES,VALOR_EN,STATUS,USUARIO_CREO,FECHA_CREO,USUARIO_MODIFICO,FECHA_MODIFICO) VALUES('periodicidad','Quincenal','Biweekly',1,'amxsab.system@gmail.com',CURRENT_TIMESTAMP,'amxsab.system@gmail.com',CURRENT_TIMESTAMP);
INSERT INTO PARAMETRO (CLAVE,VALOR_ES,VALOR_EN,STATUS,USUARIO_CREO,FECHA_CREO,USUARIO_MODIFICO,FECHA_MODIFICO) VALUES('origenVuelo','Desde Mexico','From Mexico',1,'amxsab.system@gmail.com',CURRENT_TIMESTAMP,'amxsab.system@gmail.com',CURRENT_TIMESTAMP);
INSERT INTO PARAMETRO (CLAVE,VALOR_ES,VALOR_EN,STATUS,USUARIO_CREO,FECHA_CREO,USUARIO_MODIFICO,FECHA_MODIFICO) VALUES('origenVuelo','Hacia México','to Mexico',1,'amxsab.system@gmail.com',CURRENT_TIMESTAMP,'amxsab.system@gmail.com',CURRENT_TIMESTAMP);
INSERT INTO PARAMETRO (CLAVE,VALOR_ES,VALOR_EN,STATUS,USUARIO_CREO,FECHA_CREO,USUARIO_MODIFICO,FECHA_MODIFICO) VALUES('revision','1','1',1,'amxsab.system@gmail.com',CURRENT_TIMESTAMP,'amxsab.system@gmail.com',CURRENT_TIMESTAMP);
INSERT INTO PARAMETRO (CLAVE,VALOR_ES,VALOR_EN,STATUS,USUARIO_CREO,FECHA_CREO,USUARIO_MODIFICO,FECHA_MODIFICO) VALUES('revision','2','2',1,'amxsab.system@gmail.com',CURRENT_TIMESTAMP,'amxsab.system@gmail.com',CURRENT_TIMESTAMP);
INSERT INTO PARAMETRO (CLAVE,VALOR_ES,VALOR_EN,STATUS,USUARIO_CREO,FECHA_CREO,USUARIO_MODIFICO,FECHA_MODIFICO) VALUES('revision','3','3',1,'amxsab.system@gmail.com',CURRENT_TIMESTAMP,'amxsab.system@gmail.com',CURRENT_TIMESTAMP);
INSERT INTO PARAMETRO (CLAVE,VALOR_ES,VALOR_EN,STATUS,USUARIO_CREO,FECHA_CREO,USUARIO_MODIFICO,FECHA_MODIFICO) VALUES('revision','4','4',1,'amxsab.system@gmail.com',CURRENT_TIMESTAMP,'amxsab.system@gmail.com',CURRENT_TIMESTAMP);
INSERT INTO PARAMETRO (CLAVE,VALOR_ES,VALOR_EN,STATUS,USUARIO_CREO,FECHA_CREO,USUARIO_MODIFICO,FECHA_MODIFICO) VALUES('tipoKitTSU','Metal','Metal',1,'amxsab.system@gmail.com',CURRENT_TIMESTAMP,'amxsab.system@gmail.com',CURRENT_TIMESTAMP);
INSERT INTO PARAMETRO (CLAVE,VALOR_ES,VALOR_EN,STATUS,USUARIO_CREO,FECHA_CREO,USUARIO_MODIFICO,FECHA_MODIFICO) VALUES('tipoKitTSU','Desechables','Disposables',1,'amxsab.system@gmail.com',CURRENT_TIMESTAMP,'amxsab.system@gmail.com',CURRENT_TIMESTAMP);
INSERT INTO PARAMETRO (CLAVE,VALOR_ES,VALOR_EN,STATUS,USUARIO_CREO,FECHA_CREO,USUARIO_MODIFICO,FECHA_MODIFICO) VALUES('tipoKitTSU','Orientales','eastern',1,'amxsab.system@gmail.com',CURRENT_TIMESTAMP,'amxsab.system@gmail.com',CURRENT_TIMESTAMP);
INSERT INTO PARAMETRO (CLAVE,VALOR_ES,VALOR_EN,STATUS,USUARIO_CREO,FECHA_CREO,USUARIO_MODIFICO,FECHA_MODIFICO) VALUES('tipoKitTSU','Cuchara desechable','disposable spoon',1,'amxsab.system@gmail.com',CURRENT_TIMESTAMP,'amxsab.system@gmail.com',CURRENT_TIMESTAMP);
INSERT INTO PARAMETRO (CLAVE,VALOR_ES,VALOR_EN,STATUS,USUARIO_CREO,FECHA_CREO,USUARIO_MODIFICO,FECHA_MODIFICO) VALUES('um','PZA','PZA',1,'amxsab.system@gmail.com',CURRENT_TIMESTAMP,'amxsab.system@gmail.com',CURRENT_TIMESTAMP);
INSERT INTO PARAMETRO (CLAVE,VALOR_ES,VALOR_EN,STATUS,USUARIO_CREO,FECHA_CREO,USUARIO_MODIFICO,FECHA_MODIFICO) VALUES('um','EA','EA',1,'amxsab.system@gmail.com',CURRENT_TIMESTAMP,'amxsab.system@gmail.com',CURRENT_TIMESTAMP);
INSERT INTO PARAMETRO (CLAVE,VALOR_ES,VALOR_EN,STATUS,USUARIO_CREO,FECHA_CREO,USUARIO_MODIFICO,FECHA_MODIFICO) VALUES('um','GR','GR ',1,'amxsab.system@gmail.com',CURRENT_TIMESTAMP,'amxsab.system@gmail.com',CURRENT_TIMESTAMP);
INSERT INTO PARAMETRO (CLAVE,VALOR_ES,VALOR_EN,STATUS,USUARIO_CREO,FECHA_CREO,USUARIO_MODIFICO,FECHA_MODIFICO) VALUES('um','LT','LT',1,'amxsab.system@gmail.com',CURRENT_TIMESTAMP,'amxsab.system@gmail.com',CURRENT_TIMESTAMP);
INSERT INTO PARAMETRO (CLAVE,VALOR_ES,VALOR_EN,STATUS,USUARIO_CREO,FECHA_CREO,USUARIO_MODIFICO,FECHA_MODIFICO) VALUES('temporada','Invierno','Winter',1,'amxsab.system@gmail.com',CURRENT_TIMESTAMP,'amxsab.system@gmail.com',CURRENT_TIMESTAMP);
INSERT INTO PARAMETRO (CLAVE,VALOR_ES,VALOR_EN,STATUS,USUARIO_CREO,FECHA_CREO,USUARIO_MODIFICO,FECHA_MODIFICO) VALUES('temporada','Primavera','Spring',1,'amxsab.system@gmail.com',CURRENT_TIMESTAMP,'amxsab.system@gmail.com',CURRENT_TIMESTAMP);
INSERT INTO PARAMETRO (CLAVE,VALOR_ES,VALOR_EN,STATUS,USUARIO_CREO,FECHA_CREO,USUARIO_MODIFICO,FECHA_MODIFICO) VALUES('temporada','Verano','Summer',1,'amxsab.system@gmail.com',CURRENT_TIMESTAMP,'amxsab.system@gmail.com',CURRENT_TIMESTAMP);
INSERT INTO PARAMETRO (CLAVE,VALOR_ES,VALOR_EN,STATUS,USUARIO_CREO,FECHA_CREO,USUARIO_MODIFICO,FECHA_MODIFICO) VALUES('temporada','Otoño','Autumn',1,'amxsab.system@gmail.com',CURRENT_TIMESTAMP,'amxsab.system@gmail.com',CURRENT_TIMESTAMP);
INSERT INTO PARAMETRO (CLAVE,VALOR_ES,VALOR_EN,STATUS,USUARIO_CREO,FECHA_CREO,USUARIO_MODIFICO,FECHA_MODIFICO) VALUES('insEstNac','NE','NE',1,'amxsab.system@gmail.com',CURRENT_TIMESTAMP,'amxsab.system@gmail.com',CURRENT_TIMESTAMP);
INSERT INTO PARAMETRO (CLAVE,VALOR_ES,VALOR_EN,STATUS,USUARIO_CREO,FECHA_CREO,USUARIO_MODIFICO,FECHA_MODIFICO) VALUES('insEstNac','LE','LE',1,'amxsab.system@gmail.com',CURRENT_TIMESTAMP,'amxsab.system@gmail.com',CURRENT_TIMESTAMP);
INSERT INTO PARAMETRO (CLAVE,VALOR_ES,VALOR_EN,STATUS,USUARIO_CREO,FECHA_CREO,USUARIO_MODIFICO,FECHA_MODIFICO) VALUES('insEstNac','EX','EX',1,'amxsab.system@gmail.com',CURRENT_TIMESTAMP,'amxsab.system@gmail.com',CURRENT_TIMESTAMP);
INSERT INTO PARAMETRO (CLAVE,VALOR_ES,VALOR_EN,STATUS,USUARIO_CREO,FECHA_CREO,USUARIO_MODIFICO,FECHA_MODIFICO) VALUES('insEstIn','NE','NE',1,'amxsab.system@gmail.com',CURRENT_TIMESTAMP,'amxsab.system@gmail.com',CURRENT_TIMESTAMP);
INSERT INTO PARAMETRO (CLAVE,VALOR_ES,VALOR_EN,STATUS,USUARIO_CREO,FECHA_CREO,USUARIO_MODIFICO,FECHA_MODIFICO) VALUES('insEstIn','LE','LE',1,'amxsab.system@gmail.com',CURRENT_TIMESTAMP,'amxsab.system@gmail.com',CURRENT_TIMESTAMP);
INSERT INTO PARAMETRO (CLAVE,VALOR_ES,VALOR_EN,STATUS,USUARIO_CREO,FECHA_CREO,USUARIO_MODIFICO,FECHA_MODIFICO) VALUES('insEstIn','EX','EX',1,'amxsab.system@gmail.com',CURRENT_TIMESTAMP,'amxsab.system@gmail.com',CURRENT_TIMESTAMP);
INSERT INTO PARAMETRO (CLAVE,VALOR_ES,VALOR_EN,STATUS,USUARIO_CREO,FECHA_CREO,USUARIO_MODIFICO,FECHA_MODIFICO) VALUES('mes','Enero','January',1,'amxsab.system@gmail.com',CURRENT_TIMESTAMP,'amxsab.system@gmail.com',CURRENT_TIMESTAMP);
INSERT INTO PARAMETRO (CLAVE,VALOR_ES,VALOR_EN,STATUS,USUARIO_CREO,FECHA_CREO,USUARIO_MODIFICO,FECHA_MODIFICO) VALUES('mes','Febrero','February',1,'amxsab.system@gmail.com',CURRENT_TIMESTAMP,'amxsab.system@gmail.com',CURRENT_TIMESTAMP);
INSERT INTO PARAMETRO (CLAVE,VALOR_ES,VALOR_EN,STATUS,USUARIO_CREO,FECHA_CREO,USUARIO_MODIFICO,FECHA_MODIFICO) VALUES('mes','Marzo','March',1,'amxsab.system@gmail.com',CURRENT_TIMESTAMP,'amxsab.system@gmail.com',CURRENT_TIMESTAMP);
INSERT INTO PARAMETRO (CLAVE,VALOR_ES,VALOR_EN,STATUS,USUARIO_CREO,FECHA_CREO,USUARIO_MODIFICO,FECHA_MODIFICO) VALUES('mes','Abril','April',1,'amxsab.system@gmail.com',CURRENT_TIMESTAMP,'amxsab.system@gmail.com',CURRENT_TIMESTAMP);
INSERT INTO PARAMETRO (CLAVE,VALOR_ES,VALOR_EN,STATUS,USUARIO_CREO,FECHA_CREO,USUARIO_MODIFICO,FECHA_MODIFICO) VALUES('mes','Mayo','May',1,'amxsab.system@gmail.com',CURRENT_TIMESTAMP,'amxsab.system@gmail.com',CURRENT_TIMESTAMP);
INSERT INTO PARAMETRO (CLAVE,VALOR_ES,VALOR_EN,STATUS,USUARIO_CREO,FECHA_CREO,USUARIO_MODIFICO,FECHA_MODIFICO) VALUES('mes','Junio','June',1,'amxsab.system@gmail.com',CURRENT_TIMESTAMP,'amxsab.system@gmail.com',CURRENT_TIMESTAMP);
INSERT INTO PARAMETRO (CLAVE,VALOR_ES,VALOR_EN,STATUS,USUARIO_CREO,FECHA_CREO,USUARIO_MODIFICO,FECHA_MODIFICO) VALUES('mes','Julio','July',1,'amxsab.system@gmail.com',CURRENT_TIMESTAMP,'amxsab.system@gmail.com',CURRENT_TIMESTAMP);
INSERT INTO PARAMETRO (CLAVE,VALOR_ES,VALOR_EN,STATUS,USUARIO_CREO,FECHA_CREO,USUARIO_MODIFICO,FECHA_MODIFICO) VALUES('mes','Agosto','August',1,'amxsab.system@gmail.com',CURRENT_TIMESTAMP,'amxsab.system@gmail.com',CURRENT_TIMESTAMP);
INSERT INTO PARAMETRO (CLAVE,VALOR_ES,VALOR_EN,STATUS,USUARIO_CREO,FECHA_CREO,USUARIO_MODIFICO,FECHA_MODIFICO) VALUES('mes','Septiembre','September',1,'amxsab.system@gmail.com',CURRENT_TIMESTAMP,'amxsab.system@gmail.com',CURRENT_TIMESTAMP);
INSERT INTO PARAMETRO (CLAVE,VALOR_ES,VALOR_EN,STATUS,USUARIO_CREO,FECHA_CREO,USUARIO_MODIFICO,FECHA_MODIFICO) VALUES('mes','Octubre','October',1,'amxsab.system@gmail.com',CURRENT_TIMESTAMP,'amxsab.system@gmail.com',CURRENT_TIMESTAMP);
INSERT INTO PARAMETRO (CLAVE,VALOR_ES,VALOR_EN,STATUS,USUARIO_CREO,FECHA_CREO,USUARIO_MODIFICO,FECHA_MODIFICO) VALUES('mes','Noviembre','November',1,'amxsab.system@gmail.com',CURRENT_TIMESTAMP,'amxsab.system@gmail.com',CURRENT_TIMESTAMP);
INSERT INTO PARAMETRO (CLAVE,VALOR_ES,VALOR_EN,STATUS,USUARIO_CREO,FECHA_CREO,USUARIO_MODIFICO,FECHA_MODIFICO) VALUES('mes','Diciembre','December',1,'amxsab.system@gmail.com',CURRENT_TIMESTAMP,'amxsab.system@gmail.com',CURRENT_TIMESTAMP);
INSERT INTO PARAMETRO (CLAVE,VALOR_ES,VALOR_EN,STATUS,USUARIO_CREO,FECHA_CREO,USUARIO_MODIFICO,FECHA_MODIFICO) VALUES('tipoReporte','Irregularidad','Irregularity',1,'amxsab.system@gmail.com',CURRENT_TIMESTAMP,'amxsab.system@gmail.com',CURRENT_TIMESTAMP);
INSERT INTO PARAMETRO (CLAVE,VALOR_ES,VALOR_EN,STATUS,USUARIO_CREO,FECHA_CREO,USUARIO_MODIFICO,FECHA_MODIFICO) VALUES('tipoReporte','Felicitacion','Greeting Cards',1,'amxsab.system@gmail.com',CURRENT_TIMESTAMP,'amxsab.system@gmail.com',CURRENT_TIMESTAMP);
INSERT INTO PARAMETRO (CLAVE,VALOR_ES,VALOR_EN,STATUS,USUARIO_CREO,FECHA_CREO,USUARIO_MODIFICO,FECHA_MODIFICO) VALUES('tipoReporte','Sugerencia','Suggestion',1,'amxsab.system@gmail.com',CURRENT_TIMESTAMP,'amxsab.system@gmail.com',CURRENT_TIMESTAMP);
INSERT INTO PARAMETRO (CLAVE,VALOR_ES,VALOR_EN,STATUS,USUARIO_CREO,FECHA_CREO,USUARIO_MODIFICO,FECHA_MODIFICO) VALUES('tipoCodigoServicio','Alimentos','Foods',1,'amxsab.system@gmail.com',CURRENT_TIMESTAMP,'amxsab.system@gmail.com',CURRENT_TIMESTAMP);
INSERT INTO PARAMETRO (CLAVE,VALOR_ES,VALOR_EN,STATUS,USUARIO_CREO,FECHA_CREO,USUARIO_MODIFICO,FECHA_MODIFICO) VALUES('tipoCodigoServicio','Complementarios','Complementarios',1,'amxsab.system@gmail.com',CURRENT_TIMESTAMP,'amxsab.system@gmail.com',CURRENT_TIMESTAMP);
INSERT INTO PARAMETRO (CLAVE,VALOR_ES,VALOR_EN,STATUS,USUARIO_CREO,FECHA_CREO,USUARIO_MODIFICO,FECHA_MODIFICO) VALUES('tipoAbastecimiento','Nacional','National',1,'amxsab.system@gmail.com',CURRENT_TIMESTAMP,'amxsab.system@gmail.com',CURRENT_TIMESTAMP);
INSERT INTO PARAMETRO (CLAVE,VALOR_ES,VALOR_EN,STATUS,USUARIO_CREO,FECHA_CREO,USUARIO_MODIFICO,FECHA_MODIFICO) VALUES('tipoAbastecimiento','Inbond','Inbond',1,'amxsab.system@gmail.com',CURRENT_TIMESTAMP,'amxsab.system@gmail.com',CURRENT_TIMESTAMP);
INSERT INTO PARAMETRO (CLAVE,VALOR_ES,VALOR_EN,STATUS,USUARIO_CREO,FECHA_CREO,USUARIO_MODIFICO,FECHA_MODIFICO) VALUES('tipoConectividad','WIFI','WIFI',1,'amxsab.system@gmail.com',CURRENT_TIMESTAMP,'amxsab.system@gmail.com',CURRENT_TIMESTAMP);
INSERT INTO PARAMETRO (CLAVE,VALOR_ES,VALOR_EN,STATUS,USUARIO_CREO,FECHA_CREO,USUARIO_MODIFICO,FECHA_MODIFICO) VALUES('tipoConectividad','NA','NA',1,'amxsab.system@gmail.com',CURRENT_TIMESTAMP,'amxsab.system@gmail.com',CURRENT_TIMESTAMP);
INSERT INTO PARAMETRO (CLAVE,VALOR_ES,VALOR_EN,STATUS,USUARIO_CREO,FECHA_CREO,USUARIO_MODIFICO,FECHA_MODIFICO) VALUES('tipoKIt','A granel','In bulk',1,'amxsab.system@gmail.com',CURRENT_TIMESTAMP,'amxsab.system@gmail.com',CURRENT_TIMESTAMP);
INSERT INTO PARAMETRO (CLAVE,VALOR_ES,VALOR_EN,STATUS,USUARIO_CREO,FECHA_CREO,USUARIO_MODIFICO,FECHA_MODIFICO) VALUES('tipoKit','Lote','Lot',1,'amxsab.system@gmail.com',CURRENT_TIMESTAMP,'amxsab.system@gmail.com',CURRENT_TIMESTAMP);
INSERT INTO PARAMETRO (CLAVE,VALOR_ES,VALOR_EN,STATUS,USUARIO_CREO,FECHA_CREO,USUARIO_MODIFICO,FECHA_MODIFICO) VALUES('comunicAcciones','Reforzar','Beef up',1,'amxsab.system@gmail.com',CURRENT_TIMESTAMP,'amxsab.system@gmail.com',CURRENT_TIMESTAMP);
INSERT INTO PARAMETRO (CLAVE,VALOR_ES,VALOR_EN,STATUS,USUARIO_CREO,FECHA_CREO,USUARIO_MODIFICO,FECHA_MODIFICO) VALUES('comunicAcciones','Ninguna','Any',1,'amxsab.system@gmail.com',CURRENT_TIMESTAMP,'amxsab.system@gmail.com',CURRENT_TIMESTAMP);
INSERT INTO PARAMETRO (CLAVE,VALOR_ES,VALOR_EN,STATUS,USUARIO_CREO,FECHA_CREO,USUARIO_MODIFICO,FECHA_MODIFICO) VALUES('comunicAcciones','Cancelar','Cancel',1,'amxsab.system@gmail.com',CURRENT_TIMESTAMP,'amxsab.system@gmail.com',CURRENT_TIMESTAMP);
INSERT INTO PARAMETRO (CLAVE,VALOR_ES,VALOR_EN,STATUS,USUARIO_CREO,FECHA_CREO,USUARIO_MODIFICO,FECHA_MODIFICO) VALUES('tipoProceso','Manual','Manual',1,'amxsab.system@gmail.com',CURRENT_TIMESTAMP,'amxsab.system@gmail.com',CURRENT_TIMESTAMP);
INSERT INTO PARAMETRO (CLAVE,VALOR_ES,VALOR_EN,STATUS,USUARIO_CREO,FECHA_CREO,USUARIO_MODIFICO,FECHA_MODIFICO) VALUES('tipoProceso','Procedimiento','Process',1,'amxsab.system@gmail.com',CURRENT_TIMESTAMP,'amxsab.system@gmail.com',CURRENT_TIMESTAMP);
INSERT INTO PARAMETRO (CLAVE,VALOR_ES,VALOR_EN,STATUS,USUARIO_CREO,FECHA_CREO,USUARIO_MODIFICO,FECHA_MODIFICO) VALUES('tipoProceso','Instrucciones','Instructions',1,'amxsab.system@gmail.com',CURRENT_TIMESTAMP,'amxsab.system@gmail.com',CURRENT_TIMESTAMP);
INSERT INTO PARAMETRO (CLAVE,VALOR_ES,VALOR_EN,STATUS,USUARIO_CREO,FECHA_CREO,USUARIO_MODIFICO,FECHA_MODIFICO) VALUES('idioma','Ambos','Both of them',1,'amxsab.system@gmail.com',CURRENT_TIMESTAMP,'amxsab.system@gmail.com',CURRENT_TIMESTAMP);
INSERT INTO PARAMETRO (CLAVE,VALOR_ES,VALOR_EN,STATUS,USUARIO_CREO,FECHA_CREO,USUARIO_MODIFICO,FECHA_MODIFICO) VALUES('noCiclo','1','1',1,'amxsab.system@gmail.com',CURRENT_TIMESTAMP,'amxsab.system@gmail.com',CURRENT_TIMESTAMP);
INSERT INTO PARAMETRO (CLAVE,VALOR_ES,VALOR_EN,STATUS,USUARIO_CREO,FECHA_CREO,USUARIO_MODIFICO,FECHA_MODIFICO) VALUES('noCiclo','2','2',1,'amxsab.system@gmail.com',CURRENT_TIMESTAMP,'amxsab.system@gmail.com',CURRENT_TIMESTAMP);
INSERT INTO PARAMETRO (CLAVE,VALOR_ES,VALOR_EN,STATUS,USUARIO_CREO,FECHA_CREO,USUARIO_MODIFICO,FECHA_MODIFICO) VALUES('noCiclo','3','3',1,'amxsab.system@gmail.com',CURRENT_TIMESTAMP,'amxsab.system@gmail.com',CURRENT_TIMESTAMP);
INSERT INTO PARAMETRO (CLAVE,VALOR_ES,VALOR_EN,STATUS,USUARIO_CREO,FECHA_CREO,USUARIO_MODIFICO,FECHA_MODIFICO) VALUES('noCiclo','4','4',1,'amxsab.system@gmail.com',CURRENT_TIMESTAMP,'amxsab.system@gmail.com',CURRENT_TIMESTAMP);
INSERT INTO PARAMETRO (CLAVE,VALOR_ES,VALOR_EN,STATUS,USUARIO_CREO,FECHA_CREO,USUARIO_MODIFICO,FECHA_MODIFICO) VALUES('estatus','Activo','Active',1,'amxsab.system@gmail.com',CURRENT_TIMESTAMP,'amxsab.system@gmail.com',CURRENT_TIMESTAMP);
INSERT INTO PARAMETRO (CLAVE,VALOR_ES,VALOR_EN,STATUS,USUARIO_CREO,FECHA_CREO,USUARIO_MODIFICO,FECHA_MODIFICO) VALUES('estatus','Inactivo','Inactive',1,'amxsab.system@gmail.com',CURRENT_TIMESTAMP,'amxsab.system@gmail.com',CURRENT_TIMESTAMP);
INSERT INTO PARAMETRO (CLAVE,VALOR_ES,VALOR_EN,STATUS,USUARIO_CREO,FECHA_CREO,USUARIO_MODIFICO,FECHA_MODIFICO) VALUES('estatusPotencial','Vigente','Valid',1,'amxsab.system@gmail.com',CURRENT_TIMESTAMP,'amxsab.system@gmail.com',CURRENT_TIMESTAMP);
INSERT INTO PARAMETRO (CLAVE,VALOR_ES,VALOR_EN,STATUS,USUARIO_CREO,FECHA_CREO,USUARIO_MODIFICO,FECHA_MODIFICO) VALUES('estatusPotencial','Inactivo','Inactive',1,'amxsab.system@gmail.com',CURRENT_TIMESTAMP,'amxsab.system@gmail.com',CURRENT_TIMESTAMP);
INSERT INTO PARAMETRO (CLAVE,VALOR_ES,VALOR_EN,STATUS,USUARIO_CREO,FECHA_CREO,USUARIO_MODIFICO,FECHA_MODIFICO) VALUES('estatusPotencial','Rechazado','Rejected',1,'amxsab.system@gmail.com',CURRENT_TIMESTAMP,'amxsab.system@gmail.com',CURRENT_TIMESTAMP);
INSERT INTO PARAMETRO (CLAVE,VALOR_ES,VALOR_EN,STATUS,USUARIO_CREO,FECHA_CREO,USUARIO_MODIFICO,FECHA_MODIFICO) VALUES('estatusPotencial','Enviado','Sent',1,'amxsab.system@gmail.com',CURRENT_TIMESTAMP,'amxsab.system@gmail.com',CURRENT_TIMESTAMP);
INSERT INTO PARAMETRO (CLAVE,VALOR_ES,VALOR_EN,STATUS,USUARIO_CREO,FECHA_CREO,USUARIO_MODIFICO,FECHA_MODIFICO) VALUES('estatusMaterial','Activo','Active',1,'amxsab.system@gmail.com',CURRENT_TIMESTAMP,'amxsab.system@gmail.com',CURRENT_TIMESTAMP);
INSERT INTO PARAMETRO (CLAVE,VALOR_ES,VALOR_EN,STATUS,USUARIO_CREO,FECHA_CREO,USUARIO_MODIFICO,FECHA_MODIFICO) VALUES('estatusMaterial','Obsoleto','Obsolete',1,'amxsab.system@gmail.com',CURRENT_TIMESTAMP,'amxsab.system@gmail.com',CURRENT_TIMESTAMP);
INSERT INTO PARAMETRO (CLAVE,VALOR_ES,VALOR_EN,STATUS,USUARIO_CREO,FECHA_CREO,USUARIO_MODIFICO,FECHA_MODIFICO) VALUES('um','K','K',1,'amxsab.system@gmail.com',CURRENT_TIMESTAMP,'amxsab.system@gmail.com',CURRENT_TIMESTAMP);
INSERT INTO PARAMETRO (CLAVE,VALOR_ES,VALOR_EN,STATUS,USUARIO_CREO,FECHA_CREO,USUARIO_MODIFICO,FECHA_MODIFICO) VALUES('um','PK','PK',1,'amxsab.system@gmail.com',CURRENT_TIMESTAMP,'amxsab.system@gmail.com',CURRENT_TIMESTAMP);
INSERT INTO PARAMETRO (CLAVE,VALOR_ES,VALOR_EN,STATUS,USUARIO_CREO,FECHA_CREO,USUARIO_MODIFICO,FECHA_MODIFICO) VALUES('noCiclo','CU','CU',1,'amxsab.system@gmail.com',CURRENT_TIMESTAMP,'amxsab.system@gmail.com',CURRENT_TIMESTAMP);
INSERT INTO PARAMETRO (CLAVE,VALOR_ES,VALOR_EN,STATUS,USUARIO_CREO,FECHA_CREO,USUARIO_MODIFICO,FECHA_MODIFICO) VALUES('estatusComunicado','Vigente','Valid',1,'amxsab.system@gmail.com',CURRENT_TIMESTAMP,'amxsab.system@gmail.com',CURRENT_TIMESTAMP);
INSERT INTO PARAMETRO (CLAVE,VALOR_ES,VALOR_EN,STATUS,USUARIO_CREO,FECHA_CREO,USUARIO_MODIFICO,FECHA_MODIFICO) VALUES('estatusComunicado','Obsoleto','Obsolete',1,'amxsab.system@gmail.com',CURRENT_TIMESTAMP,'amxsab.system@gmail.com',CURRENT_TIMESTAMP);
INSERT INTO PARAMETRO (CLAVE,VALOR_ES,VALOR_EN,STATUS,USUARIO_CREO,FECHA_CREO,USUARIO_MODIFICO,FECHA_MODIFICO) VALUES('tipoQuincena','1 Quincena','1 Biweekly',1,'amxsab.system@gmail.com',CURRENT_TIMESTAMP,'amxsab.system@gmail.com',CURRENT_TIMESTAMP);
INSERT INTO PARAMETRO (CLAVE,VALOR_ES,VALOR_EN,STATUS,USUARIO_CREO,FECHA_CREO,USUARIO_MODIFICO,FECHA_MODIFICO) VALUES('tipoQuincena','2 Quncenas','2 Biweekly',1,'amxsab.system@gmail.com',CURRENT_TIMESTAMP,'amxsab.system@gmail.com',CURRENT_TIMESTAMP);
INSERT INTO PARAMETRO (CLAVE,VALOR_ES,VALOR_EN,STATUS,USUARIO_CREO,FECHA_CREO,USUARIO_MODIFICO,FECHA_MODIFICO) VALUES('tipoTemporada','inicio','begin',1,'amxsab.system@gmail.com',CURRENT_TIMESTAMP,'amxsab.system@gmail.com',CURRENT_TIMESTAMP);
INSERT INTO PARAMETRO (CLAVE,VALOR_ES,VALOR_EN,STATUS,USUARIO_CREO,FECHA_CREO,USUARIO_MODIFICO,FECHA_MODIFICO) VALUES('tipoTemporada','fin','end',1,'amxsab.system@gmail.com',CURRENT_TIMESTAMP,'amxsab.system@gmail.com',CURRENT_TIMESTAMP);
INSERT INTO PARAMETRO (CLAVE,VALOR_ES,VALOR_EN,STATUS,USUARIO_CREO,FECHA_CREO,USUARIO_MODIFICO,FECHA_MODIFICO) VALUES('um','KG','KG',1,'amxsab.system@gmail.com',CURRENT_TIMESTAMP,'amxsab.system@gmail.com',CURRENT_TIMESTAMP);
INSERT INTO PARAMETRO (CLAVE,VALOR_ES,VALOR_EN,STATUS,USUARIO_CREO,FECHA_CREO,USUARIO_MODIFICO,FECHA_MODIFICO) VALUES('estatusReporte','Sin Leer','Unread',1,'amxsab.system@gmail.com',CURRENT_TIMESTAMP,'amxsab.system@gmail.com',CURRENT_TIMESTAMP);
INSERT INTO PARAMETRO (CLAVE,VALOR_ES,VALOR_EN,STATUS,USUARIO_CREO,FECHA_CREO,USUARIO_MODIFICO,FECHA_MODIFICO) VALUES('estatusReporte','Asignado','Assigned',1,'amxsab.system@gmail.com',CURRENT_TIMESTAMP,'amxsab.system@gmail.com',CURRENT_TIMESTAMP);
INSERT INTO PARAMETRO (CLAVE,VALOR_ES,VALOR_EN,STATUS,USUARIO_CREO,FECHA_CREO,USUARIO_MODIFICO,FECHA_MODIFICO) VALUES('estatusReporte','Confirmado','Confirmed',1,'amxsab.system@gmail.com',CURRENT_TIMESTAMP,'amxsab.system@gmail.com',CURRENT_TIMESTAMP);
INSERT INTO PARAMETRO (CLAVE,VALOR_ES,VALOR_EN,STATUS,USUARIO_CREO,FECHA_CREO,USUARIO_MODIFICO,FECHA_MODIFICO) VALUES('estatusReporte','Cerrado','Closed',1,'amxsab.system@gmail.com',CURRENT_TIMESTAMP,'amxsab.system@gmail.com',CURRENT_TIMESTAMP);
INSERT INTO PARAMETRO (CLAVE,VALOR_ES,VALOR_EN,STATUS,USUARIO_CREO,FECHA_CREO,USUARIO_MODIFICO,FECHA_MODIFICO) VALUES('estatusReporte','Defasado','Defected',1,'amxsab.system@gmail.com',CURRENT_TIMESTAMP,'amxsab.system@gmail.com',CURRENT_TIMESTAMP);

INSERT INTO MULTIMEDIO(HASH_MD5                          ,URL                                          ,URL_LOCAL                                     ,MIME_TYPE  ,SIZE ,FILE_NAME    ,STATUS,USUARIO_CREO,FECHA_CREO,USUARIO_MODIFICO,FECHA_MODIFICO) VALUES ('0D7B0F791F19716381914BDB1F7E8D27','/media/0D7B0F791F19716381914BDB1F7E8D27.png','/media/0D7B0F791F19716381914BDB1F7E8D27.png' ,'image/png',33431,'AMX_PAB.png',1     ,'amxsab.system@gmail.com',CURRENT_TIMESTAMP,'amxsab.system@gmail.com',CURRENT_TIMESTAMP);

-- INSERT INTO AREA (CLAVE,NOMBRE_ES,NOMBRE_EN,STATUS,USUARIO_CREO,FECHA_CREO,USUARIO_MODIFICO,FECHA_MODIFICO) VALUES('GK','Planeación','Planning',1,'amxsab.system@gmail.com',CURRENT_TIMESTAMP,'amxsab.system@gmail.com',CURRENT_TIMESTAMP);
-- INSERT INTO AREA (CLAVE,NOMBRE_ES,NOMBRE_EN,STATUS,USUARIO_CREO,FECHA_CREO,USUARIO_MODIFICO,FECHA_MODIFICO) VALUES('GE','Diseño','Design',1,'amxsab.system@gmail.com',CURRENT_TIMESTAMP,'amxsab.system@gmail.com',CURRENT_TIMESTAMP);
INSERT INTO AREA (CLAVE,NOMBRE_ES,NOMBRE_EN,STATUS,USUARIO_CREO,FECHA_CREO,USUARIO_MODIFICO,FECHA_MODIFICO) VALUES('MEXGB','Operaciones Estaciones','Operations Stations',1,'amxsab.system@gmail.com',CURRENT_TIMESTAMP,'amxsab.system@gmail.com',CURRENT_TIMESTAMP);
INSERT INTO AREA (CLAVE,NOMBRE_ES,NOMBRE_EN,STATUS,USUARIO_CREO,FECHA_CREO,USUARIO_MODIFICO,FECHA_MODIFICO) VALUES('MEXGI','Diseño México','Design Mexico',1,'amxsab.system@gmail.com',CURRENT_TIMESTAMP,'amxsab.system@gmail.com',CURRENT_TIMESTAMP);
INSERT INTO AREA (CLAVE,NOMBRE_ES,NOMBRE_EN,STATUS,USUARIO_CREO,FECHA_CREO,USUARIO_MODIFICO,FECHA_MODIFICO) VALUES('MEXGG','Operaciones México','Operations Mexico',1,'amxsab.system@gmail.com',CURRENT_TIMESTAMP,'amxsab.system@gmail.com',CURRENT_TIMESTAMP);
INSERT INTO AREA (CLAVE,NOMBRE_ES,NOMBRE_EN,STATUS,USUARIO_CREO,FECHA_CREO,USUARIO_MODIFICO,FECHA_MODIFICO) VALUES('MEXSO','Estándares a Bordo','Standards On Board',1,'amxsab.system@gmail.com',CURRENT_TIMESTAMP,'amxsab.system@gmail.com',CURRENT_TIMESTAMP);
INSERT INTO AREA (CLAVE,NOMBRE_ES,NOMBRE_EN,STATUS,USUARIO_CREO,FECHA_CREO,USUARIO_MODIFICO,FECHA_MODIFICO) VALUES('MEXGK','Planeación de Equipos y materiales','Equipment and material planning',1,'amxsab.system@gmail.com',CURRENT_TIMESTAMP,'amxsab.system@gmail.com',CURRENT_TIMESTAMP);
INSERT INTO AREA (CLAVE,NOMBRE_ES,NOMBRE_EN,STATUS,USUARIO_CREO,FECHA_CREO,USUARIO_MODIFICO,FECHA_MODIFICO) VALUES('MEXGA','Evaluación','Evaluation',1,'amxsab.system@gmail.com',CURRENT_TIMESTAMP,'amxsab.system@gmail.com',CURRENT_TIMESTAMP);

INSERT INTO COMPANIA(CVE_COMPANIA,NOMBRE,STATUS,USUARIO_CREO,FECHA_CREO,USUARIO_MODIFICO,FECHA_MODIFICO) VALUES('AM','AEROMEXICO',1,'amxsab.system@gmail.com',CURRENT_TIMESTAMP,'amxsab.system@gmail.com',CURRENT_TIMESTAMP);
INSERT INTO COMPANIA(CVE_COMPANIA,NOMBRE,STATUS,USUARIO_CREO,FECHA_CREO,USUARIO_MODIFICO,FECHA_MODIFICO) VALUES('5D','CONNECT',1,'amxsab.system@gmail.com',CURRENT_TIMESTAMP,'amxsab.system@gmail.com',CURRENT_TIMESTAMP);

INSERT INTO REGION (NOMBRE,CVE_REGION,STATUS,USUARIO_CREO,FECHA_CREO,USUARIO_MODIFICO,FECHA_MODIFICO) VALUES('Ásia','ASI',1,'amxsab.system@gmail.com',CURRENT_TIMESTAMP,'amxsab.system@gmail.com',CURRENT_TIMESTAMP);
INSERT INTO REGION (NOMBRE,CVE_REGION,STATUS,USUARIO_CREO,FECHA_CREO,USUARIO_MODIFICO,FECHA_MODIFICO) VALUES('Canadá','CAN',1,'amxsab.system@gmail.com',CURRENT_TIMESTAMP,'amxsab.system@gmail.com',CURRENT_TIMESTAMP);
INSERT INTO REGION (NOMBRE,CVE_REGION,STATUS,USUARIO_CREO,FECHA_CREO,USUARIO_MODIFICO,FECHA_MODIFICO) VALUES('Centroamerica','LAT',1,'amxsab.system@gmail.com',CURRENT_TIMESTAMP,'amxsab.system@gmail.com',CURRENT_TIMESTAMP);
INSERT INTO REGION (NOMBRE,CVE_REGION,STATUS,USUARIO_CREO,FECHA_CREO,USUARIO_MODIFICO,FECHA_MODIFICO) VALUES('USA','USA',1,'amxsab.system@gmail.com',CURRENT_TIMESTAMP,'amxsab.system@gmail.com',CURRENT_TIMESTAMP);
INSERT INTO REGION (NOMBRE,CVE_REGION,STATUS,USUARIO_CREO,FECHA_CREO,USUARIO_MODIFICO,FECHA_MODIFICO) VALUES('Europa','EUR',1,'amxsab.system@gmail.com',CURRENT_TIMESTAMP,'amxsab.system@gmail.com',CURRENT_TIMESTAMP);
INSERT INTO REGION (NOMBRE,CVE_REGION,STATUS,USUARIO_CREO,FECHA_CREO,USUARIO_MODIFICO,FECHA_MODIFICO) VALUES('Nacional','NAT',1,'amxsab.system@gmail.com',CURRENT_TIMESTAMP,'amxsab.system@gmail.com',CURRENT_TIMESTAMP);
INSERT INTO REGION (NOMBRE,CVE_REGION,STATUS,USUARIO_CREO,FECHA_CREO,USUARIO_MODIFICO,FECHA_MODIFICO) VALUES('Sudamerica','SAM',1,'amxsab.system@gmail.com',CURRENT_TIMESTAMP,'amxsab.system@gmail.com',CURRENT_TIMESTAMP);

INSERT INTO PAIS (NOMBRE,ID_REGION,STATUS,USUARIO_CREO,FECHA_CREO,USUARIO_MODIFICO,FECHA_MODIFICO) VALUES('Países Bajos',5,1,'amxsab.system@gmail.com',CURRENT_TIMESTAMP,'amxsab.system@gmail.com',CURRENT_TIMESTAMP);
INSERT INTO PAIS (NOMBRE,ID_REGION,STATUS,USUARIO_CREO,FECHA_CREO,USUARIO_MODIFICO,FECHA_MODIFICO) VALUES('USA',4,1,'amxsab.system@gmail.com',CURRENT_TIMESTAMP,'amxsab.system@gmail.com',CURRENT_TIMESTAMP);
INSERT INTO PAIS (NOMBRE,ID_REGION,STATUS,USUARIO_CREO,FECHA_CREO,USUARIO_MODIFICO,FECHA_MODIFICO) VALUES('Colombia',7,1,'amxsab.system@gmail.com',CURRENT_TIMESTAMP,'amxsab.system@gmail.com',CURRENT_TIMESTAMP);
INSERT INTO PAIS (NOMBRE,ID_REGION,STATUS,USUARIO_CREO,FECHA_CREO,USUARIO_MODIFICO,FECHA_MODIFICO) VALUES('Francia',5,1,'amxsab.system@gmail.com',CURRENT_TIMESTAMP,'amxsab.system@gmail.com',CURRENT_TIMESTAMP);
INSERT INTO PAIS (NOMBRE,ID_REGION,STATUS,USUARIO_CREO,FECHA_CREO,USUARIO_MODIFICO,FECHA_MODIFICO) VALUES('México',6,1,'amxsab.system@gmail.com',CURRENT_TIMESTAMP,'amxsab.system@gmail.com',CURRENT_TIMESTAMP);
INSERT INTO PAIS (NOMBRE,ID_REGION,STATUS,USUARIO_CREO,FECHA_CREO,USUARIO_MODIFICO,FECHA_MODIFICO) VALUES('Argentina',7,1,'amxsab.system@gmail.com',CURRENT_TIMESTAMP,'amxsab.system@gmail.com',CURRENT_TIMESTAMP);
INSERT INTO PAIS (NOMBRE,ID_REGION,STATUS,USUARIO_CREO,FECHA_CREO,USUARIO_MODIFICO,FECHA_MODIFICO) VALUES('Brazil',7,1,'amxsab.system@gmail.com',CURRENT_TIMESTAMP,'amxsab.system@gmail.com',CURRENT_TIMESTAMP);
INSERT INTO PAIS (NOMBRE,ID_REGION,STATUS,USUARIO_CREO,FECHA_CREO,USUARIO_MODIFICO,FECHA_MODIFICO) VALUES('Guatemala',3,1,'amxsab.system@gmail.com',CURRENT_TIMESTAMP,'amxsab.system@gmail.com',CURRENT_TIMESTAMP);
INSERT INTO PAIS (NOMBRE,ID_REGION,STATUS,USUARIO_CREO,FECHA_CREO,USUARIO_MODIFICO,FECHA_MODIFICO) VALUES('Cuba',3,1,'amxsab.system@gmail.com',CURRENT_TIMESTAMP,'amxsab.system@gmail.com',CURRENT_TIMESTAMP);
INSERT INTO PAIS (NOMBRE,ID_REGION,STATUS,USUARIO_CREO,FECHA_CREO,USUARIO_MODIFICO,FECHA_MODIFICO) VALUES('Corea del Sur',1,1,'amxsab.system@gmail.com',CURRENT_TIMESTAMP,'amxsab.system@gmail.com',CURRENT_TIMESTAMP);
INSERT INTO PAIS (NOMBRE,ID_REGION,STATUS,USUARIO_CREO,FECHA_CREO,USUARIO_MODIFICO,FECHA_MODIFICO) VALUES('Inglaterra',5,1,'amxsab.system@gmail.com',CURRENT_TIMESTAMP,'amxsab.system@gmail.com',CURRENT_TIMESTAMP);
INSERT INTO PAIS (NOMBRE,ID_REGION,STATUS,USUARIO_CREO,FECHA_CREO,USUARIO_MODIFICO,FECHA_MODIFICO) VALUES('Perú',7,1,'amxsab.system@gmail.com',CURRENT_TIMESTAMP,'amxsab.system@gmail.com',CURRENT_TIMESTAMP);
INSERT INTO PAIS (NOMBRE,ID_REGION,STATUS,USUARIO_CREO,FECHA_CREO,USUARIO_MODIFICO,FECHA_MODIFICO) VALUES('España',5,1,'amxsab.system@gmail.com',CURRENT_TIMESTAMP,'amxsab.system@gmail.com',CURRENT_TIMESTAMP);
INSERT INTO PAIS (NOMBRE,ID_REGION,STATUS,USUARIO_CREO,FECHA_CREO,USUARIO_MODIFICO,FECHA_MODIFICO) VALUES('Nicaragua',3,1,'amxsab.system@gmail.com',CURRENT_TIMESTAMP,'amxsab.system@gmail.com',CURRENT_TIMESTAMP);
INSERT INTO PAIS (NOMBRE,ID_REGION,STATUS,USUARIO_CREO,FECHA_CREO,USUARIO_MODIFICO,FECHA_MODIFICO) VALUES('Japon',1,1,'amxsab.system@gmail.com',CURRENT_TIMESTAMP,'amxsab.system@gmail.com',CURRENT_TIMESTAMP);
INSERT INTO PAIS (NOMBRE,ID_REGION,STATUS,USUARIO_CREO,FECHA_CREO,USUARIO_MODIFICO,FECHA_MODIFICO) VALUES('Panama',3,1,'amxsab.system@gmail.com',CURRENT_TIMESTAMP,'amxsab.system@gmail.com',CURRENT_TIMESTAMP);
INSERT INTO PAIS (NOMBRE,ID_REGION,STATUS,USUARIO_CREO,FECHA_CREO,USUARIO_MODIFICO,FECHA_MODIFICO) VALUES('China',1,1,'amxsab.system@gmail.com',CURRENT_TIMESTAMP,'amxsab.system@gmail.com',CURRENT_TIMESTAMP);
INSERT INTO PAIS (NOMBRE,ID_REGION,STATUS,USUARIO_CREO,FECHA_CREO,USUARIO_MODIFICO,FECHA_MODIFICO) VALUES('El Salvador',3,1,'amxsab.system@gmail.com',CURRENT_TIMESTAMP,'amxsab.system@gmail.com',CURRENT_TIMESTAMP);
INSERT INTO PAIS (NOMBRE,ID_REGION,STATUS,USUARIO_CREO,FECHA_CREO,USUARIO_MODIFICO,FECHA_MODIFICO) VALUES('Honduras',3,1,'amxsab.system@gmail.com',CURRENT_TIMESTAMP,'amxsab.system@gmail.com',CURRENT_TIMESTAMP);
INSERT INTO PAIS (NOMBRE,ID_REGION,STATUS,USUARIO_CREO,FECHA_CREO,USUARIO_MODIFICO,FECHA_MODIFICO) VALUES('Chile',7,1,'amxsab.system@gmail.com',CURRENT_TIMESTAMP,'amxsab.system@gmail.com',CURRENT_TIMESTAMP);
INSERT INTO PAIS (NOMBRE,ID_REGION,STATUS,USUARIO_CREO,FECHA_CREO,USUARIO_MODIFICO,FECHA_MODIFICO) VALUES('República Dominicana',3,1,'amxsab.system@gmail.com',CURRENT_TIMESTAMP,'amxsab.system@gmail.com',CURRENT_TIMESTAMP);
INSERT INTO PAIS (NOMBRE,ID_REGION,STATUS,USUARIO_CREO,FECHA_CREO,USUARIO_MODIFICO,FECHA_MODIFICO) VALUES('Costa Rica',3,1,'amxsab.system@gmail.com',CURRENT_TIMESTAMP,'amxsab.system@gmail.com',CURRENT_TIMESTAMP);
INSERT INTO PAIS (NOMBRE,ID_REGION,STATUS,USUARIO_CREO,FECHA_CREO,USUARIO_MODIFICO,FECHA_MODIFICO) VALUES('Canada',2,1,'amxsab.system@gmail.com',CURRENT_TIMESTAMP,'amxsab.system@gmail.com',CURRENT_TIMESTAMP);
INSERT INTO PAIS (NOMBRE,ID_REGION,STATUS,USUARIO_CREO,FECHA_CREO,USUARIO_MODIFICO,FECHA_MODIFICO) VALUES('Ecuador',3,1,'amxsab.system@gmail.com',CURRENT_TIMESTAMP,'amxsab.system@gmail.com',CURRENT_TIMESTAMP);

INSERT INTO CIUDAD (NOMBRE,ID_PAIS,STATUS,USUARIO_CREO,FECHA_CREO,USUARIO_MODIFICO,FECHA_MODIFICO) VALUES('Ámsterdam',1,1,'amxsab.system@gmail.com',CURRENT_TIMESTAMP,'amxsab.system@gmail.com',CURRENT_TIMESTAMP);
INSERT INTO CIUDAD (NOMBRE,ID_PAIS,STATUS,USUARIO_CREO,FECHA_CREO,USUARIO_MODIFICO,FECHA_MODIFICO) VALUES('Austin',2,1,'amxsab.system@gmail.com',CURRENT_TIMESTAMP,'amxsab.system@gmail.com',CURRENT_TIMESTAMP);
INSERT INTO CIUDAD (NOMBRE,ID_PAIS,STATUS,USUARIO_CREO,FECHA_CREO,USUARIO_MODIFICO,FECHA_MODIFICO) VALUES('Bogota',3,1,'amxsab.system@gmail.com',CURRENT_TIMESTAMP,'amxsab.system@gmail.com',CURRENT_TIMESTAMP);
INSERT INTO CIUDAD (NOMBRE,ID_PAIS,STATUS,USUARIO_CREO,FECHA_CREO,USUARIO_MODIFICO,FECHA_MODIFICO) VALUES('Boston',2,1,'amxsab.system@gmail.com',CURRENT_TIMESTAMP,'amxsab.system@gmail.com',CURRENT_TIMESTAMP);
INSERT INTO CIUDAD (NOMBRE,ID_PAIS,STATUS,USUARIO_CREO,FECHA_CREO,USUARIO_MODIFICO,FECHA_MODIFICO) VALUES('Paris',4,1,'amxsab.system@gmail.com',CURRENT_TIMESTAMP,'amxsab.system@gmail.com',CURRENT_TIMESTAMP);
INSERT INTO CIUDAD (NOMBRE,ID_PAIS,STATUS,USUARIO_CREO,FECHA_CREO,USUARIO_MODIFICO,FECHA_MODIFICO) VALUES('Cancun',5,1,'amxsab.system@gmail.com',CURRENT_TIMESTAMP,'amxsab.system@gmail.com',CURRENT_TIMESTAMP);
INSERT INTO CIUDAD (NOMBRE,ID_PAIS,STATUS,USUARIO_CREO,FECHA_CREO,USUARIO_MODIFICO,FECHA_MODIFICO) VALUES('Denver',2,1,'amxsab.system@gmail.com',CURRENT_TIMESTAMP,'amxsab.system@gmail.com',CURRENT_TIMESTAMP);
INSERT INTO CIUDAD (NOMBRE,ID_PAIS,STATUS,USUARIO_CREO,FECHA_CREO,USUARIO_MODIFICO,FECHA_MODIFICO) VALUES('Dallas',2,1,'amxsab.system@gmail.com',CURRENT_TIMESTAMP,'amxsab.system@gmail.com',CURRENT_TIMESTAMP);
INSERT INTO CIUDAD (NOMBRE,ID_PAIS,STATUS,USUARIO_CREO,FECHA_CREO,USUARIO_MODIFICO,FECHA_MODIFICO) VALUES('Detroit',2,1,'amxsab.system@gmail.com',CURRENT_TIMESTAMP,'amxsab.system@gmail.com',CURRENT_TIMESTAMP);
INSERT INTO CIUDAD (NOMBRE,ID_PAIS,STATUS,USUARIO_CREO,FECHA_CREO,USUARIO_MODIFICO,FECHA_MODIFICO) VALUES('Argentina',6,1,'amxsab.system@gmail.com',CURRENT_TIMESTAMP,'amxsab.system@gmail.com',CURRENT_TIMESTAMP);
INSERT INTO CIUDAD (NOMBRE,ID_PAIS,STATUS,USUARIO_CREO,FECHA_CREO,USUARIO_MODIFICO,FECHA_MODIFICO) VALUES('Fresno',2,1,'amxsab.system@gmail.com',CURRENT_TIMESTAMP,'amxsab.system@gmail.com',CURRENT_TIMESTAMP);
INSERT INTO CIUDAD (NOMBRE,ID_PAIS,STATUS,USUARIO_CREO,FECHA_CREO,USUARIO_MODIFICO,FECHA_MODIFICO) VALUES('Sao Pablo',7,1,'amxsab.system@gmail.com',CURRENT_TIMESTAMP,'amxsab.system@gmail.com',CURRENT_TIMESTAMP);
INSERT INTO CIUDAD (NOMBRE,ID_PAIS,STATUS,USUARIO_CREO,FECHA_CREO,USUARIO_MODIFICO,FECHA_MODIFICO) VALUES('Guatemala',8,1,'amxsab.system@gmail.com',CURRENT_TIMESTAMP,'amxsab.system@gmail.com',CURRENT_TIMESTAMP);
INSERT INTO CIUDAD (NOMBRE,ID_PAIS,STATUS,USUARIO_CREO,FECHA_CREO,USUARIO_MODIFICO,FECHA_MODIFICO) VALUES('Havana',9,1,'amxsab.system@gmail.com',CURRENT_TIMESTAMP,'amxsab.system@gmail.com',CURRENT_TIMESTAMP);
INSERT INTO CIUDAD (NOMBRE,ID_PAIS,STATUS,USUARIO_CREO,FECHA_CREO,USUARIO_MODIFICO,FECHA_MODIFICO) VALUES('Washington',2,1,'amxsab.system@gmail.com',CURRENT_TIMESTAMP,'amxsab.system@gmail.com',CURRENT_TIMESTAMP);
INSERT INTO CIUDAD (NOMBRE,ID_PAIS,STATUS,USUARIO_CREO,FECHA_CREO,USUARIO_MODIFICO,FECHA_MODIFICO) VALUES('Houston',2,1,'amxsab.system@gmail.com',CURRENT_TIMESTAMP,'amxsab.system@gmail.com',CURRENT_TIMESTAMP);
INSERT INTO CIUDAD (NOMBRE,ID_PAIS,STATUS,USUARIO_CREO,FECHA_CREO,USUARIO_MODIFICO,FECHA_MODIFICO) VALUES('Seul',10,1,'amxsab.system@gmail.com',CURRENT_TIMESTAMP,'amxsab.system@gmail.com',CURRENT_TIMESTAMP);
INSERT INTO CIUDAD (NOMBRE,ID_PAIS,STATUS,USUARIO_CREO,FECHA_CREO,USUARIO_MODIFICO,FECHA_MODIFICO) VALUES('New York',2,1,'amxsab.system@gmail.com',CURRENT_TIMESTAMP,'amxsab.system@gmail.com',CURRENT_TIMESTAMP);
INSERT INTO CIUDAD (NOMBRE,ID_PAIS,STATUS,USUARIO_CREO,FECHA_CREO,USUARIO_MODIFICO,FECHA_MODIFICO) VALUES('Las Vegas',2,1,'amxsab.system@gmail.com',CURRENT_TIMESTAMP,'amxsab.system@gmail.com',CURRENT_TIMESTAMP);
INSERT INTO CIUDAD (NOMBRE,ID_PAIS,STATUS,USUARIO_CREO,FECHA_CREO,USUARIO_MODIFICO,FECHA_MODIFICO) VALUES('Los Angeles',2,1,'amxsab.system@gmail.com',CURRENT_TIMESTAMP,'amxsab.system@gmail.com',CURRENT_TIMESTAMP);
INSERT INTO CIUDAD (NOMBRE,ID_PAIS,STATUS,USUARIO_CREO,FECHA_CREO,USUARIO_MODIFICO,FECHA_MODIFICO) VALUES('Londres',11,1,'amxsab.system@gmail.com',CURRENT_TIMESTAMP,'amxsab.system@gmail.com',CURRENT_TIMESTAMP);
INSERT INTO CIUDAD (NOMBRE,ID_PAIS,STATUS,USUARIO_CREO,FECHA_CREO,USUARIO_MODIFICO,FECHA_MODIFICO) VALUES('Lima',12,1,'amxsab.system@gmail.com',CURRENT_TIMESTAMP,'amxsab.system@gmail.com',CURRENT_TIMESTAMP);
INSERT INTO CIUDAD (NOMBRE,ID_PAIS,STATUS,USUARIO_CREO,FECHA_CREO,USUARIO_MODIFICO,FECHA_MODIFICO) VALUES('Madrid',13,1,'amxsab.system@gmail.com',CURRENT_TIMESTAMP,'amxsab.system@gmail.com',CURRENT_TIMESTAMP);
INSERT INTO CIUDAD (NOMBRE,ID_PAIS,STATUS,USUARIO_CREO,FECHA_CREO,USUARIO_MODIFICO,FECHA_MODIFICO) VALUES('Orlando',2,1,'amxsab.system@gmail.com',CURRENT_TIMESTAMP,'amxsab.system@gmail.com',CURRENT_TIMESTAMP);
INSERT INTO CIUDAD (NOMBRE,ID_PAIS,STATUS,USUARIO_CREO,FECHA_CREO,USUARIO_MODIFICO,FECHA_MODIFICO) VALUES('Medellin',3,1,'amxsab.system@gmail.com',CURRENT_TIMESTAMP,'amxsab.system@gmail.com',CURRENT_TIMESTAMP);
INSERT INTO CIUDAD (NOMBRE,ID_PAIS,STATUS,USUARIO_CREO,FECHA_CREO,USUARIO_MODIFICO,FECHA_MODIFICO) VALUES('Managua',14,1,'amxsab.system@gmail.com',CURRENT_TIMESTAMP,'amxsab.system@gmail.com',CURRENT_TIMESTAMP);
INSERT INTO CIUDAD (NOMBRE,ID_PAIS,STATUS,USUARIO_CREO,FECHA_CREO,USUARIO_MODIFICO,FECHA_MODIFICO) VALUES('Miami',2,1,'amxsab.system@gmail.com',CURRENT_TIMESTAMP,'amxsab.system@gmail.com',CURRENT_TIMESTAMP);
INSERT INTO CIUDAD (NOMBRE,ID_PAIS,STATUS,USUARIO_CREO,FECHA_CREO,USUARIO_MODIFICO,FECHA_MODIFICO) VALUES('Monterrey',5,1,'amxsab.system@gmail.com',CURRENT_TIMESTAMP,'amxsab.system@gmail.com',CURRENT_TIMESTAMP);
INSERT INTO CIUDAD (NOMBRE,ID_PAIS,STATUS,USUARIO_CREO,FECHA_CREO,USUARIO_MODIFICO,FECHA_MODIFICO) VALUES('Narita',15,1,'amxsab.system@gmail.com',CURRENT_TIMESTAMP,'amxsab.system@gmail.com',CURRENT_TIMESTAMP);
INSERT INTO CIUDAD (NOMBRE,ID_PAIS,STATUS,USUARIO_CREO,FECHA_CREO,USUARIO_MODIFICO,FECHA_MODIFICO) VALUES('Ontario California',2,1,'amxsab.system@gmail.com',CURRENT_TIMESTAMP,'amxsab.system@gmail.com',CURRENT_TIMESTAMP);
INSERT INTO CIUDAD (NOMBRE,ID_PAIS,STATUS,USUARIO_CREO,FECHA_CREO,USUARIO_MODIFICO,FECHA_MODIFICO) VALUES('Chicago',2,1,'amxsab.system@gmail.com',CURRENT_TIMESTAMP,'amxsab.system@gmail.com',CURRENT_TIMESTAMP);
INSERT INTO CIUDAD (NOMBRE,ID_PAIS,STATUS,USUARIO_CREO,FECHA_CREO,USUARIO_MODIFICO,FECHA_MODIFICO) VALUES('Panama',16,1,'amxsab.system@gmail.com',CURRENT_TIMESTAMP,'amxsab.system@gmail.com',CURRENT_TIMESTAMP);
INSERT INTO CIUDAD (NOMBRE,ID_PAIS,STATUS,USUARIO_CREO,FECHA_CREO,USUARIO_MODIFICO,FECHA_MODIFICO) VALUES('Shanghai',17,1,'amxsab.system@gmail.com',CURRENT_TIMESTAMP,'amxsab.system@gmail.com',CURRENT_TIMESTAMP);
INSERT INTO CIUDAD (NOMBRE,ID_PAIS,STATUS,USUARIO_CREO,FECHA_CREO,USUARIO_MODIFICO,FECHA_MODIFICO) VALUES('El Salvador',18,1,'amxsab.system@gmail.com',CURRENT_TIMESTAMP,'amxsab.system@gmail.com',CURRENT_TIMESTAMP);
INSERT INTO CIUDAD (NOMBRE,ID_PAIS,STATUS,USUARIO_CREO,FECHA_CREO,USUARIO_MODIFICO,FECHA_MODIFICO) VALUES('San Pedro Sula',19,1,'amxsab.system@gmail.com',CURRENT_TIMESTAMP,'amxsab.system@gmail.com',CURRENT_TIMESTAMP);
INSERT INTO CIUDAD (NOMBRE,ID_PAIS,STATUS,USUARIO_CREO,FECHA_CREO,USUARIO_MODIFICO,FECHA_MODIFICO) VALUES('San Antonio',2,1,'amxsab.system@gmail.com',CURRENT_TIMESTAMP,'amxsab.system@gmail.com',CURRENT_TIMESTAMP);
INSERT INTO CIUDAD (NOMBRE,ID_PAIS,STATUS,USUARIO_CREO,FECHA_CREO,USUARIO_MODIFICO,FECHA_MODIFICO) VALUES('Santiago de Chile',20,1,'amxsab.system@gmail.com',CURRENT_TIMESTAMP,'amxsab.system@gmail.com',CURRENT_TIMESTAMP);
INSERT INTO CIUDAD (NOMBRE,ID_PAIS,STATUS,USUARIO_CREO,FECHA_CREO,USUARIO_MODIFICO,FECHA_MODIFICO) VALUES('Santo Domingo',21,1,'amxsab.system@gmail.com',CURRENT_TIMESTAMP,'amxsab.system@gmail.com',CURRENT_TIMESTAMP);
INSERT INTO CIUDAD (NOMBRE,ID_PAIS,STATUS,USUARIO_CREO,FECHA_CREO,USUARIO_MODIFICO,FECHA_MODIFICO) VALUES('San Francsco',2,1,'amxsab.system@gmail.com',CURRENT_TIMESTAMP,'amxsab.system@gmail.com',CURRENT_TIMESTAMP);
INSERT INTO CIUDAD (NOMBRE,ID_PAIS,STATUS,USUARIO_CREO,FECHA_CREO,USUARIO_MODIFICO,FECHA_MODIFICO) VALUES('San Jose Costa Rica',22,1,'amxsab.system@gmail.com',CURRENT_TIMESTAMP,'amxsab.system@gmail.com',CURRENT_TIMESTAMP);
INSERT INTO CIUDAD (NOMBRE,ID_PAIS,STATUS,USUARIO_CREO,FECHA_CREO,USUARIO_MODIFICO,FECHA_MODIFICO) VALUES('Sacramento',2,1,'amxsab.system@gmail.com',CURRENT_TIMESTAMP,'amxsab.system@gmail.com',CURRENT_TIMESTAMP);
INSERT INTO CIUDAD (NOMBRE,ID_PAIS,STATUS,USUARIO_CREO,FECHA_CREO,USUARIO_MODIFICO,FECHA_MODIFICO) VALUES('Torreon',5,1,'amxsab.system@gmail.com',CURRENT_TIMESTAMP,'amxsab.system@gmail.com',CURRENT_TIMESTAMP);
INSERT INTO CIUDAD (NOMBRE,ID_PAIS,STATUS,USUARIO_CREO,FECHA_CREO,USUARIO_MODIFICO,FECHA_MODIFICO) VALUES('Montreal',23,1,'amxsab.system@gmail.com',CURRENT_TIMESTAMP,'amxsab.system@gmail.com',CURRENT_TIMESTAMP);
INSERT INTO CIUDAD (NOMBRE,ID_PAIS,STATUS,USUARIO_CREO,FECHA_CREO,USUARIO_MODIFICO,FECHA_MODIFICO) VALUES('Vancouver',23,1,'amxsab.system@gmail.com',CURRENT_TIMESTAMP,'amxsab.system@gmail.com',CURRENT_TIMESTAMP);
INSERT INTO CIUDAD (NOMBRE,ID_PAIS,STATUS,USUARIO_CREO,FECHA_CREO,USUARIO_MODIFICO,FECHA_MODIFICO) VALUES('Calgary',23,1,'amxsab.system@gmail.com',CURRENT_TIMESTAMP,'amxsab.system@gmail.com',CURRENT_TIMESTAMP);
INSERT INTO CIUDAD (NOMBRE,ID_PAIS,STATUS,USUARIO_CREO,FECHA_CREO,USUARIO_MODIFICO,FECHA_MODIFICO) VALUES('Toronto',23,1,'amxsab.system@gmail.com',CURRENT_TIMESTAMP,'amxsab.system@gmail.com',CURRENT_TIMESTAMP);
INSERT INTO CIUDAD (NOMBRE,ID_PAIS,STATUS,USUARIO_CREO,FECHA_CREO,USUARIO_MODIFICO,FECHA_MODIFICO) VALUES('San Jose California',2,1,'amxsab.system@gmail.com',CURRENT_TIMESTAMP,'amxsab.system@gmail.com',CURRENT_TIMESTAMP);
INSERT INTO CIUDAD (NOMBRE,ID_PAIS,STATUS,USUARIO_CREO,FECHA_CREO,USUARIO_MODIFICO,FECHA_MODIFICO) VALUES('Quito',24,1,'amxsab.system@gmail.com',CURRENT_TIMESTAMP,'amxsab.system@gmail.com',CURRENT_TIMESTAMP);
INSERT INTO CIUDAD (NOMBRE,ID_PAIS,STATUS,USUARIO_CREO,FECHA_CREO,USUARIO_MODIFICO,FECHA_MODIFICO) VALUES('Guadalajara',5,1,'amxsab.system@gmail.com',CURRENT_TIMESTAMP,'amxsab.system@gmail.com',CURRENT_TIMESTAMP);
INSERT INTO CIUDAD (NOMBRE,ID_PAIS,STATUS,USUARIO_CREO,FECHA_CREO,USUARIO_MODIFICO,FECHA_MODIFICO) VALUES('ATLANTA',2,1,'amxsab.system@gmail.com',CURRENT_TIMESTAMP,'amxsab.system@gmail.com',CURRENT_TIMESTAMP);
INSERT INTO CIUDAD (NOMBRE,ID_PAIS,STATUS,USUARIO_CREO,FECHA_CREO,USUARIO_MODIFICO,FECHA_MODIFICO) VALUES('BAJIO',5,1,'amxsab.system@gmail.com',CURRENT_TIMESTAMP,'amxsab.system@gmail.com',CURRENT_TIMESTAMP);
INSERT INTO CIUDAD (NOMBRE,ID_PAIS,STATUS,USUARIO_CREO,FECHA_CREO,USUARIO_MODIFICO,FECHA_MODIFICO) VALUES('ACAPULCO',5,1,'amxsab.system@gmail.com',CURRENT_TIMESTAMP,'amxsab.system@gmail.com',CURRENT_TIMESTAMP);
INSERT INTO CIUDAD (NOMBRE,ID_PAIS,STATUS,USUARIO_CREO,FECHA_CREO,USUARIO_MODIFICO,FECHA_MODIFICO) VALUES('AGUASCALIENTES',5,1,'amxsab.system@gmail.com',CURRENT_TIMESTAMP,'amxsab.system@gmail.com',CURRENT_TIMESTAMP);
INSERT INTO CIUDAD (NOMBRE,ID_PAIS,STATUS,USUARIO_CREO,FECHA_CREO,USUARIO_MODIFICO,FECHA_MODIFICO) VALUES('LEÓN',5,1,'amxsab.system@gmail.com',CURRENT_TIMESTAMP,'amxsab.system@gmail.com',CURRENT_TIMESTAMP);
INSERT INTO CIUDAD (NOMBRE,ID_PAIS,STATUS,USUARIO_CREO,FECHA_CREO,USUARIO_MODIFICO,FECHA_MODIFICO) VALUES('CIUDAD OBREGÓN',5,1,'amxsab.system@gmail.com',CURRENT_TIMESTAMP,'amxsab.system@gmail.com',CURRENT_TIMESTAMP);
INSERT INTO CIUDAD (NOMBRE,ID_PAIS,STATUS,USUARIO_CREO,FECHA_CREO,USUARIO_MODIFICO,FECHA_MODIFICO) VALUES('CIUDAD JUÁREZ',5,1,'amxsab.system@gmail.com',CURRENT_TIMESTAMP,'amxsab.system@gmail.com',CURRENT_TIMESTAMP);
INSERT INTO CIUDAD (NOMBRE,ID_PAIS,STATUS,USUARIO_CREO,FECHA_CREO,USUARIO_MODIFICO,FECHA_MODIFICO) VALUES('CIUDAD DEL CARMEN',5,1,'amxsab.system@gmail.com',CURRENT_TIMESTAMP,'amxsab.system@gmail.com',CURRENT_TIMESTAMP);
INSERT INTO CIUDAD (NOMBRE,ID_PAIS,STATUS,USUARIO_CREO,FECHA_CREO,USUARIO_MODIFICO,FECHA_MODIFICO) VALUES('CAMPECHE',5,1,'amxsab.system@gmail.com',CURRENT_TIMESTAMP,'amxsab.system@gmail.com',CURRENT_TIMESTAMP);
INSERT INTO CIUDAD (NOMBRE,ID_PAIS,STATUS,USUARIO_CREO,FECHA_CREO,USUARIO_MODIFICO,FECHA_MODIFICO) VALUES('CULIACÁN',5,1,'amxsab.system@gmail.com',CURRENT_TIMESTAMP,'amxsab.system@gmail.com',CURRENT_TIMESTAMP);
INSERT INTO CIUDAD (NOMBRE,ID_PAIS,STATUS,USUARIO_CREO,FECHA_CREO,USUARIO_MODIFICO,FECHA_MODIFICO) VALUES('CANCÚN',5,1,'amxsab.system@gmail.com',CURRENT_TIMESTAMP,'amxsab.system@gmail.com',CURRENT_TIMESTAMP);
INSERT INTO CIUDAD (NOMBRE,ID_PAIS,STATUS,USUARIO_CREO,FECHA_CREO,USUARIO_MODIFICO,FECHA_MODIFICO) VALUES('CHIHUAHUA',5,1,'amxsab.system@gmail.com',CURRENT_TIMESTAMP,'amxsab.system@gmail.com',CURRENT_TIMESTAMP);
INSERT INTO CIUDAD (NOMBRE,ID_PAIS,STATUS,USUARIO_CREO,FECHA_CREO,USUARIO_MODIFICO,FECHA_MODIFICO) VALUES('COZUMEL',5,1,'amxsab.system@gmail.com',CURRENT_TIMESTAMP,'amxsab.system@gmail.com',CURRENT_TIMESTAMP);
INSERT INTO CIUDAD (NOMBRE,ID_PAIS,STATUS,USUARIO_CREO,FECHA_CREO,USUARIO_MODIFICO,FECHA_MODIFICO) VALUES('DURANGO',5,1,'amxsab.system@gmail.com',CURRENT_TIMESTAMP,'amxsab.system@gmail.com',CURRENT_TIMESTAMP);
INSERT INTO CIUDAD (NOMBRE,ID_PAIS,STATUS,USUARIO_CREO,FECHA_CREO,USUARIO_MODIFICO,FECHA_MODIFICO) VALUES('GUADALAJARA',5,1,'amxsab.system@gmail.com',CURRENT_TIMESTAMP,'amxsab.system@gmail.com',CURRENT_TIMESTAMP);
INSERT INTO CIUDAD (NOMBRE,ID_PAIS,STATUS,USUARIO_CREO,FECHA_CREO,USUARIO_MODIFICO,FECHA_MODIFICO) VALUES('HERMOSILLO',5,1,'amxsab.system@gmail.com',CURRENT_TIMESTAMP,'amxsab.system@gmail.com',CURRENT_TIMESTAMP);
INSERT INTO CIUDAD (NOMBRE,ID_PAIS,STATUS,USUARIO_CREO,FECHA_CREO,USUARIO_MODIFICO,FECHA_MODIFICO) VALUES('HUATULCO',5,1,'amxsab.system@gmail.com',CURRENT_TIMESTAMP,'amxsab.system@gmail.com',CURRENT_TIMESTAMP);
INSERT INTO CIUDAD (NOMBRE,ID_PAIS,STATUS,USUARIO_CREO,FECHA_CREO,USUARIO_MODIFICO,FECHA_MODIFICO) VALUES('LA PAZ',5,1,'amxsab.system@gmail.com',CURRENT_TIMESTAMP,'amxsab.system@gmail.com',CURRENT_TIMESTAMP);
INSERT INTO CIUDAD (NOMBRE,ID_PAIS,STATUS,USUARIO_CREO,FECHA_CREO,USUARIO_MODIFICO,FECHA_MODIFICO) VALUES('LOS MOCHIS',5,1,'amxsab.system@gmail.com',CURRENT_TIMESTAMP,'amxsab.system@gmail.com',CURRENT_TIMESTAMP);
INSERT INTO CIUDAD (NOMBRE,ID_PAIS,STATUS,USUARIO_CREO,FECHA_CREO,USUARIO_MODIFICO,FECHA_MODIFICO) VALUES('MATAMOROS',5,1,'amxsab.system@gmail.com',CURRENT_TIMESTAMP,'amxsab.system@gmail.com',CURRENT_TIMESTAMP);
INSERT INTO CIUDAD (NOMBRE,ID_PAIS,STATUS,USUARIO_CREO,FECHA_CREO,USUARIO_MODIFICO,FECHA_MODIFICO) VALUES('MÉRIDA',5,1,'amxsab.system@gmail.com',CURRENT_TIMESTAMP,'amxsab.system@gmail.com',CURRENT_TIMESTAMP);
INSERT INTO CIUDAD (NOMBRE,ID_PAIS,STATUS,USUARIO_CREO,FECHA_CREO,USUARIO_MODIFICO,FECHA_MODIFICO) VALUES('MORELIA',5,1,'amxsab.system@gmail.com',CURRENT_TIMESTAMP,'amxsab.system@gmail.com',CURRENT_TIMESTAMP);
INSERT INTO CIUDAD (NOMBRE,ID_PAIS,STATUS,USUARIO_CREO,FECHA_CREO,USUARIO_MODIFICO,FECHA_MODIFICO) VALUES('MINATITLÁN',5,1,'amxsab.system@gmail.com',CURRENT_TIMESTAMP,'amxsab.system@gmail.com',CURRENT_TIMESTAMP);
INSERT INTO CIUDAD (NOMBRE,ID_PAIS,STATUS,USUARIO_CREO,FECHA_CREO,USUARIO_MODIFICO,FECHA_MODIFICO) VALUES('MONTERREY',5,1,'amxsab.system@gmail.com',CURRENT_TIMESTAMP,'amxsab.system@gmail.com',CURRENT_TIMESTAMP);
INSERT INTO CIUDAD (NOMBRE,ID_PAIS,STATUS,USUARIO_CREO,FECHA_CREO,USUARIO_MODIFICO,FECHA_MODIFICO) VALUES('MEXICALI',5,1,'amxsab.system@gmail.com',CURRENT_TIMESTAMP,'amxsab.system@gmail.com',CURRENT_TIMESTAMP);
INSERT INTO CIUDAD (NOMBRE,ID_PAIS,STATUS,USUARIO_CREO,FECHA_CREO,USUARIO_MODIFICO,FECHA_MODIFICO) VALUES('MAZATLÁN',5,1,'amxsab.system@gmail.com',CURRENT_TIMESTAMP,'amxsab.system@gmail.com',CURRENT_TIMESTAMP);
INSERT INTO CIUDAD (NOMBRE,ID_PAIS,STATUS,USUARIO_CREO,FECHA_CREO,USUARIO_MODIFICO,FECHA_MODIFICO) VALUES('NUEVO LAREDO',5,1,'amxsab.system@gmail.com',CURRENT_TIMESTAMP,'amxsab.system@gmail.com',CURRENT_TIMESTAMP);
INSERT INTO CIUDAD (NOMBRE,ID_PAIS,STATUS,USUARIO_CREO,FECHA_CREO,USUARIO_MODIFICO,FECHA_MODIFICO) VALUES('OAXACA',5,1,'amxsab.system@gmail.com',CURRENT_TIMESTAMP,'amxsab.system@gmail.com',CURRENT_TIMESTAMP);
INSERT INTO CIUDAD (NOMBRE,ID_PAIS,STATUS,USUARIO_CREO,FECHA_CREO,USUARIO_MODIFICO,FECHA_MODIFICO) VALUES('PUEBLA',5,1,'amxsab.system@gmail.com',CURRENT_TIMESTAMP,'amxsab.system@gmail.com',CURRENT_TIMESTAMP);
INSERT INTO CIUDAD (NOMBRE,ID_PAIS,STATUS,USUARIO_CREO,FECHA_CREO,USUARIO_MODIFICO,FECHA_MODIFICO) VALUES('PUERTO VALLARTA',5,1,'amxsab.system@gmail.com',CURRENT_TIMESTAMP,'amxsab.system@gmail.com',CURRENT_TIMESTAMP);
INSERT INTO CIUDAD (NOMBRE,ID_PAIS,STATUS,USUARIO_CREO,FECHA_CREO,USUARIO_MODIFICO,FECHA_MODIFICO) VALUES('QUERÉTARO',5,1,'amxsab.system@gmail.com',CURRENT_TIMESTAMP,'amxsab.system@gmail.com',CURRENT_TIMESTAMP);
INSERT INTO CIUDAD (NOMBRE,ID_PAIS,STATUS,USUARIO_CREO,FECHA_CREO,USUARIO_MODIFICO,FECHA_MODIFICO) VALUES('REYNOSA',5,1,'amxsab.system@gmail.com',CURRENT_TIMESTAMP,'amxsab.system@gmail.com',CURRENT_TIMESTAMP);
INSERT INTO CIUDAD (NOMBRE,ID_PAIS,STATUS,USUARIO_CREO,FECHA_CREO,USUARIO_MODIFICO,FECHA_MODIFICO) VALUES('SAN JOSÉ DE CABO',5,1,'amxsab.system@gmail.com',CURRENT_TIMESTAMP,'amxsab.system@gmail.com',CURRENT_TIMESTAMP);
INSERT INTO CIUDAD (NOMBRE,ID_PAIS,STATUS,USUARIO_CREO,FECHA_CREO,USUARIO_MODIFICO,FECHA_MODIFICO) VALUES('SAN LUIS POTOSI',5,1,'amxsab.system@gmail.com',CURRENT_TIMESTAMP,'amxsab.system@gmail.com',CURRENT_TIMESTAMP);
INSERT INTO CIUDAD (NOMBRE,ID_PAIS,STATUS,USUARIO_CREO,FECHA_CREO,USUARIO_MODIFICO,FECHA_MODIFICO) VALUES('SALTILLO',5,1,'amxsab.system@gmail.com',CURRENT_TIMESTAMP,'amxsab.system@gmail.com',CURRENT_TIMESTAMP);
INSERT INTO CIUDAD (NOMBRE,ID_PAIS,STATUS,USUARIO_CREO,FECHA_CREO,USUARIO_MODIFICO,FECHA_MODIFICO) VALUES('TAMPICO',5,1,'amxsab.system@gmail.com',CURRENT_TIMESTAMP,'amxsab.system@gmail.com',CURRENT_TIMESTAMP);
INSERT INTO CIUDAD (NOMBRE,ID_PAIS,STATUS,USUARIO_CREO,FECHA_CREO,USUARIO_MODIFICO,FECHA_MODIFICO) VALUES('TAPACHULA',5,1,'amxsab.system@gmail.com',CURRENT_TIMESTAMP,'amxsab.system@gmail.com',CURRENT_TIMESTAMP);
INSERT INTO CIUDAD (NOMBRE,ID_PAIS,STATUS,USUARIO_CREO,FECHA_CREO,USUARIO_MODIFICO,FECHA_MODIFICO) VALUES('TUXTLA GUTIÉRREZ',5,1,'amxsab.system@gmail.com',CURRENT_TIMESTAMP,'amxsab.system@gmail.com',CURRENT_TIMESTAMP);
INSERT INTO CIUDAD (NOMBRE,ID_PAIS,STATUS,USUARIO_CREO,FECHA_CREO,USUARIO_MODIFICO,FECHA_MODIFICO) VALUES('TIJUANA',5,1,'amxsab.system@gmail.com',CURRENT_TIMESTAMP,'amxsab.system@gmail.com',CURRENT_TIMESTAMP);
INSERT INTO CIUDAD (NOMBRE,ID_PAIS,STATUS,USUARIO_CREO,FECHA_CREO,USUARIO_MODIFICO,FECHA_MODIFICO) VALUES('TOLUCA',5,1,'amxsab.system@gmail.com',CURRENT_TIMESTAMP,'amxsab.system@gmail.com',CURRENT_TIMESTAMP);
INSERT INTO CIUDAD (NOMBRE,ID_PAIS,STATUS,USUARIO_CREO,FECHA_CREO,USUARIO_MODIFICO,FECHA_MODIFICO) VALUES('TORREÓN',5,1,'amxsab.system@gmail.com',CURRENT_TIMESTAMP,'amxsab.system@gmail.com',CURRENT_TIMESTAMP);
INSERT INTO CIUDAD (NOMBRE,ID_PAIS,STATUS,USUARIO_CREO,FECHA_CREO,USUARIO_MODIFICO,FECHA_MODIFICO) VALUES('VERACRUZ',5,1,'amxsab.system@gmail.com',CURRENT_TIMESTAMP,'amxsab.system@gmail.com',CURRENT_TIMESTAMP);
INSERT INTO CIUDAD (NOMBRE,ID_PAIS,STATUS,USUARIO_CREO,FECHA_CREO,USUARIO_MODIFICO,FECHA_MODIFICO) VALUES('VILLAHERMOSA',5,1,'amxsab.system@gmail.com',CURRENT_TIMESTAMP,'amxsab.system@gmail.com',CURRENT_TIMESTAMP);
INSERT INTO CIUDAD (NOMBRE,ID_PAIS,STATUS,USUARIO_CREO,FECHA_CREO,USUARIO_MODIFICO,FECHA_MODIFICO) VALUES('ZACATECAS',5,1,'amxsab.system@gmail.com',CURRENT_TIMESTAMP,'amxsab.system@gmail.com',CURRENT_TIMESTAMP);
INSERT INTO CIUDAD (NOMBRE,ID_PAIS,STATUS,USUARIO_CREO,FECHA_CREO,USUARIO_MODIFICO,FECHA_MODIFICO) VALUES('ZIHUATANEJO',5,1,'amxsab.system@gmail.com',CURRENT_TIMESTAMP,'amxsab.system@gmail.com',CURRENT_TIMESTAMP);
INSERT INTO CIUDAD (NOMBRE,ID_PAIS,STATUS,USUARIO_CREO,FECHA_CREO,USUARIO_MODIFICO,FECHA_MODIFICO) VALUES('MANZANILLO',5,1,'amxsab.system@gmail.com',CURRENT_TIMESTAMP,'amxsab.system@gmail.com',CURRENT_TIMESTAMP);
INSERT INTO CIUDAD (NOMBRE,ID_PAIS,STATUS,USUARIO_CREO,FECHA_CREO,USUARIO_MODIFICO,FECHA_MODIFICO) VALUES('CIUDAD DE MEXICO',5,1,'amxsab.system@gmail.com',CURRENT_TIMESTAMP,'amxsab.system@gmail.com',CURRENT_TIMESTAMP);
INSERT INTO CIUDAD (NOMBRE,ID_PAIS,STATUS,USUARIO_CREO,FECHA_CREO,USUARIO_MODIFICO,FECHA_MODIFICO) VALUES('SEA TAC',2,1,'amxsab.system@gmail.com',CURRENT_TIMESTAMP,'amxsab.system@gmail.com',CURRENT_TIMESTAMP);
INSERT INTO CIUDAD (NOMBRE,ID_PAIS,STATUS,USUARIO_CREO,FECHA_CREO,USUARIO_MODIFICO,FECHA_MODIFICO) VALUES('PORTLAND',2,1,'amxsab.system@gmail.com',CURRENT_TIMESTAMP,'amxsab.system@gmail.com',CURRENT_TIMESTAMP);

INSERT INTO CATEGORIA_MATERIAL (NOMBRE_ES,NOMBRE_EN,STATUS,USUARIO_CREO,FECHA_CREO,USUARIO_MODIFICO,FECHA_MODIFICO) VALUES('LIQUIDOS','LIQUIDS',1,'amxsab.system@gmail.com',CURRENT_TIMESTAMP,'amxsab.system@gmail.com',CURRENT_TIMESTAMP);
INSERT INTO CATEGORIA_MATERIAL (NOMBRE_ES,NOMBRE_EN,STATUS,USUARIO_CREO,FECHA_CREO,USUARIO_MODIFICO,FECHA_MODIFICO) VALUES('MISCELANEOS','MISCELLANEOUS',1,'amxsab.system@gmail.com',CURRENT_TIMESTAMP,'amxsab.system@gmail.com',CURRENT_TIMESTAMP);
INSERT INTO CATEGORIA_MATERIAL (NOMBRE_ES,NOMBRE_EN,STATUS,USUARIO_CREO,FECHA_CREO,USUARIO_MODIFICO,FECHA_MODIFICO) VALUES('REPOSICION DE VAJILLA','REPLENISHMENT OF DISHES',1,'amxsab.system@gmail.com',CURRENT_TIMESTAMP,'amxsab.system@gmail.com',CURRENT_TIMESTAMP);
INSERT INTO CATEGORIA_MATERIAL (NOMBRE_ES,NOMBRE_EN,STATUS,USUARIO_CREO,FECHA_CREO,USUARIO_MODIFICO,FECHA_MODIFICO) VALUES('EQUIPO TECNICO','TECHNICAL EQUIPMENT',1,'amxsab.system@gmail.com',CURRENT_TIMESTAMP,'amxsab.system@gmail.com',CURRENT_TIMESTAMP);
INSERT INTO CATEGORIA_MATERIAL (NOMBRE_ES,NOMBRE_EN,STATUS,USUARIO_CREO,FECHA_CREO,USUARIO_MODIFICO,FECHA_MODIFICO) VALUES('VINOS Y LICORES','WINES AND LIQUORS',1,'amxsab.system@gmail.com',CURRENT_TIMESTAMP,'amxsab.system@gmail.com',CURRENT_TIMESTAMP);
INSERT INTO CATEGORIA_MATERIAL (NOMBRE_ES,NOMBRE_EN,STATUS,USUARIO_CREO,FECHA_CREO,USUARIO_MODIFICO,FECHA_MODIFICO) VALUES('CARROS DE SERVICIO','SERVICE TROLLEYS',1,'amxsab.system@gmail.com',CURRENT_TIMESTAMP,'amxsab.system@gmail.com',CURRENT_TIMESTAMP);
INSERT INTO CATEGORIA_MATERIAL (NOMBRE_ES,NOMBRE_EN,STATUS,USUARIO_CREO,FECHA_CREO,USUARIO_MODIFICO,FECHA_MODIFICO) VALUES('AUDÍFONOS','HEADPHONES',1,'amxsab.system@gmail.com',CURRENT_TIMESTAMP,'amxsab.system@gmail.com',CURRENT_TIMESTAMP);

INSERT INTO MATERIAL (NUMERO_PARTE,DESCRIPCION_ES,DESCRIPCION_EN,ID_CATEGORIA_MATERIAL,TIPO_ABASTECIMIENTO,PESO,URL_MULTIMEDIA,MIME_TYPE,STATUS,USUARIO_CREO,FECHA_CREO,USUARIO_MODIFICO,FECHA_MODIFICO) VALUES('ADE0405','SALSA DE SOYA KIKKOMAN','SAUCE OF SOYA IN SACHET 2OZ',2,55,1,'/media/922967270.png','image/png',1,'amxsab.system@gmail.com',CURRENT_TIMESTAMP,'amxsab.system@gmail.com',CURRENT_TIMESTAMP);
INSERT INTO MATERIAL (NUMERO_PARTE,DESCRIPCION_ES,DESCRIPCION_EN,ID_CATEGORIA_MATERIAL,TIPO_ABASTECIMIENTO,PESO,URL_MULTIMEDIA,MIME_TYPE,STATUS,USUARIO_CREO,FECHA_CREO,USUARIO_MODIFICO,FECHA_MODIFICO) VALUES('ADE0410','ADEREZO ITALIANO ABAL','ITALIAN SAUCE ABAL',2,55,1,'/media/922967270.png','image/png',1,'amxsab.system@gmail.com',CURRENT_TIMESTAMP,'amxsab.system@gmail.com',CURRENT_TIMESTAMP);
INSERT INTO MATERIAL (NUMERO_PARTE,DESCRIPCION_ES,DESCRIPCION_EN,ID_CATEGORIA_MATERIAL,TIPO_ABASTECIMIENTO,PESO,URL_MULTIMEDIA,MIME_TYPE,STATUS,USUARIO_CREO,FECHA_CREO,USUARIO_MODIFICO,FECHA_MODIFICO) VALUES('ADE0412','ADEREZO ITALIANO GAVELLE','ADEREZO ITALIANO GAVELLEADEREZO EN SACHET 12GR',2,55,1,'/media/922967270.png','image/png',1,'amxsab.system@gmail.com',CURRENT_TIMESTAMP,'amxsab.system@gmail.com',CURRENT_TIMESTAMP);
INSERT INTO MATERIAL (NUMERO_PARTE,DESCRIPCION_ES,DESCRIPCION_EN,ID_CATEGORIA_MATERIAL,TIPO_ABASTECIMIENTO,PESO,URL_MULTIMEDIA,MIME_TYPE,STATUS,USUARIO_CREO,FECHA_CREO,USUARIO_MODIFICO,FECHA_MODIFICO) VALUES('ADE0413','ADEREZO VINAGRETA','ADEREZO DE OLIVO',2,55,1,'/media/922967270.png','image/png',1,'amxsab.system@gmail.com',CURRENT_TIMESTAMP,'amxsab.system@gmail.com',CURRENT_TIMESTAMP);
INSERT INTO MATERIAL (NUMERO_PARTE,DESCRIPCION_ES,DESCRIPCION_EN,ID_CATEGORIA_MATERIAL,TIPO_ABASTECIMIENTO,PESO,URL_MULTIMEDIA,MIME_TYPE,STATUS,USUARIO_CREO,FECHA_CREO,USUARIO_MODIFICO,FECHA_MODIFICO) VALUES('ADT1001','ADAPTADOR 2-1 PARA PREMIER','ADAPTADOR 2-1 PARA PREMIER',2,55,1,'/media/922967270.png','image/png',1,'amxsab.system@gmail.com',CURRENT_TIMESTAMP,'amxsab.system@gmail.com',CURRENT_TIMESTAMP);
INSERT INTO MATERIAL (NUMERO_PARTE,DESCRIPCION_ES,DESCRIPCION_EN,ID_CATEGORIA_MATERIAL,TIPO_ABASTECIMIENTO,PESO,URL_MULTIMEDIA,MIME_TYPE,STATUS,USUARIO_CREO,FECHA_CREO,USUARIO_MODIFICO,FECHA_MODIFICO) VALUES('ADT1002','ADAPTADOR 1 PIN A DUAL','ADAPTADOR 1 PIN A DUAL',2,55,1,'/media/922967270.png','image/png',1,'amxsab.system@gmail.com',CURRENT_TIMESTAMP,'amxsab.system@gmail.com',CURRENT_TIMESTAMP);
INSERT INTO MATERIAL (NUMERO_PARTE,DESCRIPCION_ES,DESCRIPCION_EN,ID_CATEGORIA_MATERIAL,TIPO_ABASTECIMIENTO,PESO,URL_MULTIMEDIA,MIME_TYPE,STATUS,USUARIO_CREO,FECHA_CREO,USUARIO_MODIFICO,FECHA_MODIFICO) VALUES('AGI0002','AGITADOR PLASTICO PREMIER','PREMIER PLASTIC STIR',2,55,1,'/media/922967270.png','image/png',1,'amxsab.system@gmail.com',CURRENT_TIMESTAMP,'amxsab.system@gmail.com',CURRENT_TIMESTAMP);
INSERT INTO MATERIAL (NUMERO_PARTE,DESCRIPCION_ES,DESCRIPCION_EN,ID_CATEGORIA_MATERIAL,TIPO_ABASTECIMIENTO,PESO,URL_MULTIMEDIA,MIME_TYPE,STATUS,USUARIO_CREO,FECHA_CREO,USUARIO_MODIFICO,FECHA_MODIFICO) VALUES('AGI0003','AGITADOR PLASTICOY','AGITADOR PLASTICOY',2,55,1,'/media/922967270.png','image/png',1,'amxsab.system@gmail.com',CURRENT_TIMESTAMP,'amxsab.system@gmail.com',CURRENT_TIMESTAMP);
INSERT INTO MATERIAL (NUMERO_PARTE,DESCRIPCION_ES,DESCRIPCION_EN,ID_CATEGORIA_MATERIAL,TIPO_ABASTECIMIENTO,PESO,URL_MULTIMEDIA,MIME_TYPE,STATUS,USUARIO_CREO,FECHA_CREO,USUARIO_MODIFICO,FECHA_MODIFICO) VALUES('AGI0004','AGITADOR PLASTICO PREMIER QLTY','AGITADOR PLASTICO PREMIER',2,55,1,'/media/922967270.png','image/png',1,'amxsab.system@gmail.com',CURRENT_TIMESTAMP,'amxsab.system@gmail.com',CURRENT_TIMESTAMP);
INSERT INTO MATERIAL (NUMERO_PARTE,DESCRIPCION_ES,DESCRIPCION_EN,ID_CATEGORIA_MATERIAL,TIPO_ABASTECIMIENTO,PESO,URL_MULTIMEDIA,MIME_TYPE,STATUS,USUARIO_CREO,FECHA_CREO,USUARIO_MODIFICO,FECHA_MODIFICO) VALUES('AGU0804','AGUA QUINA LATA 355ML','TONIC WATER CAN',1,55,1,'/media/922967270.png','image/png',1,'amxsab.system@gmail.com',CURRENT_TIMESTAMP,'amxsab.system@gmail.com',CURRENT_TIMESTAMP);
INSERT INTO MATERIAL (NUMERO_PARTE,DESCRIPCION_ES,DESCRIPCION_EN,ID_CATEGORIA_MATERIAL,TIPO_ABASTECIMIENTO,PESO,URL_MULTIMEDIA,MIME_TYPE,STATUS,USUARIO_CREO,FECHA_CREO,USUARIO_MODIFICO,FECHA_MODIFICO) VALUES('AGU0805','AGUA BONAFONT 1.5 LT','BONAFONT WATER 1.5 LT',1,55,1,'/media/922967270.png','image/png',1,'amxsab.system@gmail.com',CURRENT_TIMESTAMP,'amxsab.system@gmail.com',CURRENT_TIMESTAMP);
INSERT INTO MATERIAL (NUMERO_PARTE,DESCRIPCION_ES,DESCRIPCION_EN,ID_CATEGORIA_MATERIAL,TIPO_ABASTECIMIENTO,PESO,URL_MULTIMEDIA,MIME_TYPE,STATUS,USUARIO_CREO,FECHA_CREO,USUARIO_MODIFICO,FECHA_MODIFICO) VALUES('AGU0806','AGUA BONAFONT 330ML','BONAFONT WATER 330 ML',1,55,1,'/media/922967270.png','image/png',1,'amxsab.system@gmail.com',CURRENT_TIMESTAMP,'amxsab.system@gmail.com',CURRENT_TIMESTAMP);
INSERT INTO MATERIAL (NUMERO_PARTE,DESCRIPCION_ES,DESCRIPCION_EN,ID_CATEGORIA_MATERIAL,TIPO_ABASTECIMIENTO,PESO,URL_MULTIMEDIA,MIME_TYPE,STATUS,USUARIO_CREO,FECHA_CREO,USUARIO_MODIFICO,FECHA_MODIFICO) VALUES('AGU0809','AGUA MINERAL BONAFONT LATA355 ML','CAN OF MINERAL BONAFONT WATER 355ML',1,55,1,'/media/922967270.png','image/png',1,'amxsab.system@gmail.com',CURRENT_TIMESTAMP,'amxsab.system@gmail.com',CURRENT_TIMESTAMP);
INSERT INTO MATERIAL (NUMERO_PARTE,DESCRIPCION_ES,DESCRIPCION_EN,ID_CATEGORIA_MATERIAL,TIPO_ABASTECIMIENTO,PESO,URL_MULTIMEDIA,MIME_TYPE,STATUS,USUARIO_CREO,FECHA_CREO,USUARIO_MODIFICO,FECHA_MODIFICO) VALUES('AGU0810','AGUA SAN PELLEGRINO 250ML','SAN PELLEGRINO WATER 250 ML',1,55,1,'/media/922967270.png','image/png',1,'amxsab.system@gmail.com',CURRENT_TIMESTAMP,'amxsab.system@gmail.com',CURRENT_TIMESTAMP);
INSERT INTO MATERIAL (NUMERO_PARTE,DESCRIPCION_ES,DESCRIPCION_EN,ID_CATEGORIA_MATERIAL,TIPO_ABASTECIMIENTO,PESO,URL_MULTIMEDIA,MIME_TYPE,STATUS,USUARIO_CREO,FECHA_CREO,USUARIO_MODIFICO,FECHA_MODIFICO) VALUES('AGU0811','AGUA NATURAL PET CIEL 1.5 LT','AGUA NATURAL PET CIEL 1.5 LT',1,55,1,'/media/922967270.png','image/png',1,'amxsab.system@gmail.com',CURRENT_TIMESTAMP,'amxsab.system@gmail.com',CURRENT_TIMESTAMP);
INSERT INTO MATERIAL (NUMERO_PARTE,DESCRIPCION_ES,DESCRIPCION_EN,ID_CATEGORIA_MATERIAL,TIPO_ABASTECIMIENTO,PESO,URL_MULTIMEDIA,MIME_TYPE,STATUS,USUARIO_CREO,FECHA_CREO,USUARIO_MODIFICO,FECHA_MODIFICO) VALUES('AGU0812','AGUA NATURAL PET CIEL 355 ML','CIEL NATURAL PET WATER 355ML',1,55,1,'/media/922967270.png','image/png',1,'amxsab.system@gmail.com',CURRENT_TIMESTAMP,'amxsab.system@gmail.com',CURRENT_TIMESTAMP);
INSERT INTO MATERIAL (NUMERO_PARTE,DESCRIPCION_ES,DESCRIPCION_EN,ID_CATEGORIA_MATERIAL,TIPO_ABASTECIMIENTO,PESO,URL_MULTIMEDIA,MIME_TYPE,STATUS,USUARIO_CREO,FECHA_CREO,USUARIO_MODIFICO,FECHA_MODIFICO) VALUES('AGU0813','AGUA MINERAL LATA CIEL 355 ML','AGUA MINERAL LATA CIEL 355 ML',1,55,1,'/media/922967270.png','image/png',1,'amxsab.system@gmail.com',CURRENT_TIMESTAMP,'amxsab.system@gmail.com',CURRENT_TIMESTAMP);
INSERT INTO MATERIAL (NUMERO_PARTE,DESCRIPCION_ES,DESCRIPCION_EN,ID_CATEGORIA_MATERIAL,TIPO_ABASTECIMIENTO,PESO,URL_MULTIMEDIA,MIME_TYPE,STATUS,USUARIO_CREO,FECHA_CREO,USUARIO_MODIFICO,FECHA_MODIFICO) VALUES('AGU0814','AGUA LEVITE PIÑA-COCO 500ML','AGUA LEVITE PIÑA-COCO 500ML',1,55,1,'/media/922967270.png','image/png',1,'amxsab.system@gmail.com',CURRENT_TIMESTAMP,'amxsab.system@gmail.com',CURRENT_TIMESTAMP);
INSERT INTO MATERIAL (NUMERO_PARTE,DESCRIPCION_ES,DESCRIPCION_EN,ID_CATEGORIA_MATERIAL,TIPO_ABASTECIMIENTO,PESO,URL_MULTIMEDIA,MIME_TYPE,STATUS,USUARIO_CREO,FECHA_CREO,USUARIO_MODIFICO,FECHA_MODIFICO) VALUES('AGU0815','VITAMIN WATER 500 MLAGUA VITAMINADA','VITAMIN WATER 500 MLAGUA VITAMINADA',1,55,1,'/media/922967270.png','image/png',1,'amxsab.system@gmail.com',CURRENT_TIMESTAMP,'amxsab.system@gmail.com',CURRENT_TIMESTAMP);
INSERT INTO MATERIAL (NUMERO_PARTE,DESCRIPCION_ES,DESCRIPCION_EN,ID_CATEGORIA_MATERIAL,TIPO_ABASTECIMIENTO,PESO,URL_MULTIMEDIA,MIME_TYPE,STATUS,USUARIO_CREO,FECHA_CREO,USUARIO_MODIFICO,FECHA_MODIFICO) VALUES('AGU0816','AGUA DE COCO ACAPULCOCO 1 LT','AGUA DE COCO ACAPULCO',1,55,1,'/media/922967270.png','image/png',1,'amxsab.system@gmail.com',CURRENT_TIMESTAMP,'amxsab.system@gmail.com',CURRENT_TIMESTAMP);
INSERT INTO MATERIAL (NUMERO_PARTE,DESCRIPCION_ES,DESCRIPCION_EN,ID_CATEGORIA_MATERIAL,TIPO_ABASTECIMIENTO,PESO,URL_MULTIMEDIA,MIME_TYPE,STATUS,USUARIO_CREO,FECHA_CREO,USUARIO_MODIFICO,FECHA_MODIFICO) VALUES('AGU0817','AGUA PERRIER SABOR LIMA LATA 250 ML','AGUA PERRIER LIME LATA 250 ML',1,55,1,'/media/922967270.png','image/png',1,'amxsab.system@gmail.com',CURRENT_TIMESTAMP,'amxsab.system@gmail.com',CURRENT_TIMESTAMP);
INSERT INTO MATERIAL (NUMERO_PARTE,DESCRIPCION_ES,DESCRIPCION_EN,ID_CATEGORIA_MATERIAL,TIPO_ABASTECIMIENTO,PESO,URL_MULTIMEDIA,MIME_TYPE,STATUS,USUARIO_CREO,FECHA_CREO,USUARIO_MODIFICO,FECHA_MODIFICO) VALUES('AGU0818','AGUA DE COCO SABORES','AGUA DE COCO SABORES',1,55,1,'/media/922967270.png','image/png',1,'amxsab.system@gmail.com',CURRENT_TIMESTAMP,'amxsab.system@gmail.com',CURRENT_TIMESTAMP);
INSERT INTO MATERIAL (NUMERO_PARTE,DESCRIPCION_ES,DESCRIPCION_EN,ID_CATEGORIA_MATERIAL,TIPO_ABASTECIMIENTO,PESO,URL_MULTIMEDIA,MIME_TYPE,STATUS,USUARIO_CREO,FECHA_CREO,USUARIO_MODIFICO,FECHA_MODIFICO) VALUES('AGU0819','AGUA DE COCO ACAPULCOCO SABOR ARANDANO','AGUA DE COCO ACAPULCOCO SABOR ARANDANO',1,55,1,'/media/922967270.png','image/png',1,'amxsab.system@gmail.com',CURRENT_TIMESTAMP,'amxsab.system@gmail.com',CURRENT_TIMESTAMP);
INSERT INTO MATERIAL (NUMERO_PARTE,DESCRIPCION_ES,DESCRIPCION_EN,ID_CATEGORIA_MATERIAL,TIPO_ABASTECIMIENTO,PESO,URL_MULTIMEDIA,MIME_TYPE,STATUS,USUARIO_CREO,FECHA_CREO,USUARIO_MODIFICO,FECHA_MODIFICO) VALUES('AGU0820','AGUA DE COCO SABOR MANGO ACAPULCOCO','AGUA DE COCO CALAHUA KIDS MANGO',1,55,1,'/media/922967270.png','image/png',1,'amxsab.system@gmail.com',CURRENT_TIMESTAMP,'amxsab.system@gmail.com',CURRENT_TIMESTAMP);
INSERT INTO MATERIAL (NUMERO_PARTE,DESCRIPCION_ES,DESCRIPCION_EN,ID_CATEGORIA_MATERIAL,TIPO_ABASTECIMIENTO,PESO,URL_MULTIMEDIA,MIME_TYPE,STATUS,USUARIO_CREO,FECHA_CREO,USUARIO_MODIFICO,FECHA_MODIFICO) VALUES('AGU0821','AGUA DE COCO CALAHUA KIDS PIÑA','AGUA DE COCO CALAHUA KIDS PIÑA',1,55,1,'/media/922967270.png','image/png',1,'amxsab.system@gmail.com',CURRENT_TIMESTAMP,'amxsab.system@gmail.com',CURRENT_TIMESTAMP);
INSERT INTO MATERIAL (NUMERO_PARTE,DESCRIPCION_ES,DESCRIPCION_EN,ID_CATEGORIA_MATERIAL,TIPO_ABASTECIMIENTO,PESO,URL_MULTIMEDIA,MIME_TYPE,STATUS,USUARIO_CREO,FECHA_CREO,USUARIO_MODIFICO,FECHA_MODIFICO) VALUES('AGU0822','ACAPULCOCO CAFE-VAINILLA, MOCCA Y LATE','ACAPULCOCO CAFE-VAINILLA, MOCA Y LATE',1,55,1,'/media/922967270.png','image/png',1,'amxsab.system@gmail.com',CURRENT_TIMESTAMP,'amxsab.system@gmail.com',CURRENT_TIMESTAMP);
INSERT INTO MATERIAL (NUMERO_PARTE,DESCRIPCION_ES,DESCRIPCION_EN,ID_CATEGORIA_MATERIAL,TIPO_ABASTECIMIENTO,PESO,URL_MULTIMEDIA,MIME_TYPE,STATUS,USUARIO_CREO,FECHA_CREO,USUARIO_MODIFICO,FECHA_MODIFICO) VALUES('ALG1201','ALGODON','COTTON',2,55,1,'/media/922967270.png','image/png',1,'amxsab.system@gmail.com',CURRENT_TIMESTAMP,'amxsab.system@gmail.com',CURRENT_TIMESTAMP);
INSERT INTO MATERIAL (NUMERO_PARTE,DESCRIPCION_ES,DESCRIPCION_EN,ID_CATEGORIA_MATERIAL,TIPO_ABASTECIMIENTO,PESO,URL_MULTIMEDIA,MIME_TYPE,STATUS,USUARIO_CREO,FECHA_CREO,USUARIO_MODIFICO,FECHA_MODIFICO) VALUES('ALM0705','ALMOHADA DESECHABLEDE 100 GR','CLOTH PILLOW Y',2,55,1,'/media/922967270.png','image/png',1,'amxsab.system@gmail.com',CURRENT_TIMESTAMP,'amxsab.system@gmail.com',CURRENT_TIMESTAMP);
INSERT INTO MATERIAL (NUMERO_PARTE,DESCRIPCION_ES,DESCRIPCION_EN,ID_CATEGORIA_MATERIAL,TIPO_ABASTECIMIENTO,PESO,URL_MULTIMEDIA,MIME_TYPE,STATUS,USUARIO_CREO,FECHA_CREO,USUARIO_MODIFICO,FECHA_MODIFICO) VALUES('ALM0708','ALMOHADA PREMIER AEROMEXICO','ALMOHADA PREMIER AEROMEXICO',2,55,1,'/media/922967270.png','image/png',1,'amxsab.system@gmail.com',CURRENT_TIMESTAMP,'amxsab.system@gmail.com',CURRENT_TIMESTAMP);
INSERT INTO MATERIAL (NUMERO_PARTE,DESCRIPCION_ES,DESCRIPCION_EN,ID_CATEGORIA_MATERIAL,TIPO_ABASTECIMIENTO,PESO,URL_MULTIMEDIA,MIME_TYPE,STATUS,USUARIO_CREO,FECHA_CREO,USUARIO_MODIFICO,FECHA_MODIFICO) VALUES('ALM0709','ALMOHADA PREMIER','ALMOHADA PREMIER',2,55,1,'/media/922967270.png','image/png',1,'amxsab.system@gmail.com',CURRENT_TIMESTAMP,'amxsab.system@gmail.com',CURRENT_TIMESTAMP);
INSERT INTO MATERIAL (NUMERO_PARTE,DESCRIPCION_ES,DESCRIPCION_EN,ID_CATEGORIA_MATERIAL,TIPO_ABASTECIMIENTO,PESO,URL_MULTIMEDIA,MIME_TYPE,STATUS,USUARIO_CREO,FECHA_CREO,USUARIO_MODIFICO,FECHA_MODIFICO) VALUES('ALU0301','PAPEL ALUMINIO PARA CACEROLA710 RF','ROLE ALUMINUM FOR PAN',2,55,1,'/media/922967270.png','image/png',1,'amxsab.system@gmail.com',CURRENT_TIMESTAMP,'amxsab.system@gmail.com',CURRENT_TIMESTAMP);
INSERT INTO MATERIAL (NUMERO_PARTE,DESCRIPCION_ES,DESCRIPCION_EN,ID_CATEGORIA_MATERIAL,TIPO_ABASTECIMIENTO,PESO,URL_MULTIMEDIA,MIME_TYPE,STATUS,USUARIO_CREO,FECHA_CREO,USUARIO_MODIFICO,FECHA_MODIFICO) VALUES('ALU0302','HOJASDE PAPEL ALUMINIO 27 CM X 30 CM. 720 RF','SHEETS OF PAPER ALUMINIUM',2,55,1,'/media/922967270.png','image/png',1,'amxsab.system@gmail.com',CURRENT_TIMESTAMP,'amxsab.system@gmail.com',CURRENT_TIMESTAMP);
INSERT INTO MATERIAL (NUMERO_PARTE,DESCRIPCION_ES,DESCRIPCION_EN,ID_CATEGORIA_MATERIAL,TIPO_ABASTECIMIENTO,PESO,URL_MULTIMEDIA,MIME_TYPE,STATUS,USUARIO_CREO,FECHA_CREO,USUARIO_MODIFICO,FECHA_MODIFICO) VALUES('ANA1201','ASPIRINAS ADULTO','ASPIRIN ADULT',2,55,1,'/media/922967270.png','image/png',1,'amxsab.system@gmail.com',CURRENT_TIMESTAMP,'amxsab.system@gmail.com',CURRENT_TIMESTAMP);
INSERT INTO MATERIAL (NUMERO_PARTE,DESCRIPCION_ES,DESCRIPCION_EN,ID_CATEGORIA_MATERIAL,TIPO_ABASTECIMIENTO,PESO,URL_MULTIMEDIA,MIME_TYPE,STATUS,USUARIO_CREO,FECHA_CREO,USUARIO_MODIFICO,FECHA_MODIFICO) VALUES('ANA1203','TEMPRA INFANTIL MERCK 80MG C30','PARACETAMOL CHILD',2,55,1,'/media/922967270.png','image/png',1,'amxsab.system@gmail.com',CURRENT_TIMESTAMP,'amxsab.system@gmail.com',CURRENT_TIMESTAMP);
INSERT INTO MATERIAL (NUMERO_PARTE,DESCRIPCION_ES,DESCRIPCION_EN,ID_CATEGORIA_MATERIAL,TIPO_ABASTECIMIENTO,PESO,URL_MULTIMEDIA,MIME_TYPE,STATUS,USUARIO_CREO,FECHA_CREO,USUARIO_MODIFICO,FECHA_MODIFICO) VALUES('ANT0501','MANTELETA1/1 CLASE PREMIERJAPON','TRAYMAT 1/1 PREMIER CLASS JAPAN',2,55,1,'/media/922967270.png','image/png',1,'amxsab.system@gmail.com',CURRENT_TIMESTAMP,'amxsab.system@gmail.com',CURRENT_TIMESTAMP);
INSERT INTO MATERIAL (NUMERO_PARTE,DESCRIPCION_ES,DESCRIPCION_EN,ID_CATEGORIA_MATERIAL,TIPO_ABASTECIMIENTO,PESO,URL_MULTIMEDIA,MIME_TYPE,STATUS,USUARIO_CREO,FECHA_CREO,USUARIO_MODIFICO,FECHA_MODIFICO) VALUES('ANT0502','MANTELETA 1/1 AZUL -CHA0012-','TRAYMAT 1/1 BLUE CHA0012',2,55,1,'/media/922967270.png','image/png',1,'amxsab.system@gmail.com',CURRENT_TIMESTAMP,'amxsab.system@gmail.com',CURRENT_TIMESTAMP);
INSERT INTO MATERIAL (NUMERO_PARTE,DESCRIPCION_ES,DESCRIPCION_EN,ID_CATEGORIA_MATERIAL,TIPO_ABASTECIMIENTO,PESO,URL_MULTIMEDIA,MIME_TYPE,STATUS,USUARIO_CREO,FECHA_CREO,USUARIO_MODIFICO,FECHA_MODIFICO) VALUES('ANT0504','MANTELETA 1/2 CHA0013','TRAYMAT 1/2 YELLOW CHA0013',2,55,1,'/media/922967270.png','image/png',1,'amxsab.system@gmail.com',CURRENT_TIMESTAMP,'amxsab.system@gmail.com',CURRENT_TIMESTAMP);
INSERT INTO MATERIAL (NUMERO_PARTE,DESCRIPCION_ES,DESCRIPCION_EN,ID_CATEGORIA_MATERIAL,TIPO_ABASTECIMIENTO,PESO,URL_MULTIMEDIA,MIME_TYPE,STATUS,USUARIO_CREO,FECHA_CREO,USUARIO_MODIFICO,FECHA_MODIFICO) VALUES('ANT0505','MANTELETA 2/3 CHA0014','TRAYMAT 2/3 CHA0014',2,55,1,'/media/922967270.png','image/png',1,'amxsab.system@gmail.com',CURRENT_TIMESTAMP,'amxsab.system@gmail.com',CURRENT_TIMESTAMP);
INSERT INTO MATERIAL (NUMERO_PARTE,DESCRIPCION_ES,DESCRIPCION_EN,ID_CATEGORIA_MATERIAL,TIPO_ABASTECIMIENTO,PESO,URL_MULTIMEDIA,MIME_TYPE,STATUS,USUARIO_CREO,FECHA_CREO,USUARIO_MODIFICO,FECHA_MODIFICO) VALUES('ANT0506','MANTELETA 1/1 BLANCA','TRAYMAT 1/1 WHITE NEW DESIGN 2009',2,55,1,'/media/922967270.png','image/png',1,'amxsab.system@gmail.com',CURRENT_TIMESTAMP,'amxsab.system@gmail.com',CURRENT_TIMESTAMP);
INSERT INTO MATERIAL (NUMERO_PARTE,DESCRIPCION_ES,DESCRIPCION_EN,ID_CATEGORIA_MATERIAL,TIPO_ABASTECIMIENTO,PESO,URL_MULTIMEDIA,MIME_TYPE,STATUS,USUARIO_CREO,FECHA_CREO,USUARIO_MODIFICO,FECHA_MODIFICO) VALUES('ANT0507','MANTELETA ANTIDESLIZANTE 1/1','MANTELETA ANTIDESLIZANTE 1/1',2,55,1,'/media/922967270.png','image/png',1,'amxsab.system@gmail.com',CURRENT_TIMESTAMP,'amxsab.system@gmail.com',CURRENT_TIMESTAMP);
INSERT INTO MATERIAL (NUMERO_PARTE,DESCRIPCION_ES,DESCRIPCION_EN,ID_CATEGORIA_MATERIAL,TIPO_ABASTECIMIENTO,PESO,URL_MULTIMEDIA,MIME_TYPE,STATUS,USUARIO_CREO,FECHA_CREO,USUARIO_MODIFICO,FECHA_MODIFICO) VALUES('ANT0508','MANTELETA CON ANTIDERRAPANTE 1/1','MANTELETA CON ANTIDERRAPANTE 1/1',2,55,1,'/media/922967270.png','image/png',1,'amxsab.system@gmail.com',CURRENT_TIMESTAMP,'amxsab.system@gmail.com',CURRENT_TIMESTAMP);
INSERT INTO MATERIAL (NUMERO_PARTE,DESCRIPCION_ES,DESCRIPCION_EN,ID_CATEGORIA_MATERIAL,TIPO_ABASTECIMIENTO,PESO,URL_MULTIMEDIA,MIME_TYPE,STATUS,USUARIO_CREO,FECHA_CREO,USUARIO_MODIFICO,FECHA_MODIFICO) VALUES('APL1201','PAD DE ALCOHOL','STERIL PAD WITH ALCOHOL',2,55,1,'/media/922967270.png','image/png',1,'amxsab.system@gmail.com',CURRENT_TIMESTAMP,'amxsab.system@gmail.com',CURRENT_TIMESTAMP);
INSERT INTO MATERIAL (NUMERO_PARTE,DESCRIPCION_ES,DESCRIPCION_EN,ID_CATEGORIA_MATERIAL,TIPO_ABASTECIMIENTO,PESO,URL_MULTIMEDIA,MIME_TYPE,STATUS,USUARIO_CREO,FECHA_CREO,USUARIO_MODIFICO,FECHA_MODIFICO) VALUES('ARL0401','DULCE DE ARROZ CON LECHE','ARROZ CON LECHE',2,55,1,'/media/922967270.png','image/png',1,'amxsab.system@gmail.com',CURRENT_TIMESTAMP,'amxsab.system@gmail.com',CURRENT_TIMESTAMP);
INSERT INTO MATERIAL (NUMERO_PARTE,DESCRIPCION_ES,DESCRIPCION_EN,ID_CATEGORIA_MATERIAL,TIPO_ABASTECIMIENTO,PESO,URL_MULTIMEDIA,MIME_TYPE,STATUS,USUARIO_CREO,FECHA_CREO,USUARIO_MODIFICO,FECHA_MODIFICO) VALUES('ATO0601','ATOMIZADOR DE PLASTICO DE 150 ML','PLASTIC ATOMIZER 150 ML',2,55,1,'/media/922967270.png','image/png',1,'amxsab.system@gmail.com',CURRENT_TIMESTAMP,'amxsab.system@gmail.com',CURRENT_TIMESTAMP);
INSERT INTO MATERIAL (NUMERO_PARTE,DESCRIPCION_ES,DESCRIPCION_EN,ID_CATEGORIA_MATERIAL,TIPO_ABASTECIMIENTO,PESO,URL_MULTIMEDIA,MIME_TYPE,STATUS,USUARIO_CREO,FECHA_CREO,USUARIO_MODIFICO,FECHA_MODIFICO) VALUES('AUD1001','AUDIFONO MINI 1 PLUG TURISTA B738 Y B787','HEADPHONE 1 PLUG (TURIST)',7,55,1,'/media/922967270.png','image/png',1,'amxsab.system@gmail.com',CURRENT_TIMESTAMP,'amxsab.system@gmail.com',CURRENT_TIMESTAMP);
INSERT INTO MATERIAL (NUMERO_PARTE,DESCRIPCION_ES,DESCRIPCION_EN,ID_CATEGORIA_MATERIAL,TIPO_ABASTECIMIENTO,PESO,URL_MULTIMEDIA,MIME_TYPE,STATUS,USUARIO_CREO,FECHA_CREO,USUARIO_MODIFICO,FECHA_MODIFICO) VALUES('AUD1002','AUDIFONO 1 PLUG PREMIER','HEADPHONE 1 PLUG PREMIER',7,55,1,'/media/922967270.png','image/png',1,'amxsab.system@gmail.com',CURRENT_TIMESTAMP,'amxsab.system@gmail.com',CURRENT_TIMESTAMP);
INSERT INTO MATERIAL (NUMERO_PARTE,DESCRIPCION_ES,DESCRIPCION_EN,ID_CATEGORIA_MATERIAL,TIPO_ABASTECIMIENTO,PESO,URL_MULTIMEDIA,MIME_TYPE,STATUS,USUARIO_CREO,FECHA_CREO,USUARIO_MODIFICO,FECHA_MODIFICO) VALUES('AUD1003','AUDIFONO MINI 2 PLUG TURISTA, B737-700','AUDIFONO MINI 2 PLUG TURISTA, B737-700',7,55,1,'/media/922967270.png','image/png',1,'amxsab.system@gmail.com',CURRENT_TIMESTAMP,'amxsab.system@gmail.com',CURRENT_TIMESTAMP);
INSERT INTO MATERIAL (NUMERO_PARTE,DESCRIPCION_ES,DESCRIPCION_EN,ID_CATEGORIA_MATERIAL,TIPO_ABASTECIMIENTO,PESO,URL_MULTIMEDIA,MIME_TYPE,STATUS,USUARIO_CREO,FECHA_CREO,USUARIO_MODIFICO,FECHA_MODIFICO) VALUES('AUD1004','AUDIFONO MINI 1 PLUG D 40 OHMS','1 PLUG HEADPHONES',7,55,1,'/media/922967270.png','image/png',1,'amxsab.system@gmail.com',CURRENT_TIMESTAMP,'amxsab.system@gmail.com',CURRENT_TIMESTAMP);
INSERT INTO MATERIAL (NUMERO_PARTE,DESCRIPCION_ES,DESCRIPCION_EN,ID_CATEGORIA_MATERIAL,TIPO_ABASTECIMIENTO,PESO,URL_MULTIMEDIA,MIME_TYPE,STATUS,USUARIO_CREO,FECHA_CREO,USUARIO_MODIFICO,FECHA_MODIFICO) VALUES('AUD1007','AUDIFONO GENERICO DE 32 OHM.','DVD PREMIER HEADPHONES',7,55,1,'/media/922967270.png','image/png',1,'amxsab.system@gmail.com',CURRENT_TIMESTAMP,'amxsab.system@gmail.com',CURRENT_TIMESTAMP);
INSERT INTO MATERIAL (NUMERO_PARTE,DESCRIPCION_ES,DESCRIPCION_EN,ID_CATEGORIA_MATERIAL,TIPO_ABASTECIMIENTO,PESO,URL_MULTIMEDIA,MIME_TYPE,STATUS,USUARIO_CREO,FECHA_CREO,USUARIO_MODIFICO,FECHA_MODIFICO) VALUES('AUD1008','AUDIFONO 2 PLUG TURISTA 300 OHMS','2 PLUG HEADPHONES (TURIST)',7,55,1,'/media/922967270.png','image/png',1,'amxsab.system@gmail.com',CURRENT_TIMESTAMP,'amxsab.system@gmail.com',CURRENT_TIMESTAMP);
INSERT INTO MATERIAL (NUMERO_PARTE,DESCRIPCION_ES,DESCRIPCION_EN,ID_CATEGORIA_MATERIAL,TIPO_ABASTECIMIENTO,PESO,URL_MULTIMEDIA,MIME_TYPE,STATUS,USUARIO_CREO,FECHA_CREO,USUARIO_MODIFICO,FECHA_MODIFICO) VALUES('AUD1009','AUDIFONO 2 PLUG PREMIERB777','2 PLUG HEADPHONES B777 PREMIER',7,55,1,'/media/922967270.png','image/png',1,'amxsab.system@gmail.com',CURRENT_TIMESTAMP,'amxsab.system@gmail.com',CURRENT_TIMESTAMP);
INSERT INTO MATERIAL (NUMERO_PARTE,DESCRIPCION_ES,DESCRIPCION_EN,ID_CATEGORIA_MATERIAL,TIPO_ABASTECIMIENTO,PESO,URL_MULTIMEDIA,MIME_TYPE,STATUS,USUARIO_CREO,FECHA_CREO,USUARIO_MODIFICO,FECHA_MODIFICO) VALUES('AUD1011','AUDIFONO MINI 1 PLUG TURISTA 300 OHM','HEARPLUG 1 PLUG Y G1527 1P3AM',7,55,1,'/media/922967270.png','image/png',1,'amxsab.system@gmail.com',CURRENT_TIMESTAMP,'amxsab.system@gmail.com',CURRENT_TIMESTAMP);
INSERT INTO MATERIAL (NUMERO_PARTE,DESCRIPCION_ES,DESCRIPCION_EN,ID_CATEGORIA_MATERIAL,TIPO_ABASTECIMIENTO,PESO,URL_MULTIMEDIA,MIME_TYPE,STATUS,USUARIO_CREO,FECHA_CREO,USUARIO_MODIFICO,FECHA_MODIFICO) VALUES('AUD1012','AUDIFONO MINI 2PLUG TURISTA300 OHM','HEARPLUG 2 PLUG Y G1527 2P3AM',7,55,1,'/media/922967270.png','image/png',1,'amxsab.system@gmail.com',CURRENT_TIMESTAMP,'amxsab.system@gmail.com',CURRENT_TIMESTAMP);
INSERT INTO MATERIAL (NUMERO_PARTE,DESCRIPCION_ES,DESCRIPCION_EN,ID_CATEGORIA_MATERIAL,TIPO_ABASTECIMIENTO,PESO,URL_MULTIMEDIA,MIME_TYPE,STATUS,USUARIO_CREO,FECHA_CREO,USUARIO_MODIFICO,FECHA_MODIFICO) VALUES('AUD1014','AUDIFONO PARA DVD GENERICO','ALTERNATIVE EARPHONE TO THE AUD1007 AMX, ACCORDING TO APPROVED SAMPLE.',7,55,1,'/media/922967270.png','image/png',1,'amxsab.system@gmail.com',CURRENT_TIMESTAMP,'amxsab.system@gmail.com',CURRENT_TIMESTAMP);
INSERT INTO MATERIAL (NUMERO_PARTE,DESCRIPCION_ES,DESCRIPCION_EN,ID_CATEGORIA_MATERIAL,TIPO_ABASTECIMIENTO,PESO,URL_MULTIMEDIA,MIME_TYPE,STATUS,USUARIO_CREO,FECHA_CREO,USUARIO_MODIFICO,FECHA_MODIFICO) VALUES('AUD1015','AUDIFONO 1 PLUG GENERICO PREM','MODEL ID313HEADSET WITH VINYL EAR PADS AND FLODING PIN 300 OHMS (ACCORDING TO APPROVED SAMPLE). TEMPORAL ALTERNATIVE FOR AUD1002',7,55,1,'/media/922967270.png','image/png',1,'amxsab.system@gmail.com',CURRENT_TIMESTAMP,'amxsab.system@gmail.com',CURRENT_TIMESTAMP);
INSERT INTO MATERIAL (NUMERO_PARTE,DESCRIPCION_ES,DESCRIPCION_EN,ID_CATEGORIA_MATERIAL,TIPO_ABASTECIMIENTO,PESO,URL_MULTIMEDIA,MIME_TYPE,STATUS,USUARIO_CREO,FECHA_CREO,USUARIO_MODIFICO,FECHA_MODIFICO) VALUES('AUD1016','AUDIFONO MINI 1 PLUG GENERICO AUDIFONO 1PLUG TURISTA 300 OHM','ALTERNATIVE EARPHONE, PROVIDED AT NO COST TO AEROMEXICO AS SUBSTITUTE FOR : AMX PART NO. AUD1011ID MODEL ID7, 300 OHM SINGLE 3.5 MM STEREO PLUG.',7,55,1,'/media/922967270.png','image/png',1,'amxsab.system@gmail.com',CURRENT_TIMESTAMP,'amxsab.system@gmail.com',CURRENT_TIMESTAMP);
INSERT INTO MATERIAL (NUMERO_PARTE,DESCRIPCION_ES,DESCRIPCION_EN,ID_CATEGORIA_MATERIAL,TIPO_ABASTECIMIENTO,PESO,URL_MULTIMEDIA,MIME_TYPE,STATUS,USUARIO_CREO,FECHA_CREO,USUARIO_MODIFICO,FECHA_MODIFICO) VALUES('AUD1017','AUDIFONO MINI 1 PLUG D 30 OHMSPARA B738 Y B787; TURISTA','ID MODEL ID7, 3032 OMH, SINGLE 3.5 MM STEREO PLUG, NO LOGO. COLOR: RED (ACCORDING TO APPROVED SAMPLE) QUANTITY PACK:500 EA PER PACK',7,55,1,'/media/922967270.png','image/png',1,'amxsab.system@gmail.com',CURRENT_TIMESTAMP,'amxsab.system@gmail.com',CURRENT_TIMESTAMP);
INSERT INTO MATERIAL (NUMERO_PARTE,DESCRIPCION_ES,DESCRIPCION_EN,ID_CATEGORIA_MATERIAL,TIPO_ABASTECIMIENTO,PESO,URL_MULTIMEDIA,MIME_TYPE,STATUS,USUARIO_CREO,FECHA_CREO,USUARIO_MODIFICO,FECHA_MODIFICO) VALUES('AUD1018','AUDIFONO ANC D1 PLUG B787 PREMPARA B787; PREMIER','HEADPHONE MODEL AMEX ANC2 ACTIVE NOISE CANCELLING AEROMEXICO. D1 PLUG ( INCLUDES AN AMX LOGO IN THE RIGHT EAR PIECE IN WHITE COLOR).',7,55,1,'/media/922967270.png','image/png',1,'amxsab.system@gmail.com',CURRENT_TIMESTAMP,'amxsab.system@gmail.com',CURRENT_TIMESTAMP);
INSERT INTO MATERIAL (NUMERO_PARTE,DESCRIPCION_ES,DESCRIPCION_EN,ID_CATEGORIA_MATERIAL,TIPO_ABASTECIMIENTO,PESO,URL_MULTIMEDIA,MIME_TYPE,STATUS,USUARIO_CREO,FECHA_CREO,USUARIO_MODIFICO,FECHA_MODIFICO) VALUES('AUD1019','AUDIFONO 32 OHM','AUDIFONO 32OHM',7,55,1,'/media/922967270.png','image/png',1,'amxsab.system@gmail.com',CURRENT_TIMESTAMP,'amxsab.system@gmail.com',CURRENT_TIMESTAMP);
INSERT INTO MATERIAL (NUMERO_PARTE,DESCRIPCION_ES,DESCRIPCION_EN,ID_CATEGORIA_MATERIAL,TIPO_ABASTECIMIENTO,PESO,URL_MULTIMEDIA,MIME_TYPE,STATUS,USUARIO_CREO,FECHA_CREO,USUARIO_MODIFICO,FECHA_MODIFICO) VALUES('AUD1022','AUDIFONO PREMIER B737/B777 D2 A 300OHMS','AUDIFONO 2 PLUG TURISTA 32/40 OHMS S/LOGO',7,55,1,'/media/922967270.png','image/png',1,'amxsab.system@gmail.com',CURRENT_TIMESTAMP,'amxsab.system@gmail.com',CURRENT_TIMESTAMP);
INSERT INTO MATERIAL (NUMERO_PARTE,DESCRIPCION_ES,DESCRIPCION_EN,ID_CATEGORIA_MATERIAL,TIPO_ABASTECIMIENTO,PESO,URL_MULTIMEDIA,MIME_TYPE,STATUS,USUARIO_CREO,FECHA_CREO,USUARIO_MODIFICO,FECHA_MODIFICO) VALUES('AUD1023','AUDIFONO IPAD 1 PLUG A 16OHMS','AUDIFONO 1 PLUG 16OHMS',7,55,1,'/media/922967270.png','image/png',1,'amxsab.system@gmail.com',CURRENT_TIMESTAMP,'amxsab.system@gmail.com',CURRENT_TIMESTAMP);
INSERT INTO MATERIAL (NUMERO_PARTE,DESCRIPCION_ES,DESCRIPCION_EN,ID_CATEGORIA_MATERIAL,TIPO_ABASTECIMIENTO,PESO,URL_MULTIMEDIA,MIME_TYPE,STATUS,USUARIO_CREO,FECHA_CREO,USUARIO_MODIFICO,FECHA_MODIFICO) VALUES('AUD1024','AUDIFONO PREMIER B737/B777 D2 A 300OHMS','AUDIFONO D2 A 300OHMS',7,55,1,'/media/922967270.png','image/png',1,'amxsab.system@gmail.com',CURRENT_TIMESTAMP,'amxsab.system@gmail.com',CURRENT_TIMESTAMP);
INSERT INTO MATERIAL (NUMERO_PARTE,DESCRIPCION_ES,DESCRIPCION_EN,ID_CATEGORIA_MATERIAL,TIPO_ABASTECIMIENTO,PESO,URL_MULTIMEDIA,MIME_TYPE,STATUS,USUARIO_CREO,FECHA_CREO,USUARIO_MODIFICO,FECHA_MODIFICO) VALUES('AUD1025','AUDIFONO PREMIER 787/B737-800','AUDIFONO TURISTA 787/B737-800',7,55,1,'/media/922967270.png','image/png',1,'amxsab.system@gmail.com',CURRENT_TIMESTAMP,'amxsab.system@gmail.com',CURRENT_TIMESTAMP);
INSERT INTO MATERIAL (NUMERO_PARTE,DESCRIPCION_ES,DESCRIPCION_EN,ID_CATEGORIA_MATERIAL,TIPO_ABASTECIMIENTO,PESO,URL_MULTIMEDIA,MIME_TYPE,STATUS,USUARIO_CREO,FECHA_CREO,USUARIO_MODIFICO,FECHA_MODIFICO) VALUES('AUD1026','AUDIFONO PREMIER B787','AUDIFONO PREMIER B787',7,55,1,'/media/922967270.png','image/png',1,'amxsab.system@gmail.com',CURRENT_TIMESTAMP,'amxsab.system@gmail.com',CURRENT_TIMESTAMP);
INSERT INTO MATERIAL (NUMERO_PARTE,DESCRIPCION_ES,DESCRIPCION_EN,ID_CATEGORIA_MATERIAL,TIPO_ABASTECIMIENTO,PESO,URL_MULTIMEDIA,MIME_TYPE,STATUS,USUARIO_CREO,FECHA_CREO,USUARIO_MODIFICO,FECHA_MODIFICO) VALUES('AUD1027','AUDIFONO 32/40HM GENERICO','AUDIFONO 32/40HM GENERICO',7,55,1,'/media/922967270.png','image/png',1,'amxsab.system@gmail.com',CURRENT_TIMESTAMP,'amxsab.system@gmail.com',CURRENT_TIMESTAMP);
INSERT INTO MATERIAL (NUMERO_PARTE,DESCRIPCION_ES,DESCRIPCION_EN,ID_CATEGORIA_MATERIAL,TIPO_ABASTECIMIENTO,PESO,URL_MULTIMEDIA,MIME_TYPE,STATUS,USUARIO_CREO,FECHA_CREO,USUARIO_MODIFICO,FECHA_MODIFICO) VALUES('AUD1028','AUDIFONO 1 PLUG GENERICO PREMIER B737','AUDIFONO 1 PLUG GENERICO PREMIER B737',7,55,1,'/media/922967270.png','image/png',1,'amxsab.system@gmail.com',CURRENT_TIMESTAMP,'amxsab.system@gmail.com',CURRENT_TIMESTAMP);
INSERT INTO MATERIAL (NUMERO_PARTE,DESCRIPCION_ES,DESCRIPCION_EN,ID_CATEGORIA_MATERIAL,TIPO_ABASTECIMIENTO,PESO,URL_MULTIMEDIA,MIME_TYPE,STATUS,USUARIO_CREO,FECHA_CREO,USUARIO_MODIFICO,FECHA_MODIFICO) VALUES('AZD0401','CANDEREL SUCARE EDULCORANTE CON SUCRALOSA','CANDEREL SUCARÉ EDULCORANTE CON SUCRALOSA',2,55,1,'/media/922967270.png','image/png',1,'amxsab.system@gmail.com',CURRENT_TIMESTAMP,'amxsab.system@gmail.com',CURRENT_TIMESTAMP);
INSERT INTO MATERIAL (NUMERO_PARTE,DESCRIPCION_ES,DESCRIPCION_EN,ID_CATEGORIA_MATERIAL,TIPO_ABASTECIMIENTO,PESO,URL_MULTIMEDIA,MIME_TYPE,STATUS,USUARIO_CREO,FECHA_CREO,USUARIO_MODIFICO,FECHA_MODIFICO) VALUES('AZD0402','CANDEREL STEVIA EDULCORANTE DE MESA CON STEVIA','CANDEREL STEVIA EDULCORANTE DE MESA CON STEVIA',2,55,1,'/media/922967270.png','image/png',1,'amxsab.system@gmail.com',CURRENT_TIMESTAMP,'amxsab.system@gmail.com',CURRENT_TIMESTAMP);
INSERT INTO MATERIAL (NUMERO_PARTE,DESCRIPCION_ES,DESCRIPCION_EN,ID_CATEGORIA_MATERIAL,TIPO_ABASTECIMIENTO,PESO,URL_MULTIMEDIA,MIME_TYPE,STATUS,USUARIO_CREO,FECHA_CREO,USUARIO_MODIFICO,FECHA_MODIFICO) VALUES('AZD0403','PURE VIA EDULCORANTE DE MESA CON STEVIA','PURE VIA EDULCORANTE DE MESA CON STEVIA',2,55,1,'/media/922967270.png','image/png',1,'amxsab.system@gmail.com',CURRENT_TIMESTAMP,'amxsab.system@gmail.com',CURRENT_TIMESTAMP);
INSERT INTO MATERIAL (NUMERO_PARTE,DESCRIPCION_ES,DESCRIPCION_EN,ID_CATEGORIA_MATERIAL,TIPO_ABASTECIMIENTO,PESO,URL_MULTIMEDIA,MIME_TYPE,STATUS,USUARIO_CREO,FECHA_CREO,USUARIO_MODIFICO,FECHA_MODIFICO) VALUES('AZD0404','CANDERELSUBSTITUTO DE AZUCAR','CANDERELSUBSTITUTO DE AZUCAR',2,55,1,'/media/922967270.png','image/png',1,'amxsab.system@gmail.com',CURRENT_TIMESTAMP,'amxsab.system@gmail.com',CURRENT_TIMESTAMP);
INSERT INTO MATERIAL (NUMERO_PARTE,DESCRIPCION_ES,DESCRIPCION_EN,ID_CATEGORIA_MATERIAL,TIPO_ABASTECIMIENTO,PESO,URL_MULTIMEDIA,MIME_TYPE,STATUS,USUARIO_CREO,FECHA_CREO,USUARIO_MODIFICO,FECHA_MODIFICO) VALUES('AZR0401','AZUCAR REFINADA','AZUCAR REFINADA',2,55,1,'/media/922967270.png','image/png',1,'amxsab.system@gmail.com',CURRENT_TIMESTAMP,'amxsab.system@gmail.com',CURRENT_TIMESTAMP);
INSERT INTO MATERIAL (NUMERO_PARTE,DESCRIPCION_ES,DESCRIPCION_EN,ID_CATEGORIA_MATERIAL,TIPO_ABASTECIMIENTO,PESO,URL_MULTIMEDIA,MIME_TYPE,STATUS,USUARIO_CREO,FECHA_CREO,USUARIO_MODIFICO,FECHA_MODIFICO) VALUES('AZU0201','AZUCARERO PARA SOBRES PREMIER','SUGAR POT PREMIER',3,55,1,'/media/922967270.png','image/png',1,'amxsab.system@gmail.com',CURRENT_TIMESTAMP,'amxsab.system@gmail.com',CURRENT_TIMESTAMP);
INSERT INTO MATERIAL (NUMERO_PARTE,DESCRIPCION_ES,DESCRIPCION_EN,ID_CATEGORIA_MATERIAL,TIPO_ABASTECIMIENTO,PESO,URL_MULTIMEDIA,MIME_TYPE,STATUS,USUARIO_CREO,FECHA_CREO,USUARIO_MODIFICO,FECHA_MODIFICO) VALUES('AZU0301','AZUCARERO METALICO','METALLIC SUGAR POT',3,55,1,'/media/922967270.png','image/png',1,'amxsab.system@gmail.com',CURRENT_TIMESTAMP,'amxsab.system@gmail.com',CURRENT_TIMESTAMP);
INSERT INTO MATERIAL (NUMERO_PARTE,DESCRIPCION_ES,DESCRIPCION_EN,ID_CATEGORIA_MATERIAL,TIPO_ABASTECIMIENTO,PESO,URL_MULTIMEDIA,MIME_TYPE,STATUS,USUARIO_CREO,FECHA_CREO,USUARIO_MODIFICO,FECHA_MODIFICO) VALUES('BLK0502','FORMATO CONTROL LOG IPAD','FORMAT CONTROL LOG PEDS AND KITS',2,55,1,'/media/922967270.png','image/png',1,'amxsab.system@gmail.com',CURRENT_TIMESTAMP,'amxsab.system@gmail.com',CURRENT_TIMESTAMP);
INSERT INTO MATERIAL (NUMERO_PARTE,DESCRIPCION_ES,DESCRIPCION_EN,ID_CATEGORIA_MATERIAL,TIPO_ABASTECIMIENTO,PESO,URL_MULTIMEDIA,MIME_TYPE,STATUS,USUARIO_CREO,FECHA_CREO,USUARIO_MODIFICO,FECHA_MODIFICO) VALUES('BOL0501','BOLSA DE PAPEL CON VENTANA12.7X5X28 CM, BAG LUNCH GENERI','BOLSA DE PAPEL CON VENTANA12.7X5X28 CM, BAG LUNCH GENERI',2,55,1,'/media/922967270.png','image/png',1,'amxsab.system@gmail.com',CURRENT_TIMESTAMP,'amxsab.system@gmail.com',CURRENT_TIMESTAMP);
INSERT INTO MATERIAL (NUMERO_PARTE,DESCRIPCION_ES,DESCRIPCION_EN,ID_CATEGORIA_MATERIAL,TIPO_ABASTECIMIENTO,PESO,URL_MULTIMEDIA,MIME_TYPE,STATUS,USUARIO_CREO,FECHA_CREO,USUARIO_MODIFICO,FECHA_MODIFICO) VALUES('BOL0502','BOLSA DE PAPEL GENERICA 13.5X7X30 CM, BAG LUNCH','BOLSA DE PAPEL GENERICA 13.5X7X30 CM, BAG LUNCH',2,55,1,'/media/922967270.png','image/png',1,'amxsab.system@gmail.com',CURRENT_TIMESTAMP,'amxsab.system@gmail.com',CURRENT_TIMESTAMP);
INSERT INTO MATERIAL (NUMERO_PARTE,DESCRIPCION_ES,DESCRIPCION_EN,ID_CATEGORIA_MATERIAL,TIPO_ABASTECIMIENTO,PESO,URL_MULTIMEDIA,MIME_TYPE,STATUS,USUARIO_CREO,FECHA_CREO,USUARIO_MODIFICO,FECHA_MODIFICO) VALUES('BOL0503','BAG LUNCH DE PAPEL IMPRESA','BAG LONCH PAPEL',2,55,1,'/media/922967270.png','image/png',1,'amxsab.system@gmail.com',CURRENT_TIMESTAMP,'amxsab.system@gmail.com',CURRENT_TIMESTAMP);
INSERT INTO MATERIAL (NUMERO_PARTE,DESCRIPCION_ES,DESCRIPCION_EN,ID_CATEGORIA_MATERIAL,TIPO_ABASTECIMIENTO,PESO,URL_MULTIMEDIA,MIME_TYPE,STATUS,USUARIO_CREO,FECHA_CREO,USUARIO_MODIFICO,FECHA_MODIFICO) VALUES('BOL0601','BOLSA CUBIERTO 7X22 CMS','CUTLERY BAG 7X22CM',2,55,1,'/media/922967270.png','image/png',1,'amxsab.system@gmail.com',CURRENT_TIMESTAMP,'amxsab.system@gmail.com',CURRENT_TIMESTAMP);
INSERT INTO MATERIAL (NUMERO_PARTE,DESCRIPCION_ES,DESCRIPCION_EN,ID_CATEGORIA_MATERIAL,TIPO_ABASTECIMIENTO,PESO,URL_MULTIMEDIA,MIME_TYPE,STATUS,USUARIO_CREO,FECHA_CREO,USUARIO_MODIFICO,FECHA_MODIFICO) VALUES('BOL0603','BOLSA P/HIELO55X71','ICE BAG 55X71CM',2,55,1,'/media/922967270.png','image/png',1,'amxsab.system@gmail.com',CURRENT_TIMESTAMP,'amxsab.system@gmail.com',CURRENT_TIMESTAMP);
INSERT INTO MATERIAL (NUMERO_PARTE,DESCRIPCION_ES,DESCRIPCION_EN,ID_CATEGORIA_MATERIAL,TIPO_ABASTECIMIENTO,PESO,URL_MULTIMEDIA,MIME_TYPE,STATUS,USUARIO_CREO,FECHA_CREO,USUARIO_MODIFICO,FECHA_MODIFICO) VALUES('BOL0605','BOLSA DE MAREO12X28','AIRSICKNESS BAG 12X28CM',2,55,1,'/media/922967270.png','image/png',1,'amxsab.system@gmail.com',CURRENT_TIMESTAMP,'amxsab.system@gmail.com',CURRENT_TIMESTAMP);
INSERT INTO MATERIAL (NUMERO_PARTE,DESCRIPCION_ES,DESCRIPCION_EN,ID_CATEGORIA_MATERIAL,TIPO_ABASTECIMIENTO,PESO,URL_MULTIMEDIA,MIME_TYPE,STATUS,USUARIO_CREO,FECHA_CREO,USUARIO_MODIFICO,FECHA_MODIFICO) VALUES('BOL0606','BOLSA P/BASURA 46X24X125','WASTE BAG 70X125CM',2,55,1,'/media/922967270.png','image/png',1,'amxsab.system@gmail.com',CURRENT_TIMESTAMP,'amxsab.system@gmail.com',CURRENT_TIMESTAMP);
INSERT INTO MATERIAL (NUMERO_PARTE,DESCRIPCION_ES,DESCRIPCION_EN,ID_CATEGORIA_MATERIAL,TIPO_ABASTECIMIENTO,PESO,URL_MULTIMEDIA,MIME_TYPE,STATUS,USUARIO_CREO,FECHA_CREO,USUARIO_MODIFICO,FECHA_MODIFICO) VALUES('BOL0607','BOLSA P/PAN10X20','BREAD BAG 10X20CM',2,55,1,'/media/922967270.png','image/png',1,'amxsab.system@gmail.com',CURRENT_TIMESTAMP,'amxsab.system@gmail.com',CURRENT_TIMESTAMP);
INSERT INTO MATERIAL (NUMERO_PARTE,DESCRIPCION_ES,DESCRIPCION_EN,ID_CATEGORIA_MATERIAL,TIPO_ABASTECIMIENTO,PESO,URL_MULTIMEDIA,MIME_TYPE,STATUS,USUARIO_CREO,FECHA_CREO,USUARIO_MODIFICO,FECHA_MODIFICO) VALUES('BOL0609','BOLSA FOLLETO 25.5X32.5','BAG FOR HEADPHONES / PANFLET 25.5X32.5CM',2,55,1,'/media/922967270.png','image/png',1,'amxsab.system@gmail.com',CURRENT_TIMESTAMP,'amxsab.system@gmail.com',CURRENT_TIMESTAMP);
INSERT INTO MATERIAL (NUMERO_PARTE,DESCRIPCION_ES,DESCRIPCION_EN,ID_CATEGORIA_MATERIAL,TIPO_ABASTECIMIENTO,PESO,URL_MULTIMEDIA,MIME_TYPE,STATUS,USUARIO_CREO,FECHA_CREO,USUARIO_MODIFICO,FECHA_MODIFICO) VALUES('BOL0610','BOLSA USOS MULTIPLES36X46','BAG FOR MULTIPLE USE 36X46CM',2,55,1,'/media/922967270.png','image/png',1,'amxsab.system@gmail.com',CURRENT_TIMESTAMP,'amxsab.system@gmail.com',CURRENT_TIMESTAMP);
INSERT INTO MATERIAL (NUMERO_PARTE,DESCRIPCION_ES,DESCRIPCION_EN,ID_CATEGORIA_MATERIAL,TIPO_ABASTECIMIENTO,PESO,URL_MULTIMEDIA,MIME_TYPE,STATUS,USUARIO_CREO,FECHA_CREO,USUARIO_MODIFICO,FECHA_MODIFICO) VALUES('BOL0611','BOLSA FOLLETERA30X25','BAG FOR PANFLETS 30X25CM',2,55,1,'/media/922967270.png','image/png',1,'amxsab.system@gmail.com',CURRENT_TIMESTAMP,'amxsab.system@gmail.com',CURRENT_TIMESTAMP);
INSERT INTO MATERIAL (NUMERO_PARTE,DESCRIPCION_ES,DESCRIPCION_EN,ID_CATEGORIA_MATERIAL,TIPO_ABASTECIMIENTO,PESO,URL_MULTIMEDIA,MIME_TYPE,STATUS,USUARIO_CREO,FECHA_CREO,USUARIO_MODIFICO,FECHA_MODIFICO) VALUES('BOL0612','BOLSA P/BASURA 30X24X75','WASTE BAG 30X75 CM',2,55,1,'/media/922967270.png','image/png',1,'amxsab.system@gmail.com',CURRENT_TIMESTAMP,'amxsab.system@gmail.com',CURRENT_TIMESTAMP);
INSERT INTO MATERIAL (NUMERO_PARTE,DESCRIPCION_ES,DESCRIPCION_EN,ID_CATEGORIA_MATERIAL,TIPO_ABASTECIMIENTO,PESO,URL_MULTIMEDIA,MIME_TYPE,STATUS,USUARIO_CREO,FECHA_CREO,USUARIO_MODIFICO,FECHA_MODIFICO) VALUES('BOL0613','BOLSA COBERTOR TURISTA','BAG FOR BLANKET TOURIST',2,55,1,'/media/922967270.png','image/png',1,'amxsab.system@gmail.com',CURRENT_TIMESTAMP,'amxsab.system@gmail.com',CURRENT_TIMESTAMP);
INSERT INTO MATERIAL (NUMERO_PARTE,DESCRIPCION_ES,DESCRIPCION_EN,ID_CATEGORIA_MATERIAL,TIPO_ABASTECIMIENTO,PESO,URL_MULTIMEDIA,MIME_TYPE,STATUS,USUARIO_CREO,FECHA_CREO,USUARIO_MODIFICO,FECHA_MODIFICO) VALUES('BOL0614','BOLSA PARA AUDIFONO C/LOGO','BAG WITH LOGO FOR HEADPHONES',2,55,1,'/media/922967270.png','image/png',1,'amxsab.system@gmail.com',CURRENT_TIMESTAMP,'amxsab.system@gmail.com',CURRENT_TIMESTAMP);
INSERT INTO MATERIAL (NUMERO_PARTE,DESCRIPCION_ES,DESCRIPCION_EN,ID_CATEGORIA_MATERIAL,TIPO_ABASTECIMIENTO,PESO,URL_MULTIMEDIA,MIME_TYPE,STATUS,USUARIO_CREO,FECHA_CREO,USUARIO_MODIFICO,FECHA_MODIFICO) VALUES('BOL0615','BOLSA FORMAS MIGRATORIAS30CMS X 50CMS','MIGRATORY FORMS BAG 30X50',2,55,1,'/media/922967270.png','image/png',1,'amxsab.system@gmail.com',CURRENT_TIMESTAMP,'amxsab.system@gmail.com',CURRENT_TIMESTAMP);
INSERT INTO MATERIAL (NUMERO_PARTE,DESCRIPCION_ES,DESCRIPCION_EN,ID_CATEGORIA_MATERIAL,TIPO_ABASTECIMIENTO,PESO,URL_MULTIMEDIA,MIME_TYPE,STATUS,USUARIO_CREO,FECHA_CREO,USUARIO_MODIFICO,FECHA_MODIFICO) VALUES('BOL0620','BOLSA PARA CONTENEDOR DE BASURA AMARILLA ; MED 75X120','CONTAINER BAG FOR B/767',2,55,1,'/media/922967270.png','image/png',1,'amxsab.system@gmail.com',CURRENT_TIMESTAMP,'amxsab.system@gmail.com',CURRENT_TIMESTAMP);
INSERT INTO MATERIAL (NUMERO_PARTE,DESCRIPCION_ES,DESCRIPCION_EN,ID_CATEGORIA_MATERIAL,TIPO_ABASTECIMIENTO,PESO,URL_MULTIMEDIA,MIME_TYPE,STATUS,USUARIO_CREO,FECHA_CREO,USUARIO_MODIFICO,FECHA_MODIFICO) VALUES('BOL0621','BOLSA P/BASURA NEGRA 46X24X125','BLACK WASTE BAG 70X125CM',2,55,1,'/media/922967270.png','image/png',1,'amxsab.system@gmail.com',CURRENT_TIMESTAMP,'amxsab.system@gmail.com',CURRENT_TIMESTAMP);
INSERT INTO MATERIAL (NUMERO_PARTE,DESCRIPCION_ES,DESCRIPCION_EN,ID_CATEGORIA_MATERIAL,TIPO_ABASTECIMIENTO,PESO,URL_MULTIMEDIA,MIME_TYPE,STATUS,USUARIO_CREO,FECHA_CREO,USUARIO_MODIFICO,FECHA_MODIFICO) VALUES('BOL0622','BOLSA P/BASURA NEGRA30X75','BLACK WASTE BAG 30X75 CM',2,55,1,'/media/922967270.png','image/png',1,'amxsab.system@gmail.com',CURRENT_TIMESTAMP,'amxsab.system@gmail.com',CURRENT_TIMESTAMP);
INSERT INTO MATERIAL (NUMERO_PARTE,DESCRIPCION_ES,DESCRIPCION_EN,ID_CATEGORIA_MATERIAL,TIPO_ABASTECIMIENTO,PESO,URL_MULTIMEDIA,MIME_TYPE,STATUS,USUARIO_CREO,FECHA_CREO,USUARIO_MODIFICO,FECHA_MODIFICO) VALUES('BOL0623','BOLSA PARA AUDIFONO FOLDED C/LOGO','BAG WITH LOGO FOR HEADPHONES FOLDED',2,55,1,'/media/922967270.png','image/png',1,'amxsab.system@gmail.com',CURRENT_TIMESTAMP,'amxsab.system@gmail.com',CURRENT_TIMESTAMP);
INSERT INTO MATERIAL (NUMERO_PARTE,DESCRIPCION_ES,DESCRIPCION_EN,ID_CATEGORIA_MATERIAL,TIPO_ABASTECIMIENTO,PESO,URL_MULTIMEDIA,MIME_TYPE,STATUS,USUARIO_CREO,FECHA_CREO,USUARIO_MODIFICO,FECHA_MODIFICO) VALUES('BOL0624','BOLSA DE AROMATIZANTE DE 20 GR','FLAVORING BAG',2,55,1,'/media/922967270.png','image/png',1,'amxsab.system@gmail.com',CURRENT_TIMESTAMP,'amxsab.system@gmail.com',CURRENT_TIMESTAMP);
INSERT INTO MATERIAL (NUMERO_PARTE,DESCRIPCION_ES,DESCRIPCION_EN,ID_CATEGORIA_MATERIAL,TIPO_ABASTECIMIENTO,PESO,URL_MULTIMEDIA,MIME_TYPE,STATUS,USUARIO_CREO,FECHA_CREO,USUARIO_MODIFICO,FECHA_MODIFICO) VALUES('BOL0625','BOLSA P/BASURA GRIS36X50','GREY WASTE 36X50',2,55,1,'/media/922967270.png','image/png',1,'amxsab.system@gmail.com',CURRENT_TIMESTAMP,'amxsab.system@gmail.com',CURRENT_TIMESTAMP);
INSERT INTO MATERIAL (NUMERO_PARTE,DESCRIPCION_ES,DESCRIPCION_EN,ID_CATEGORIA_MATERIAL,TIPO_ABASTECIMIENTO,PESO,URL_MULTIMEDIA,MIME_TYPE,STATUS,USUARIO_CREO,FECHA_CREO,USUARIO_MODIFICO,FECHA_MODIFICO) VALUES('BOL0626','BOLSA P/BASURA GRIS SUAJE TIPO M','GREY TRASH BAG TYPE M SWAHA',2,55,1,'/media/922967270.png','image/png',1,'amxsab.system@gmail.com',CURRENT_TIMESTAMP,'amxsab.system@gmail.com',CURRENT_TIMESTAMP);
INSERT INTO MATERIAL (NUMERO_PARTE,DESCRIPCION_ES,DESCRIPCION_EN,ID_CATEGORIA_MATERIAL,TIPO_ABASTECIMIENTO,PESO,URL_MULTIMEDIA,MIME_TYPE,STATUS,USUARIO_CREO,FECHA_CREO,USUARIO_MODIFICO,FECHA_MODIFICO) VALUES('BOL0627','BOLSA P/BASURAPEBD CAL-200MEDIDAS 46+24X95','BOLSA P/BASURAPEBD CAL-200MEDIDAS 46+24X95',2,55,1,'/media/922967270.png','image/png',1,'amxsab.system@gmail.com',CURRENT_TIMESTAMP,'amxsab.system@gmail.com',CURRENT_TIMESTAMP);
INSERT INTO MATERIAL (NUMERO_PARTE,DESCRIPCION_ES,DESCRIPCION_EN,ID_CATEGORIA_MATERIAL,TIPO_ABASTECIMIENTO,PESO,URL_MULTIMEDIA,MIME_TYPE,STATUS,USUARIO_CREO,FECHA_CREO,USUARIO_MODIFICO,FECHA_MODIFICO) VALUES('BOL0628','BOLSA GRIS 42X81+7 CAL-300','BOLSA GRIS 42X81+7 CAL-300',2,55,1,'/media/922967270.png','image/png',1,'amxsab.system@gmail.com',CURRENT_TIMESTAMP,'amxsab.system@gmail.com',CURRENT_TIMESTAMP);
INSERT INTO MATERIAL (NUMERO_PARTE,DESCRIPCION_ES,DESCRIPCION_EN,ID_CATEGORIA_MATERIAL,TIPO_ABASTECIMIENTO,PESO,URL_MULTIMEDIA,MIME_TYPE,STATUS,USUARIO_CREO,FECHA_CREO,USUARIO_MODIFICO,FECHA_MODIFICO) VALUES('BOL0630','BOLSA OXO VESTIDO 46X24X125','BOLSA OXO P/BASURA46X24X125',2,55,1,'/media/922967270.png','image/png',1,'amxsab.system@gmail.com',CURRENT_TIMESTAMP,'amxsab.system@gmail.com',CURRENT_TIMESTAMP);
INSERT INTO MATERIAL (NUMERO_PARTE,DESCRIPCION_ES,DESCRIPCION_EN,ID_CATEGORIA_MATERIAL,TIPO_ABASTECIMIENTO,PESO,URL_MULTIMEDIA,MIME_TYPE,STATUS,USUARIO_CREO,FECHA_CREO,USUARIO_MODIFICO,FECHA_MODIFICO) VALUES('BOL0631','BOLSA OXO P/BASURA 30X75, AZUL TRANSPARENTE','BOLSA OXO P/BASURA30X75, AZUL TRANSPARENTE',2,55,1,'/media/922967270.png','image/png',1,'amxsab.system@gmail.com',CURRENT_TIMESTAMP,'amxsab.system@gmail.com',CURRENT_TIMESTAMP);
INSERT INTO MATERIAL (NUMERO_PARTE,DESCRIPCION_ES,DESCRIPCION_EN,ID_CATEGORIA_MATERIAL,TIPO_ABASTECIMIENTO,PESO,URL_MULTIMEDIA,MIME_TYPE,STATUS,USUARIO_CREO,FECHA_CREO,USUARIO_MODIFICO,FECHA_MODIFICO) VALUES('BOL0632','BOLSA OXO P/CONTENEDOR AMARILLA','BOLSA OXO PARA CONTENEDOR DE BASURA B/767 AMARILLA',2,55,1,'/media/922967270.png','image/png',1,'amxsab.system@gmail.com',CURRENT_TIMESTAMP,'amxsab.system@gmail.com',CURRENT_TIMESTAMP);
INSERT INTO MATERIAL (NUMERO_PARTE,DESCRIPCION_ES,DESCRIPCION_EN,ID_CATEGORIA_MATERIAL,TIPO_ABASTECIMIENTO,PESO,URL_MULTIMEDIA,MIME_TYPE,STATUS,USUARIO_CREO,FECHA_CREO,USUARIO_MODIFICO,FECHA_MODIFICO) VALUES('BOL0633','BOLSA OXO P/CONTENEDOR 46+24X95 AMARILLA','BOLSA OXO P/BASURAPEBD CAL-200MEDIDAS 46+24X95 AMARILLA',2,55,1,'/media/922967270.png','image/png',1,'amxsab.system@gmail.com',CURRENT_TIMESTAMP,'amxsab.system@gmail.com',CURRENT_TIMESTAMP);
INSERT INTO MATERIAL (NUMERO_PARTE,DESCRIPCION_ES,DESCRIPCION_EN,ID_CATEGORIA_MATERIAL,TIPO_ABASTECIMIENTO,PESO,URL_MULTIMEDIA,MIME_TYPE,STATUS,USUARIO_CREO,FECHA_CREO,USUARIO_MODIFICO,FECHA_MODIFICO) VALUES('BOL0634','BOLSA P/ CONTENEDOR 46X24X125','BOLSA P/ CONTENEDOR 46X24X125',2,55,1,'/media/922967270.png','image/png',1,'amxsab.system@gmail.com',CURRENT_TIMESTAMP,'amxsab.system@gmail.com',CURRENT_TIMESTAMP);
INSERT INTO MATERIAL (NUMERO_PARTE,DESCRIPCION_ES,DESCRIPCION_EN,ID_CATEGORIA_MATERIAL,TIPO_ABASTECIMIENTO,PESO,URL_MULTIMEDIA,MIME_TYPE,STATUS,USUARIO_CREO,FECHA_CREO,USUARIO_MODIFICO,FECHA_MODIFICO) VALUES('BOL0635','BOLSA OXO P/BASURA 46X24X125 AZUL','BOLSA P/ CONTENEDOR 46X24X125 AZUL',2,55,1,'/media/922967270.png','image/png',1,'amxsab.system@gmail.com',CURRENT_TIMESTAMP,'amxsab.system@gmail.com',CURRENT_TIMESTAMP);
INSERT INTO MATERIAL (NUMERO_PARTE,DESCRIPCION_ES,DESCRIPCION_EN,ID_CATEGORIA_MATERIAL,TIPO_ABASTECIMIENTO,PESO,URL_MULTIMEDIA,MIME_TYPE,STATUS,USUARIO_CREO,FECHA_CREO,USUARIO_MODIFICO,FECHA_MODIFICO) VALUES('BOL0636','BOLSA COBERTOR EN ROLLO 32X45','BOLS COBERTOR EN ROLLO 32X45',2,55,1,'/media/922967270.png','image/png',1,'amxsab.system@gmail.com',CURRENT_TIMESTAMP,'amxsab.system@gmail.com',CURRENT_TIMESTAMP);
INSERT INTO MATERIAL (NUMERO_PARTE,DESCRIPCION_ES,DESCRIPCION_EN,ID_CATEGORIA_MATERIAL,TIPO_ABASTECIMIENTO,PESO,URL_MULTIMEDIA,MIME_TYPE,STATUS,USUARIO_CREO,FECHA_CREO,USUARIO_MODIFICO,FECHA_MODIFICO) VALUES('BOL0637','BOLSA COBERTOR MEDIDAS 40X55','BOLSA COBERTOR',2,55,1,'/media/922967270.png','image/png',1,'amxsab.system@gmail.com',CURRENT_TIMESTAMP,'amxsab.system@gmail.com',CURRENT_TIMESTAMP);
INSERT INTO MATERIAL (NUMERO_PARTE,DESCRIPCION_ES,DESCRIPCION_EN,ID_CATEGORIA_MATERIAL,TIPO_ABASTECIMIENTO,PESO,URL_MULTIMEDIA,MIME_TYPE,STATUS,USUARIO_CREO,FECHA_CREO,USUARIO_MODIFICO,FECHA_MODIFICO) VALUES('BOL0638','BOLSA COBERTOR EN ROLLO 32X45','BOLSA COBERTOR EN ROLLO 32X45',2,55,1,'/media/922967270.png','image/png',1,'amxsab.system@gmail.com',CURRENT_TIMESTAMP,'amxsab.system@gmail.com',CURRENT_TIMESTAMP);
INSERT INTO MATERIAL (NUMERO_PARTE,DESCRIPCION_ES,DESCRIPCION_EN,ID_CATEGORIA_MATERIAL,TIPO_ABASTECIMIENTO,PESO,URL_MULTIMEDIA,MIME_TYPE,STATUS,USUARIO_CREO,FECHA_CREO,USUARIO_MODIFICO,FECHA_MODIFICO) VALUES('BOT0201','BOTELLA PARA SAKE','SAKE BOTTLE',3,55,1,'/media/922967270.png','image/png',1,'amxsab.system@gmail.com',CURRENT_TIMESTAMP,'amxsab.system@gmail.com',CURRENT_TIMESTAMP);
INSERT INTO MATERIAL (NUMERO_PARTE,DESCRIPCION_ES,DESCRIPCION_EN,ID_CATEGORIA_MATERIAL,TIPO_ABASTECIMIENTO,PESO,URL_MULTIMEDIA,MIME_TYPE,STATUS,USUARIO_CREO,FECHA_CREO,USUARIO_MODIFICO,FECHA_MODIFICO) VALUES('BOT0403','ALMENDRA SALADA 142 G, CHARNEY','ALMENDRA SALADA 142 G, CHARNEY',2,55,1,'/media/922967270.png','image/png',1,'amxsab.system@gmail.com',CURRENT_TIMESTAMP,'amxsab.system@gmail.com',CURRENT_TIMESTAMP);
INSERT INTO MATERIAL (NUMERO_PARTE,DESCRIPCION_ES,DESCRIPCION_EN,ID_CATEGORIA_MATERIAL,TIPO_ABASTECIMIENTO,PESO,URL_MULTIMEDIA,MIME_TYPE,STATUS,USUARIO_CREO,FECHA_CREO,USUARIO_MODIFICO,FECHA_MODIFICO) VALUES('BOT0406','PAPAS FRITAS SABRITAS','SNACK CHIPS',2,55,1,'/media/922967270.png','image/png',1,'amxsab.system@gmail.com',CURRENT_TIMESTAMP,'amxsab.system@gmail.com',CURRENT_TIMESTAMP);
INSERT INTO MATERIAL (NUMERO_PARTE,DESCRIPCION_ES,DESCRIPCION_EN,ID_CATEGORIA_MATERIAL,TIPO_ABASTECIMIENTO,PESO,URL_MULTIMEDIA,MIME_TYPE,STATUS,USUARIO_CREO,FECHA_CREO,USUARIO_MODIFICO,FECHA_MODIFICO) VALUES('BOT0424','CACAHUATE TURISTA SURTIDO','CACAHUATE TURISTA SURTIDO',2,55,1,'/media/922967270.png','image/png',1,'amxsab.system@gmail.com',CURRENT_TIMESTAMP,'amxsab.system@gmail.com',CURRENT_TIMESTAMP);
INSERT INTO MATERIAL (NUMERO_PARTE,DESCRIPCION_ES,DESCRIPCION_EN,ID_CATEGORIA_MATERIAL,TIPO_ABASTECIMIENTO,PESO,URL_MULTIMEDIA,MIME_TYPE,STATUS,USUARIO_CREO,FECHA_CREO,USUARIO_MODIFICO,FECHA_MODIFICO) VALUES('BOT0426','BOTANA DE ARROZ CONSOYAALGA SAZONAD','SNACK OF RICE 450 GR',2,55,1,'/media/922967270.png','image/png',1,'amxsab.system@gmail.com',CURRENT_TIMESTAMP,'amxsab.system@gmail.com',CURRENT_TIMESTAMP);
INSERT INTO MATERIAL (NUMERO_PARTE,DESCRIPCION_ES,DESCRIPCION_EN,ID_CATEGORIA_MATERIAL,TIPO_ABASTECIMIENTO,PESO,URL_MULTIMEDIA,MIME_TYPE,STATUS,USUARIO_CREO,FECHA_CREO,USUARIO_MODIFICO,FECHA_MODIFICO) VALUES('BOT0428','MEZCLA PREMIER','MEZCLA PREMIER',2,55,1,'/media/922967270.png','image/png',1,'amxsab.system@gmail.com',CURRENT_TIMESTAMP,'amxsab.system@gmail.com',CURRENT_TIMESTAMP);
INSERT INTO MATERIAL (NUMERO_PARTE,DESCRIPCION_ES,DESCRIPCION_EN,ID_CATEGORIA_MATERIAL,TIPO_ABASTECIMIENTO,PESO,URL_MULTIMEDIA,MIME_TYPE,STATUS,USUARIO_CREO,FECHA_CREO,USUARIO_MODIFICO,FECHA_MODIFICO) VALUES('BOT0431','PAPAS PRINGLES DE 40 G','PAPAS PRINGLES DE 40 G',2,55,1,'/media/922967270.png','image/png',1,'amxsab.system@gmail.com',CURRENT_TIMESTAMP,'amxsab.system@gmail.com',CURRENT_TIMESTAMP);
INSERT INTO MATERIAL (NUMERO_PARTE,DESCRIPCION_ES,DESCRIPCION_EN,ID_CATEGORIA_MATERIAL,TIPO_ABASTECIMIENTO,PESO,URL_MULTIMEDIA,MIME_TYPE,STATUS,USUARIO_CREO,FECHA_CREO,USUARIO_MODIFICO,FECHA_MODIFICO) VALUES('BOT0433','ALMENDRA ENCHILADA 142 GCHARNEY','ALMENDRA ENCHILADA 142 GCHARNEY',2,55,1,'/media/922967270.png','image/png',1,'amxsab.system@gmail.com',CURRENT_TIMESTAMP,'amxsab.system@gmail.com',CURRENT_TIMESTAMP);
INSERT INTO MATERIAL (NUMERO_PARTE,DESCRIPCION_ES,DESCRIPCION_EN,ID_CATEGORIA_MATERIAL,TIPO_ABASTECIMIENTO,PESO,URL_MULTIMEDIA,MIME_TYPE,STATUS,USUARIO_CREO,FECHA_CREO,USUARIO_MODIFICO,FECHA_MODIFICO) VALUES('BOT0434','CACAHUATE SALADO MAFER 17GM','CACAHUATE SALADO MAFER 17GM',2,55,1,'/media/922967270.png','image/png',1,'amxsab.system@gmail.com',CURRENT_TIMESTAMP,'amxsab.system@gmail.com',CURRENT_TIMESTAMP);
INSERT INTO MATERIAL (NUMERO_PARTE,DESCRIPCION_ES,DESCRIPCION_EN,ID_CATEGORIA_MATERIAL,TIPO_ABASTECIMIENTO,PESO,URL_MULTIMEDIA,MIME_TYPE,STATUS,USUARIO_CREO,FECHA_CREO,USUARIO_MODIFICO,FECHA_MODIFICO) VALUES('BOT0438','MEZCLA PREMIER NATURASOL','MEZCLA PREMIER NATURASOL',2,55,1,'/media/922967270.png','image/png',1,'amxsab.system@gmail.com',CURRENT_TIMESTAMP,'amxsab.system@gmail.com',CURRENT_TIMESTAMP);
INSERT INTO MATERIAL (NUMERO_PARTE,DESCRIPCION_ES,DESCRIPCION_EN,ID_CATEGORIA_MATERIAL,TIPO_ABASTECIMIENTO,PESO,URL_MULTIMEDIA,MIME_TYPE,STATUS,USUARIO_CREO,FECHA_CREO,USUARIO_MODIFICO,FECHA_MODIFICO) VALUES('BOT0439','GALLETA DE ARROZ HAPI I PARTY MIX 85GR','GALLETA DE ARROZ HAPI I PARTY MIX 85GR',2,55,1,'/media/922967270.png','image/png',1,'amxsab.system@gmail.com',CURRENT_TIMESTAMP,'amxsab.system@gmail.com',CURRENT_TIMESTAMP);
INSERT INTO MATERIAL (NUMERO_PARTE,DESCRIPCION_ES,DESCRIPCION_EN,ID_CATEGORIA_MATERIAL,TIPO_ABASTECIMIENTO,PESO,URL_MULTIMEDIA,MIME_TYPE,STATUS,USUARIO_CREO,FECHA_CREO,USUARIO_MODIFICO,FECHA_MODIFICO) VALUES('BOT0440','CACAHUATE SALADO MAFER 15GM','CACAHUATE SALADO MAFER 15GM',2,55,1,'/media/922967270.png','image/png',1,'amxsab.system@gmail.com',CURRENT_TIMESTAMP,'amxsab.system@gmail.com',CURRENT_TIMESTAMP);
INSERT INTO MATERIAL (NUMERO_PARTE,DESCRIPCION_ES,DESCRIPCION_EN,ID_CATEGORIA_MATERIAL,TIPO_ABASTECIMIENTO,PESO,URL_MULTIMEDIA,MIME_TYPE,STATUS,USUARIO_CREO,FECHA_CREO,USUARIO_MODIFICO,FECHA_MODIFICO) VALUES('BRA0908','BRANDY CARLOS I 700 ML','CARLOS I BRANDY 700 ML',5,55,1,'/media/922967270.png','image/png',1,'amxsab.system@gmail.com',CURRENT_TIMESTAMP,'amxsab.system@gmail.com',CURRENT_TIMESTAMP);
INSERT INTO MATERIAL (NUMERO_PARTE,DESCRIPCION_ES,DESCRIPCION_EN,ID_CATEGORIA_MATERIAL,TIPO_ABASTECIMIENTO,PESO,URL_MULTIMEDIA,MIME_TYPE,STATUS,USUARIO_CREO,FECHA_CREO,USUARIO_MODIFICO,FECHA_MODIFICO) VALUES('BRA0909','BRANDY ST REMY VSOP 1LT','ST REMY VSOOP 1LT',5,56,1,'/media/922967270.png','image/png',1,'amxsab.system@gmail.com',CURRENT_TIMESTAMP,'amxsab.system@gmail.com',CURRENT_TIMESTAMP);
INSERT INTO MATERIAL (NUMERO_PARTE,DESCRIPCION_ES,DESCRIPCION_EN,ID_CATEGORIA_MATERIAL,TIPO_ABASTECIMIENTO,PESO,URL_MULTIMEDIA,MIME_TYPE,STATUS,USUARIO_CREO,FECHA_CREO,USUARIO_MODIFICO,FECHA_MODIFICO) VALUES('CAC0304','CACEROLA ALUMINIO','ALUMINIUM POT',2,55,1,'/media/922967270.png','image/png',1,'amxsab.system@gmail.com',CURRENT_TIMESTAMP,'amxsab.system@gmail.com',CURRENT_TIMESTAMP);
INSERT INTO MATERIAL (NUMERO_PARTE,DESCRIPCION_ES,DESCRIPCION_EN,ID_CATEGORIA_MATERIAL,TIPO_ABASTECIMIENTO,PESO,URL_MULTIMEDIA,MIME_TYPE,STATUS,USUARIO_CREO,FECHA_CREO,USUARIO_MODIFICO,FECHA_MODIFICO) VALUES('CAF0401','CAFE DE GRANO','CAFE DE GRANO',2,55,1,'/media/922967270.png','image/png',1,'amxsab.system@gmail.com',CURRENT_TIMESTAMP,'amxsab.system@gmail.com',CURRENT_TIMESTAMP);
INSERT INTO MATERIAL (NUMERO_PARTE,DESCRIPCION_ES,DESCRIPCION_EN,ID_CATEGORIA_MATERIAL,TIPO_ABASTECIMIENTO,PESO,URL_MULTIMEDIA,MIME_TYPE,STATUS,USUARIO_CREO,FECHA_CREO,USUARIO_MODIFICO,FECHA_MODIFICO) VALUES('CAF0405','LATAS PODS DE CAFE EXPRESSO M3CON 30 PASTILLAS 7GR-P/B777,T1','EXPRESSO PODS 7GR',2,55,1,'/media/922967270.png','image/png',1,'amxsab.system@gmail.com',CURRENT_TIMESTAMP,'amxsab.system@gmail.com',CURRENT_TIMESTAMP);
INSERT INTO MATERIAL (NUMERO_PARTE,DESCRIPCION_ES,DESCRIPCION_EN,ID_CATEGORIA_MATERIAL,TIPO_ABASTECIMIENTO,PESO,URL_MULTIMEDIA,MIME_TYPE,STATUS,USUARIO_CREO,FECHA_CREO,USUARIO_MODIFICO,FECHA_MODIFICO) VALUES('CAF0406','CAFE LAVADO TOSTADO Y MOLIDO','CAFE LAVADO TOSTADO Y MOLIDO',2,55,1,'/media/922967270.png','image/png',1,'amxsab.system@gmail.com',CURRENT_TIMESTAMP,'amxsab.system@gmail.com',CURRENT_TIMESTAMP);
INSERT INTO MATERIAL (NUMERO_PARTE,DESCRIPCION_ES,DESCRIPCION_EN,ID_CATEGORIA_MATERIAL,TIPO_ABASTECIMIENTO,PESO,URL_MULTIMEDIA,MIME_TYPE,STATUS,USUARIO_CREO,FECHA_CREO,USUARIO_MODIFICO,FECHA_MODIFICO) VALUES('CAF0407','CAFE AMERICANO GRANO DESCAFEINADO','CAFE AMERICANO GRANO DESCAFEINADO',2,55,1,'/media/922967270.png','image/png',1,'amxsab.system@gmail.com',CURRENT_TIMESTAMP,'amxsab.system@gmail.com',CURRENT_TIMESTAMP);
INSERT INTO MATERIAL (NUMERO_PARTE,DESCRIPCION_ES,DESCRIPCION_EN,ID_CATEGORIA_MATERIAL,TIPO_ABASTECIMIENTO,PESO,URL_MULTIMEDIA,MIME_TYPE,STATUS,USUARIO_CREO,FECHA_CREO,USUARIO_MODIFICO,FECHA_MODIFICO) VALUES('CAF0409','CAFE AMERICANO REGULAR MOLIDO','CAFE AMERICANO REGULAR MOLIDO',2,55,1,'/media/922967270.png','image/png',1,'amxsab.system@gmail.com',CURRENT_TIMESTAMP,'amxsab.system@gmail.com',CURRENT_TIMESTAMP);
INSERT INTO MATERIAL (NUMERO_PARTE,DESCRIPCION_ES,DESCRIPCION_EN,ID_CATEGORIA_MATERIAL,TIPO_ABASTECIMIENTO,PESO,URL_MULTIMEDIA,MIME_TYPE,STATUS,USUARIO_CREO,FECHA_CREO,USUARIO_MODIFICO,FECHA_MODIFICO) VALUES('CAF0410','CAFE SOLUBLE DESCAFEINADO 2 GR','CAFE SOLUBLE DESCAFEINADO 2 GR',2,55,1,'/media/922967270.png','image/png',1,'amxsab.system@gmail.com',CURRENT_TIMESTAMP,'amxsab.system@gmail.com',CURRENT_TIMESTAMP);
INSERT INTO MATERIAL (NUMERO_PARTE,DESCRIPCION_ES,DESCRIPCION_EN,ID_CATEGORIA_MATERIAL,TIPO_ABASTECIMIENTO,PESO,URL_MULTIMEDIA,MIME_TYPE,STATUS,USUARIO_CREO,FECHA_CREO,USUARIO_MODIFICO,FECHA_MODIFICO) VALUES('CAF0411','CAFELAVADO TOSTADO DE GRANO','COFFEE WASHED TOASTED OF GRAIN',2,55,1,'/media/922967270.png','image/png',1,'amxsab.system@gmail.com',CURRENT_TIMESTAMP,'amxsab.system@gmail.com',CURRENT_TIMESTAMP);
INSERT INTO MATERIAL (NUMERO_PARTE,DESCRIPCION_ES,DESCRIPCION_EN,ID_CATEGORIA_MATERIAL,TIPO_ABASTECIMIENTO,PESO,URL_MULTIMEDIA,MIME_TYPE,STATUS,USUARIO_CREO,FECHA_CREO,USUARIO_MODIFICO,FECHA_MODIFICO) VALUES('CAF0412','CAFE SOLUBLE SOBRE 25 GR','DECAFFEINATED COFFE SACHET',2,55,1,'/media/922967270.png','image/png',1,'amxsab.system@gmail.com',CURRENT_TIMESTAMP,'amxsab.system@gmail.com',CURRENT_TIMESTAMP);
INSERT INTO MATERIAL (NUMERO_PARTE,DESCRIPCION_ES,DESCRIPCION_EN,ID_CATEGORIA_MATERIAL,TIPO_ABASTECIMIENTO,PESO,URL_MULTIMEDIA,MIME_TYPE,STATUS,USUARIO_CREO,FECHA_CREO,USUARIO_MODIFICO,FECHA_MODIFICO) VALUES('CAF0413','CAFE ORGANICO 70 GR.','CAFE ORGANICO 70 GR.',2,55,1,'/media/922967270.png','image/png',1,'amxsab.system@gmail.com',CURRENT_TIMESTAMP,'amxsab.system@gmail.com',CURRENT_TIMESTAMP);
INSERT INTO MATERIAL (NUMERO_PARTE,DESCRIPCION_ES,DESCRIPCION_EN,ID_CATEGORIA_MATERIAL,TIPO_ABASTECIMIENTO,PESO,URL_MULTIMEDIA,MIME_TYPE,STATUS,USUARIO_CREO,FECHA_CREO,USUARIO_MODIFICO,FECHA_MODIFICO) VALUES('CAF0414','CAFE SOLUBLE SOBRE 13.3 GR','CAFE SOLUBLE SOBRE 13.3 GR',2,55,1,'/media/922967270.png','image/png',1,'amxsab.system@gmail.com',CURRENT_TIMESTAMP,'amxsab.system@gmail.com',CURRENT_TIMESTAMP);
INSERT INTO MATERIAL (NUMERO_PARTE,DESCRIPCION_ES,DESCRIPCION_EN,ID_CATEGORIA_MATERIAL,TIPO_ABASTECIMIENTO,PESO,URL_MULTIMEDIA,MIME_TYPE,STATUS,USUARIO_CREO,FECHA_CREO,USUARIO_MODIFICO,FECHA_MODIFICO) VALUES('CAJ0501','LONCHERA DE CARTONGRANDE','BOX LUNCH',2,55,1,'/media/922967270.png','image/png',1,'amxsab.system@gmail.com',CURRENT_TIMESTAMP,'amxsab.system@gmail.com',CURRENT_TIMESTAMP);
INSERT INTO MATERIAL (NUMERO_PARTE,DESCRIPCION_ES,DESCRIPCION_EN,ID_CATEGORIA_MATERIAL,TIPO_ABASTECIMIENTO,PESO,URL_MULTIMEDIA,MIME_TYPE,STATUS,USUARIO_CREO,FECHA_CREO,USUARIO_MODIFICO,FECHA_MODIFICO) VALUES('CAJ0503','CAJA DESARMADA PARA AZUCAR Y CREMA','UNARMED BOX FOR SUGAR AND CREAM',2,55,1,'/media/922967270.png','image/png',1,'amxsab.system@gmail.com',CURRENT_TIMESTAMP,'amxsab.system@gmail.com',CURRENT_TIMESTAMP);
INSERT INTO MATERIAL (NUMERO_PARTE,DESCRIPCION_ES,DESCRIPCION_EN,ID_CATEGORIA_MATERIAL,TIPO_ABASTECIMIENTO,PESO,URL_MULTIMEDIA,MIME_TYPE,STATUS,USUARIO_CREO,FECHA_CREO,USUARIO_MODIFICO,FECHA_MODIFICO) VALUES('CAJ0504','LONCHERA DE CARTON CHICA','BOX LUNCH AEROLITORAL',2,55,1,'/media/922967270.png','image/png',1,'amxsab.system@gmail.com',CURRENT_TIMESTAMP,'amxsab.system@gmail.com',CURRENT_TIMESTAMP);
INSERT INTO MATERIAL (NUMERO_PARTE,DESCRIPCION_ES,DESCRIPCION_EN,ID_CATEGORIA_MATERIAL,TIPO_ABASTECIMIENTO,PESO,URL_MULTIMEDIA,MIME_TYPE,STATUS,USUARIO_CREO,FECHA_CREO,USUARIO_MODIFICO,FECHA_MODIFICO) VALUES('CAJ1302','CAJA P/MISCELANEOS P/3 GAVETAS','MISCELANIOUS BOX 3 DRAWERS',6,55,1,'/media/922967270.png','image/png',1,'amxsab.system@gmail.com',CURRENT_TIMESTAMP,'amxsab.system@gmail.com',CURRENT_TIMESTAMP);
INSERT INTO MATERIAL (NUMERO_PARTE,DESCRIPCION_ES,DESCRIPCION_EN,ID_CATEGORIA_MATERIAL,TIPO_ABASTECIMIENTO,PESO,URL_MULTIMEDIA,MIME_TYPE,STATUS,USUARIO_CREO,FECHA_CREO,USUARIO_MODIFICO,FECHA_MODIFICO) VALUES('CAJ1305','CAJA P/MISCELANEOS P/2 GAVETAS','MISCELANIOUS BOX 2 DRAWERS',6,55,1,'/media/922967270.png','image/png',1,'amxsab.system@gmail.com',CURRENT_TIMESTAMP,'amxsab.system@gmail.com',CURRENT_TIMESTAMP);
INSERT INTO MATERIAL (NUMERO_PARTE,DESCRIPCION_ES,DESCRIPCION_EN,ID_CATEGORIA_MATERIAL,TIPO_ABASTECIMIENTO,PESO,URL_MULTIMEDIA,MIME_TYPE,STATUS,USUARIO_CREO,FECHA_CREO,USUARIO_MODIFICO,FECHA_MODIFICO) VALUES('CAJ1306','CAJA TERMICA C/2 GAVETAS','THERMAL BOX 2 DRAWERS',6,55,1,'/media/922967270.png','image/png',1,'amxsab.system@gmail.com',CURRENT_TIMESTAMP,'amxsab.system@gmail.com',CURRENT_TIMESTAMP);
INSERT INTO MATERIAL (NUMERO_PARTE,DESCRIPCION_ES,DESCRIPCION_EN,ID_CATEGORIA_MATERIAL,TIPO_ABASTECIMIENTO,PESO,URL_MULTIMEDIA,MIME_TYPE,STATUS,USUARIO_CREO,FECHA_CREO,USUARIO_MODIFICO,FECHA_MODIFICO) VALUES('CAJ1307','CAJA P/ MISCELANEOS P/2 GAVETAS B787','CAJA P/ MISCELANEOS P/2 GAVETAS B787',6,55,1,'/media/922967270.png','image/png',1,'amxsab.system@gmail.com',CURRENT_TIMESTAMP,'amxsab.system@gmail.com',CURRENT_TIMESTAMP);
INSERT INTO MATERIAL (NUMERO_PARTE,DESCRIPCION_ES,DESCRIPCION_EN,ID_CATEGORIA_MATERIAL,TIPO_ABASTECIMIENTO,PESO,URL_MULTIMEDIA,MIME_TYPE,STATUS,USUARIO_CREO,FECHA_CREO,USUARIO_MODIFICO,FECHA_MODIFICO) VALUES('CAJ1310','CONTENEDOR DISPENSADOR ATLAS STD P/ CAFE','CONTENEDOR DISPENSADOR ATLAS STD P/ CAFE',6,55,1,'/media/922967270.png','image/png',1,'amxsab.system@gmail.com',CURRENT_TIMESTAMP,'amxsab.system@gmail.com',CURRENT_TIMESTAMP);
INSERT INTO MATERIAL (NUMERO_PARTE,DESCRIPCION_ES,DESCRIPCION_EN,ID_CATEGORIA_MATERIAL,TIPO_ABASTECIMIENTO,PESO,URL_MULTIMEDIA,MIME_TYPE,STATUS,USUARIO_CREO,FECHA_CREO,USUARIO_MODIFICO,FECHA_MODIFICO) VALUES('CAN1002','CANASTA RECTANGULAR PARA SERVICIO','LARGE RECTANGULAR BASKET',2,55,1,'/media/922967270.png','image/png',1,'amxsab.system@gmail.com',CURRENT_TIMESTAMP,'amxsab.system@gmail.com',CURRENT_TIMESTAMP);
INSERT INTO MATERIAL (NUMERO_PARTE,DESCRIPCION_ES,DESCRIPCION_EN,ID_CATEGORIA_MATERIAL,TIPO_ABASTECIMIENTO,PESO,URL_MULTIMEDIA,MIME_TYPE,STATUS,USUARIO_CREO,FECHA_CREO,USUARIO_MODIFICO,FECHA_MODIFICO) VALUES('CAN1003','CANASTA DE PAN','CANASTA DE PAN',2,55,1,'/media/922967270.png','image/png',1,'amxsab.system@gmail.com',CURRENT_TIMESTAMP,'amxsab.system@gmail.com',CURRENT_TIMESTAMP);
INSERT INTO MATERIAL (NUMERO_PARTE,DESCRIPCION_ES,DESCRIPCION_EN,ID_CATEGORIA_MATERIAL,TIPO_ABASTECIMIENTO,PESO,URL_MULTIMEDIA,MIME_TYPE,STATUS,USUARIO_CREO,FECHA_CREO,USUARIO_MODIFICO,FECHA_MODIFICO) VALUES('CAR0502','PORTA REVISTA2','MAGAZINE HOLDER',2,55,1,'/media/922967270.png','image/png',1,'amxsab.system@gmail.com',CURRENT_TIMESTAMP,'amxsab.system@gmail.com',CURRENT_TIMESTAMP);
INSERT INTO MATERIAL (NUMERO_PARTE,DESCRIPCION_ES,DESCRIPCION_EN,ID_CATEGORIA_MATERIAL,TIPO_ABASTECIMIENTO,PESO,URL_MULTIMEDIA,MIME_TYPE,STATUS,USUARIO_CREO,FECHA_CREO,USUARIO_MODIFICO,FECHA_MODIFICO) VALUES('CAR1003','CARGADOR PARA IPAD','CARGADOR PARA IPAD',2,55,1,'/media/922967270.png','image/png',1,'amxsab.system@gmail.com',CURRENT_TIMESTAMP,'amxsab.system@gmail.com',CURRENT_TIMESTAMP);
INSERT INTO MATERIAL (NUMERO_PARTE,DESCRIPCION_ES,DESCRIPCION_EN,ID_CATEGORIA_MATERIAL,TIPO_ABASTECIMIENTO,PESO,URL_MULTIMEDIA,MIME_TYPE,STATUS,USUARIO_CREO,FECHA_CREO,USUARIO_MODIFICO,FECHA_MODIFICO) VALUES('CAR1301','CARRO DE SERVICIO 1/1','MEAL TROLLEY 1/1',6,55,1,'/media/922967270.png','image/png',1,'amxsab.system@gmail.com',CURRENT_TIMESTAMP,'amxsab.system@gmail.com',CURRENT_TIMESTAMP);
INSERT INTO MATERIAL (NUMERO_PARTE,DESCRIPCION_ES,DESCRIPCION_EN,ID_CATEGORIA_MATERIAL,TIPO_ABASTECIMIENTO,PESO,URL_MULTIMEDIA,MIME_TYPE,STATUS,USUARIO_CREO,FECHA_CREO,USUARIO_MODIFICO,FECHA_MODIFICO) VALUES('CAR1302','CARRO P/BAR 1/1','BAR TROLLEY 1/1',6,55,1,'/media/922967270.png','image/png',1,'amxsab.system@gmail.com',CURRENT_TIMESTAMP,'amxsab.system@gmail.com',CURRENT_TIMESTAMP);
INSERT INTO MATERIAL (NUMERO_PARTE,DESCRIPCION_ES,DESCRIPCION_EN,ID_CATEGORIA_MATERIAL,TIPO_ABASTECIMIENTO,PESO,URL_MULTIMEDIA,MIME_TYPE,STATUS,USUARIO_CREO,FECHA_CREO,USUARIO_MODIFICO,FECHA_MODIFICO) VALUES('CAR1303','CARRO P/BAR 1/2','BAR TROLLEY 1/2',6,55,1,'/media/922967270.png','image/png',1,'amxsab.system@gmail.com',CURRENT_TIMESTAMP,'amxsab.system@gmail.com',CURRENT_TIMESTAMP);
INSERT INTO MATERIAL (NUMERO_PARTE,DESCRIPCION_ES,DESCRIPCION_EN,ID_CATEGORIA_MATERIAL,TIPO_ABASTECIMIENTO,PESO,URL_MULTIMEDIA,MIME_TYPE,STATUS,USUARIO_CREO,FECHA_CREO,USUARIO_MODIFICO,FECHA_MODIFICO) VALUES('CAR1304','CARRO DE SERVICIO 1/2','MEAL SERVICE TROLLEY 1/2',6,55,1,'/media/922967270.png','image/png',1,'amxsab.system@gmail.com',CURRENT_TIMESTAMP,'amxsab.system@gmail.com',CURRENT_TIMESTAMP);
INSERT INTO MATERIAL (NUMERO_PARTE,DESCRIPCION_ES,DESCRIPCION_EN,ID_CATEGORIA_MATERIAL,TIPO_ABASTECIMIENTO,PESO,URL_MULTIMEDIA,MIME_TYPE,STATUS,USUARIO_CREO,FECHA_CREO,USUARIO_MODIFICO,FECHA_MODIFICO) VALUES('CAR1305','CARRO DE SERVICIO DVD 1/2','DVD SERVICE TROLLEY 1/2',6,55,1,'/media/922967270.png','image/png',1,'amxsab.system@gmail.com',CURRENT_TIMESTAMP,'amxsab.system@gmail.com',CURRENT_TIMESTAMP);
INSERT INTO MATERIAL (NUMERO_PARTE,DESCRIPCION_ES,DESCRIPCION_EN,ID_CATEGORIA_MATERIAL,TIPO_ABASTECIMIENTO,PESO,URL_MULTIMEDIA,MIME_TYPE,STATUS,USUARIO_CREO,FECHA_CREO,USUARIO_MODIFICO,FECHA_MODIFICO) VALUES('CAR1306','CARRO PARA LIQUIDOS 1/1','LIQUIDS TROLLEY 1/1',6,55,1,'/media/922967270.png','image/png',1,'amxsab.system@gmail.com',CURRENT_TIMESTAMP,'amxsab.system@gmail.com',CURRENT_TIMESTAMP);
INSERT INTO MATERIAL (NUMERO_PARTE,DESCRIPCION_ES,DESCRIPCION_EN,ID_CATEGORIA_MATERIAL,TIPO_ABASTECIMIENTO,PESO,URL_MULTIMEDIA,MIME_TYPE,STATUS,USUARIO_CREO,FECHA_CREO,USUARIO_MODIFICO,FECHA_MODIFICO) VALUES('CAR1307','CARRO DE SERVICIO 1/1 B787','CARRO DE SERVICIO 1/1',6,55,1,'/media/922967270.png','image/png',1,'amxsab.system@gmail.com',CURRENT_TIMESTAMP,'amxsab.system@gmail.com',CURRENT_TIMESTAMP);
INSERT INTO MATERIAL (NUMERO_PARTE,DESCRIPCION_ES,DESCRIPCION_EN,ID_CATEGORIA_MATERIAL,TIPO_ABASTECIMIENTO,PESO,URL_MULTIMEDIA,MIME_TYPE,STATUS,USUARIO_CREO,FECHA_CREO,USUARIO_MODIFICO,FECHA_MODIFICO) VALUES('CAR1310','CARRO P/HIELO CON GAVETASTA074001','ICE TROLLEY WITH DRAWERS TA074001',6,55,1,'/media/922967270.png','image/png',1,'amxsab.system@gmail.com',CURRENT_TIMESTAMP,'amxsab.system@gmail.com',CURRENT_TIMESTAMP);
INSERT INTO MATERIAL (NUMERO_PARTE,DESCRIPCION_ES,DESCRIPCION_EN,ID_CATEGORIA_MATERIAL,TIPO_ABASTECIMIENTO,PESO,URL_MULTIMEDIA,MIME_TYPE,STATUS,USUARIO_CREO,FECHA_CREO,USUARIO_MODIFICO,FECHA_MODIFICO) VALUES('CAR1311','CARROS 1/2PARA PEDSTK500001','PEDS TROLLEY 1/2',6,55,1,'/media/922967270.png','image/png',1,'amxsab.system@gmail.com',CURRENT_TIMESTAMP,'amxsab.system@gmail.com',CURRENT_TIMESTAMP);
INSERT INTO MATERIAL (NUMERO_PARTE,DESCRIPCION_ES,DESCRIPCION_EN,ID_CATEGORIA_MATERIAL,TIPO_ABASTECIMIENTO,PESO,URL_MULTIMEDIA,MIME_TYPE,STATUS,USUARIO_CREO,FECHA_CREO,USUARIO_MODIFICO,FECHA_MODIFICO) VALUES('CAR1312','CARRO DE SERVICIO 1/2 B787','CARRO DE SERVICIO 1/2 B737',6,55,1,'/media/922967270.png','image/png',1,'amxsab.system@gmail.com',CURRENT_TIMESTAMP,'amxsab.system@gmail.com',CURRENT_TIMESTAMP);
INSERT INTO MATERIAL (NUMERO_PARTE,DESCRIPCION_ES,DESCRIPCION_EN,ID_CATEGORIA_MATERIAL,TIPO_ABASTECIMIENTO,PESO,URL_MULTIMEDIA,MIME_TYPE,STATUS,USUARIO_CREO,FECHA_CREO,USUARIO_MODIFICO,FECHA_MODIFICO) VALUES('CAR1313','CARRO DE SERVICIO 1/2 MATERIAL COMPUESTO','CARRO DE SERVICIO 1/2 MATERIAL COMPUESTO',6,55,1,'/media/922967270.png','image/png',1,'amxsab.system@gmail.com',CURRENT_TIMESTAMP,'amxsab.system@gmail.com',CURRENT_TIMESTAMP);
INSERT INTO MATERIAL (NUMERO_PARTE,DESCRIPCION_ES,DESCRIPCION_EN,ID_CATEGORIA_MATERIAL,TIPO_ABASTECIMIENTO,PESO,URL_MULTIMEDIA,MIME_TYPE,STATUS,USUARIO_CREO,FECHA_CREO,USUARIO_MODIFICO,FECHA_MODIFICO) VALUES('CAR1314','CARRO DE SERVICIO 1/1 MATERIAL COMPUESTO','CARRO DE SERVICIO 1/1 MATERIAL COMPUESTO',6,55,1,'/media/922967270.png','image/png',1,'amxsab.system@gmail.com',CURRENT_TIMESTAMP,'amxsab.system@gmail.com',CURRENT_TIMESTAMP);
INSERT INTO MATERIAL (NUMERO_PARTE,DESCRIPCION_ES,DESCRIPCION_EN,ID_CATEGORIA_MATERIAL,TIPO_ABASTECIMIENTO,PESO,URL_MULTIMEDIA,MIME_TYPE,STATUS,USUARIO_CREO,FECHA_CREO,USUARIO_MODIFICO,FECHA_MODIFICO) VALUES('CAR1315','CARRO DE SERVICIO LIGERO 1/1','CARRO DE SERVICIO LIGERO 1/1',6,55,1,'/media/922967270.png','image/png',1,'amxsab.system@gmail.com',CURRENT_TIMESTAMP,'amxsab.system@gmail.com',CURRENT_TIMESTAMP);
INSERT INTO MATERIAL (NUMERO_PARTE,DESCRIPCION_ES,DESCRIPCION_EN,ID_CATEGORIA_MATERIAL,TIPO_ABASTECIMIENTO,PESO,URL_MULTIMEDIA,MIME_TYPE,STATUS,USUARIO_CREO,FECHA_CREO,USUARIO_MODIFICO,FECHA_MODIFICO) VALUES('CAR1316','CARRO DE SERVICIO LIGERO 1/2','CARRO DE SERVICIO LIGERO 1/2',6,55,1,'/media/922967270.png','image/png',1,'amxsab.system@gmail.com',CURRENT_TIMESTAMP,'amxsab.system@gmail.com',CURRENT_TIMESTAMP);
INSERT INTO MATERIAL (NUMERO_PARTE,DESCRIPCION_ES,DESCRIPCION_EN,ID_CATEGORIA_MATERIAL,TIPO_ABASTECIMIENTO,PESO,URL_MULTIMEDIA,MIME_TYPE,STATUS,USUARIO_CREO,FECHA_CREO,USUARIO_MODIFICO,FECHA_MODIFICO) VALUES('CBP0501','CUBREPOCETA','COVERING TOILET PAPER',2,55,1,'/media/922967270.png','image/png',1,'amxsab.system@gmail.com',CURRENT_TIMESTAMP,'amxsab.system@gmail.com',CURRENT_TIMESTAMP);
INSERT INTO MATERIAL (NUMERO_PARTE,DESCRIPCION_ES,DESCRIPCION_EN,ID_CATEGORIA_MATERIAL,TIPO_ABASTECIMIENTO,PESO,URL_MULTIMEDIA,MIME_TYPE,STATUS,USUARIO_CREO,FECHA_CREO,USUARIO_MODIFICO,FECHA_MODIFICO) VALUES('CBP0504','CUBRE POSETA 787 RA-200-Q-I','CUBRE POSETA 787 RA-200-Q-I',2,55,1,'/media/922967270.png','image/png',1,'amxsab.system@gmail.com',CURRENT_TIMESTAMP,'amxsab.system@gmail.com',CURRENT_TIMESTAMP);
INSERT INTO MATERIAL (NUMERO_PARTE,DESCRIPCION_ES,DESCRIPCION_EN,ID_CATEGORIA_MATERIAL,TIPO_ABASTECIMIENTO,PESO,URL_MULTIMEDIA,MIME_TYPE,STATUS,USUARIO_CREO,FECHA_CREO,USUARIO_MODIFICO,FECHA_MODIFICO) VALUES('CER0901','CERVEZA MODELO ESPECIAL LATA','CERVEZA MODELO ESPECIAL LATA',5,55,1,'/media/922967270.png','image/png',1,'amxsab.system@gmail.com',CURRENT_TIMESTAMP,'amxsab.system@gmail.com',CURRENT_TIMESTAMP);
INSERT INTO MATERIAL (NUMERO_PARTE,DESCRIPCION_ES,DESCRIPCION_EN,ID_CATEGORIA_MATERIAL,TIPO_ABASTECIMIENTO,PESO,URL_MULTIMEDIA,MIME_TYPE,STATUS,USUARIO_CREO,FECHA_CREO,USUARIO_MODIFICO,FECHA_MODIFICO) VALUES('CER0902','CERVEZA MODELO ESPECIAL LIGHT','CERVEZA MODELO ESPECIAL LIGHT',5,55,1,'/media/922967270.png','image/png',1,'amxsab.system@gmail.com',CURRENT_TIMESTAMP,'amxsab.system@gmail.com',CURRENT_TIMESTAMP);
INSERT INTO MATERIAL (NUMERO_PARTE,DESCRIPCION_ES,DESCRIPCION_EN,ID_CATEGORIA_MATERIAL,TIPO_ABASTECIMIENTO,PESO,URL_MULTIMEDIA,MIME_TYPE,STATUS,USUARIO_CREO,FECHA_CREO,USUARIO_MODIFICO,FECHA_MODIFICO) VALUES('CER0903','CERVEZA TECATE ROJA','BEER CAN TECATE',5,55,1,'/media/922967270.png','image/png',1,'amxsab.system@gmail.com',CURRENT_TIMESTAMP,'amxsab.system@gmail.com',CURRENT_TIMESTAMP);
INSERT INTO MATERIAL (NUMERO_PARTE,DESCRIPCION_ES,DESCRIPCION_EN,ID_CATEGORIA_MATERIAL,TIPO_ABASTECIMIENTO,PESO,URL_MULTIMEDIA,MIME_TYPE,STATUS,USUARIO_CREO,FECHA_CREO,USUARIO_MODIFICO,FECHA_MODIFICO) VALUES('CER0904','CERVEZA TECATE LIGHT 355ML','BEER CAN TECATE LIGHT',5,55,1,'/media/922967270.png','image/png',1,'amxsab.system@gmail.com',CURRENT_TIMESTAMP,'amxsab.system@gmail.com',CURRENT_TIMESTAMP);
INSERT INTO MATERIAL (NUMERO_PARTE,DESCRIPCION_ES,DESCRIPCION_EN,ID_CATEGORIA_MATERIAL,TIPO_ABASTECIMIENTO,PESO,URL_MULTIMEDIA,MIME_TYPE,STATUS,USUARIO_CREO,FECHA_CREO,USUARIO_MODIFICO,FECHA_MODIFICO) VALUES('CER0906','CERVEZA SAPPOROSILVER LATA 650 ML','SAPPORO BEER 650ML',5,55,1,'/media/922967270.png','image/png',1,'amxsab.system@gmail.com',CURRENT_TIMESTAMP,'amxsab.system@gmail.com',CURRENT_TIMESTAMP);
INSERT INTO MATERIAL (NUMERO_PARTE,DESCRIPCION_ES,DESCRIPCION_EN,ID_CATEGORIA_MATERIAL,TIPO_ABASTECIMIENTO,PESO,URL_MULTIMEDIA,MIME_TYPE,STATUS,USUARIO_CREO,FECHA_CREO,USUARIO_MODIFICO,FECHA_MODIFICO) VALUES('CER0907','CERVEZA CORONA LATA','BEER CAN CORONA',5,55,1,'/media/922967270.png','image/png',1,'amxsab.system@gmail.com',CURRENT_TIMESTAMP,'amxsab.system@gmail.com',CURRENT_TIMESTAMP);
INSERT INTO MATERIAL (NUMERO_PARTE,DESCRIPCION_ES,DESCRIPCION_EN,ID_CATEGORIA_MATERIAL,TIPO_ABASTECIMIENTO,PESO,URL_MULTIMEDIA,MIME_TYPE,STATUS,USUARIO_CREO,FECHA_CREO,USUARIO_MODIFICO,FECHA_MODIFICO) VALUES('CER0908','CERVEZA CORONA LIGHT','LIGHT BEER CORONA',5,55,1,'/media/922967270.png','image/png',1,'amxsab.system@gmail.com',CURRENT_TIMESTAMP,'amxsab.system@gmail.com',CURRENT_TIMESTAMP);
INSERT INTO MATERIAL (NUMERO_PARTE,DESCRIPCION_ES,DESCRIPCION_EN,ID_CATEGORIA_MATERIAL,TIPO_ABASTECIMIENTO,PESO,URL_MULTIMEDIA,MIME_TYPE,STATUS,USUARIO_CREO,FECHA_CREO,USUARIO_MODIFICO,FECHA_MODIFICO) VALUES('CER0909','CERVEZA PACIFICO LIGHT','LIGHT BEER PACIFICO',5,55,1,'/media/922967270.png','image/png',1,'amxsab.system@gmail.com',CURRENT_TIMESTAMP,'amxsab.system@gmail.com',CURRENT_TIMESTAMP);
INSERT INTO MATERIAL (NUMERO_PARTE,DESCRIPCION_ES,DESCRIPCION_EN,ID_CATEGORIA_MATERIAL,TIPO_ABASTECIMIENTO,PESO,URL_MULTIMEDIA,MIME_TYPE,STATUS,USUARIO_CREO,FECHA_CREO,USUARIO_MODIFICO,FECHA_MODIFICO) VALUES('CER0910','HEINEKEN MEDIA NO RETORNABLE','HEINEKEN BEER',5,55,1,'/media/922967270.png','image/png',1,'amxsab.system@gmail.com',CURRENT_TIMESTAMP,'amxsab.system@gmail.com',CURRENT_TIMESTAMP);
INSERT INTO MATERIAL (NUMERO_PARTE,DESCRIPCION_ES,DESCRIPCION_EN,ID_CATEGORIA_MATERIAL,TIPO_ABASTECIMIENTO,PESO,URL_MULTIMEDIA,MIME_TYPE,STATUS,USUARIO_CREO,FECHA_CREO,USUARIO_MODIFICO,FECHA_MODIFICO) VALUES('CER0911','CERVEZA CARLSBERG BOTELLA DE 330 ML','CERVEZA CARLSBERG BOTELLA DE 330 ML',5,55,1,'/media/922967270.png','image/png',1,'amxsab.system@gmail.com',CURRENT_TIMESTAMP,'amxsab.system@gmail.com',CURRENT_TIMESTAMP);
INSERT INTO MATERIAL (NUMERO_PARTE,DESCRIPCION_ES,DESCRIPCION_EN,ID_CATEGORIA_MATERIAL,TIPO_ABASTECIMIENTO,PESO,URL_MULTIMEDIA,MIME_TYPE,STATUS,USUARIO_CREO,FECHA_CREO,USUARIO_MODIFICO,FECHA_MODIFICO) VALUES('CER0912','BOHEMIA CLASICA 4X6B 355 ML','BOHEMIA CLASICA 4X6B 355 ML',5,55,1,'/media/922967270.png','image/png',1,'amxsab.system@gmail.com',CURRENT_TIMESTAMP,'amxsab.system@gmail.com',CURRENT_TIMESTAMP);
INSERT INTO MATERIAL (NUMERO_PARTE,DESCRIPCION_ES,DESCRIPCION_EN,ID_CATEGORIA_MATERIAL,TIPO_ABASTECIMIENTO,PESO,URL_MULTIMEDIA,MIME_TYPE,STATUS,USUARIO_CREO,FECHA_CREO,USUARIO_MODIFICO,FECHA_MODIFICO) VALUES('CER0913','HEINEKEN LATA 355 ML','BEER CAN HEINEKEN 355 ML',5,55,1,'/media/922967270.png','image/png',1,'amxsab.system@gmail.com',CURRENT_TIMESTAMP,'amxsab.system@gmail.com',CURRENT_TIMESTAMP);
INSERT INTO MATERIAL (NUMERO_PARTE,DESCRIPCION_ES,DESCRIPCION_EN,ID_CATEGORIA_MATERIAL,TIPO_ABASTECIMIENTO,PESO,URL_MULTIMEDIA,MIME_TYPE,STATUS,USUARIO_CREO,FECHA_CREO,USUARIO_MODIFICO,FECHA_MODIFICO) VALUES('CER0914','CERVEZA NEGRA MODELO BOTELLA 355 ML','CERVEZA NEGRA MODELO BOTELLADE 355 ML',5,55,1,'/media/922967270.png','image/png',1,'amxsab.system@gmail.com',CURRENT_TIMESTAMP,'amxsab.system@gmail.com',CURRENT_TIMESTAMP);
INSERT INTO MATERIAL (NUMERO_PARTE,DESCRIPCION_ES,DESCRIPCION_EN,ID_CATEGORIA_MATERIAL,TIPO_ABASTECIMIENTO,PESO,URL_MULTIMEDIA,MIME_TYPE,STATUS,USUARIO_CREO,FECHA_CREO,USUARIO_MODIFICO,FECHA_MODIFICO) VALUES('CER0915','CERVEZA MODELO ESPECIAL BOTELLA 355 ML','CERVEZA MODELO ESPECIAL BOTELLBOTELLA DE 355 ML',5,55,1,'/media/922967270.png','image/png',1,'amxsab.system@gmail.com',CURRENT_TIMESTAMP,'amxsab.system@gmail.com',CURRENT_TIMESTAMP);
INSERT INTO MATERIAL (NUMERO_PARTE,DESCRIPCION_ES,DESCRIPCION_EN,ID_CATEGORIA_MATERIAL,TIPO_ABASTECIMIENTO,PESO,URL_MULTIMEDIA,MIME_TYPE,STATUS,USUARIO_CREO,FECHA_CREO,USUARIO_MODIFICO,FECHA_MODIFICO) VALUES('CER0916','BOHEMIA OBSCURA NR 4X6B 355ML.','BOHEMIA OBSCURA NR 4X6B 355ML.',5,55,1,'/media/922967270.png','image/png',1,'amxsab.system@gmail.com',CURRENT_TIMESTAMP,'amxsab.system@gmail.com',CURRENT_TIMESTAMP);
INSERT INTO MATERIAL (NUMERO_PARTE,DESCRIPCION_ES,DESCRIPCION_EN,ID_CATEGORIA_MATERIAL,TIPO_ABASTECIMIENTO,PESO,URL_MULTIMEDIA,MIME_TYPE,STATUS,USUARIO_CREO,FECHA_CREO,USUARIO_MODIFICO,FECHA_MODIFICO) VALUES('CER0917','CERVEZA TSINGTAO BOTELLA 330ML','TSINGTAO BEER BOTTLE 330ML',5,55,1,'/media/922967270.png','image/png',1,'amxsab.system@gmail.com',CURRENT_TIMESTAMP,'amxsab.system@gmail.com',CURRENT_TIMESTAMP);
INSERT INTO MATERIAL (NUMERO_PARTE,DESCRIPCION_ES,DESCRIPCION_EN,ID_CATEGORIA_MATERIAL,TIPO_ABASTECIMIENTO,PESO,URL_MULTIMEDIA,MIME_TYPE,STATUS,USUARIO_CREO,FECHA_CREO,USUARIO_MODIFICO,FECHA_MODIFICO) VALUES('CER0918','CERVEZA CORONA BOTELLA 355ML','CORONA BEER BOTTLE 355ML',5,55,1,'/media/922967270.png','image/png',1,'amxsab.system@gmail.com',CURRENT_TIMESTAMP,'amxsab.system@gmail.com',CURRENT_TIMESTAMP);
INSERT INTO MATERIAL (NUMERO_PARTE,DESCRIPCION_ES,DESCRIPCION_EN,ID_CATEGORIA_MATERIAL,TIPO_ABASTECIMIENTO,PESO,URL_MULTIMEDIA,MIME_TYPE,STATUS,USUARIO_CREO,FECHA_CREO,USUARIO_MODIFICO,FECHA_MODIFICO) VALUES('CER0919','CERVEZA BOHEMIA WEIZEN 355ML.','CERVEZA BOHEMIA WEIZEN 355ML.',5,55,1,'/media/922967270.png','image/png',1,'amxsab.system@gmail.com',CURRENT_TIMESTAMP,'amxsab.system@gmail.com',CURRENT_TIMESTAMP);
INSERT INTO MATERIAL (NUMERO_PARTE,DESCRIPCION_ES,DESCRIPCION_EN,ID_CATEGORIA_MATERIAL,TIPO_ABASTECIMIENTO,PESO,URL_MULTIMEDIA,MIME_TYPE,STATUS,USUARIO_CREO,FECHA_CREO,USUARIO_MODIFICO,FECHA_MODIFICO) VALUES('CER0920','BOHEMIA STOUT 4X6B 355ML.','BOHEMIA STOUT 4X6B 355ML.',5,55,1,'/media/922967270.png','image/png',1,'amxsab.system@gmail.com',CURRENT_TIMESTAMP,'amxsab.system@gmail.com',CURRENT_TIMESTAMP);
INSERT INTO MATERIAL (NUMERO_PARTE,DESCRIPCION_ES,DESCRIPCION_EN,ID_CATEGORIA_MATERIAL,TIPO_ABASTECIMIENTO,PESO,URL_MULTIMEDIA,MIME_TYPE,STATUS,USUARIO_CREO,FECHA_CREO,USUARIO_MODIFICO,FECHA_MODIFICO) VALUES('CER0921','CERVEZA BUD LIGHT BOTELLA 330 ML','CERVEZA BUD LIGHT BOTELLA 330 ML',5,55,1,'/media/922967270.png','image/png',1,'amxsab.system@gmail.com',CURRENT_TIMESTAMP,'amxsab.system@gmail.com',CURRENT_TIMESTAMP);
INSERT INTO MATERIAL (NUMERO_PARTE,DESCRIPCION_ES,DESCRIPCION_EN,ID_CATEGORIA_MATERIAL,TIPO_ABASTECIMIENTO,PESO,URL_MULTIMEDIA,MIME_TYPE,STATUS,USUARIO_CREO,FECHA_CREO,USUARIO_MODIFICO,FECHA_MODIFICO) VALUES('CER0922','CERVEZA BUDWEISER BOTELLA 330ML','CERVEZA BUDWEISER BOTELLA 330ML',5,55,1,'/media/922967270.png','image/png',1,'amxsab.system@gmail.com',CURRENT_TIMESTAMP,'amxsab.system@gmail.com',CURRENT_TIMESTAMP);
INSERT INTO MATERIAL (NUMERO_PARTE,DESCRIPCION_ES,DESCRIPCION_EN,ID_CATEGORIA_MATERIAL,TIPO_ABASTECIMIENTO,PESO,URL_MULTIMEDIA,MIME_TYPE,STATUS,USUARIO_CREO,FECHA_CREO,USUARIO_MODIFICO,FECHA_MODIFICO) VALUES('CER0923','CERVEZA XX LAGER BOTELLA NR','CERVEZA XX LAGER NR LATA',5,55,1,'/media/922967270.png','image/png',1,'amxsab.system@gmail.com',CURRENT_TIMESTAMP,'amxsab.system@gmail.com',CURRENT_TIMESTAMP);
INSERT INTO MATERIAL (NUMERO_PARTE,DESCRIPCION_ES,DESCRIPCION_EN,ID_CATEGORIA_MATERIAL,TIPO_ABASTECIMIENTO,PESO,URL_MULTIMEDIA,MIME_TYPE,STATUS,USUARIO_CREO,FECHA_CREO,USUARIO_MODIFICO,FECHA_MODIFICO) VALUES('CER0924','CERVEZA XX RADLER NR BOTELLA','CERVEZA XXRADLER NR LATA',5,55,1,'/media/922967270.png','image/png',1,'amxsab.system@gmail.com',CURRENT_TIMESTAMP,'amxsab.system@gmail.com',CURRENT_TIMESTAMP);
INSERT INTO MATERIAL (NUMERO_PARTE,DESCRIPCION_ES,DESCRIPCION_EN,ID_CATEGORIA_MATERIAL,TIPO_ABASTECIMIENTO,PESO,URL_MULTIMEDIA,MIME_TYPE,STATUS,USUARIO_CREO,FECHA_CREO,USUARIO_MODIFICO,FECHA_MODIFICO) VALUES('CER0925','CERVEZA XX LAGER LATA 355 ML','CERVEZA XX LAGER LATA 355 ML',5,55,1,'/media/922967270.png','image/png',1,'amxsab.system@gmail.com',CURRENT_TIMESTAMP,'amxsab.system@gmail.com',CURRENT_TIMESTAMP);
INSERT INTO MATERIAL (NUMERO_PARTE,DESCRIPCION_ES,DESCRIPCION_EN,ID_CATEGORIA_MATERIAL,TIPO_ABASTECIMIENTO,PESO,URL_MULTIMEDIA,MIME_TYPE,STATUS,USUARIO_CREO,FECHA_CREO,USUARIO_MODIFICO,FECHA_MODIFICO) VALUES('CER0926','CERVEZA XX RADLER LATA 355 ML','CERVEZA XX RADLER LATA 355 ML',5,55,1,'/media/922967270.png','image/png',1,'amxsab.system@gmail.com',CURRENT_TIMESTAMP,'amxsab.system@gmail.com',CURRENT_TIMESTAMP);
INSERT INTO MATERIAL (NUMERO_PARTE,DESCRIPCION_ES,DESCRIPCION_EN,ID_CATEGORIA_MATERIAL,TIPO_ABASTECIMIENTO,PESO,URL_MULTIMEDIA,MIME_TYPE,STATUS,USUARIO_CREO,FECHA_CREO,USUARIO_MODIFICO,FECHA_MODIFICO) VALUES('CER0927','CERVEZA SOL CLAMATO LATA 355 ML','CERVEZA SOL CLAMATO LATA 355 ML',5,55,1,'/media/922967270.png','image/png',1,'amxsab.system@gmail.com',CURRENT_TIMESTAMP,'amxsab.system@gmail.com',CURRENT_TIMESTAMP);
INSERT INTO MATERIAL (NUMERO_PARTE,DESCRIPCION_ES,DESCRIPCION_EN,ID_CATEGORIA_MATERIAL,TIPO_ABASTECIMIENTO,PESO,URL_MULTIMEDIA,MIME_TYPE,STATUS,USUARIO_CREO,FECHA_CREO,USUARIO_MODIFICO,FECHA_MODIFICO) VALUES('CER0928','CERVEZA STELLA ARTOISE NR 320 ML','CERVEZA STELLA ARTOISE NR 335 ML',5,55,1,'/media/922967270.png','image/png',1,'amxsab.system@gmail.com',CURRENT_TIMESTAMP,'amxsab.system@gmail.com',CURRENT_TIMESTAMP);
INSERT INTO MATERIAL (NUMERO_PARTE,DESCRIPCION_ES,DESCRIPCION_EN,ID_CATEGORIA_MATERIAL,TIPO_ABASTECIMIENTO,PESO,URL_MULTIMEDIA,MIME_TYPE,STATUS,USUARIO_CREO,FECHA_CREO,USUARIO_MODIFICO,FECHA_MODIFICO) VALUES('CER0929','CERVEZA HEINEKEN MINI NR 250ML','CERVEZA HEINEKEN MINI NR 250ML',5,55,1,'/media/922967270.png','image/png',1,'amxsab.system@gmail.com',CURRENT_TIMESTAMP,'amxsab.system@gmail.com',CURRENT_TIMESTAMP);
INSERT INTO MATERIAL (NUMERO_PARTE,DESCRIPCION_ES,DESCRIPCION_EN,ID_CATEGORIA_MATERIAL,TIPO_ABASTECIMIENTO,PESO,URL_MULTIMEDIA,MIME_TYPE,STATUS,USUARIO_CREO,FECHA_CREO,USUARIO_MODIFICO,FECHA_MODIFICO) VALUES('CER0930','CERVEZA AFFLIGEM 1X24','AFFLIGEM 1X24',5,55,1,'/media/922967270.png','image/png',1,'amxsab.system@gmail.com',CURRENT_TIMESTAMP,'amxsab.system@gmail.com',CURRENT_TIMESTAMP);
INSERT INTO MATERIAL (NUMERO_PARTE,DESCRIPCION_ES,DESCRIPCION_EN,ID_CATEGORIA_MATERIAL,TIPO_ABASTECIMIENTO,PESO,URL_MULTIMEDIA,MIME_TYPE,STATUS,USUARIO_CREO,FECHA_CREO,USUARIO_MODIFICO,FECHA_MODIFICO) VALUES('CER0931','CERVEZA INDIO BEAUTY BOTELLA 355ML','CERVEZA INDIO BEAUTY BOTELLA 355ML',5,55,1,'/media/922967270.png','image/png',1,'amxsab.system@gmail.com',CURRENT_TIMESTAMP,'amxsab.system@gmail.com',CURRENT_TIMESTAMP);
INSERT INTO MATERIAL (NUMERO_PARTE,DESCRIPCION_ES,DESCRIPCION_EN,ID_CATEGORIA_MATERIAL,TIPO_ABASTECIMIENTO,PESO,URL_MULTIMEDIA,MIME_TYPE,STATUS,USUARIO_CREO,FECHA_CREO,USUARIO_MODIFICO,FECHA_MODIFICO) VALUES('CER0932','CERVEZA INDIO PILSNER PLATA LATA 473ML','CERVEZA INDIO PILSNER PLATA LATA 473ML',5,55,1,'/media/922967270.png','image/png',1,'amxsab.system@gmail.com',CURRENT_TIMESTAMP,'amxsab.system@gmail.com',CURRENT_TIMESTAMP);
INSERT INTO MATERIAL (NUMERO_PARTE,DESCRIPCION_ES,DESCRIPCION_EN,ID_CATEGORIA_MATERIAL,TIPO_ABASTECIMIENTO,PESO,URL_MULTIMEDIA,MIME_TYPE,STATUS,USUARIO_CREO,FECHA_CREO,USUARIO_MODIFICO,FECHA_MODIFICO) VALUES('CER0933','CERVEZA SOL BOTELLA 355. NR','CERVEZA SOL BOTELLA 355',5,55,1,'/media/922967270.png','image/png',1,'amxsab.system@gmail.com',CURRENT_TIMESTAMP,'amxsab.system@gmail.com',CURRENT_TIMESTAMP);
INSERT INTO MATERIAL (NUMERO_PARTE,DESCRIPCION_ES,DESCRIPCION_EN,ID_CATEGORIA_MATERIAL,TIPO_ABASTECIMIENTO,PESO,URL_MULTIMEDIA,MIME_TYPE,STATUS,USUARIO_CREO,FECHA_CREO,USUARIO_MODIFICO,FECHA_MODIFICO) VALUES('CHA0009','CHAROLA 2/3','ATLAS TRAY 2/3 NEW IMAGE',3,55,1,'/media/922967270.png','image/png',1,'amxsab.system@gmail.com',CURRENT_TIMESTAMP,'amxsab.system@gmail.com',CURRENT_TIMESTAMP);
INSERT INTO MATERIAL (NUMERO_PARTE,DESCRIPCION_ES,DESCRIPCION_EN,ID_CATEGORIA_MATERIAL,TIPO_ABASTECIMIENTO,PESO,URL_MULTIMEDIA,MIME_TYPE,STATUS,USUARIO_CREO,FECHA_CREO,USUARIO_MODIFICO,FECHA_MODIFICO) VALUES('CHA0010','CHAROLA 1/2 ATLAS','ATLAS TRAY 1/2 NEW IMAGE',3,55,1,'/media/922967270.png','image/png',1,'amxsab.system@gmail.com',CURRENT_TIMESTAMP,'amxsab.system@gmail.com',CURRENT_TIMESTAMP);
INSERT INTO MATERIAL (NUMERO_PARTE,DESCRIPCION_ES,DESCRIPCION_EN,ID_CATEGORIA_MATERIAL,TIPO_ABASTECIMIENTO,PESO,URL_MULTIMEDIA,MIME_TYPE,STATUS,USUARIO_CREO,FECHA_CREO,USUARIO_MODIFICO,FECHA_MODIFICO) VALUES('CHA0012','CHAROLA 1/1','ATLAS TRAY 1/1',3,55,1,'/media/922967270.png','image/png',1,'amxsab.system@gmail.com',CURRENT_TIMESTAMP,'amxsab.system@gmail.com',CURRENT_TIMESTAMP);
INSERT INTO MATERIAL (NUMERO_PARTE,DESCRIPCION_ES,DESCRIPCION_EN,ID_CATEGORIA_MATERIAL,TIPO_ABASTECIMIENTO,PESO,URL_MULTIMEDIA,MIME_TYPE,STATUS,USUARIO_CREO,FECHA_CREO,USUARIO_MODIFICO,FECHA_MODIFICO) VALUES('CHA0013','CHAROLA 1/2','TRAY 1/2',3,55,1,'/media/922967270.png','image/png',1,'amxsab.system@gmail.com',CURRENT_TIMESTAMP,'amxsab.system@gmail.com',CURRENT_TIMESTAMP);
INSERT INTO MATERIAL (NUMERO_PARTE,DESCRIPCION_ES,DESCRIPCION_EN,ID_CATEGORIA_MATERIAL,TIPO_ABASTECIMIENTO,PESO,URL_MULTIMEDIA,MIME_TYPE,STATUS,USUARIO_CREO,FECHA_CREO,USUARIO_MODIFICO,FECHA_MODIFICO) VALUES('CHA0014','CHAROLA 2/3','TRAY 2/3',3,55,1,'/media/922967270.png','image/png',1,'amxsab.system@gmail.com',CURRENT_TIMESTAMP,'amxsab.system@gmail.com',CURRENT_TIMESTAMP);
INSERT INTO MATERIAL (NUMERO_PARTE,DESCRIPCION_ES,DESCRIPCION_EN,ID_CATEGORIA_MATERIAL,TIPO_ABASTECIMIENTO,PESO,URL_MULTIMEDIA,MIME_TYPE,STATUS,USUARIO_CREO,FECHA_CREO,USUARIO_MODIFICO,FECHA_MODIFICO) VALUES('CHA0015','CHAROLA DE SERVICIO 1/1JAPON','TRAY NW',3,55,1,'/media/922967270.png','image/png',1,'amxsab.system@gmail.com',CURRENT_TIMESTAMP,'amxsab.system@gmail.com',CURRENT_TIMESTAMP);
INSERT INTO MATERIAL (NUMERO_PARTE,DESCRIPCION_ES,DESCRIPCION_EN,ID_CATEGORIA_MATERIAL,TIPO_ABASTECIMIENTO,PESO,URL_MULTIMEDIA,MIME_TYPE,STATUS,USUARIO_CREO,FECHA_CREO,USUARIO_MODIFICO,FECHA_MODIFICO) VALUES('CHA0019','CHAROLA DE ACRILICO 9MM','ACRYLIC TRAY 9MM',3,55,1,'/media/922967270.png','image/png',1,'amxsab.system@gmail.com',CURRENT_TIMESTAMP,'amxsab.system@gmail.com',CURRENT_TIMESTAMP);
INSERT INTO MATERIAL (NUMERO_PARTE,DESCRIPCION_ES,DESCRIPCION_EN,ID_CATEGORIA_MATERIAL,TIPO_ABASTECIMIENTO,PESO,URL_MULTIMEDIA,MIME_TYPE,STATUS,USUARIO_CREO,FECHA_CREO,USUARIO_MODIFICO,FECHA_MODIFICO) VALUES('CHA0020','CHAROLA 1/1 JADE','CHAROLA 1/1 NEGRO',3,55,1,'/media/922967270.png','image/png',1,'amxsab.system@gmail.com',CURRENT_TIMESTAMP,'amxsab.system@gmail.com',CURRENT_TIMESTAMP);
INSERT INTO MATERIAL (NUMERO_PARTE,DESCRIPCION_ES,DESCRIPCION_EN,ID_CATEGORIA_MATERIAL,TIPO_ABASTECIMIENTO,PESO,URL_MULTIMEDIA,MIME_TYPE,STATUS,USUARIO_CREO,FECHA_CREO,USUARIO_MODIFICO,FECHA_MODIFICO) VALUES('CHA0021','CHAROLA ACRILICO 9MM C/LOGO','CHAROLA DE ACRILICO 9MM C/LOGO',3,55,1,'/media/922967270.png','image/png',1,'amxsab.system@gmail.com',CURRENT_TIMESTAMP,'amxsab.system@gmail.com',CURRENT_TIMESTAMP);
INSERT INTO MATERIAL (NUMERO_PARTE,DESCRIPCION_ES,DESCRIPCION_EN,ID_CATEGORIA_MATERIAL,TIPO_ABASTECIMIENTO,PESO,URL_MULTIMEDIA,MIME_TYPE,STATUS,USUARIO_CREO,FECHA_CREO,USUARIO_MODIFICO,FECHA_MODIFICO) VALUES('CHA0022','CHAROLA 1/1 TEXTURIZADA C/NEGRO','CHAROLA 1/1 TEXTURIZADA C/NEGRO',3,55,1,'/media/922967270.png','image/png',1,'amxsab.system@gmail.com',CURRENT_TIMESTAMP,'amxsab.system@gmail.com',CURRENT_TIMESTAMP);
INSERT INTO MATERIAL (NUMERO_PARTE,DESCRIPCION_ES,DESCRIPCION_EN,ID_CATEGORIA_MATERIAL,TIPO_ABASTECIMIENTO,PESO,URL_MULTIMEDIA,MIME_TYPE,STATUS,USUARIO_CREO,FECHA_CREO,USUARIO_MODIFICO,FECHA_MODIFICO) VALUES('CHA0302','CHAROLA DE SERVICIO METALICA 2/3','METAL SERVICE TRAY 2/3',3,55,1,'/media/922967270.png','image/png',1,'amxsab.system@gmail.com',CURRENT_TIMESTAMP,'amxsab.system@gmail.com',CURRENT_TIMESTAMP);
INSERT INTO MATERIAL (NUMERO_PARTE,DESCRIPCION_ES,DESCRIPCION_EN,ID_CATEGORIA_MATERIAL,TIPO_ABASTECIMIENTO,PESO,URL_MULTIMEDIA,MIME_TYPE,STATUS,USUARIO_CREO,FECHA_CREO,USUARIO_MODIFICO,FECHA_MODIFICO) VALUES('CHG0908','CHAMPAGNE JACQUART BRUT 750 ML','CHAMPAGNE JACQUART BRUT MOSAIQUE 750 ML BOX WITH 6 EA',5,56,1,'/media/922967270.png','image/png',1,'amxsab.system@gmail.com',CURRENT_TIMESTAMP,'amxsab.system@gmail.com',CURRENT_TIMESTAMP);
INSERT INTO MATERIAL (NUMERO_PARTE,DESCRIPCION_ES,DESCRIPCION_EN,ID_CATEGORIA_MATERIAL,TIPO_ABASTECIMIENTO,PESO,URL_MULTIMEDIA,MIME_TYPE,STATUS,USUARIO_CREO,FECHA_CREO,USUARIO_MODIFICO,FECHA_MODIFICO) VALUES('CHO0405','KIT KAT DE 45 G BARRA D/GALLETA CUBIERTA CHOCO','KIT KAT 4 FINGER CHOCOLATE',2,55,1,'/media/922967270.png','image/png',1,'amxsab.system@gmail.com',CURRENT_TIMESTAMP,'amxsab.system@gmail.com',CURRENT_TIMESTAMP);
INSERT INTO MATERIAL (NUMERO_PARTE,DESCRIPCION_ES,DESCRIPCION_EN,ID_CATEGORIA_MATERIAL,TIPO_ABASTECIMIENTO,PESO,URL_MULTIMEDIA,MIME_TYPE,STATUS,USUARIO_CREO,FECHA_CREO,USUARIO_MODIFICO,FECHA_MODIFICO) VALUES('CHO0410','CHOCOLATE CON ARROZ R PICARD','POP RAISE CHOCOLATE BAR',2,55,1,'/media/922967270.png','image/png',1,'amxsab.system@gmail.com',CURRENT_TIMESTAMP,'amxsab.system@gmail.com',CURRENT_TIMESTAMP);
INSERT INTO MATERIAL (NUMERO_PARTE,DESCRIPCION_ES,DESCRIPCION_EN,ID_CATEGORIA_MATERIAL,TIPO_ABASTECIMIENTO,PESO,URL_MULTIMEDIA,MIME_TYPE,STATUS,USUARIO_CREO,FECHA_CREO,USUARIO_MODIFICO,FECHA_MODIFICO) VALUES('CHO0414','M&M´S CON LECHE DE 46.2 G','M&M´S CON LECHE DE 46.2 G',2,55,1,'/media/922967270.png','image/png',1,'amxsab.system@gmail.com',CURRENT_TIMESTAMP,'amxsab.system@gmail.com',CURRENT_TIMESTAMP);
INSERT INTO MATERIAL (NUMERO_PARTE,DESCRIPCION_ES,DESCRIPCION_EN,ID_CATEGORIA_MATERIAL,TIPO_ABASTECIMIENTO,PESO,URL_MULTIMEDIA,MIME_TYPE,STATUS,USUARIO_CREO,FECHA_CREO,USUARIO_MODIFICO,FECHA_MODIFICO) VALUES('CHO0415','TWIX DE 50.7 GCHOCOLATE','TWIX DE 50.7 GCHOCOLATE',2,55,1,'/media/922967270.png','image/png',1,'amxsab.system@gmail.com',CURRENT_TIMESTAMP,'amxsab.system@gmail.com',CURRENT_TIMESTAMP);
INSERT INTO MATERIAL (NUMERO_PARTE,DESCRIPCION_ES,DESCRIPCION_EN,ID_CATEGORIA_MATERIAL,TIPO_ABASTECIMIENTO,PESO,URL_MULTIMEDIA,MIME_TYPE,STATUS,USUARIO_CREO,FECHA_CREO,USUARIO_MODIFICO,FECHA_MODIFICO) VALUES('CHO0416','CHOCOLATE MINI MILCH','CHOCOLATE MINI MILCH',2,55,1,'/media/922967270.png','image/png',1,'amxsab.system@gmail.com',CURRENT_TIMESTAMP,'amxsab.system@gmail.com',CURRENT_TIMESTAMP);
INSERT INTO MATERIAL (NUMERO_PARTE,DESCRIPCION_ES,DESCRIPCION_EN,ID_CATEGORIA_MATERIAL,TIPO_ABASTECIMIENTO,PESO,URL_MULTIMEDIA,MIME_TYPE,STATUS,USUARIO_CREO,FECHA_CREO,USUARIO_MODIFICO,FECHA_MODIFICO) VALUES('COB0705','COBERTOR 100% POLIESTER AZUL MARINO','NAVY BLUE BLANKET 100% POL',2,55,1,'/media/922967270.png','image/png',1,'amxsab.system@gmail.com',CURRENT_TIMESTAMP,'amxsab.system@gmail.com',CURRENT_TIMESTAMP);
INSERT INTO MATERIAL (NUMERO_PARTE,DESCRIPCION_ES,DESCRIPCION_EN,ID_CATEGORIA_MATERIAL,TIPO_ABASTECIMIENTO,PESO,URL_MULTIMEDIA,MIME_TYPE,STATUS,USUARIO_CREO,FECHA_CREO,USUARIO_MODIFICO,FECHA_MODIFICO) VALUES('COB0707','EDREDON PREMIER NUEVA IMAGEN','PREMIER CLASS BLANKET NEW DESING',2,55,1,'/media/922967270.png','image/png',1,'amxsab.system@gmail.com',CURRENT_TIMESTAMP,'amxsab.system@gmail.com',CURRENT_TIMESTAMP);
INSERT INTO MATERIAL (NUMERO_PARTE,DESCRIPCION_ES,DESCRIPCION_EN,ID_CATEGORIA_MATERIAL,TIPO_ABASTECIMIENTO,PESO,URL_MULTIMEDIA,MIME_TYPE,STATUS,USUARIO_CREO,FECHA_CREO,USUARIO_MODIFICO,FECHA_MODIFICO) VALUES('COB0708','EDREDON PREMIER AEROMEXICO','EDREDON PREMIER AEROMEXICO',2,55,1,'/media/922967270.png','image/png',1,'amxsab.system@gmail.com',CURRENT_TIMESTAMP,'amxsab.system@gmail.com',CURRENT_TIMESTAMP);
INSERT INTO MATERIAL (NUMERO_PARTE,DESCRIPCION_ES,DESCRIPCION_EN,ID_CATEGORIA_MATERIAL,TIPO_ABASTECIMIENTO,PESO,URL_MULTIMEDIA,MIME_TYPE,STATUS,USUARIO_CREO,FECHA_CREO,USUARIO_MODIFICO,FECHA_MODIFICO) VALUES('COB0709','EDREDON PREMIER 205X120 CM','EDREDON PREMIER 205X120 CM',2,55,1,'/media/922967270.png','image/png',1,'amxsab.system@gmail.com',CURRENT_TIMESTAMP,'amxsab.system@gmail.com',CURRENT_TIMESTAMP);
INSERT INTO MATERIAL (NUMERO_PARTE,DESCRIPCION_ES,DESCRIPCION_EN,ID_CATEGORIA_MATERIAL,TIPO_ABASTECIMIENTO,PESO,URL_MULTIMEDIA,MIME_TYPE,STATUS,USUARIO_CREO,FECHA_CREO,USUARIO_MODIFICO,FECHA_MODIFICO) VALUES('COG0907','COGNAC MARTELL VSOP','REMY MARTELL VSOP COGNAC',5,55,1,'/media/922967270.png','image/png',1,'amxsab.system@gmail.com',CURRENT_TIMESTAMP,'amxsab.system@gmail.com',CURRENT_TIMESTAMP);
INSERT INTO MATERIAL (NUMERO_PARTE,DESCRIPCION_ES,DESCRIPCION_EN,ID_CATEGORIA_MATERIAL,TIPO_ABASTECIMIENTO,PESO,URL_MULTIMEDIA,MIME_TYPE,STATUS,USUARIO_CREO,FECHA_CREO,USUARIO_MODIFICO,FECHA_MODIFICO) VALUES('COG0908','COGNAC REMY MARTIN VSOP 1L','COGÑAC REMY MARTIN VSOP 1L',5,55,1,'/media/922967270.png','image/png',1,'amxsab.system@gmail.com',CURRENT_TIMESTAMP,'amxsab.system@gmail.com',CURRENT_TIMESTAMP);
INSERT INTO MATERIAL (NUMERO_PARTE,DESCRIPCION_ES,DESCRIPCION_EN,ID_CATEGORIA_MATERIAL,TIPO_ABASTECIMIENTO,PESO,URL_MULTIMEDIA,MIME_TYPE,STATUS,USUARIO_CREO,FECHA_CREO,USUARIO_MODIFICO,FECHA_MODIFICO) VALUES('COG0909','COGNAC COURVOUSIER VSOP','COGNAC COURVOUSIER VSOP',5,56,1,'/media/922967270.png','image/png',1,'amxsab.system@gmail.com',CURRENT_TIMESTAMP,'amxsab.system@gmail.com',CURRENT_TIMESTAMP);
INSERT INTO MATERIAL (NUMERO_PARTE,DESCRIPCION_ES,DESCRIPCION_EN,ID_CATEGORIA_MATERIAL,TIPO_ABASTECIMIENTO,PESO,URL_MULTIMEDIA,MIME_TYPE,STATUS,USUARIO_CREO,FECHA_CREO,USUARIO_MODIFICO,FECHA_MODIFICO) VALUES('COG0910','COGNAC COURVOUSIER PET 50CL X 24 40°','COGNAC COURVOUSIER PET 50CL X 24 40°',5,56,1,'/media/922967270.png','image/png',1,'amxsab.system@gmail.com',CURRENT_TIMESTAMP,'amxsab.system@gmail.com',CURRENT_TIMESTAMP);
INSERT INTO MATERIAL (NUMERO_PARTE,DESCRIPCION_ES,DESCRIPCION_EN,ID_CATEGORIA_MATERIAL,TIPO_ABASTECIMIENTO,PESO,URL_MULTIMEDIA,MIME_TYPE,STATUS,USUARIO_CREO,FECHA_CREO,USUARIO_MODIFICO,FECHA_MODIFICO) VALUES('COP0104','COPA CHICA','SMALL GLASS',3,55,1,'/media/922967270.png','image/png',1,'amxsab.system@gmail.com',CURRENT_TIMESTAMP,'amxsab.system@gmail.com',CURRENT_TIMESTAMP);
INSERT INTO MATERIAL (NUMERO_PARTE,DESCRIPCION_ES,DESCRIPCION_EN,ID_CATEGORIA_MATERIAL,TIPO_ABASTECIMIENTO,PESO,URL_MULTIMEDIA,MIME_TYPE,STATUS,USUARIO_CREO,FECHA_CREO,USUARIO_MODIFICO,FECHA_MODIFICO) VALUES('COP0106','VASO DE CRISTAL','LARGE GLASS',3,55,1,'/media/922967270.png','image/png',1,'amxsab.system@gmail.com',CURRENT_TIMESTAMP,'amxsab.system@gmail.com',CURRENT_TIMESTAMP);
INSERT INTO MATERIAL (NUMERO_PARTE,DESCRIPCION_ES,DESCRIPCION_EN,ID_CATEGORIA_MATERIAL,TIPO_ABASTECIMIENTO,PESO,URL_MULTIMEDIA,MIME_TYPE,STATUS,USUARIO_CREO,FECHA_CREO,USUARIO_MODIFICO,FECHA_MODIFICO) VALUES('COP0107','VASO DE CRISTAL TUMBLER','TUMBLER CRYSTAL GLASS',3,55,1,'/media/922967270.png','image/png',1,'amxsab.system@gmail.com',CURRENT_TIMESTAMP,'amxsab.system@gmail.com',CURRENT_TIMESTAMP);
INSERT INTO MATERIAL (NUMERO_PARTE,DESCRIPCION_ES,DESCRIPCION_EN,ID_CATEGORIA_MATERIAL,TIPO_ABASTECIMIENTO,PESO,URL_MULTIMEDIA,MIME_TYPE,STATUS,USUARIO_CREO,FECHA_CREO,USUARIO_MODIFICO,FECHA_MODIFICO) VALUES('COP0108','COPA COGNAG -PREMIER-','COGNAC GLASS PREMIER',3,55,1,'/media/922967270.png','image/png',1,'amxsab.system@gmail.com',CURRENT_TIMESTAMP,'amxsab.system@gmail.com',CURRENT_TIMESTAMP);
INSERT INTO MATERIAL (NUMERO_PARTE,DESCRIPCION_ES,DESCRIPCION_EN,ID_CATEGORIA_MATERIAL,TIPO_ABASTECIMIENTO,PESO,URL_MULTIMEDIA,MIME_TYPE,STATUS,USUARIO_CREO,FECHA_CREO,USUARIO_MODIFICO,FECHA_MODIFICO) VALUES('COP0109','COPA VINO DE MESA -PREMIER-','WINE GLASS PREMIER',3,55,1,'/media/922967270.png','image/png',1,'amxsab.system@gmail.com',CURRENT_TIMESTAMP,'amxsab.system@gmail.com',CURRENT_TIMESTAMP);
INSERT INTO MATERIAL (NUMERO_PARTE,DESCRIPCION_ES,DESCRIPCION_EN,ID_CATEGORIA_MATERIAL,TIPO_ABASTECIMIENTO,PESO,URL_MULTIMEDIA,MIME_TYPE,STATUS,USUARIO_CREO,FECHA_CREO,USUARIO_MODIFICO,FECHA_MODIFICO) VALUES('COP0113','COPA CRISTAL VINO EXCALIBUR 10 OZ PREM','WINE GLASS EXCALIBUR 10 OZ PREM',3,55,1,'/media/922967270.png','image/png',1,'amxsab.system@gmail.com',CURRENT_TIMESTAMP,'amxsab.system@gmail.com',CURRENT_TIMESTAMP);
INSERT INTO MATERIAL (NUMERO_PARTE,DESCRIPCION_ES,DESCRIPCION_EN,ID_CATEGORIA_MATERIAL,TIPO_ABASTECIMIENTO,PESO,URL_MULTIMEDIA,MIME_TYPE,STATUS,USUARIO_CREO,FECHA_CREO,USUARIO_MODIFICO,FECHA_MODIFICO) VALUES('COP0114','COPA CRISTAL COGNAC 11.5 OZ PREMIER','COGNAC GLASS 11.5 OZ',3,55,1,'/media/922967270.png','image/png',1,'amxsab.system@gmail.com',CURRENT_TIMESTAMP,'amxsab.system@gmail.com',CURRENT_TIMESTAMP);
INSERT INTO MATERIAL (NUMERO_PARTE,DESCRIPCION_ES,DESCRIPCION_EN,ID_CATEGORIA_MATERIAL,TIPO_ABASTECIMIENTO,PESO,URL_MULTIMEDIA,MIME_TYPE,STATUS,USUARIO_CREO,FECHA_CREO,USUARIO_MODIFICO,FECHA_MODIFICO) VALUES('COP0116','VASO DE CRISTAL TUMBLER','TUMBLER GLASS P',3,55,1,'/media/922967270.png','image/png',1,'amxsab.system@gmail.com',CURRENT_TIMESTAMP,'amxsab.system@gmail.com',CURRENT_TIMESTAMP);
INSERT INTO MATERIAL (NUMERO_PARTE,DESCRIPCION_ES,DESCRIPCION_EN,ID_CATEGORIA_MATERIAL,TIPO_ABASTECIMIENTO,PESO,URL_MULTIMEDIA,MIME_TYPE,STATUS,USUARIO_CREO,FECHA_CREO,USUARIO_MODIFICO,FECHA_MODIFICO) VALUES('COP0117','COPA MEDIANAP','MEDIUM GLASS P',3,55,1,'/media/922967270.png','image/png',1,'amxsab.system@gmail.com',CURRENT_TIMESTAMP,'amxsab.system@gmail.com',CURRENT_TIMESTAMP);
INSERT INTO MATERIAL (NUMERO_PARTE,DESCRIPCION_ES,DESCRIPCION_EN,ID_CATEGORIA_MATERIAL,TIPO_ABASTECIMIENTO,PESO,URL_MULTIMEDIA,MIME_TYPE,STATUS,USUARIO_CREO,FECHA_CREO,USUARIO_MODIFICO,FECHA_MODIFICO) VALUES('COP0118','VASO DE CRISTALP','LARGE GLASS P',3,55,1,'/media/922967270.png','image/png',1,'amxsab.system@gmail.com',CURRENT_TIMESTAMP,'amxsab.system@gmail.com',CURRENT_TIMESTAMP);
INSERT INTO MATERIAL (NUMERO_PARTE,DESCRIPCION_ES,DESCRIPCION_EN,ID_CATEGORIA_MATERIAL,TIPO_ABASTECIMIENTO,PESO,URL_MULTIMEDIA,MIME_TYPE,STATUS,USUARIO_CREO,FECHA_CREO,USUARIO_MODIFICO,FECHA_MODIFICO) VALUES('COP0119','VASO ALTO DE CRISTAL','VASO ALTO DE CRISTAL',3,55,1,'/media/922967270.png','image/png',1,'amxsab.system@gmail.com',CURRENT_TIMESTAMP,'amxsab.system@gmail.com',CURRENT_TIMESTAMP);
INSERT INTO MATERIAL (NUMERO_PARTE,DESCRIPCION_ES,DESCRIPCION_EN,ID_CATEGORIA_MATERIAL,TIPO_ABASTECIMIENTO,PESO,URL_MULTIMEDIA,MIME_TYPE,STATUS,USUARIO_CREO,FECHA_CREO,USUARIO_MODIFICO,FECHA_MODIFICO) VALUES('COP0120','VASO CHATO DE CRISTAL','VASO CHATO DE CRISTAL',3,55,1,'/media/922967270.png','image/png',1,'amxsab.system@gmail.com',CURRENT_TIMESTAMP,'amxsab.system@gmail.com',CURRENT_TIMESTAMP);
INSERT INTO MATERIAL (NUMERO_PARTE,DESCRIPCION_ES,DESCRIPCION_EN,ID_CATEGORIA_MATERIAL,TIPO_ABASTECIMIENTO,PESO,URL_MULTIMEDIA,MIME_TYPE,STATUS,USUARIO_CREO,FECHA_CREO,USUARIO_MODIFICO,FECHA_MODIFICO) VALUES('CUA0307','CUCHILLO ACERO PREMIER','STEEL KNIFE J',3,55,1,'/media/922967270.png','image/png',1,'amxsab.system@gmail.com',CURRENT_TIMESTAMP,'amxsab.system@gmail.com',CURRENT_TIMESTAMP);
INSERT INTO MATERIAL (NUMERO_PARTE,DESCRIPCION_ES,DESCRIPCION_EN,ID_CATEGORIA_MATERIAL,TIPO_ABASTECIMIENTO,PESO,URL_MULTIMEDIA,MIME_TYPE,STATUS,USUARIO_CREO,FECHA_CREO,USUARIO_MODIFICO,FECHA_MODIFICO) VALUES('CUA0310','CUCHILLO DE ACERO (OPUS NOVO)','CUCHILLO DE ACERO (OPUS NOVO)',3,55,1,'/media/922967270.png','image/png',1,'amxsab.system@gmail.com',CURRENT_TIMESTAMP,'amxsab.system@gmail.com',CURRENT_TIMESTAMP);
INSERT INTO MATERIAL (NUMERO_PARTE,DESCRIPCION_ES,DESCRIPCION_EN,ID_CATEGORIA_MATERIAL,TIPO_ABASTECIMIENTO,PESO,URL_MULTIMEDIA,MIME_TYPE,STATUS,USUARIO_CREO,FECHA_CREO,USUARIO_MODIFICO,FECHA_MODIFICO) VALUES('CUB0003','CUBIERTO DESECHABLE 4/1','DISPOSABLE TABLE SET 4 IN 1 NEW IMAGE',2,55,1,'/media/922967270.png','image/png',1,'amxsab.system@gmail.com',CURRENT_TIMESTAMP,'amxsab.system@gmail.com',CURRENT_TIMESTAMP);
INSERT INTO MATERIAL (NUMERO_PARTE,DESCRIPCION_ES,DESCRIPCION_EN,ID_CATEGORIA_MATERIAL,TIPO_ABASTECIMIENTO,PESO,URL_MULTIMEDIA,MIME_TYPE,STATUS,USUARIO_CREO,FECHA_CREO,USUARIO_MODIFICO,FECHA_MODIFICO) VALUES('CUC0003','CUCHARA DESECHABLE 2/1','DISPOSABLE SPOON 2/1',2,55,1,'/media/922967270.png','image/png',1,'amxsab.system@gmail.com',CURRENT_TIMESTAMP,'amxsab.system@gmail.com',CURRENT_TIMESTAMP);
INSERT INTO MATERIAL (NUMERO_PARTE,DESCRIPCION_ES,DESCRIPCION_EN,ID_CATEGORIA_MATERIAL,TIPO_ABASTECIMIENTO,PESO,URL_MULTIMEDIA,MIME_TYPE,STATUS,USUARIO_CREO,FECHA_CREO,USUARIO_MODIFICO,FECHA_MODIFICO) VALUES('CUC0004','CUCHARON PARA HIELO','SERVING SPOON FOR ICE',3,55,1,'/media/922967270.png','image/png',1,'amxsab.system@gmail.com',CURRENT_TIMESTAMP,'amxsab.system@gmail.com',CURRENT_TIMESTAMP);
INSERT INTO MATERIAL (NUMERO_PARTE,DESCRIPCION_ES,DESCRIPCION_EN,ID_CATEGORIA_MATERIAL,TIPO_ABASTECIMIENTO,PESO,URL_MULTIMEDIA,MIME_TYPE,STATUS,USUARIO_CREO,FECHA_CREO,USUARIO_MODIFICO,FECHA_MODIFICO) VALUES('CUC0005','CUCHARA DE SERVICIO DE 29 CM','SERVICE SPOON 29 CM',3,55,1,'/media/922967270.png','image/png',1,'amxsab.system@gmail.com',CURRENT_TIMESTAMP,'amxsab.system@gmail.com',CURRENT_TIMESTAMP);
INSERT INTO MATERIAL (NUMERO_PARTE,DESCRIPCION_ES,DESCRIPCION_EN,ID_CATEGORIA_MATERIAL,TIPO_ABASTECIMIENTO,PESO,URL_MULTIMEDIA,MIME_TYPE,STATUS,USUARIO_CREO,FECHA_CREO,USUARIO_MODIFICO,FECHA_MODIFICO) VALUES('CUC0201','CUCHARA NEGRA PARA SOPA JAPON','CUCHARA NEGRA PARA SOPA CERAMICA JAPON',3,55,1,'/media/922967270.png','image/png',1,'amxsab.system@gmail.com',CURRENT_TIMESTAMP,'amxsab.system@gmail.com',CURRENT_TIMESTAMP);
INSERT INTO MATERIAL (NUMERO_PARTE,DESCRIPCION_ES,DESCRIPCION_EN,ID_CATEGORIA_MATERIAL,TIPO_ABASTECIMIENTO,PESO,URL_MULTIMEDIA,MIME_TYPE,STATUS,USUARIO_CREO,FECHA_CREO,USUARIO_MODIFICO,FECHA_MODIFICO) VALUES('CUC0308','CUCHARA PARA CAFE EXPRESSOPREMIER','SPOON EXPRESS COFFE PREMIER',3,55,1,'/media/922967270.png','image/png',1,'amxsab.system@gmail.com',CURRENT_TIMESTAMP,'amxsab.system@gmail.com',CURRENT_TIMESTAMP);
INSERT INTO MATERIAL (NUMERO_PARTE,DESCRIPCION_ES,DESCRIPCION_EN,ID_CATEGORIA_MATERIAL,TIPO_ABASTECIMIENTO,PESO,URL_MULTIMEDIA,MIME_TYPE,STATUS,USUARIO_CREO,FECHA_CREO,USUARIO_MODIFICO,FECHA_MODIFICO) VALUES('CUC0309','CUCHARA DE ACERO TURISTA','STEEL SPOON TOURIST/PREMIER',3,55,1,'/media/922967270.png','image/png',1,'amxsab.system@gmail.com',CURRENT_TIMESTAMP,'amxsab.system@gmail.com',CURRENT_TIMESTAMP);
INSERT INTO MATERIAL (NUMERO_PARTE,DESCRIPCION_ES,DESCRIPCION_EN,ID_CATEGORIA_MATERIAL,TIPO_ABASTECIMIENTO,PESO,URL_MULTIMEDIA,MIME_TYPE,STATUS,USUARIO_CREO,FECHA_CREO,USUARIO_MODIFICO,FECHA_MODIFICO) VALUES('CUC0310','CUCHARA DE ACERO (OPUS NOVO)','CUCHARA DE ACERO (OPUS NOVO)',3,55,1,'/media/922967270.png','image/png',1,'amxsab.system@gmail.com',CURRENT_TIMESTAMP,'amxsab.system@gmail.com',CURRENT_TIMESTAMP);
INSERT INTO MATERIAL (NUMERO_PARTE,DESCRIPCION_ES,DESCRIPCION_EN,ID_CATEGORIA_MATERIAL,TIPO_ABASTECIMIENTO,PESO,URL_MULTIMEDIA,MIME_TYPE,STATUS,USUARIO_CREO,FECHA_CREO,USUARIO_MODIFICO,FECHA_MODIFICO) VALUES('CUC0311','CUCHARA ACERO PARA SOPA','CUCHARA ACERO PARA SOPA',3,55,1,'/media/922967270.png','image/png',1,'amxsab.system@gmail.com',CURRENT_TIMESTAMP,'amxsab.system@gmail.com',CURRENT_TIMESTAMP);
INSERT INTO MATERIAL (NUMERO_PARTE,DESCRIPCION_ES,DESCRIPCION_EN,ID_CATEGORIA_MATERIAL,TIPO_ABASTECIMIENTO,PESO,URL_MULTIMEDIA,MIME_TYPE,STATUS,USUARIO_CREO,FECHA_CREO,USUARIO_MODIFICO,FECHA_MODIFICO) VALUES('CUD0704','CUBRERESPALDO DESECHABLEY20 X 28.5','DISPOSABLE HEADREST COVER',2,55,1,'/media/922967270.png','image/png',1,'amxsab.system@gmail.com',CURRENT_TIMESTAMP,'amxsab.system@gmail.com',CURRENT_TIMESTAMP);
INSERT INTO MATERIAL (NUMERO_PARTE,DESCRIPCION_ES,DESCRIPCION_EN,ID_CATEGORIA_MATERIAL,TIPO_ABASTECIMIENTO,PESO,URL_MULTIMEDIA,MIME_TYPE,STATUS,USUARIO_CREO,FECHA_CREO,USUARIO_MODIFICO,FECHA_MODIFICO) VALUES('CUP0002','CUCHILLO PLASTICO TURISTA','PLASTIC KNIFE TOURIST',2,55,1,'/media/922967270.png','image/png',1,'amxsab.system@gmail.com',CURRENT_TIMESTAMP,'amxsab.system@gmail.com',CURRENT_TIMESTAMP);
INSERT INTO MATERIAL (NUMERO_PARTE,DESCRIPCION_ES,DESCRIPCION_EN,ID_CATEGORIA_MATERIAL,TIPO_ABASTECIMIENTO,PESO,URL_MULTIMEDIA,MIME_TYPE,STATUS,USUARIO_CREO,FECHA_CREO,USUARIO_MODIFICO,FECHA_MODIFICO) VALUES('CUR1201','CURITA ADHESIVA','ADHESIVE BANDAID',2,55,1,'/media/922967270.png','image/png',1,'amxsab.system@gmail.com',CURRENT_TIMESTAMP,'amxsab.system@gmail.com',CURRENT_TIMESTAMP);
INSERT INTO MATERIAL (NUMERO_PARTE,DESCRIPCION_ES,DESCRIPCION_EN,ID_CATEGORIA_MATERIAL,TIPO_ABASTECIMIENTO,PESO,URL_MULTIMEDIA,MIME_TYPE,STATUS,USUARIO_CREO,FECHA_CREO,USUARIO_MODIFICO,FECHA_MODIFICO) VALUES('CUT0703','CUBR RESPALDO TELA P/TRIPULACION','CUBR RESPALDO TELA P/TRIPULACION',2,55,1,'/media/922967270.png','image/png',1,'amxsab.system@gmail.com',CURRENT_TIMESTAMP,'amxsab.system@gmail.com',CURRENT_TIMESTAMP);
INSERT INTO MATERIAL (NUMERO_PARTE,DESCRIPCION_ES,DESCRIPCION_EN,ID_CATEGORIA_MATERIAL,TIPO_ABASTECIMIENTO,PESO,URL_MULTIMEDIA,MIME_TYPE,STATUS,USUARIO_CREO,FECHA_CREO,USUARIO_MODIFICO,FECHA_MODIFICO) VALUES('DEM1301','CHALECO DE DEMOSTRACION','DEMONSTRATION VEST',2,55,1,'/media/922967270.png','image/png',1,'amxsab.system@gmail.com',CURRENT_TIMESTAMP,'amxsab.system@gmail.com',CURRENT_TIMESTAMP);
INSERT INTO MATERIAL (NUMERO_PARTE,DESCRIPCION_ES,DESCRIPCION_EN,ID_CATEGORIA_MATERIAL,TIPO_ABASTECIMIENTO,PESO,URL_MULTIMEDIA,MIME_TYPE,STATUS,USUARIO_CREO,FECHA_CREO,USUARIO_MODIFICO,FECHA_MODIFICO) VALUES('DEM1302','CHALECO DE DEMOSTRACION','CHALECO DE DEMOSTRACION',2,55,1,'/media/922967270.png','image/png',1,'amxsab.system@gmail.com',CURRENT_TIMESTAMP,'amxsab.system@gmail.com',CURRENT_TIMESTAMP);
INSERT INTO MATERIAL (NUMERO_PARTE,DESCRIPCION_ES,DESCRIPCION_EN,ID_CATEGORIA_MATERIAL,TIPO_ABASTECIMIENTO,PESO,URL_MULTIMEDIA,MIME_TYPE,STATUS,USUARIO_CREO,FECHA_CREO,USUARIO_MODIFICO,FECHA_MODIFICO) VALUES('DES0003','DESTAPADOR METALICO TIPO LLAVERO','DESTAPADOR METALICO',3,55,1,'/media/922967270.png','image/png',1,'amxsab.system@gmail.com',CURRENT_TIMESTAMP,'amxsab.system@gmail.com',CURRENT_TIMESTAMP);
INSERT INTO MATERIAL (NUMERO_PARTE,DESCRIPCION_ES,DESCRIPCION_EN,ID_CATEGORIA_MATERIAL,TIPO_ABASTECIMIENTO,PESO,URL_MULTIMEDIA,MIME_TYPE,STATUS,USUARIO_CREO,FECHA_CREO,USUARIO_MODIFICO,FECHA_MODIFICO) VALUES('DES1002','AROMATIZANTE BT 6 OZLAV SPRAY','SCENTED SPRAY FOR LAVATORY',2,55,1,'/media/922967270.png','image/png',1,'amxsab.system@gmail.com',CURRENT_TIMESTAMP,'amxsab.system@gmail.com',CURRENT_TIMESTAMP);
INSERT INTO MATERIAL (NUMERO_PARTE,DESCRIPCION_ES,DESCRIPCION_EN,ID_CATEGORIA_MATERIAL,TIPO_ABASTECIMIENTO,PESO,URL_MULTIMEDIA,MIME_TYPE,STATUS,USUARIO_CREO,FECHA_CREO,USUARIO_MODIFICO,FECHA_MODIFICO) VALUES('DES1003','ELIMINA OLORES Y DESODORANTEBIOZYME EX3 - 6OZ BOTTLES','BIOZYME EX3 6OZ / BT ENZYMATIC CLEANER, DEODORIZER AND FABRIC FRESHENER CASE WITH 12EA PART NO. LS7200 / 6',2,55,1,'/media/922967270.png','image/png',1,'amxsab.system@gmail.com',CURRENT_TIMESTAMP,'amxsab.system@gmail.com',CURRENT_TIMESTAMP);
INSERT INTO MATERIAL (NUMERO_PARTE,DESCRIPCION_ES,DESCRIPCION_EN,ID_CATEGORIA_MATERIAL,TIPO_ABASTECIMIENTO,PESO,URL_MULTIMEDIA,MIME_TYPE,STATUS,USUARIO_CREO,FECHA_CREO,USUARIO_MODIFICO,FECHA_MODIFICO) VALUES('DES1004','AROMATIZANTE AIR FRESHENER','AROMATIZANTE AIR FRESHENER',2,55,1,'/media/922967270.png','image/png',1,'amxsab.system@gmail.com',CURRENT_TIMESTAMP,'amxsab.system@gmail.com',CURRENT_TIMESTAMP);
INSERT INTO MATERIAL (NUMERO_PARTE,DESCRIPCION_ES,DESCRIPCION_EN,ID_CATEGORIA_MATERIAL,TIPO_ABASTECIMIENTO,PESO,URL_MULTIMEDIA,MIME_TYPE,STATUS,USUARIO_CREO,FECHA_CREO,USUARIO_MODIFICO,FECHA_MODIFICO) VALUES('DRA1201','DRAMAMINE','DRAMAMINE',2,55,1,'/media/922967270.png','image/png',1,'amxsab.system@gmail.com',CURRENT_TIMESTAMP,'amxsab.system@gmail.com',CURRENT_TIMESTAMP);
INSERT INTO MATERIAL (NUMERO_PARTE,DESCRIPCION_ES,DESCRIPCION_EN,ID_CATEGORIA_MATERIAL,TIPO_ABASTECIMIENTO,PESO,URL_MULTIMEDIA,MIME_TYPE,STATUS,USUARIO_CREO,FECHA_CREO,USUARIO_MODIFICO,FECHA_MODIFICO) VALUES('DUL0404','OBLEAS SEVILLANA CHICAS','CARAMEL FILLING CANDY',2,55,1,'/media/922967270.png','image/png',1,'amxsab.system@gmail.com',CURRENT_TIMESTAMP,'amxsab.system@gmail.com',CURRENT_TIMESTAMP);
INSERT INTO MATERIAL (NUMERO_PARTE,DESCRIPCION_ES,DESCRIPCION_EN,ID_CATEGORIA_MATERIAL,TIPO_ABASTECIMIENTO,PESO,URL_MULTIMEDIA,MIME_TYPE,STATUS,USUARIO_CREO,FECHA_CREO,USUARIO_MODIFICO,FECHA_MODIFICO) VALUES('DUL0405','DULCE DE CAJETA CON NUEZ GLORIA','CARAMEL AND NUT CANDY',2,55,1,'/media/922967270.png','image/png',1,'amxsab.system@gmail.com',CURRENT_TIMESTAMP,'amxsab.system@gmail.com',CURRENT_TIMESTAMP);
INSERT INTO MATERIAL (NUMERO_PARTE,DESCRIPCION_ES,DESCRIPCION_EN,ID_CATEGORIA_MATERIAL,TIPO_ABASTECIMIENTO,PESO,URL_MULTIMEDIA,MIME_TYPE,STATUS,USUARIO_CREO,FECHA_CREO,USUARIO_MODIFICO,FECHA_MODIFICO) VALUES('DUL0406','ROLLO DE DULCE DE GUAYABA','GUAVA ROLL CANDY',2,55,1,'/media/922967270.png','image/png',1,'amxsab.system@gmail.com',CURRENT_TIMESTAMP,'amxsab.system@gmail.com',CURRENT_TIMESTAMP);
INSERT INTO MATERIAL (NUMERO_PARTE,DESCRIPCION_ES,DESCRIPCION_EN,ID_CATEGORIA_MATERIAL,TIPO_ABASTECIMIENTO,PESO,URL_MULTIMEDIA,MIME_TYPE,STATUS,USUARIO_CREO,FECHA_CREO,USUARIO_MODIFICO,FECHA_MODIFICO) VALUES('DUL0407','BOLA DE DULCE DE TAMARINDO','TAMARIND CANDY',2,55,1,'/media/922967270.png','image/png',1,'amxsab.system@gmail.com',CURRENT_TIMESTAMP,'amxsab.system@gmail.com',CURRENT_TIMESTAMP);
INSERT INTO MATERIAL (NUMERO_PARTE,DESCRIPCION_ES,DESCRIPCION_EN,ID_CATEGORIA_MATERIAL,TIPO_ABASTECIMIENTO,PESO,URL_MULTIMEDIA,MIME_TYPE,STATUS,USUARIO_CREO,FECHA_CREO,USUARIO_MODIFICO,FECHA_MODIFICO) VALUES('DUL0408','CHICLOSO DE CAJETA CON NUEZ','CHICLOSO DE CAJETA CON NUEZ',2,55,1,'/media/922967270.png','image/png',1,'amxsab.system@gmail.com',CURRENT_TIMESTAMP,'amxsab.system@gmail.com',CURRENT_TIMESTAMP);
INSERT INTO MATERIAL (NUMERO_PARTE,DESCRIPCION_ES,DESCRIPCION_EN,ID_CATEGORIA_MATERIAL,TIPO_ABASTECIMIENTO,PESO,URL_MULTIMEDIA,MIME_TYPE,STATUS,USUARIO_CREO,FECHA_CREO,USUARIO_MODIFICO,FECHA_MODIFICO) VALUES('DUL0409','PASTILLASHALLS','HALLS CANDIES',2,55,1,'/media/922967270.png','image/png',1,'amxsab.system@gmail.com',CURRENT_TIMESTAMP,'amxsab.system@gmail.com',CURRENT_TIMESTAMP);
INSERT INTO MATERIAL (NUMERO_PARTE,DESCRIPCION_ES,DESCRIPCION_EN,ID_CATEGORIA_MATERIAL,TIPO_ABASTECIMIENTO,PESO,URL_MULTIMEDIA,MIME_TYPE,STATUS,USUARIO_CREO,FECHA_CREO,USUARIO_MODIFICO,FECHA_MODIFICO) VALUES('-401399','BOOST 235 ML','BOOST ACTIVE ENERGY',5,55,1,'/media/922967270.png','image/png',1,'amxsab.system@gmail.com',CURRENT_TIMESTAMP,'amxsab.system@gmail.com',CURRENT_TIMESTAMP);
INSERT INTO MATERIAL (NUMERO_PARTE,DESCRIPCION_ES,DESCRIPCION_EN,ID_CATEGORIA_MATERIAL,TIPO_ABASTECIMIENTO,PESO,URL_MULTIMEDIA,MIME_TYPE,STATUS,USUARIO_CREO,FECHA_CREO,USUARIO_MODIFICO,FECHA_MODIFICO) VALUES('-400669','BOOST POP 235 ML','BOOST LIGHT ACTIVE ENERGY',5,55,1,'/media/922967270.png','image/png',1,'amxsab.system@gmail.com',CURRENT_TIMESTAMP,'amxsab.system@gmail.com',CURRENT_TIMESTAMP);
INSERT INTO MATERIAL (NUMERO_PARTE,DESCRIPCION_ES,DESCRIPCION_EN,ID_CATEGORIA_MATERIAL,TIPO_ABASTECIMIENTO,PESO,URL_MULTIMEDIA,MIME_TYPE,STATUS,USUARIO_CREO,FECHA_CREO,USUARIO_MODIFICO,FECHA_MODIFICO) VALUES('-399938','BOOST 235 ML EDICION ESPECIAL','BOOST 235 ML EDICION ESPECIAL',5,55,1,'/media/922967270.png','image/png',1,'amxsab.system@gmail.com',CURRENT_TIMESTAMP,'amxsab.system@gmail.com',CURRENT_TIMESTAMP);
INSERT INTO MATERIAL (NUMERO_PARTE,DESCRIPCION_ES,DESCRIPCION_EN,ID_CATEGORIA_MATERIAL,TIPO_ABASTECIMIENTO,PESO,URL_MULTIMEDIA,MIME_TYPE,STATUS,USUARIO_CREO,FECHA_CREO,USUARIO_MODIFICO,FECHA_MODIFICO) VALUES('EST1019','KIT PREMIER','PREMIER CLASS ECO KIT',2,55,1,'/media/922967270.png','image/png',1,'amxsab.system@gmail.com',CURRENT_TIMESTAMP,'amxsab.system@gmail.com',CURRENT_TIMESTAMP);
INSERT INTO MATERIAL (NUMERO_PARTE,DESCRIPCION_ES,DESCRIPCION_EN,ID_CATEGORIA_MATERIAL,TIPO_ABASTECIMIENTO,PESO,URL_MULTIMEDIA,MIME_TYPE,STATUS,USUARIO_CREO,FECHA_CREO,USUARIO_MODIFICO,FECHA_MODIFICO) VALUES('EST1020','ESTUCHE TURISTAANTIFAZ Y SET DENTAL','AMENITY KIT EYESHADE AND DENTAL KIT',2,55,1,'/media/922967270.png','image/png',1,'amxsab.system@gmail.com',CURRENT_TIMESTAMP,'amxsab.system@gmail.com',CURRENT_TIMESTAMP);
INSERT INTO MATERIAL (NUMERO_PARTE,DESCRIPCION_ES,DESCRIPCION_EN,ID_CATEGORIA_MATERIAL,TIPO_ABASTECIMIENTO,PESO,URL_MULTIMEDIA,MIME_TYPE,STATUS,USUARIO_CREO,FECHA_CREO,USUARIO_MODIFICO,FECHA_MODIFICO) VALUES('EST1022','KIT DE VIAJE TURISTA','KIT TURISTA NVA IMAGEN',2,56,1,'/media/922967270.png','image/png',1,'amxsab.system@gmail.com',CURRENT_TIMESTAMP,'amxsab.system@gmail.com',CURRENT_TIMESTAMP);
INSERT INTO MATERIAL (NUMERO_PARTE,DESCRIPCION_ES,DESCRIPCION_EN,ID_CATEGORIA_MATERIAL,TIPO_ABASTECIMIENTO,PESO,URL_MULTIMEDIA,MIME_TYPE,STATUS,USUARIO_CREO,FECHA_CREO,USUARIO_MODIFICO,FECHA_MODIFICO) VALUES('EST1023','KIT PREMIER AQ1','KIT PREMIER AZUL',2,55,1,'/media/922967270.png','image/png',1,'amxsab.system@gmail.com',CURRENT_TIMESTAMP,'amxsab.system@gmail.com',CURRENT_TIMESTAMP);
INSERT INTO MATERIAL (NUMERO_PARTE,DESCRIPCION_ES,DESCRIPCION_EN,ID_CATEGORIA_MATERIAL,TIPO_ABASTECIMIENTO,PESO,URL_MULTIMEDIA,MIME_TYPE,STATUS,USUARIO_CREO,FECHA_CREO,USUARIO_MODIFICO,FECHA_MODIFICO) VALUES('EST1024','KIT PREMIER AQ2','KIT PREMIER CAFÉ',2,55,1,'/media/922967270.png','image/png',1,'amxsab.system@gmail.com',CURRENT_TIMESTAMP,'amxsab.system@gmail.com',CURRENT_TIMESTAMP);
INSERT INTO MATERIAL (NUMERO_PARTE,DESCRIPCION_ES,DESCRIPCION_EN,ID_CATEGORIA_MATERIAL,TIPO_ABASTECIMIENTO,PESO,URL_MULTIMEDIA,MIME_TYPE,STATUS,USUARIO_CREO,FECHA_CREO,USUARIO_MODIFICO,FECHA_MODIFICO) VALUES('EST1025','KIT PREMIER BG1. SALIDA','KIT PREMIER PL1',2,56,1,'/media/922967270.png','image/png',1,'amxsab.system@gmail.com',CURRENT_TIMESTAMP,'amxsab.system@gmail.com',CURRENT_TIMESTAMP);
INSERT INTO MATERIAL (NUMERO_PARTE,DESCRIPCION_ES,DESCRIPCION_EN,ID_CATEGORIA_MATERIAL,TIPO_ABASTECIMIENTO,PESO,URL_MULTIMEDIA,MIME_TYPE,STATUS,USUARIO_CREO,FECHA_CREO,USUARIO_MODIFICO,FECHA_MODIFICO) VALUES('EST1026','KIT PREMIER BG2. REGRESO','KIT PREMIER PL2',2,56,1,'/media/922967270.png','image/png',1,'amxsab.system@gmail.com',CURRENT_TIMESTAMP,'amxsab.system@gmail.com',CURRENT_TIMESTAMP);
INSERT INTO MATERIAL (NUMERO_PARTE,DESCRIPCION_ES,DESCRIPCION_EN,ID_CATEGORIA_MATERIAL,TIPO_ABASTECIMIENTO,PESO,URL_MULTIMEDIA,MIME_TYPE,STATUS,USUARIO_CREO,FECHA_CREO,USUARIO_MODIFICO,FECHA_MODIFICO) VALUES('EST1027','KIT DE VIAJE EVENTO PAPAL 2016','KIT DE VIAJE EVENTO PAPAL 2016',2,55,1,'/media/922967270.png','image/png',1,'amxsab.system@gmail.com',CURRENT_TIMESTAMP,'amxsab.system@gmail.com',CURRENT_TIMESTAMP);
INSERT INTO MATERIAL (NUMERO_PARTE,DESCRIPCION_ES,DESCRIPCION_EN,ID_CATEGORIA_MATERIAL,TIPO_ABASTECIMIENTO,PESO,URL_MULTIMEDIA,MIME_TYPE,STATUS,USUARIO_CREO,FECHA_CREO,USUARIO_MODIFICO,FECHA_MODIFICO) VALUES('EST1028','KIT DE VIAJE TURISTA V2017','KIT DE VIAJE TURISTA V2017',2,56,1,'/media/922967270.png','image/png',1,'amxsab.system@gmail.com',CURRENT_TIMESTAMP,'amxsab.system@gmail.com',CURRENT_TIMESTAMP);
INSERT INTO MATERIAL (NUMERO_PARTE,DESCRIPCION_ES,DESCRIPCION_EN,ID_CATEGORIA_MATERIAL,TIPO_ABASTECIMIENTO,PESO,URL_MULTIMEDIA,MIME_TYPE,STATUS,USUARIO_CREO,FECHA_CREO,USUARIO_MODIFICO,FECHA_MODIFICO) VALUES('ETI0501','ETIQUETA SALERO Y PIMENTERO J1/30','SALT AND PEPPERSHAKER LABEL',2,55,1,'/media/922967270.png','image/png',1,'amxsab.system@gmail.com',CURRENT_TIMESTAMP,'amxsab.system@gmail.com',CURRENT_TIMESTAMP);
INSERT INTO MATERIAL (NUMERO_PARTE,DESCRIPCION_ES,DESCRIPCION_EN,ID_CATEGORIA_MATERIAL,TIPO_ABASTECIMIENTO,PESO,URL_MULTIMEDIA,MIME_TYPE,STATUS,USUARIO_CREO,FECHA_CREO,USUARIO_MODIFICO,FECHA_MODIFICO) VALUES('ETI0502','ETIQUETA GANCHO DE ROPA 1/1','HANGER LABEL',2,55,1,'/media/922967270.png','image/png',1,'amxsab.system@gmail.com',CURRENT_TIMESTAMP,'amxsab.system@gmail.com',CURRENT_TIMESTAMP);
INSERT INTO MATERIAL (NUMERO_PARTE,DESCRIPCION_ES,DESCRIPCION_EN,ID_CATEGORIA_MATERIAL,TIPO_ABASTECIMIENTO,PESO,URL_MULTIMEDIA,MIME_TYPE,STATUS,USUARIO_CREO,FECHA_CREO,USUARIO_MODIFICO,FECHA_MODIFICO) VALUES('ETI0506','ETIQUETA IDENTIFICADORA DE MATERIAL 1/10','MATERIAL IDENTIFICATION TAG',2,55,1,'/media/922967270.png','image/png',1,'amxsab.system@gmail.com',CURRENT_TIMESTAMP,'amxsab.system@gmail.com',CURRENT_TIMESTAMP);
INSERT INTO MATERIAL (NUMERO_PARTE,DESCRIPCION_ES,DESCRIPCION_EN,ID_CATEGORIA_MATERIAL,TIPO_ABASTECIMIENTO,PESO,URL_MULTIMEDIA,MIME_TYPE,STATUS,USUARIO_CREO,FECHA_CREO,USUARIO_MODIFICO,FECHA_MODIFICO) VALUES('ETI0508','ETIQUETA PARA EQUIPO DAÑADO','DAMAGED EQUIPMENT LABEL',2,55,1,'/media/922967270.png','image/png',1,'amxsab.system@gmail.com',CURRENT_TIMESTAMP,'amxsab.system@gmail.com',CURRENT_TIMESTAMP);
INSERT INTO MATERIAL (NUMERO_PARTE,DESCRIPCION_ES,DESCRIPCION_EN,ID_CATEGORIA_MATERIAL,TIPO_ABASTECIMIENTO,PESO,URL_MULTIMEDIA,MIME_TYPE,STATUS,USUARIO_CREO,FECHA_CREO,USUARIO_MODIFICO,FECHA_MODIFICO) VALUES('ETI0509','TARJETA BLANCA IDENTIFICACION DE EQUIPO','WHITE ID EQUIPMENT CARD',2,55,1,'/media/922967270.png','image/png',1,'amxsab.system@gmail.com',CURRENT_TIMESTAMP,'amxsab.system@gmail.com',CURRENT_TIMESTAMP);
INSERT INTO MATERIAL (NUMERO_PARTE,DESCRIPCION_ES,DESCRIPCION_EN,ID_CATEGORIA_MATERIAL,TIPO_ABASTECIMIENTO,PESO,URL_MULTIMEDIA,MIME_TYPE,STATUS,USUARIO_CREO,FECHA_CREO,USUARIO_MODIFICO,FECHA_MODIFICO) VALUES('ETI0512','ETIQUETA PARA VINO','ADHESIVE STICK FOR WINES',2,55,1,'/media/922967270.png','image/png',1,'amxsab.system@gmail.com',CURRENT_TIMESTAMP,'amxsab.system@gmail.com',CURRENT_TIMESTAMP);
INSERT INTO MATERIAL (NUMERO_PARTE,DESCRIPCION_ES,DESCRIPCION_EN,ID_CATEGORIA_MATERIAL,TIPO_ABASTECIMIENTO,PESO,URL_MULTIMEDIA,MIME_TYPE,STATUS,USUARIO_CREO,FECHA_CREO,USUARIO_MODIFICO,FECHA_MODIFICO) VALUES('ETI0515','ETIQUETA PARA ALIMENTOS CALIENTES','HOT FOOD LABEL',2,55,1,'/media/922967270.png','image/png',1,'amxsab.system@gmail.com',CURRENT_TIMESTAMP,'amxsab.system@gmail.com',CURRENT_TIMESTAMP);
INSERT INTO MATERIAL (NUMERO_PARTE,DESCRIPCION_ES,DESCRIPCION_EN,ID_CATEGORIA_MATERIAL,TIPO_ABASTECIMIENTO,PESO,URL_MULTIMEDIA,MIME_TYPE,STATUS,USUARIO_CREO,FECHA_CREO,USUARIO_MODIFICO,FECHA_MODIFICO) VALUES('FCL0501','FORMATO SELLO DE DESCARGA','UNLOADING CONTROL FORM',2,55,1,'/media/922967270.png','image/png',1,'amxsab.system@gmail.com',CURRENT_TIMESTAMP,'amxsab.system@gmail.com',CURRENT_TIMESTAMP);
INSERT INTO MATERIAL (NUMERO_PARTE,DESCRIPCION_ES,DESCRIPCION_EN,ID_CATEGORIA_MATERIAL,TIPO_ABASTECIMIENTO,PESO,URL_MULTIMEDIA,MIME_TYPE,STATUS,USUARIO_CREO,FECHA_CREO,USUARIO_MODIFICO,FECHA_MODIFICO) VALUES('FIL0601','FILTRODESECHABLE PARA CAFEAL','DISPOSABLE COFFE FILTER',2,55,1,'/media/922967270.png','image/png',1,'amxsab.system@gmail.com',CURRENT_TIMESTAMP,'amxsab.system@gmail.com',CURRENT_TIMESTAMP);
INSERT INTO MATERIAL (NUMERO_PARTE,DESCRIPCION_ES,DESCRIPCION_EN,ID_CATEGORIA_MATERIAL,TIPO_ABASTECIMIENTO,PESO,URL_MULTIMEDIA,MIME_TYPE,STATUS,USUARIO_CREO,FECHA_CREO,USUARIO_MODIFICO,FECHA_MODIFICO) VALUES('FIL0602','FILTRO DUAL DE PAPEL','DUAL FILTER OF PAPER',2,55,1,'/media/922967270.png','image/png',1,'amxsab.system@gmail.com',CURRENT_TIMESTAMP,'amxsab.system@gmail.com',CURRENT_TIMESTAMP);
INSERT INTO MATERIAL (NUMERO_PARTE,DESCRIPCION_ES,DESCRIPCION_EN,ID_CATEGORIA_MATERIAL,TIPO_ABASTECIMIENTO,PESO,URL_MULTIMEDIA,MIME_TYPE,STATUS,USUARIO_CREO,FECHA_CREO,USUARIO_MODIFICO,FECHA_MODIFICO) VALUES('FLO0001','VARA DE FLORES ARTIFICIALES BLOSSOM','VARA DE FLORES ARTIFICIALES BLOSSOM',2,55,1,'/media/922967270.png','image/png',1,'amxsab.system@gmail.com',CURRENT_TIMESTAMP,'amxsab.system@gmail.com',CURRENT_TIMESTAMP);
INSERT INTO MATERIAL (NUMERO_PARTE,DESCRIPCION_ES,DESCRIPCION_EN,ID_CATEGORIA_MATERIAL,TIPO_ABASTECIMIENTO,PESO,URL_MULTIMEDIA,MIME_TYPE,STATUS,USUARIO_CREO,FECHA_CREO,USUARIO_MODIFICO,FECHA_MODIFICO) VALUES('FOR0502','ENTREGA Y RECEPCION DE SERVICIO','DELIVERY AND RECEPTION FORMAT',2,55,1,'/media/922967270.png','image/png',1,'amxsab.system@gmail.com',CURRENT_TIMESTAMP,'amxsab.system@gmail.com',CURRENT_TIMESTAMP);
INSERT INTO MATERIAL (NUMERO_PARTE,DESCRIPCION_ES,DESCRIPCION_EN,ID_CATEGORIA_MATERIAL,TIPO_ABASTECIMIENTO,PESO,URL_MULTIMEDIA,MIME_TYPE,STATUS,USUARIO_CREO,FECHA_CREO,USUARIO_MODIFICO,FECHA_MODIFICO) VALUES('FOR0504','FORMATO LICORES USA','FORMATO LICIRES USA',2,55,1,'/media/922967270.png','image/png',1,'amxsab.system@gmail.com',CURRENT_TIMESTAMP,'amxsab.system@gmail.com',CURRENT_TIMESTAMP);
INSERT INTO MATERIAL (NUMERO_PARTE,DESCRIPCION_ES,DESCRIPCION_EN,ID_CATEGORIA_MATERIAL,TIPO_ABASTECIMIENTO,PESO,URL_MULTIMEDIA,MIME_TYPE,STATUS,USUARIO_CREO,FECHA_CREO,USUARIO_MODIFICO,FECHA_MODIFICO) VALUES('FOR0601','FORMATO CONEXION WiFi A BORDO REV. A','FORMATO CONEXION WiFi ABORDO',2,55,1,'/media/922967270.png','image/png',1,'amxsab.system@gmail.com',CURRENT_TIMESTAMP,'amxsab.system@gmail.com',CURRENT_TIMESTAMP);
INSERT INTO MATERIAL (NUMERO_PARTE,DESCRIPCION_ES,DESCRIPCION_EN,ID_CATEGORIA_MATERIAL,TIPO_ABASTECIMIENTO,PESO,URL_MULTIMEDIA,MIME_TYPE,STATUS,USUARIO_CREO,FECHA_CREO,USUARIO_MODIFICO,FECHA_MODIFICO) VALUES('FOR0602','FORMATO STREAMING GOGO INFLIGHT','FORMATO STREAMING GOGO INFLIGHT',2,55,1,'/media/922967270.png','image/png',1,'amxsab.system@gmail.com',CURRENT_TIMESTAMP,'amxsab.system@gmail.com',CURRENT_TIMESTAMP);
INSERT INTO MATERIAL (NUMERO_PARTE,DESCRIPCION_ES,DESCRIPCION_EN,ID_CATEGORIA_MATERIAL,TIPO_ABASTECIMIENTO,PESO,URL_MULTIMEDIA,MIME_TYPE,STATUS,USUARIO_CREO,FECHA_CREO,USUARIO_MODIFICO,FECHA_MODIFICO) VALUES('FOR0603','FORMATO WIFI 2KU','FORMATO WIFI 2KU',2,55,1,'/media/922967270.png','image/png',1,'amxsab.system@gmail.com',CURRENT_TIMESTAMP,'amxsab.system@gmail.com',CURRENT_TIMESTAMP);
INSERT INTO MATERIAL (NUMERO_PARTE,DESCRIPCION_ES,DESCRIPCION_EN,ID_CATEGORIA_MATERIAL,TIPO_ABASTECIMIENTO,PESO,URL_MULTIMEDIA,MIME_TYPE,STATUS,USUARIO_CREO,FECHA_CREO,USUARIO_MODIFICO,FECHA_MODIFICO) VALUES('FUN0705','FUNDA PARA ALMOHADA CON LOGO DE 25 X 35','PILLOWCOVER',2,55,1,'/media/922967270.png','image/png',1,'amxsab.system@gmail.com',CURRENT_TIMESTAMP,'amxsab.system@gmail.com',CURRENT_TIMESTAMP);
INSERT INTO MATERIAL (NUMERO_PARTE,DESCRIPCION_ES,DESCRIPCION_EN,ID_CATEGORIA_MATERIAL,TIPO_ABASTECIMIENTO,PESO,URL_MULTIMEDIA,MIME_TYPE,STATUS,USUARIO_CREO,FECHA_CREO,USUARIO_MODIFICO,FECHA_MODIFICO) VALUES('FUN0706','FUNDA P/ALMOHADA EUROPA NVA IMAGENP','PILLOWCOVER P EUROPE NEW IMAGEN',2,55,1,'/media/922967270.png','image/png',1,'amxsab.system@gmail.com',CURRENT_TIMESTAMP,'amxsab.system@gmail.com',CURRENT_TIMESTAMP);
INSERT INTO MATERIAL (NUMERO_PARTE,DESCRIPCION_ES,DESCRIPCION_EN,ID_CATEGORIA_MATERIAL,TIPO_ABASTECIMIENTO,PESO,URL_MULTIMEDIA,MIME_TYPE,STATUS,USUARIO_CREO,FECHA_CREO,USUARIO_MODIFICO,FECHA_MODIFICO) VALUES('FUN0708','FUNDA PREMIER AEROMEXICO','FUNDA PREMIER AEROMEXICO',2,55,1,'/media/922967270.png','image/png',1,'amxsab.system@gmail.com',CURRENT_TIMESTAMP,'amxsab.system@gmail.com',CURRENT_TIMESTAMP);
INSERT INTO MATERIAL (NUMERO_PARTE,DESCRIPCION_ES,DESCRIPCION_EN,ID_CATEGORIA_MATERIAL,TIPO_ABASTECIMIENTO,PESO,URL_MULTIMEDIA,MIME_TYPE,STATUS,USUARIO_CREO,FECHA_CREO,USUARIO_MODIFICO,FECHA_MODIFICO) VALUES('FUN0709','FUNDA P/ALMOHADA PREMIER','FUNDA P/ALMOHADA ALMOHADA PREMIER',2,55,1,'/media/922967270.png','image/png',1,'amxsab.system@gmail.com',CURRENT_TIMESTAMP,'amxsab.system@gmail.com',CURRENT_TIMESTAMP);
INSERT INTO MATERIAL (NUMERO_PARTE,DESCRIPCION_ES,DESCRIPCION_EN,ID_CATEGORIA_MATERIAL,TIPO_ABASTECIMIENTO,PESO,URL_MULTIMEDIA,MIME_TYPE,STATUS,USUARIO_CREO,FECHA_CREO,USUARIO_MODIFICO,FECHA_MODIFICO) VALUES('FVU0503','REPORTE AL COMANDANTE','PRE FLIGHT CONTROL FORM',2,55,1,'/media/922967270.png','image/png',1,'amxsab.system@gmail.com',CURRENT_TIMESTAMP,'amxsab.system@gmail.com',CURRENT_TIMESTAMP);
INSERT INTO MATERIAL (NUMERO_PARTE,DESCRIPCION_ES,DESCRIPCION_EN,ID_CATEGORIA_MATERIAL,TIPO_ABASTECIMIENTO,PESO,URL_MULTIMEDIA,MIME_TYPE,STATUS,USUARIO_CREO,FECHA_CREO,USUARIO_MODIFICO,FECHA_MODIFICO) VALUES('GAL0429','GALLETA STILA','GALLETA STILA',2,55,1,'/media/922967270.png','image/png',1,'amxsab.system@gmail.com',CURRENT_TIMESTAMP,'amxsab.system@gmail.com',CURRENT_TIMESTAMP);
INSERT INTO MATERIAL (NUMERO_PARTE,DESCRIPCION_ES,DESCRIPCION_EN,ID_CATEGORIA_MATERIAL,TIPO_ABASTECIMIENTO,PESO,URL_MULTIMEDIA,MIME_TYPE,STATUS,USUARIO_CREO,FECHA_CREO,USUARIO_MODIFICO,FECHA_MODIFICO) VALUES('GAL0431','GALLETA STILA MINI DE 21 GR CACAHUATE, AMARANTO Y ARANDADO','STILA PELLETS COOKIE MINI',2,55,1,'/media/922967270.png','image/png',1,'amxsab.system@gmail.com',CURRENT_TIMESTAMP,'amxsab.system@gmail.com',CURRENT_TIMESTAMP);
INSERT INTO MATERIAL (NUMERO_PARTE,DESCRIPCION_ES,DESCRIPCION_EN,ID_CATEGORIA_MATERIAL,TIPO_ABASTECIMIENTO,PESO,URL_MULTIMEDIA,MIME_TYPE,STATUS,USUARIO_CREO,FECHA_CREO,USUARIO_MODIFICO,FECHA_MODIFICO) VALUES('GAL0433','GALLETA AVENA CON GRANOLA, MANZANA-CANELA O PASAS.','APPLE CINNAMON OATMEAL COOKIE',2,55,1,'/media/922967270.png','image/png',1,'amxsab.system@gmail.com',CURRENT_TIMESTAMP,'amxsab.system@gmail.com',CURRENT_TIMESTAMP);
INSERT INTO MATERIAL (NUMERO_PARTE,DESCRIPCION_ES,DESCRIPCION_EN,ID_CATEGORIA_MATERIAL,TIPO_ABASTECIMIENTO,PESO,URL_MULTIMEDIA,MIME_TYPE,STATUS,USUARIO_CREO,FECHA_CREO,USUARIO_MODIFICO,FECHA_MODIFICO) VALUES('GAL0434','GALLETA FLORENTINA DE FRESA Y CAJETA','GALLETA FLORENTINA DE FRESA Y CAJETA',2,55,1,'/media/922967270.png','image/png',1,'amxsab.system@gmail.com',CURRENT_TIMESTAMP,'amxsab.system@gmail.com',CURRENT_TIMESTAMP);
INSERT INTO MATERIAL (NUMERO_PARTE,DESCRIPCION_ES,DESCRIPCION_EN,ID_CATEGORIA_MATERIAL,TIPO_ABASTECIMIENTO,PESO,URL_MULTIMEDIA,MIME_TYPE,STATUS,USUARIO_CREO,FECHA_CREO,USUARIO_MODIFICO,FECHA_MODIFICO) VALUES('GAL0435','GALLETA FLORENTINA FRESA/CAJETCAJETA','GALLETA FLORENTINA FRESA/CAJETCAJETA',2,55,1,'/media/922967270.png','image/png',1,'amxsab.system@gmail.com',CURRENT_TIMESTAMP,'amxsab.system@gmail.com',CURRENT_TIMESTAMP);
INSERT INTO MATERIAL (NUMERO_PARTE,DESCRIPCION_ES,DESCRIPCION_EN,ID_CATEGORIA_MATERIAL,TIPO_ABASTECIMIENTO,PESO,URL_MULTIMEDIA,MIME_TYPE,STATUS,USUARIO_CREO,FECHA_CREO,USUARIO_MODIFICO,FECHA_MODIFICO) VALUES('GAL0436','GALLETA STILA MANZ-MANGO 25GR','GALLETASTILA MANZ-MANGO 25GR',2,55,1,'/media/922967270.png','image/png',1,'amxsab.system@gmail.com',CURRENT_TIMESTAMP,'amxsab.system@gmail.com',CURRENT_TIMESTAMP);
INSERT INTO MATERIAL (NUMERO_PARTE,DESCRIPCION_ES,DESCRIPCION_EN,ID_CATEGORIA_MATERIAL,TIPO_ABASTECIMIENTO,PESO,URL_MULTIMEDIA,MIME_TYPE,STATUS,USUARIO_CREO,FECHA_CREO,USUARIO_MODIFICO,FECHA_MODIFICO) VALUES('GAL0437','GALLETA EMPERADOR CHOCOLATE','GALLETA EMPERADOR CHOCOLATE',2,55,1,'/media/922967270.png','image/png',1,'amxsab.system@gmail.com',CURRENT_TIMESTAMP,'amxsab.system@gmail.com',CURRENT_TIMESTAMP);
INSERT INTO MATERIAL (NUMERO_PARTE,DESCRIPCION_ES,DESCRIPCION_EN,ID_CATEGORIA_MATERIAL,TIPO_ABASTECIMIENTO,PESO,URL_MULTIMEDIA,MIME_TYPE,STATUS,USUARIO_CREO,FECHA_CREO,USUARIO_MODIFICO,FECHA_MODIFICO) VALUES('GAL0438','GALLETA TURISTA 2EA 15GR C/U','GALLETA TURISTA 2EA 15GR C/U',2,55,1,'/media/922967270.png','image/png',1,'amxsab.system@gmail.com',CURRENT_TIMESTAMP,'amxsab.system@gmail.com',CURRENT_TIMESTAMP);
INSERT INTO MATERIAL (NUMERO_PARTE,DESCRIPCION_ES,DESCRIPCION_EN,ID_CATEGORIA_MATERIAL,TIPO_ABASTECIMIENTO,PESO,URL_MULTIMEDIA,MIME_TYPE,STATUS,USUARIO_CREO,FECHA_CREO,USUARIO_MODIFICO,FECHA_MODIFICO) VALUES('GAL0439','GALLETA PREMIER PISTACHE/ FRESA / BLUEBERRY','GALLETA PREMIER PISTACHE/ FRESA / BLUEBERRY',2,55,1,'/media/922967270.png','image/png',1,'amxsab.system@gmail.com',CURRENT_TIMESTAMP,'amxsab.system@gmail.com',CURRENT_TIMESTAMP);
INSERT INTO MATERIAL (NUMERO_PARTE,DESCRIPCION_ES,DESCRIPCION_EN,ID_CATEGORIA_MATERIAL,TIPO_ABASTECIMIENTO,PESO,URL_MULTIMEDIA,MIME_TYPE,STATUS,USUARIO_CREO,FECHA_CREO,USUARIO_MODIFICO,FECHA_MODIFICO) VALUES('GAL0440','BARRA ANTIOXIDANTE','BARRA ANTIOXIDANTE',2,55,1,'/media/922967270.png','image/png',1,'amxsab.system@gmail.com',CURRENT_TIMESTAMP,'amxsab.system@gmail.com',CURRENT_TIMESTAMP);
INSERT INTO MATERIAL (NUMERO_PARTE,DESCRIPCION_ES,DESCRIPCION_EN,ID_CATEGORIA_MATERIAL,TIPO_ABASTECIMIENTO,PESO,URL_MULTIMEDIA,MIME_TYPE,STATUS,USUARIO_CREO,FECHA_CREO,USUARIO_MODIFICO,FECHA_MODIFICO) VALUES('GAL0441','BARRA DE 40 GR NATURAL BALANCE DE CHOCOLATE','BARRA DE AVENA CON MIEL',2,55,1,'/media/922967270.png','image/png',1,'amxsab.system@gmail.com',CURRENT_TIMESTAMP,'amxsab.system@gmail.com',CURRENT_TIMESTAMP);
INSERT INTO MATERIAL (NUMERO_PARTE,DESCRIPCION_ES,DESCRIPCION_EN,ID_CATEGORIA_MATERIAL,TIPO_ABASTECIMIENTO,PESO,URL_MULTIMEDIA,MIME_TYPE,STATUS,USUARIO_CREO,FECHA_CREO,USUARIO_MODIFICO,FECHA_MODIFICO) VALUES('GAL0442','GALLETA CHOKIS','GALLETA CHOKIS',2,55,1,'/media/922967270.png','image/png',1,'amxsab.system@gmail.com',CURRENT_TIMESTAMP,'amxsab.system@gmail.com',CURRENT_TIMESTAMP);
INSERT INTO MATERIAL (NUMERO_PARTE,DESCRIPCION_ES,DESCRIPCION_EN,ID_CATEGORIA_MATERIAL,TIPO_ABASTECIMIENTO,PESO,URL_MULTIMEDIA,MIME_TYPE,STATUS,USUARIO_CREO,FECHA_CREO,USUARIO_MODIFICO,FECHA_MODIFICO) VALUES('GAL0443','GALLETA EMPERADOR ZENTRO','GALLETA EMPERADOR ZENTRO',2,55,1,'/media/922967270.png','image/png',1,'amxsab.system@gmail.com',CURRENT_TIMESTAMP,'amxsab.system@gmail.com',CURRENT_TIMESTAMP);
INSERT INTO MATERIAL (NUMERO_PARTE,DESCRIPCION_ES,DESCRIPCION_EN,ID_CATEGORIA_MATERIAL,TIPO_ABASTECIMIENTO,PESO,URL_MULTIMEDIA,MIME_TYPE,STATUS,USUARIO_CREO,FECHA_CREO,USUARIO_MODIFICO,FECHA_MODIFICO) VALUES('GAN0601','GANCHO DE PLASTICO','PLASTIC HANGER',2,55,1,'/media/922967270.png','image/png',1,'amxsab.system@gmail.com',CURRENT_TIMESTAMP,'amxsab.system@gmail.com',CURRENT_TIMESTAMP);
INSERT INTO MATERIAL (NUMERO_PARTE,DESCRIPCION_ES,DESCRIPCION_EN,ID_CATEGORIA_MATERIAL,TIPO_ABASTECIMIENTO,PESO,URL_MULTIMEDIA,MIME_TYPE,STATUS,USUARIO_CREO,FECHA_CREO,USUARIO_MODIFICO,FECHA_MODIFICO) VALUES('GAV1306','GAVETA D/PLASTICO P/HIELO','PLASTIC DRAWER ATLAS STD FOR ICE',6,55,1,'/media/922967270.png','image/png',1,'amxsab.system@gmail.com',CURRENT_TIMESTAMP,'amxsab.system@gmail.com',CURRENT_TIMESTAMP);
INSERT INTO MATERIAL (NUMERO_PARTE,DESCRIPCION_ES,DESCRIPCION_EN,ID_CATEGORIA_MATERIAL,TIPO_ABASTECIMIENTO,PESO,URL_MULTIMEDIA,MIME_TYPE,STATUS,USUARIO_CREO,FECHA_CREO,USUARIO_MODIFICO,FECHA_MODIFICO) VALUES('GAV1312','GAVETA DE PLASTICO P/MISCELANEOS STD','PLASTIC DRAWER FOR MISCELANEOUS STD',6,55,1,'/media/922967270.png','image/png',1,'amxsab.system@gmail.com',CURRENT_TIMESTAMP,'amxsab.system@gmail.com',CURRENT_TIMESTAMP);
INSERT INTO MATERIAL (NUMERO_PARTE,DESCRIPCION_ES,DESCRIPCION_EN,ID_CATEGORIA_MATERIAL,TIPO_ABASTECIMIENTO,PESO,URL_MULTIMEDIA,MIME_TYPE,STATUS,USUARIO_CREO,FECHA_CREO,USUARIO_MODIFICO,FECHA_MODIFICO) VALUES('GAV1313','GAVETA DE ALUMINIO P/CERVEZA','AUMINIUM DEEP DRAWER',6,55,1,'/media/922967270.png','image/png',1,'amxsab.system@gmail.com',CURRENT_TIMESTAMP,'amxsab.system@gmail.com',CURRENT_TIMESTAMP);
INSERT INTO MATERIAL (NUMERO_PARTE,DESCRIPCION_ES,DESCRIPCION_EN,ID_CATEGORIA_MATERIAL,TIPO_ABASTECIMIENTO,PESO,URL_MULTIMEDIA,MIME_TYPE,STATUS,USUARIO_CREO,FECHA_CREO,USUARIO_MODIFICO,FECHA_MODIFICO) VALUES('GAV1314','GAVETA DE ALUMINIOP/HIELOS','ALUMINIUM DRAWER ICE',6,55,1,'/media/922967270.png','image/png',1,'amxsab.system@gmail.com',CURRENT_TIMESTAMP,'amxsab.system@gmail.com',CURRENT_TIMESTAMP);
INSERT INTO MATERIAL (NUMERO_PARTE,DESCRIPCION_ES,DESCRIPCION_EN,ID_CATEGORIA_MATERIAL,TIPO_ABASTECIMIENTO,PESO,URL_MULTIMEDIA,MIME_TYPE,STATUS,USUARIO_CREO,FECHA_CREO,USUARIO_MODIFICO,FECHA_MODIFICO) VALUES('GAV1315','GAVETA DE ALUMINIO P/HIELOS EMB-190','ALUMINIUM DRAWER ICE',6,55,1,'/media/922967270.png','image/png',1,'amxsab.system@gmail.com',CURRENT_TIMESTAMP,'amxsab.system@gmail.com',CURRENT_TIMESTAMP);
INSERT INTO MATERIAL (NUMERO_PARTE,DESCRIPCION_ES,DESCRIPCION_EN,ID_CATEGORIA_MATERIAL,TIPO_ABASTECIMIENTO,PESO,URL_MULTIMEDIA,MIME_TYPE,STATUS,USUARIO_CREO,FECHA_CREO,USUARIO_MODIFICO,FECHA_MODIFICO) VALUES('GAV1316','CAJON D/PLASTICO P/HIELOICE DRAWER NP 13420','ICE DRAWER',6,55,1,'/media/922967270.png','image/png',1,'amxsab.system@gmail.com',CURRENT_TIMESTAMP,'amxsab.system@gmail.com',CURRENT_TIMESTAMP);
INSERT INTO MATERIAL (NUMERO_PARTE,DESCRIPCION_ES,DESCRIPCION_EN,ID_CATEGORIA_MATERIAL,TIPO_ABASTECIMIENTO,PESO,URL_MULTIMEDIA,MIME_TYPE,STATUS,USUARIO_CREO,FECHA_CREO,USUARIO_MODIFICO,FECHA_MODIFICO) VALUES('GAV1317','GAVETA PORTA IPAD','GAVETA PORTA IPAD',6,55,1,'/media/922967270.png','image/png',1,'amxsab.system@gmail.com',CURRENT_TIMESTAMP,'amxsab.system@gmail.com',CURRENT_TIMESTAMP);
INSERT INTO MATERIAL (NUMERO_PARTE,DESCRIPCION_ES,DESCRIPCION_EN,ID_CATEGORIA_MATERIAL,TIPO_ABASTECIMIENTO,PESO,URL_MULTIMEDIA,MIME_TYPE,STATUS,USUARIO_CREO,FECHA_CREO,USUARIO_MODIFICO,FECHA_MODIFICO) VALUES('GAV1320','GAVETA DE PLASTICO PRUEBA','GAVETA DE PLASTICO PRUEBA',6,55,1,'/media/922967270.png','image/png',1,'amxsab.system@gmail.com',CURRENT_TIMESTAMP,'amxsab.system@gmail.com',CURRENT_TIMESTAMP);
INSERT INTO MATERIAL (NUMERO_PARTE,DESCRIPCION_ES,DESCRIPCION_EN,ID_CATEGORIA_MATERIAL,TIPO_ABASTECIMIENTO,PESO,URL_MULTIMEDIA,MIME_TYPE,STATUS,USUARIO_CREO,FECHA_CREO,USUARIO_MODIFICO,FECHA_MODIFICO) VALUES('GAV1321','GAVETA DE PLASTICO C/NATURAL','GAVETA DE PLASTICO AZUL PARA MISCELANEOS',6,55,1,'/media/922967270.png','image/png',1,'amxsab.system@gmail.com',CURRENT_TIMESTAMP,'amxsab.system@gmail.com',CURRENT_TIMESTAMP);
INSERT INTO MATERIAL (NUMERO_PARTE,DESCRIPCION_ES,DESCRIPCION_EN,ID_CATEGORIA_MATERIAL,TIPO_ABASTECIMIENTO,PESO,URL_MULTIMEDIA,MIME_TYPE,STATUS,USUARIO_CREO,FECHA_CREO,USUARIO_MODIFICO,FECHA_MODIFICO) VALUES('GAV1322','GAVETA ATLAS','GAVETA ATLAS',6,55,1,'/media/922967270.png','image/png',1,'amxsab.system@gmail.com',CURRENT_TIMESTAMP,'amxsab.system@gmail.com',CURRENT_TIMESTAMP);
INSERT INTO MATERIAL (NUMERO_PARTE,DESCRIPCION_ES,DESCRIPCION_EN,ID_CATEGORIA_MATERIAL,TIPO_ABASTECIMIENTO,PESO,URL_MULTIMEDIA,MIME_TYPE,STATUS,USUARIO_CREO,FECHA_CREO,USUARIO_MODIFICO,FECHA_MODIFICO) VALUES('GIN0901','GINEBRA BEEFEATER 750ML','GINEBRA BEEFEATER 750ML',5,55,1,'/media/922967270.png','image/png',1,'amxsab.system@gmail.com',CURRENT_TIMESTAMP,'amxsab.system@gmail.com',CURRENT_TIMESTAMP);
INSERT INTO MATERIAL (NUMERO_PARTE,DESCRIPCION_ES,DESCRIPCION_EN,ID_CATEGORIA_MATERIAL,TIPO_ABASTECIMIENTO,PESO,URL_MULTIMEDIA,MIME_TYPE,STATUS,USUARIO_CREO,FECHA_CREO,USUARIO_MODIFICO,FECHA_MODIFICO) VALUES('GUA1202','GUANTE QUIRURGICO','SURGERY GLOVES',2,55,1,'/media/922967270.png','image/png',1,'amxsab.system@gmail.com',CURRENT_TIMESTAMP,'amxsab.system@gmail.com',CURRENT_TIMESTAMP);
INSERT INTO MATERIAL (NUMERO_PARTE,DESCRIPCION_ES,DESCRIPCION_EN,ID_CATEGORIA_MATERIAL,TIPO_ABASTECIMIENTO,PESO,URL_MULTIMEDIA,MIME_TYPE,STATUS,USUARIO_CREO,FECHA_CREO,USUARIO_MODIFICO,FECHA_MODIFICO) VALUES('HEL0402','VASO DE HELADO 100ML','VASO DE HELADO 100ML',2,55,1,'/media/922967270.png','image/png',1,'amxsab.system@gmail.com',CURRENT_TIMESTAMP,'amxsab.system@gmail.com',CURRENT_TIMESTAMP);
INSERT INTO MATERIAL (NUMERO_PARTE,DESCRIPCION_ES,DESCRIPCION_EN,ID_CATEGORIA_MATERIAL,TIPO_ABASTECIMIENTO,PESO,URL_MULTIMEDIA,MIME_TYPE,STATUS,USUARIO_CREO,FECHA_CREO,USUARIO_MODIFICO,FECHA_MODIFICO) VALUES('HIE0301','HIELERA DE SERVICIO','SERVICE ICE DRAWER',3,55,1,'/media/922967270.png','image/png',1,'amxsab.system@gmail.com',CURRENT_TIMESTAMP,'amxsab.system@gmail.com',CURRENT_TIMESTAMP);
INSERT INTO MATERIAL (NUMERO_PARTE,DESCRIPCION_ES,DESCRIPCION_EN,ID_CATEGORIA_MATERIAL,TIPO_ABASTECIMIENTO,PESO,URL_MULTIMEDIA,MIME_TYPE,STATUS,USUARIO_CREO,FECHA_CREO,USUARIO_MODIFICO,FECHA_MODIFICO) VALUES('INS1001','INSECTICIDA PERMETHRINE','INSECTICIDE AEROSOL ONE SHOT REF 216',2,55,1,'/media/922967270.png','image/png',1,'amxsab.system@gmail.com',CURRENT_TIMESTAMP,'amxsab.system@gmail.com',CURRENT_TIMESTAMP);
INSERT INTO MATERIAL (NUMERO_PARTE,DESCRIPCION_ES,DESCRIPCION_EN,ID_CATEGORIA_MATERIAL,TIPO_ABASTECIMIENTO,PESO,URL_MULTIMEDIA,MIME_TYPE,STATUS,USUARIO_CREO,FECHA_CREO,USUARIO_MODIFICO,FECHA_MODIFICO) VALUES('INT0602','INSTRUCTIVOBRAILLE 737 800 ESPAÑOL','BRAILLE SECURITY INSTRUCTIONS 737 800 SP',2,55,1,'/media/922967270.png','image/png',1,'amxsab.system@gmail.com',CURRENT_TIMESTAMP,'amxsab.system@gmail.com',CURRENT_TIMESTAMP);
INSERT INTO MATERIAL (NUMERO_PARTE,DESCRIPCION_ES,DESCRIPCION_EN,ID_CATEGORIA_MATERIAL,TIPO_ABASTECIMIENTO,PESO,URL_MULTIMEDIA,MIME_TYPE,STATUS,USUARIO_CREO,FECHA_CREO,USUARIO_MODIFICO,FECHA_MODIFICO) VALUES('INT0603','INSTRUCTIVO BRAILLE 737 800 INGLES','BRAILLE SECURITY INSTRUCTIONS 737 800 EN',2,55,1,'/media/922967270.png','image/png',1,'amxsab.system@gmail.com',CURRENT_TIMESTAMP,'amxsab.system@gmail.com',CURRENT_TIMESTAMP);
INSERT INTO MATERIAL (NUMERO_PARTE,DESCRIPCION_ES,DESCRIPCION_EN,ID_CATEGORIA_MATERIAL,TIPO_ABASTECIMIENTO,PESO,URL_MULTIMEDIA,MIME_TYPE,STATUS,USUARIO_CREO,FECHA_CREO,USUARIO_MODIFICO,FECHA_MODIFICO) VALUES('INT0604','INSTRUCTIVO BRAILLE 737 700 ESPAÑOL','BRAILLE SECURITY INSTRUCTIONS 737 700 SP',2,55,1,'/media/922967270.png','image/png',1,'amxsab.system@gmail.com',CURRENT_TIMESTAMP,'amxsab.system@gmail.com',CURRENT_TIMESTAMP);
INSERT INTO MATERIAL (NUMERO_PARTE,DESCRIPCION_ES,DESCRIPCION_EN,ID_CATEGORIA_MATERIAL,TIPO_ABASTECIMIENTO,PESO,URL_MULTIMEDIA,MIME_TYPE,STATUS,USUARIO_CREO,FECHA_CREO,USUARIO_MODIFICO,FECHA_MODIFICO) VALUES('INT0605','INSTRUCTIVO BRAILLE 737 700 INGLES','BRAILLE SECURITY INSTRUCTIONS 737 700 EN',2,55,1,'/media/922967270.png','image/png',1,'amxsab.system@gmail.com',CURRENT_TIMESTAMP,'amxsab.system@gmail.com',CURRENT_TIMESTAMP);
INSERT INTO MATERIAL (NUMERO_PARTE,DESCRIPCION_ES,DESCRIPCION_EN,ID_CATEGORIA_MATERIAL,TIPO_ABASTECIMIENTO,PESO,URL_MULTIMEDIA,MIME_TYPE,STATUS,USUARIO_CREO,FECHA_CREO,USUARIO_MODIFICO,FECHA_MODIFICO) VALUES('INT0606','INSTRUCTIVO BRAILLE 767 300ESPAÑOL','BRAILLE SECURITY INSTRUCTIONS 767 300 SP',2,55,1,'/media/922967270.png','image/png',1,'amxsab.system@gmail.com',CURRENT_TIMESTAMP,'amxsab.system@gmail.com',CURRENT_TIMESTAMP);
INSERT INTO MATERIAL (NUMERO_PARTE,DESCRIPCION_ES,DESCRIPCION_EN,ID_CATEGORIA_MATERIAL,TIPO_ABASTECIMIENTO,PESO,URL_MULTIMEDIA,MIME_TYPE,STATUS,USUARIO_CREO,FECHA_CREO,USUARIO_MODIFICO,FECHA_MODIFICO) VALUES('INT0607','INSTRUCTIVO BRAILLE 767 300 INGLES','BRAILLE SECURITY INSTRUCTIONS 767 300 EN',2,55,1,'/media/922967270.png','image/png',1,'amxsab.system@gmail.com',CURRENT_TIMESTAMP,'amxsab.system@gmail.com',CURRENT_TIMESTAMP);
INSERT INTO MATERIAL (NUMERO_PARTE,DESCRIPCION_ES,DESCRIPCION_EN,ID_CATEGORIA_MATERIAL,TIPO_ABASTECIMIENTO,PESO,URL_MULTIMEDIA,MIME_TYPE,STATUS,USUARIO_CREO,FECHA_CREO,USUARIO_MODIFICO,FECHA_MODIFICO) VALUES('INT0608','INSTRUCTIVO BRAILLE 777 200 ESPAÑOL','BRAILLE SECURITY INSTRUCTIONS 777 200 SP',2,55,1,'/media/922967270.png','image/png',1,'amxsab.system@gmail.com',CURRENT_TIMESTAMP,'amxsab.system@gmail.com',CURRENT_TIMESTAMP);
INSERT INTO MATERIAL (NUMERO_PARTE,DESCRIPCION_ES,DESCRIPCION_EN,ID_CATEGORIA_MATERIAL,TIPO_ABASTECIMIENTO,PESO,URL_MULTIMEDIA,MIME_TYPE,STATUS,USUARIO_CREO,FECHA_CREO,USUARIO_MODIFICO,FECHA_MODIFICO) VALUES('INT0609','INSTRUCTIVO BRAILLE 777 200 INGLES','BRAILLE SECURITY INSTRUCTIONS 777 200 EN',2,55,1,'/media/922967270.png','image/png',1,'amxsab.system@gmail.com',CURRENT_TIMESTAMP,'amxsab.system@gmail.com',CURRENT_TIMESTAMP);
INSERT INTO MATERIAL (NUMERO_PARTE,DESCRIPCION_ES,DESCRIPCION_EN,ID_CATEGORIA_MATERIAL,TIPO_ABASTECIMIENTO,PESO,URL_MULTIMEDIA,MIME_TYPE,STATUS,USUARIO_CREO,FECHA_CREO,USUARIO_MODIFICO,FECHA_MODIFICO) VALUES('INT0610','INSTRUCTIVO BRAILLE 787-800 EN ESPAÑOL REV "C"','INSTRUCTIVO BRAILLE 787 ESP ESPAÑOL',2,55,1,'/media/922967270.png','image/png',1,'amxsab.system@gmail.com',CURRENT_TIMESTAMP,'amxsab.system@gmail.com',CURRENT_TIMESTAMP);
INSERT INTO MATERIAL (NUMERO_PARTE,DESCRIPCION_ES,DESCRIPCION_EN,ID_CATEGORIA_MATERIAL,TIPO_ABASTECIMIENTO,PESO,URL_MULTIMEDIA,MIME_TYPE,STATUS,USUARIO_CREO,FECHA_CREO,USUARIO_MODIFICO,FECHA_MODIFICO) VALUES('INT0611','INSTRUCTIVO BRAILLE 787-800 EN INGLES REV "C"','INSTRUCTIVO BRAILLE 787 ING INGLES',2,55,1,'/media/922967270.png','image/png',1,'amxsab.system@gmail.com',CURRENT_TIMESTAMP,'amxsab.system@gmail.com',CURRENT_TIMESTAMP);
INSERT INTO MATERIAL (NUMERO_PARTE,DESCRIPCION_ES,DESCRIPCION_EN,ID_CATEGORIA_MATERIAL,TIPO_ABASTECIMIENTO,PESO,URL_MULTIMEDIA,MIME_TYPE,STATUS,USUARIO_CREO,FECHA_CREO,USUARIO_MODIFICO,FECHA_MODIFICO) VALUES('INT0612','INSTRUCTIVO BRAILLE 787-900 ESPAÑOL','INSTRUCTIVO BRAILLE 787-900 ESPAÑOL',2,55,1,'/media/922967270.png','image/png',1,'amxsab.system@gmail.com',CURRENT_TIMESTAMP,'amxsab.system@gmail.com',CURRENT_TIMESTAMP);
INSERT INTO MATERIAL (NUMERO_PARTE,DESCRIPCION_ES,DESCRIPCION_EN,ID_CATEGORIA_MATERIAL,TIPO_ABASTECIMIENTO,PESO,URL_MULTIMEDIA,MIME_TYPE,STATUS,USUARIO_CREO,FECHA_CREO,USUARIO_MODIFICO,FECHA_MODIFICO) VALUES('INT0613','INSTRUCTIVO BRAILLE 787-900 INGLES','INSTRUCTIVO BRAILLE 787-900 INGLES',2,55,1,'/media/922967270.png','image/png',1,'amxsab.system@gmail.com',CURRENT_TIMESTAMP,'amxsab.system@gmail.com',CURRENT_TIMESTAMP);
INSERT INTO MATERIAL (NUMERO_PARTE,DESCRIPCION_ES,DESCRIPCION_EN,ID_CATEGORIA_MATERIAL,TIPO_ABASTECIMIENTO,PESO,URL_MULTIMEDIA,MIME_TYPE,STATUS,USUARIO_CREO,FECHA_CREO,USUARIO_MODIFICO,FECHA_MODIFICO) VALUES('INT0618','INSTRUCTIVO BRAILLE 767 200ESPAÑOL','BRAILLE SECURITY INSTRUCTIONS 767 200 SP',2,55,1,'/media/922967270.png','image/png',1,'amxsab.system@gmail.com',CURRENT_TIMESTAMP,'amxsab.system@gmail.com',CURRENT_TIMESTAMP);
INSERT INTO MATERIAL (NUMERO_PARTE,DESCRIPCION_ES,DESCRIPCION_EN,ID_CATEGORIA_MATERIAL,TIPO_ABASTECIMIENTO,PESO,URL_MULTIMEDIA,MIME_TYPE,STATUS,USUARIO_CREO,FECHA_CREO,USUARIO_MODIFICO,FECHA_MODIFICO) VALUES('INT0619','INSTRUCTIVO BRAILLE 767 200INGLES','BRAILLE SECURITY INSTRUCTIONS 767 200 EN',2,55,1,'/media/922967270.png','image/png',1,'amxsab.system@gmail.com',CURRENT_TIMESTAMP,'amxsab.system@gmail.com',CURRENT_TIMESTAMP);
INSERT INTO MATERIAL (NUMERO_PARTE,DESCRIPCION_ES,DESCRIPCION_EN,ID_CATEGORIA_MATERIAL,TIPO_ABASTECIMIENTO,PESO,URL_MULTIMEDIA,MIME_TYPE,STATUS,USUARIO_CREO,FECHA_CREO,USUARIO_MODIFICO,FECHA_MODIFICO) VALUES('INT0620','INSTRUCTIVO BRAILLE EMBRAER 145 ESP.','INSTRUCTIVO BRAILLE EMBRAER 145 ESPAÑOL',2,55,1,'/media/922967270.png','image/png',1,'amxsab.system@gmail.com',CURRENT_TIMESTAMP,'amxsab.system@gmail.com',CURRENT_TIMESTAMP);
INSERT INTO MATERIAL (NUMERO_PARTE,DESCRIPCION_ES,DESCRIPCION_EN,ID_CATEGORIA_MATERIAL,TIPO_ABASTECIMIENTO,PESO,URL_MULTIMEDIA,MIME_TYPE,STATUS,USUARIO_CREO,FECHA_CREO,USUARIO_MODIFICO,FECHA_MODIFICO) VALUES('INT0621','INSTRUCTIVO BRAILLE EMBRAER 145 ING.','INSTRUCTIVO BRAILLE EMBRAER 145 INGLES',2,55,1,'/media/922967270.png','image/png',1,'amxsab.system@gmail.com',CURRENT_TIMESTAMP,'amxsab.system@gmail.com',CURRENT_TIMESTAMP);
INSERT INTO MATERIAL (NUMERO_PARTE,DESCRIPCION_ES,DESCRIPCION_EN,ID_CATEGORIA_MATERIAL,TIPO_ABASTECIMIENTO,PESO,URL_MULTIMEDIA,MIME_TYPE,STATUS,USUARIO_CREO,FECHA_CREO,USUARIO_MODIFICO,FECHA_MODIFICO) VALUES('INT0622','INSTRUCTIVO BRAILLE EMBRAER 170 ESP','INSTRUCTIVO BRAILLE EMBRAER 170 ESPAÑOL',2,55,1,'/media/922967270.png','image/png',1,'amxsab.system@gmail.com',CURRENT_TIMESTAMP,'amxsab.system@gmail.com',CURRENT_TIMESTAMP);
INSERT INTO MATERIAL (NUMERO_PARTE,DESCRIPCION_ES,DESCRIPCION_EN,ID_CATEGORIA_MATERIAL,TIPO_ABASTECIMIENTO,PESO,URL_MULTIMEDIA,MIME_TYPE,STATUS,USUARIO_CREO,FECHA_CREO,USUARIO_MODIFICO,FECHA_MODIFICO) VALUES('INT0623','INSTRUCTIVO BRAILLE EMBRAER 170 ING.','INSTRUCTIVO BRAILLE EMBRAER 170 INGLES',2,55,1,'/media/922967270.png','image/png',1,'amxsab.system@gmail.com',CURRENT_TIMESTAMP,'amxsab.system@gmail.com',CURRENT_TIMESTAMP);
INSERT INTO MATERIAL (NUMERO_PARTE,DESCRIPCION_ES,DESCRIPCION_EN,ID_CATEGORIA_MATERIAL,TIPO_ABASTECIMIENTO,PESO,URL_MULTIMEDIA,MIME_TYPE,STATUS,USUARIO_CREO,FECHA_CREO,USUARIO_MODIFICO,FECHA_MODIFICO) VALUES('INT0624','INSTRUCTIVO BRAILLE EMBRAER 175 ESP.','INSTRUCTIVO BRAILLE EMBRAER 175 ESP.',2,55,1,'/media/922967270.png','image/png',1,'amxsab.system@gmail.com',CURRENT_TIMESTAMP,'amxsab.system@gmail.com',CURRENT_TIMESTAMP);
INSERT INTO MATERIAL (NUMERO_PARTE,DESCRIPCION_ES,DESCRIPCION_EN,ID_CATEGORIA_MATERIAL,TIPO_ABASTECIMIENTO,PESO,URL_MULTIMEDIA,MIME_TYPE,STATUS,USUARIO_CREO,FECHA_CREO,USUARIO_MODIFICO,FECHA_MODIFICO) VALUES('INT0625','INSTRUCTIVO BRAILLE EMBRAER 175 ING','INSTRUCTIVO BRAILLE EMBRAER 175 ING',2,55,1,'/media/922967270.png','image/png',1,'amxsab.system@gmail.com',CURRENT_TIMESTAMP,'amxsab.system@gmail.com',CURRENT_TIMESTAMP);
INSERT INTO MATERIAL (NUMERO_PARTE,DESCRIPCION_ES,DESCRIPCION_EN,ID_CATEGORIA_MATERIAL,TIPO_ABASTECIMIENTO,PESO,URL_MULTIMEDIA,MIME_TYPE,STATUS,USUARIO_CREO,FECHA_CREO,USUARIO_MODIFICO,FECHA_MODIFICO) VALUES('INT0626','INSTRUCTIVO BRAILLE EMBRAER 190 ESP','INSTRUCTIVO BRAILLE EMBRAER 190 ESP',2,55,1,'/media/922967270.png','image/png',1,'amxsab.system@gmail.com',CURRENT_TIMESTAMP,'amxsab.system@gmail.com',CURRENT_TIMESTAMP);
INSERT INTO MATERIAL (NUMERO_PARTE,DESCRIPCION_ES,DESCRIPCION_EN,ID_CATEGORIA_MATERIAL,TIPO_ABASTECIMIENTO,PESO,URL_MULTIMEDIA,MIME_TYPE,STATUS,USUARIO_CREO,FECHA_CREO,USUARIO_MODIFICO,FECHA_MODIFICO) VALUES('INT0627','INSTRUCTIVO BRAILLE EMBRAER 190 ING','INSTRUCTIVO BRAILLE EMBRAER 190 ING',2,55,1,'/media/922967270.png','image/png',1,'amxsab.system@gmail.com',CURRENT_TIMESTAMP,'amxsab.system@gmail.com',CURRENT_TIMESTAMP);
INSERT INTO MATERIAL (NUMERO_PARTE,DESCRIPCION_ES,DESCRIPCION_EN,ID_CATEGORIA_MATERIAL,TIPO_ABASTECIMIENTO,PESO,URL_MULTIMEDIA,MIME_TYPE,STATUS,USUARIO_CREO,FECHA_CREO,USUARIO_MODIFICO,FECHA_MODIFICO) VALUES('INT0628','INSTRUCTIVO BRAILLE 787-900 ESPAÑOL','INSTRUCTIVO BRAILLE 787-900 ESPAÑOL',2,55,1,'/media/922967270.png','image/png',1,'amxsab.system@gmail.com',CURRENT_TIMESTAMP,'amxsab.system@gmail.com',CURRENT_TIMESTAMP);
INSERT INTO MATERIAL (NUMERO_PARTE,DESCRIPCION_ES,DESCRIPCION_EN,ID_CATEGORIA_MATERIAL,TIPO_ABASTECIMIENTO,PESO,URL_MULTIMEDIA,MIME_TYPE,STATUS,USUARIO_CREO,FECHA_CREO,USUARIO_MODIFICO,FECHA_MODIFICO) VALUES('INT0629','INSTRUCTIVO BRAILLE 787-900 INGLES','INSTRUCTIVO BRAILLE 787-900 INGLES',2,55,1,'/media/922967270.png','image/png',1,'amxsab.system@gmail.com',CURRENT_TIMESTAMP,'amxsab.system@gmail.com',CURRENT_TIMESTAMP);
INSERT INTO MATERIAL (NUMERO_PARTE,DESCRIPCION_ES,DESCRIPCION_EN,ID_CATEGORIA_MATERIAL,TIPO_ABASTECIMIENTO,PESO,URL_MULTIMEDIA,MIME_TYPE,STATUS,USUARIO_CREO,FECHA_CREO,USUARIO_MODIFICO,FECHA_MODIFICO) VALUES('JAC0301','JARRA CAFETERA','COFFEE POT',3,55,1,'/media/922967270.png','image/png',1,'amxsab.system@gmail.com',CURRENT_TIMESTAMP,'amxsab.system@gmail.com',CURRENT_TIMESTAMP);
INSERT INTO MATERIAL (NUMERO_PARTE,DESCRIPCION_ES,DESCRIPCION_EN,ID_CATEGORIA_MATERIAL,TIPO_ABASTECIMIENTO,PESO,URL_MULTIMEDIA,MIME_TYPE,STATUS,USUARIO_CREO,FECHA_CREO,USUARIO_MODIFICO,FECHA_MODIFICO) VALUES('JAR0001','JARRA DE PLASTICO','PLASTIC JAR',3,55,1,'/media/922967270.png','image/png',1,'amxsab.system@gmail.com',CURRENT_TIMESTAMP,'amxsab.system@gmail.com',CURRENT_TIMESTAMP);
INSERT INTO MATERIAL (NUMERO_PARTE,DESCRIPCION_ES,DESCRIPCION_EN,ID_CATEGORIA_MATERIAL,TIPO_ABASTECIMIENTO,PESO,URL_MULTIMEDIA,MIME_TYPE,STATUS,USUARIO_CREO,FECHA_CREO,USUARIO_MODIFICO,FECHA_MODIFICO) VALUES('JAR0002','JARRA TERMICA DE PLASTICO','THERMAL PLASTIC JAR',3,55,1,'/media/922967270.png','image/png',1,'amxsab.system@gmail.com',CURRENT_TIMESTAMP,'amxsab.system@gmail.com',CURRENT_TIMESTAMP);
INSERT INTO MATERIAL (NUMERO_PARTE,DESCRIPCION_ES,DESCRIPCION_EN,ID_CATEGORIA_MATERIAL,TIPO_ABASTECIMIENTO,PESO,URL_MULTIMEDIA,MIME_TYPE,STATUS,USUARIO_CREO,FECHA_CREO,USUARIO_MODIFICO,FECHA_MODIFICO) VALUES('JAR0003','JARRA TERMICA PARA SOPA AZUL PLATA NEGRA','SOUP THERMAL JAR',3,55,1,'/media/922967270.png','image/png',1,'amxsab.system@gmail.com',CURRENT_TIMESTAMP,'amxsab.system@gmail.com',CURRENT_TIMESTAMP);
INSERT INTO MATERIAL (NUMERO_PARTE,DESCRIPCION_ES,DESCRIPCION_EN,ID_CATEGORIA_MATERIAL,TIPO_ABASTECIMIENTO,PESO,URL_MULTIMEDIA,MIME_TYPE,STATUS,USUARIO_CREO,FECHA_CREO,USUARIO_MODIFICO,FECHA_MODIFICO) VALUES('JAR0004','JARRA TERMICA PARA TE GRIS','THERMAL PLASTIC JAR GREY',3,55,1,'/media/922967270.png','image/png',1,'amxsab.system@gmail.com',CURRENT_TIMESTAMP,'amxsab.system@gmail.com',CURRENT_TIMESTAMP);
INSERT INTO MATERIAL (NUMERO_PARTE,DESCRIPCION_ES,DESCRIPCION_EN,ID_CATEGORIA_MATERIAL,TIPO_ABASTECIMIENTO,PESO,URL_MULTIMEDIA,MIME_TYPE,STATUS,USUARIO_CREO,FECHA_CREO,USUARIO_MODIFICO,FECHA_MODIFICO) VALUES('JAR0101','JARRA DE CRISTAL 1.5 LT PREMIER','CRYSTAL JAR 1.5 LT PREMIER',3,55,1,'/media/922967270.png','image/png',1,'amxsab.system@gmail.com',CURRENT_TIMESTAMP,'amxsab.system@gmail.com',CURRENT_TIMESTAMP);
INSERT INTO MATERIAL (NUMERO_PARTE,DESCRIPCION_ES,DESCRIPCION_EN,ID_CATEGORIA_MATERIAL,TIPO_ABASTECIMIENTO,PESO,URL_MULTIMEDIA,MIME_TYPE,STATUS,USUARIO_CREO,FECHA_CREO,USUARIO_MODIFICO,FECHA_MODIFICO) VALUES('JAR0301','JARRA ACERO 1.2 L','STEEL PITCHER 1.2 L',3,55,1,'/media/922967270.png','image/png',1,'amxsab.system@gmail.com',CURRENT_TIMESTAMP,'amxsab.system@gmail.com',CURRENT_TIMESTAMP);
INSERT INTO MATERIAL (NUMERO_PARTE,DESCRIPCION_ES,DESCRIPCION_EN,ID_CATEGORIA_MATERIAL,TIPO_ABASTECIMIENTO,PESO,URL_MULTIMEDIA,MIME_TYPE,STATUS,USUARIO_CREO,FECHA_CREO,USUARIO_MODIFICO,FECHA_MODIFICO) VALUES('JAR0302','JARRA TERMICA DE ACERO INOXIDABLE','JARRA TERMICA DE ACERO INOXIDABLE',3,55,1,'/media/922967270.png','image/png',1,'amxsab.system@gmail.com',CURRENT_TIMESTAMP,'amxsab.system@gmail.com',CURRENT_TIMESTAMP);
INSERT INTO MATERIAL (NUMERO_PARTE,DESCRIPCION_ES,DESCRIPCION_EN,ID_CATEGORIA_MATERIAL,TIPO_ABASTECIMIENTO,PESO,URL_MULTIMEDIA,MIME_TYPE,STATUS,USUARIO_CREO,FECHA_CREO,USUARIO_MODIFICO,FECHA_MODIFICO) VALUES('JUE1003','JUEGO DE TREINTA LETRAS','LETTERS GAME',2,55,1,'/media/922967270.png','image/png',1,'amxsab.system@gmail.com',CURRENT_TIMESTAMP,'amxsab.system@gmail.com',CURRENT_TIMESTAMP);
INSERT INTO MATERIAL (NUMERO_PARTE,DESCRIPCION_ES,DESCRIPCION_EN,ID_CATEGORIA_MATERIAL,TIPO_ABASTECIMIENTO,PESO,URL_MULTIMEDIA,MIME_TYPE,STATUS,USUARIO_CREO,FECHA_CREO,USUARIO_MODIFICO,FECHA_MODIFICO) VALUES('JUE1004','JUEGO DE 40 PIEZAS PARA ARMAR','GAME TO ARM',2,55,1,'/media/922967270.png','image/png',1,'amxsab.system@gmail.com',CURRENT_TIMESTAMP,'amxsab.system@gmail.com',CURRENT_TIMESTAMP);
INSERT INTO MATERIAL (NUMERO_PARTE,DESCRIPCION_ES,DESCRIPCION_EN,ID_CATEGORIA_MATERIAL,TIPO_ABASTECIMIENTO,PESO,URL_MULTIMEDIA,MIME_TYPE,STATUS,USUARIO_CREO,FECHA_CREO,USUARIO_MODIFICO,FECHA_MODIFICO) VALUES('JUE1005','ROMPECABEZAS DE 25 PIEZAS','PUZZLE 25 PIECES',2,55,1,'/media/922967270.png','image/png',1,'amxsab.system@gmail.com',CURRENT_TIMESTAMP,'amxsab.system@gmail.com',CURRENT_TIMESTAMP);
INSERT INTO MATERIAL (NUMERO_PARTE,DESCRIPCION_ES,DESCRIPCION_EN,ID_CATEGORIA_MATERIAL,TIPO_ABASTECIMIENTO,PESO,URL_MULTIMEDIA,MIME_TYPE,STATUS,USUARIO_CREO,FECHA_CREO,USUARIO_MODIFICO,FECHA_MODIFICO) VALUES('JUE1006','JUGUETE DE PLASTICO','PLASTIC CAR',2,55,1,'/media/922967270.png','image/png',1,'amxsab.system@gmail.com',CURRENT_TIMESTAMP,'amxsab.system@gmail.com',CURRENT_TIMESTAMP);
INSERT INTO MATERIAL (NUMERO_PARTE,DESCRIPCION_ES,DESCRIPCION_EN,ID_CATEGORIA_MATERIAL,TIPO_ABASTECIMIENTO,PESO,URL_MULTIMEDIA,MIME_TYPE,STATUS,USUARIO_CREO,FECHA_CREO,USUARIO_MODIFICO,FECHA_MODIFICO) VALUES('JUG0801','JUGO DE MANZANA 1LT','JUGO DE MANZANA 1LT',1,55,1,'/media/922967270.png','image/png',1,'amxsab.system@gmail.com',CURRENT_TIMESTAMP,'amxsab.system@gmail.com',CURRENT_TIMESTAMP);
INSERT INTO MATERIAL (NUMERO_PARTE,DESCRIPCION_ES,DESCRIPCION_EN,ID_CATEGORIA_MATERIAL,TIPO_ABASTECIMIENTO,PESO,URL_MULTIMEDIA,MIME_TYPE,STATUS,USUARIO_CREO,FECHA_CREO,USUARIO_MODIFICO,FECHA_MODIFICO) VALUES('JUG0802','JUGO DE TOMATE 1LT','JUGO DE TOMATE 1LT',1,55,1,'/media/922967270.png','image/png',1,'amxsab.system@gmail.com',CURRENT_TIMESTAMP,'amxsab.system@gmail.com',CURRENT_TIMESTAMP);
INSERT INTO MATERIAL (NUMERO_PARTE,DESCRIPCION_ES,DESCRIPCION_EN,ID_CATEGORIA_MATERIAL,TIPO_ABASTECIMIENTO,PESO,URL_MULTIMEDIA,MIME_TYPE,STATUS,USUARIO_CREO,FECHA_CREO,USUARIO_MODIFICO,FECHA_MODIFICO) VALUES('JUG0803','JUGO DE NARANJA 946 ML','JUGO DE NARANJA 1 LT',1,55,1,'/media/922967270.png','image/png',1,'amxsab.system@gmail.com',CURRENT_TIMESTAMP,'amxsab.system@gmail.com',CURRENT_TIMESTAMP);
INSERT INTO MATERIAL (NUMERO_PARTE,DESCRIPCION_ES,DESCRIPCION_EN,ID_CATEGORIA_MATERIAL,TIPO_ABASTECIMIENTO,PESO,URL_MULTIMEDIA,MIME_TYPE,STATUS,USUARIO_CREO,FECHA_CREO,USUARIO_MODIFICO,FECHA_MODIFICO) VALUES('JUG0804','JUGO BIENVENIDA UNICOFRESCO C PULPA1 LT','PREMIUM JUICE',1,55,1,'/media/922967270.png','image/png',1,'amxsab.system@gmail.com',CURRENT_TIMESTAMP,'amxsab.system@gmail.com',CURRENT_TIMESTAMP);
INSERT INTO MATERIAL (NUMERO_PARTE,DESCRIPCION_ES,DESCRIPCION_EN,ID_CATEGORIA_MATERIAL,TIPO_ABASTECIMIENTO,PESO,URL_MULTIMEDIA,MIME_TYPE,STATUS,USUARIO_CREO,FECHA_CREO,USUARIO_MODIFICO,FECHA_MODIFICO) VALUES('JUG0805','JUGO NESTEA 473ML','JUGO NESTEA 473ML',1,55,1,'/media/922967270.png','image/png',1,'amxsab.system@gmail.com',CURRENT_TIMESTAMP,'amxsab.system@gmail.com',CURRENT_TIMESTAMP);
INSERT INTO MATERIAL (NUMERO_PARTE,DESCRIPCION_ES,DESCRIPCION_EN,ID_CATEGORIA_MATERIAL,TIPO_ABASTECIMIENTO,PESO,URL_MULTIMEDIA,MIME_TYPE,STATUS,USUARIO_CREO,FECHA_CREO,USUARIO_MODIFICO,FECHA_MODIFICO) VALUES('JUG0806','JUGO FRUTIANIMAL','JUGO FRUTIANIMAL',1,55,1,'/media/922967270.png','image/png',1,'amxsab.system@gmail.com',CURRENT_TIMESTAMP,'amxsab.system@gmail.com',CURRENT_TIMESTAMP);
INSERT INTO MATERIAL (NUMERO_PARTE,DESCRIPCION_ES,DESCRIPCION_EN,ID_CATEGORIA_MATERIAL,TIPO_ABASTECIMIENTO,PESO,URL_MULTIMEDIA,MIME_TYPE,STATUS,USUARIO_CREO,FECHA_CREO,USUARIO_MODIFICO,FECHA_MODIFICO) VALUES('JUG0807','JUGO RESERVA SABOR ARANDANO ENVASE DE PET DE 1 LT','RESERVA CRANBERRY JUICE',1,55,1,'/media/922967270.png','image/png',1,'amxsab.system@gmail.com',CURRENT_TIMESTAMP,'amxsab.system@gmail.com',CURRENT_TIMESTAMP);
INSERT INTO MATERIAL (NUMERO_PARTE,DESCRIPCION_ES,DESCRIPCION_EN,ID_CATEGORIA_MATERIAL,TIPO_ABASTECIMIENTO,PESO,URL_MULTIMEDIA,MIME_TYPE,STATUS,USUARIO_CREO,FECHA_CREO,USUARIO_MODIFICO,FECHA_MODIFICO) VALUES('JUG0808','JUGO DE MANZANA DE 946 ML','JUGO DE MANZANA DE 946 ML',1,55,1,'/media/922967270.png','image/png',1,'amxsab.system@gmail.com',CURRENT_TIMESTAMP,'amxsab.system@gmail.com',CURRENT_TIMESTAMP);
INSERT INTO MATERIAL (NUMERO_PARTE,DESCRIPCION_ES,DESCRIPCION_EN,ID_CATEGORIA_MATERIAL,TIPO_ABASTECIMIENTO,PESO,URL_MULTIMEDIA,MIME_TYPE,STATUS,USUARIO_CREO,FECHA_CREO,USUARIO_MODIFICO,FECHA_MODIFICO) VALUES('JUG0809','JUGO DE PIÑA 1 LT','JUGO DE PIÑA 1 LT',1,55,1,'/media/922967270.png','image/png',1,'amxsab.system@gmail.com',CURRENT_TIMESTAMP,'amxsab.system@gmail.com',CURRENT_TIMESTAMP);
INSERT INTO MATERIAL (NUMERO_PARTE,DESCRIPCION_ES,DESCRIPCION_EN,ID_CATEGORIA_MATERIAL,TIPO_ABASTECIMIENTO,PESO,URL_MULTIMEDIA,MIME_TYPE,STATUS,USUARIO_CREO,FECHA_CREO,USUARIO_MODIFICO,FECHA_MODIFICO) VALUES('JUG0810','JUGO DE PIÑA 946 ML','FUZE TEA MINILATA 222 ML',1,55,1,'/media/922967270.png','image/png',1,'amxsab.system@gmail.com',CURRENT_TIMESTAMP,'amxsab.system@gmail.com',CURRENT_TIMESTAMP);
INSERT INTO MATERIAL (NUMERO_PARTE,DESCRIPCION_ES,DESCRIPCION_EN,ID_CATEGORIA_MATERIAL,TIPO_ABASTECIMIENTO,PESO,URL_MULTIMEDIA,MIME_TYPE,STATUS,USUARIO_CREO,FECHA_CREO,USUARIO_MODIFICO,FECHA_MODIFICO) VALUES('JUG0811','DEL VALLE BITS','DEL VALLE BITS',1,55,1,'/media/922967270.png','image/png',1,'amxsab.system@gmail.com',CURRENT_TIMESTAMP,'amxsab.system@gmail.com',CURRENT_TIMESTAMP);
INSERT INTO MATERIAL (NUMERO_PARTE,DESCRIPCION_ES,DESCRIPCION_EN,ID_CATEGORIA_MATERIAL,TIPO_ABASTECIMIENTO,PESO,URL_MULTIMEDIA,MIME_TYPE,STATUS,USUARIO_CREO,FECHA_CREO,USUARIO_MODIFICO,FECHA_MODIFICO) VALUES('JUG0812','JUGO DE NARANJA PASTEURIZADO NATURAL DE 330 ML','LECHE LALA 100. 330ML REGULAR',1,55,1,'/media/922967270.png','image/png',1,'amxsab.system@gmail.com',CURRENT_TIMESTAMP,'amxsab.system@gmail.com',CURRENT_TIMESTAMP);
INSERT INTO MATERIAL (NUMERO_PARTE,DESCRIPCION_ES,DESCRIPCION_EN,ID_CATEGORIA_MATERIAL,TIPO_ABASTECIMIENTO,PESO,URL_MULTIMEDIA,MIME_TYPE,STATUS,USUARIO_CREO,FECHA_CREO,USUARIO_MODIFICO,FECHA_MODIFICO) VALUES('LEC0402','COFFEEMATE EN STICK 4GR','COFFEEMATE EN STICK 4GR',2,55,1,'/media/922967270.png','image/png',1,'amxsab.system@gmail.com',CURRENT_TIMESTAMP,'amxsab.system@gmail.com',CURRENT_TIMESTAMP);
INSERT INTO MATERIAL (NUMERO_PARTE,DESCRIPCION_ES,DESCRIPCION_EN,ID_CATEGORIA_MATERIAL,TIPO_ABASTECIMIENTO,PESO,URL_MULTIMEDIA,MIME_TYPE,STATUS,USUARIO_CREO,FECHA_CREO,USUARIO_MODIFICO,FECHA_MODIFICO) VALUES('LEC0801','LECHE ULTRAPAUSTERIZADA 1LT','LECHE ULTRAPAUSTERIZADA 1LT',1,55,1,'/media/922967270.png','image/png',1,'amxsab.system@gmail.com',CURRENT_TIMESTAMP,'amxsab.system@gmail.com',CURRENT_TIMESTAMP);
INSERT INTO MATERIAL (NUMERO_PARTE,DESCRIPCION_ES,DESCRIPCION_EN,ID_CATEGORIA_MATERIAL,TIPO_ABASTECIMIENTO,PESO,URL_MULTIMEDIA,MIME_TYPE,STATUS,USUARIO_CREO,FECHA_CREO,USUARIO_MODIFICO,FECHA_MODIFICO) VALUES('LEC0802','LECHE LIGHT 1 LT','LIGHT MILK',1,55,1,'/media/922967270.png','image/png',1,'amxsab.system@gmail.com',CURRENT_TIMESTAMP,'amxsab.system@gmail.com',CURRENT_TIMESTAMP);
INSERT INTO MATERIAL (NUMERO_PARTE,DESCRIPCION_ES,DESCRIPCION_EN,ID_CATEGORIA_MATERIAL,TIPO_ABASTECIMIENTO,PESO,URL_MULTIMEDIA,MIME_TYPE,STATUS,USUARIO_CREO,FECHA_CREO,USUARIO_MODIFICO,FECHA_MODIFICO) VALUES('LEC0804','LECHE LALA 100. 1LT REGULAR','LECHE LALA 100. 330ML REGULAR',1,55,1,'/media/922967270.png','image/png',1,'amxsab.system@gmail.com',CURRENT_TIMESTAMP,'amxsab.system@gmail.com',CURRENT_TIMESTAMP);
INSERT INTO MATERIAL (NUMERO_PARTE,DESCRIPCION_ES,DESCRIPCION_EN,ID_CATEGORIA_MATERIAL,TIPO_ABASTECIMIENTO,PESO,URL_MULTIMEDIA,MIME_TYPE,STATUS,USUARIO_CREO,FECHA_CREO,USUARIO_MODIFICO,FECHA_MODIFICO) VALUES('LEC0805','LECHE LALA 100. 1LT REDICIDA EN GRASA','LECHE LALA 100. 330ML REDICIDA EN GRASA',1,55,1,'/media/922967270.png','image/png',1,'amxsab.system@gmail.com',CURRENT_TIMESTAMP,'amxsab.system@gmail.com',CURRENT_TIMESTAMP);
INSERT INTO MATERIAL (NUMERO_PARTE,DESCRIPCION_ES,DESCRIPCION_EN,ID_CATEGORIA_MATERIAL,TIPO_ABASTECIMIENTO,PESO,URL_MULTIMEDIA,MIME_TYPE,STATUS,USUARIO_CREO,FECHA_CREO,USUARIO_MODIFICO,FECHA_MODIFICO) VALUES('LEC0806','LECHE LALA 100. 1LT SIN LACTOSA REGULAR','LECHE LALA 100. 330ML SIN LACATOSA REGULAR',1,55,1,'/media/922967270.png','image/png',1,'amxsab.system@gmail.com',CURRENT_TIMESTAMP,'amxsab.system@gmail.com',CURRENT_TIMESTAMP);
INSERT INTO MATERIAL (NUMERO_PARTE,DESCRIPCION_ES,DESCRIPCION_EN,ID_CATEGORIA_MATERIAL,TIPO_ABASTECIMIENTO,PESO,URL_MULTIMEDIA,MIME_TYPE,STATUS,USUARIO_CREO,FECHA_CREO,USUARIO_MODIFICO,FECHA_MODIFICO) VALUES('LEC0807','LECHE LALA 100. 1LT SIN LACTOSA REDUCIDA EN GRASA','LECHE LALA 100. 330ML SIN LACTOSA REDUCIDA EN GRASA',1,55,1,'/media/922967270.png','image/png',1,'amxsab.system@gmail.com',CURRENT_TIMESTAMP,'amxsab.system@gmail.com',CURRENT_TIMESTAMP);
INSERT INTO MATERIAL (NUMERO_PARTE,DESCRIPCION_ES,DESCRIPCION_EN,ID_CATEGORIA_MATERIAL,TIPO_ABASTECIMIENTO,PESO,URL_MULTIMEDIA,MIME_TYPE,STATUS,USUARIO_CREO,FECHA_CREO,USUARIO_MODIFICO,FECHA_MODIFICO) VALUES('LIC0902','XTA, LICOR DE ANIS 750ML','LICOR DE ANIS XTA 750ML',5,55,1,'/media/922967270.png','image/png',1,'amxsab.system@gmail.com',CURRENT_TIMESTAMP,'amxsab.system@gmail.com',CURRENT_TIMESTAMP);
INSERT INTO MATERIAL (NUMERO_PARTE,DESCRIPCION_ES,DESCRIPCION_EN,ID_CATEGORIA_MATERIAL,TIPO_ABASTECIMIENTO,PESO,URL_MULTIMEDIA,MIME_TYPE,STATUS,USUARIO_CREO,FECHA_CREO,USUARIO_MODIFICO,FECHA_MODIFICO) VALUES('LIC0904','LICOR BAILEYS INBOND','BAILEYS LIQUOR IMPORTED',5,55,1,'/media/922967270.png','image/png',1,'amxsab.system@gmail.com',CURRENT_TIMESTAMP,'amxsab.system@gmail.com',CURRENT_TIMESTAMP);
INSERT INTO MATERIAL (NUMERO_PARTE,DESCRIPCION_ES,DESCRIPCION_EN,ID_CATEGORIA_MATERIAL,TIPO_ABASTECIMIENTO,PESO,URL_MULTIMEDIA,MIME_TYPE,STATUS,USUARIO_CREO,FECHA_CREO,USUARIO_MODIFICO,FECHA_MODIFICO) VALUES('LIC0916','LICOR AGAVERO','AGAVERO LIQUOR',5,55,1,'/media/922967270.png','image/png',1,'amxsab.system@gmail.com',CURRENT_TIMESTAMP,'amxsab.system@gmail.com',CURRENT_TIMESTAMP);
INSERT INTO MATERIAL (NUMERO_PARTE,DESCRIPCION_ES,DESCRIPCION_EN,ID_CATEGORIA_MATERIAL,TIPO_ABASTECIMIENTO,PESO,URL_MULTIMEDIA,MIME_TYPE,STATUS,USUARIO_CREO,FECHA_CREO,USUARIO_MODIFICO,FECHA_MODIFICO) VALUES('LIC0921','LICORN DE ANIS XTABENTUN 750MLXTABENTUN750','LICORN DE ANIS XTABENTUN 750MLXTABENTUN750',5,55,1,'/media/922967270.png','image/png',1,'amxsab.system@gmail.com',CURRENT_TIMESTAMP,'amxsab.system@gmail.com',CURRENT_TIMESTAMP);
INSERT INTO MATERIAL (NUMERO_PARTE,DESCRIPCION_ES,DESCRIPCION_EN,ID_CATEGORIA_MATERIAL,TIPO_ABASTECIMIENTO,PESO,URL_MULTIMEDIA,MIME_TYPE,STATUS,USUARIO_CREO,FECHA_CREO,USUARIO_MODIFICO,FECHA_MODIFICO) VALUES('LIC0922','LICOR SAMBUCA VACCARI NERO 750 ML','LICOR SAMBUCA VACCARI NERO 750 ML',5,55,1,'/media/922967270.png','image/png',1,'amxsab.system@gmail.com',CURRENT_TIMESTAMP,'amxsab.system@gmail.com',CURRENT_TIMESTAMP);
INSERT INTO MATERIAL (NUMERO_PARTE,DESCRIPCION_ES,DESCRIPCION_EN,ID_CATEGORIA_MATERIAL,TIPO_ABASTECIMIENTO,PESO,URL_MULTIMEDIA,MIME_TYPE,STATUS,USUARIO_CREO,FECHA_CREO,USUARIO_MODIFICO,FECHA_MODIFICO) VALUES('LIC0923','KALANI, LICOR DE COCO','LICOR DE COCO',5,55,1,'/media/922967270.png','image/png',1,'amxsab.system@gmail.com',CURRENT_TIMESTAMP,'amxsab.system@gmail.com',CURRENT_TIMESTAMP);
INSERT INTO MATERIAL (NUMERO_PARTE,DESCRIPCION_ES,DESCRIPCION_EN,ID_CATEGORIA_MATERIAL,TIPO_ABASTECIMIENTO,PESO,URL_MULTIMEDIA,MIME_TYPE,STATUS,USUARIO_CREO,FECHA_CREO,USUARIO_MODIFICO,FECHA_MODIFICO) VALUES('LIC0924','HUANA, LICOR DE GUANABANA','HUANA, LICOR DE GUANAVANA',5,55,1,'/media/922967270.png','image/png',1,'amxsab.system@gmail.com',CURRENT_TIMESTAMP,'amxsab.system@gmail.com',CURRENT_TIMESTAMP);
INSERT INTO MATERIAL (NUMERO_PARTE,DESCRIPCION_ES,DESCRIPCION_EN,ID_CATEGORIA_MATERIAL,TIPO_ABASTECIMIENTO,PESO,URL_MULTIMEDIA,MIME_TYPE,STATUS,USUARIO_CREO,FECHA_CREO,USUARIO_MODIFICO,FECHA_MODIFICO) VALUES('LIC0925','LICOR BAILEYS INBOND 1LT','LICOR BAILEYS INBOND 1LT',5,55,1,'/media/922967270.png','image/png',1,'amxsab.system@gmail.com',CURRENT_TIMESTAMP,'amxsab.system@gmail.com',CURRENT_TIMESTAMP);
INSERT INTO MATERIAL (NUMERO_PARTE,DESCRIPCION_ES,DESCRIPCION_EN,ID_CATEGORIA_MATERIAL,TIPO_ABASTECIMIENTO,PESO,URL_MULTIMEDIA,MIME_TYPE,STATUS,USUARIO_CREO,FECHA_CREO,USUARIO_MODIFICO,FECHA_MODIFICO) VALUES('LIC0926','LICOR BAILEYS 750ML NACIONAL','LICOR BAILEYS 750ML NACIONAL',5,55,1,'/media/922967270.png','image/png',1,'amxsab.system@gmail.com',CURRENT_TIMESTAMP,'amxsab.system@gmail.com',CURRENT_TIMESTAMP);
INSERT INTO MATERIAL (NUMERO_PARTE,DESCRIPCION_ES,DESCRIPCION_EN,ID_CATEGORIA_MATERIAL,TIPO_ABASTECIMIENTO,PESO,URL_MULTIMEDIA,MIME_TYPE,STATUS,USUARIO_CREO,FECHA_CREO,USUARIO_MODIFICO,FECHA_MODIFICO) VALUES('LIC0927','LICOR BAILEYS INBOND 70CL X 6 17°','LICOR BAILEYS INBOND 70CL X 6 17°',5,56,1,'/media/922967270.png','image/png',1,'amxsab.system@gmail.com',CURRENT_TIMESTAMP,'amxsab.system@gmail.com',CURRENT_TIMESTAMP);
INSERT INTO MATERIAL (NUMERO_PARTE,DESCRIPCION_ES,DESCRIPCION_EN,ID_CATEGORIA_MATERIAL,TIPO_ABASTECIMIENTO,PESO,URL_MULTIMEDIA,MIME_TYPE,STATUS,USUARIO_CREO,FECHA_CREO,USUARIO_MODIFICO,FECHA_MODIFICO) VALUES('MAN0705','MANTEL TELA INDIVBLANCO','WHITE TABLECLOTH NEW IMAGE',2,55,1,'/media/922967270.png','image/png',1,'amxsab.system@gmail.com',CURRENT_TIMESTAMP,'amxsab.system@gmail.com',CURRENT_TIMESTAMP);
INSERT INTO MATERIAL (NUMERO_PARTE,DESCRIPCION_ES,DESCRIPCION_EN,ID_CATEGORIA_MATERIAL,TIPO_ABASTECIMIENTO,PESO,URL_MULTIMEDIA,MIME_TYPE,STATUS,USUARIO_CREO,FECHA_CREO,USUARIO_MODIFICO,FECHA_MODIFICO) VALUES('MAN0706','MANTEL CHICO','SMALL TABLECLOTH NEW IMAGE',2,55,1,'/media/922967270.png','image/png',1,'amxsab.system@gmail.com',CURRENT_TIMESTAMP,'amxsab.system@gmail.com',CURRENT_TIMESTAMP);
INSERT INTO MATERIAL (NUMERO_PARTE,DESCRIPCION_ES,DESCRIPCION_EN,ID_CATEGORIA_MATERIAL,TIPO_ABASTECIMIENTO,PESO,URL_MULTIMEDIA,MIME_TYPE,STATUS,USUARIO_CREO,FECHA_CREO,USUARIO_MODIFICO,FECHA_MODIFICO) VALUES('MAN0707','MANTEL GRANDE','LARGE TABLECLOTH NEW IMAGE',2,55,1,'/media/922967270.png','image/png',1,'amxsab.system@gmail.com',CURRENT_TIMESTAMP,'amxsab.system@gmail.com',CURRENT_TIMESTAMP);
INSERT INTO MATERIAL (NUMERO_PARTE,DESCRIPCION_ES,DESCRIPCION_EN,ID_CATEGORIA_MATERIAL,TIPO_ABASTECIMIENTO,PESO,URL_MULTIMEDIA,MIME_TYPE,STATUS,USUARIO_CREO,FECHA_CREO,USUARIO_MODIFICO,FECHA_MODIFICO) VALUES('MAN0709','MANTEL DE TELA (265X365)','FABRIC TABLECLOTH (265X365)',2,55,1,'/media/922967270.png','image/png',1,'amxsab.system@gmail.com',CURRENT_TIMESTAMP,'amxsab.system@gmail.com',CURRENT_TIMESTAMP);
INSERT INTO MATERIAL (NUMERO_PARTE,DESCRIPCION_ES,DESCRIPCION_EN,ID_CATEGORIA_MATERIAL,TIPO_ABASTECIMIENTO,PESO,URL_MULTIMEDIA,MIME_TYPE,STATUS,USUARIO_CREO,FECHA_CREO,USUARIO_MODIFICO,FECHA_MODIFICO) VALUES('MAN0710','MANTEL TELA INDIVBLANCO NUEVA IMAGEN','INDIVIDUAL TABLECLOTH NEW IMAGE',2,55,1,'/media/922967270.png','image/png',1,'amxsab.system@gmail.com',CURRENT_TIMESTAMP,'amxsab.system@gmail.com',CURRENT_TIMESTAMP);
INSERT INTO MATERIAL (NUMERO_PARTE,DESCRIPCION_ES,DESCRIPCION_EN,ID_CATEGORIA_MATERIAL,TIPO_ABASTECIMIENTO,PESO,URL_MULTIMEDIA,MIME_TYPE,STATUS,USUARIO_CREO,FECHA_CREO,USUARIO_MODIFICO,FECHA_MODIFICO) VALUES('MAN0711','MANTEL CHICO PARA CARRONUEVA IMAGEN','TROLLEY TABLECLOTH 100X48CMS NEW IMAGE',2,55,1,'/media/922967270.png','image/png',1,'amxsab.system@gmail.com',CURRENT_TIMESTAMP,'amxsab.system@gmail.com',CURRENT_TIMESTAMP);
INSERT INTO MATERIAL (NUMERO_PARTE,DESCRIPCION_ES,DESCRIPCION_EN,ID_CATEGORIA_MATERIAL,TIPO_ABASTECIMIENTO,PESO,URL_MULTIMEDIA,MIME_TYPE,STATUS,USUARIO_CREO,FECHA_CREO,USUARIO_MODIFICO,FECHA_MODIFICO) VALUES('MAN0712','MANTEL DE TELA (265X365)- NUEVA IMAGEN','TABLECLOTH FABRIC',2,55,1,'/media/922967270.png','image/png',1,'amxsab.system@gmail.com',CURRENT_TIMESTAMP,'amxsab.system@gmail.com',CURRENT_TIMESTAMP);
INSERT INTO MATERIAL (NUMERO_PARTE,DESCRIPCION_ES,DESCRIPCION_EN,ID_CATEGORIA_MATERIAL,TIPO_ABASTECIMIENTO,PESO,URL_MULTIMEDIA,MIME_TYPE,STATUS,USUARIO_CREO,FECHA_CREO,USUARIO_MODIFICO,FECHA_MODIFICO) VALUES('MAN0713','MANTEL GRANDE NUEVA IMAGEN','LARGE TABLECLOTH',2,55,1,'/media/922967270.png','image/png',1,'amxsab.system@gmail.com',CURRENT_TIMESTAMP,'amxsab.system@gmail.com',CURRENT_TIMESTAMP);
INSERT INTO MATERIAL (NUMERO_PARTE,DESCRIPCION_ES,DESCRIPCION_EN,ID_CATEGORIA_MATERIAL,TIPO_ABASTECIMIENTO,PESO,URL_MULTIMEDIA,MIME_TYPE,STATUS,USUARIO_CREO,FECHA_CREO,USUARIO_MODIFICO,FECHA_MODIFICO) VALUES('MAN0714','MANTEL PARA CARRO IMAGEN2016','MANTELPARA CARRO IMAGEN2016',2,55,1,'/media/922967270.png','image/png',1,'amxsab.system@gmail.com',CURRENT_TIMESTAMP,'amxsab.system@gmail.com',CURRENT_TIMESTAMP);
INSERT INTO MATERIAL (NUMERO_PARTE,DESCRIPCION_ES,DESCRIPCION_EN,ID_CATEGORIA_MATERIAL,TIPO_ABASTECIMIENTO,PESO,URL_MULTIMEDIA,MIME_TYPE,STATUS,USUARIO_CREO,FECHA_CREO,USUARIO_MODIFICO,FECHA_MODIFICO) VALUES('MAN0715','MANTEL INDIVIDUAL IMAGEN 2016','MANTEL INDIVIDUAL IMAGEN 2016',2,55,1,'/media/922967270.png','image/png',1,'amxsab.system@gmail.com',CURRENT_TIMESTAMP,'amxsab.system@gmail.com',CURRENT_TIMESTAMP);
INSERT INTO MATERIAL (NUMERO_PARTE,DESCRIPCION_ES,DESCRIPCION_EN,ID_CATEGORIA_MATERIAL,TIPO_ABASTECIMIENTO,PESO,URL_MULTIMEDIA,MIME_TYPE,STATUS,USUARIO_CREO,FECHA_CREO,USUARIO_MODIFICO,FECHA_MODIFICO) VALUES('MAS0601','MASCARILLA DEMOSTRACION','DEMONSTRATION MASK',2,55,1,'/media/922967270.png','image/png',1,'amxsab.system@gmail.com',CURRENT_TIMESTAMP,'amxsab.system@gmail.com',CURRENT_TIMESTAMP);
INSERT INTO MATERIAL (NUMERO_PARTE,DESCRIPCION_ES,DESCRIPCION_EN,ID_CATEGORIA_MATERIAL,TIPO_ABASTECIMIENTO,PESO,URL_MULTIMEDIA,MIME_TYPE,STATUS,USUARIO_CREO,FECHA_CREO,USUARIO_MODIFICO,FECHA_MODIFICO) VALUES('MEN0501','MENU Y 3 IDIOMAS MEX-NRT CICLO 1','MENU Y 3 IDIOMAS MTY-NRT CICLO 1',2,55,1,'/media/922967270.png','image/png',1,'amxsab.system@gmail.com',CURRENT_TIMESTAMP,'amxsab.system@gmail.com',CURRENT_TIMESTAMP);
INSERT INTO MATERIAL (NUMERO_PARTE,DESCRIPCION_ES,DESCRIPCION_EN,ID_CATEGORIA_MATERIAL,TIPO_ABASTECIMIENTO,PESO,URL_MULTIMEDIA,MIME_TYPE,STATUS,USUARIO_CREO,FECHA_CREO,USUARIO_MODIFICO,FECHA_MODIFICO) VALUES('MEN0502','MENU Y 3 IDIOMAS MEX-NRT CICLO 2','MENU Y 3 IDIOMAS MTY-NRT CICLO 2',2,55,1,'/media/922967270.png','image/png',1,'amxsab.system@gmail.com',CURRENT_TIMESTAMP,'amxsab.system@gmail.com',CURRENT_TIMESTAMP);
INSERT INTO MATERIAL (NUMERO_PARTE,DESCRIPCION_ES,DESCRIPCION_EN,ID_CATEGORIA_MATERIAL,TIPO_ABASTECIMIENTO,PESO,URL_MULTIMEDIA,MIME_TYPE,STATUS,USUARIO_CREO,FECHA_CREO,USUARIO_MODIFICO,FECHA_MODIFICO) VALUES('MEN0503','MENU Y 3 IDIOMAS MEX-NRT CICLO 4','MENU Y 3 IDIOMAS MTY-NRT CICLO 3',2,55,1,'/media/922967270.png','image/png',1,'amxsab.system@gmail.com',CURRENT_TIMESTAMP,'amxsab.system@gmail.com',CURRENT_TIMESTAMP);
INSERT INTO MATERIAL (NUMERO_PARTE,DESCRIPCION_ES,DESCRIPCION_EN,ID_CATEGORIA_MATERIAL,TIPO_ABASTECIMIENTO,PESO,URL_MULTIMEDIA,MIME_TYPE,STATUS,USUARIO_CREO,FECHA_CREO,USUARIO_MODIFICO,FECHA_MODIFICO) VALUES('MEN0504','MENU Y 3 IDIOMAS NRT-MEX, CICLO 1','MENU Y 3 IDIOMAS NRT-MEX, CICLO 1',2,55,1,'/media/922967270.png','image/png',1,'amxsab.system@gmail.com',CURRENT_TIMESTAMP,'amxsab.system@gmail.com',CURRENT_TIMESTAMP);
INSERT INTO MATERIAL (NUMERO_PARTE,DESCRIPCION_ES,DESCRIPCION_EN,ID_CATEGORIA_MATERIAL,TIPO_ABASTECIMIENTO,PESO,URL_MULTIMEDIA,MIME_TYPE,STATUS,USUARIO_CREO,FECHA_CREO,USUARIO_MODIFICO,FECHA_MODIFICO) VALUES('MEN0505','MENU Y 3 IDIOMAS NRT-MEX CICLO 2','MENU Y 3 IDIOMAS MTY-NRT CICLO 2',2,55,1,'/media/922967270.png','image/png',1,'amxsab.system@gmail.com',CURRENT_TIMESTAMP,'amxsab.system@gmail.com',CURRENT_TIMESTAMP);
INSERT INTO MATERIAL (NUMERO_PARTE,DESCRIPCION_ES,DESCRIPCION_EN,ID_CATEGORIA_MATERIAL,TIPO_ABASTECIMIENTO,PESO,URL_MULTIMEDIA,MIME_TYPE,STATUS,USUARIO_CREO,FECHA_CREO,USUARIO_MODIFICO,FECHA_MODIFICO) VALUES('MEN0506','MENU Y 3 IDIOMAS NRT-MEX, CICLO 3','MENU Y 3 IDIOMAS NRT-MEX, CICLO 3',2,55,1,'/media/922967270.png','image/png',1,'amxsab.system@gmail.com',CURRENT_TIMESTAMP,'amxsab.system@gmail.com',CURRENT_TIMESTAMP);
INSERT INTO MATERIAL (NUMERO_PARTE,DESCRIPCION_ES,DESCRIPCION_EN,ID_CATEGORIA_MATERIAL,TIPO_ABASTECIMIENTO,PESO,URL_MULTIMEDIA,MIME_TYPE,STATUS,USUARIO_CREO,FECHA_CREO,USUARIO_MODIFICO,FECHA_MODIFICO) VALUES('MEN0507','MENU Y 3 IDIOMAS NRT-MEX, CICLO 4','MENU Y 3 IDIOMAS NRT-MEX, CICLO 3',2,55,1,'/media/922967270.png','image/png',1,'amxsab.system@gmail.com',CURRENT_TIMESTAMP,'amxsab.system@gmail.com',CURRENT_TIMESTAMP);
INSERT INTO MATERIAL (NUMERO_PARTE,DESCRIPCION_ES,DESCRIPCION_EN,ID_CATEGORIA_MATERIAL,TIPO_ABASTECIMIENTO,PESO,URL_MULTIMEDIA,MIME_TYPE,STATUS,USUARIO_CREO,FECHA_CREO,USUARIO_MODIFICO,FECHA_MODIFICO) VALUES('MER0402','MERMELADA DE FRESA HEINZ 20GM','MERMEDALA DE FRESA HEINZ 20GM',2,55,1,'/media/922967270.png','image/png',1,'amxsab.system@gmail.com',CURRENT_TIMESTAMP,'amxsab.system@gmail.com',CURRENT_TIMESTAMP);
INSERT INTO MATERIAL (NUMERO_PARTE,DESCRIPCION_ES,DESCRIPCION_EN,ID_CATEGORIA_MATERIAL,TIPO_ABASTECIMIENTO,PESO,URL_MULTIMEDIA,MIME_TYPE,STATUS,USUARIO_CREO,FECHA_CREO,USUARIO_MODIFICO,FECHA_MODIFICO) VALUES('MEZ0901','MEZCAL ESPADÍN 750ML','MEZCAL ESPADÍN 750ML',5,55,1,'/media/922967270.png','image/png',1,'amxsab.system@gmail.com',CURRENT_TIMESTAMP,'amxsab.system@gmail.com',CURRENT_TIMESTAMP);
INSERT INTO MATERIAL (NUMERO_PARTE,DESCRIPCION_ES,DESCRIPCION_EN,ID_CATEGORIA_MATERIAL,TIPO_ABASTECIMIENTO,PESO,URL_MULTIMEDIA,MIME_TYPE,STATUS,USUARIO_CREO,FECHA_CREO,USUARIO_MODIFICO,FECHA_MODIFICO) VALUES('MEZ0902','MEZCAL EL SILENCIO ENSAMBLE 750 ML','MEZCAL EL SILENCIO JOVEN 750ML',5,55,1,'/media/922967270.png','image/png',1,'amxsab.system@gmail.com',CURRENT_TIMESTAMP,'amxsab.system@gmail.com',CURRENT_TIMESTAMP);
INSERT INTO MATERIAL (NUMERO_PARTE,DESCRIPCION_ES,DESCRIPCION_EN,ID_CATEGORIA_MATERIAL,TIPO_ABASTECIMIENTO,PESO,URL_MULTIMEDIA,MIME_TYPE,STATUS,USUARIO_CREO,FECHA_CREO,USUARIO_MODIFICO,FECHA_MODIFICO) VALUES('MEZ0903','MEZCAL 400 CONEJOS','MESCAL 400 CONEJOS',5,55,1,'/media/922967270.png','image/png',1,'amxsab.system@gmail.com',CURRENT_TIMESTAMP,'amxsab.system@gmail.com',CURRENT_TIMESTAMP);
INSERT INTO MATERIAL (NUMERO_PARTE,DESCRIPCION_ES,DESCRIPCION_EN,ID_CATEGORIA_MATERIAL,TIPO_ABASTECIMIENTO,PESO,URL_MULTIMEDIA,MIME_TYPE,STATUS,USUARIO_CREO,FECHA_CREO,USUARIO_MODIFICO,FECHA_MODIFICO) VALUES('MIE0301','MIELERA PREMIER 6 ONZAS','HONEY POT PREMIER',3,55,1,'/media/922967270.png','image/png',1,'amxsab.system@gmail.com',CURRENT_TIMESTAMP,'amxsab.system@gmail.com',CURRENT_TIMESTAMP);
INSERT INTO MATERIAL (NUMERO_PARTE,DESCRIPCION_ES,DESCRIPCION_EN,ID_CATEGORIA_MATERIAL,TIPO_ABASTECIMIENTO,PESO,URL_MULTIMEDIA,MIME_TYPE,STATUS,USUARIO_CREO,FECHA_CREO,USUARIO_MODIFICO,FECHA_MODIFICO) VALUES('MIE0402','MIEL CARLOTA 715 GR PREMIER','CARLOTA HONEY 730 GR PREMIER',2,55,1,'/media/922967270.png','image/png',1,'amxsab.system@gmail.com',CURRENT_TIMESTAMP,'amxsab.system@gmail.com',CURRENT_TIMESTAMP);
INSERT INTO MATERIAL (NUMERO_PARTE,DESCRIPCION_ES,DESCRIPCION_EN,ID_CATEGORIA_MATERIAL,TIPO_ABASTECIMIENTO,PESO,URL_MULTIMEDIA,MIME_TYPE,STATUS,USUARIO_CREO,FECHA_CREO,USUARIO_MODIFICO,FECHA_MODIFICO) VALUES('MIS0901','DISPENSADOS DE MISCELANEOS','DISPENSADOS DE MISCELANEOS',6,55,1,'/media/922967270.png','image/png',1,'amxsab.system@gmail.com',CURRENT_TIMESTAMP,'amxsab.system@gmail.com',CURRENT_TIMESTAMP);
INSERT INTO MATERIAL (NUMERO_PARTE,DESCRIPCION_ES,DESCRIPCION_EN,ID_CATEGORIA_MATERIAL,TIPO_ABASTECIMIENTO,PESO,URL_MULTIMEDIA,MIME_TYPE,STATUS,USUARIO_CREO,FECHA_CREO,USUARIO_MODIFICO,FECHA_MODIFICO) VALUES('NAT0401','NATILLA DE LECHE','NATILLA DE LECHE',2,55,1,'/media/922967270.png','image/png',1,'amxsab.system@gmail.com',CURRENT_TIMESTAMP,'amxsab.system@gmail.com',CURRENT_TIMESTAMP);
INSERT INTO MATERIAL (NUMERO_PARTE,DESCRIPCION_ES,DESCRIPCION_EN,ID_CATEGORIA_MATERIAL,TIPO_ABASTECIMIENTO,PESO,URL_MULTIMEDIA,MIME_TYPE,STATUS,USUARIO_CREO,FECHA_CREO,USUARIO_MODIFICO,FECHA_MODIFICO) VALUES('NOD0401','NOODLES 64 G','CUP NOODLES 64 G',2,55,1,'/media/922967270.png','image/png',1,'amxsab.system@gmail.com',CURRENT_TIMESTAMP,'amxsab.system@gmail.com',CURRENT_TIMESTAMP);
INSERT INTO MATERIAL (NUMERO_PARTE,DESCRIPCION_ES,DESCRIPCION_EN,ID_CATEGORIA_MATERIAL,TIPO_ABASTECIMIENTO,PESO,URL_MULTIMEDIA,MIME_TYPE,STATUS,USUARIO_CREO,FECHA_CREO,USUARIO_MODIFICO,FECHA_MODIFICO) VALUES('NOR0608','NORMA DE SEGURIDAD B 737/700 REV D','SAFETY FORM B 737/700',2,55,1,'/media/922967270.png','image/png',1,'amxsab.system@gmail.com',CURRENT_TIMESTAMP,'amxsab.system@gmail.com',CURRENT_TIMESTAMP);
INSERT INTO MATERIAL (NUMERO_PARTE,DESCRIPCION_ES,DESCRIPCION_EN,ID_CATEGORIA_MATERIAL,TIPO_ABASTECIMIENTO,PESO,URL_MULTIMEDIA,MIME_TYPE,STATUS,USUARIO_CREO,FECHA_CREO,USUARIO_MODIFICO,FECHA_MODIFICO) VALUES('NOR0609','NORMA DE SEGURIDAD B777 REV F','SAFETY FORM B777 JAPON',2,55,1,'/media/922967270.png','image/png',1,'amxsab.system@gmail.com',CURRENT_TIMESTAMP,'amxsab.system@gmail.com',CURRENT_TIMESTAMP);
INSERT INTO MATERIAL (NUMERO_PARTE,DESCRIPCION_ES,DESCRIPCION_EN,ID_CATEGORIA_MATERIAL,TIPO_ABASTECIMIENTO,PESO,URL_MULTIMEDIA,MIME_TYPE,STATUS,USUARIO_CREO,FECHA_CREO,USUARIO_MODIFICO,FECHA_MODIFICO) VALUES('NOR0610','NORMA DE SEGURIDAD B737/800 REV C','SAFETY FORM B737/800',2,55,1,'/media/922967270.png','image/png',1,'amxsab.system@gmail.com',CURRENT_TIMESTAMP,'amxsab.system@gmail.com',CURRENT_TIMESTAMP);
INSERT INTO MATERIAL (NUMERO_PARTE,DESCRIPCION_ES,DESCRIPCION_EN,ID_CATEGORIA_MATERIAL,TIPO_ABASTECIMIENTO,PESO,URL_MULTIMEDIA,MIME_TYPE,STATUS,USUARIO_CREO,FECHA_CREO,USUARIO_MODIFICO,FECHA_MODIFICO) VALUES('NOR0616 PI202','NORMA DE SEGURIDAD CONN 145 REV C','SAFETY FORM CONN 145',2,55,1,'/media/922967270.png','image/png',1,'amxsab.system@gmail.com',CURRENT_TIMESTAMP,'amxsab.system@gmail.com',CURRENT_TIMESTAMP);
INSERT INTO MATERIAL (NUMERO_PARTE,DESCRIPCION_ES,DESCRIPCION_EN,ID_CATEGORIA_MATERIAL,TIPO_ABASTECIMIENTO,PESO,URL_MULTIMEDIA,MIME_TYPE,STATUS,USUARIO_CREO,FECHA_CREO,USUARIO_MODIFICO,FECHA_MODIFICO) VALUES('NOR0617 PI350','NORMA DE SEGURIDAD CONN 190 REV C','SAFETY FORM CONN 190',2,55,1,'/media/922967270.png','image/png',1,'amxsab.system@gmail.com',CURRENT_TIMESTAMP,'amxsab.system@gmail.com',CURRENT_TIMESTAMP);
INSERT INTO MATERIAL (NUMERO_PARTE,DESCRIPCION_ES,DESCRIPCION_EN,ID_CATEGORIA_MATERIAL,TIPO_ABASTECIMIENTO,PESO,URL_MULTIMEDIA,MIME_TYPE,STATUS,USUARIO_CREO,FECHA_CREO,USUARIO_MODIFICO,FECHA_MODIFICO) VALUES('NOR0618','NORMA DE SEGURIDAD CONN EMB170 REV B','NORMA DE SEGURIDAD CONN EMB170REVISION A',2,55,1,'/media/922967270.png','image/png',1,'amxsab.system@gmail.com',CURRENT_TIMESTAMP,'amxsab.system@gmail.com',CURRENT_TIMESTAMP);
INSERT INTO MATERIAL (NUMERO_PARTE,DESCRIPCION_ES,DESCRIPCION_EN,ID_CATEGORIA_MATERIAL,TIPO_ABASTECIMIENTO,PESO,URL_MULTIMEDIA,MIME_TYPE,STATUS,USUARIO_CREO,FECHA_CREO,USUARIO_MODIFICO,FECHA_MODIFICO) VALUES('NOR0619','NORMA DE SEGURIDAD CONN EMB175 REV A','NORMA DE SEGURIDAD CONN EMB175REVISION A',2,55,1,'/media/922967270.png','image/png',1,'amxsab.system@gmail.com',CURRENT_TIMESTAMP,'amxsab.system@gmail.com',CURRENT_TIMESTAMP);
INSERT INTO MATERIAL (NUMERO_PARTE,DESCRIPCION_ES,DESCRIPCION_EN,ID_CATEGORIA_MATERIAL,TIPO_ABASTECIMIENTO,PESO,URL_MULTIMEDIA,MIME_TYPE,STATUS,USUARIO_CREO,FECHA_CREO,USUARIO_MODIFICO,FECHA_MODIFICO) VALUES('NOR0620','NORMA DE SEGURIDAD B787 REV C','SAFETY FORM B787',2,55,1,'/media/922967270.png','image/png',1,'amxsab.system@gmail.com',CURRENT_TIMESTAMP,'amxsab.system@gmail.com',CURRENT_TIMESTAMP);
INSERT INTO MATERIAL (NUMERO_PARTE,DESCRIPCION_ES,DESCRIPCION_EN,ID_CATEGORIA_MATERIAL,TIPO_ABASTECIMIENTO,PESO,URL_MULTIMEDIA,MIME_TYPE,STATUS,USUARIO_CREO,FECHA_CREO,USUARIO_MODIFICO,FECHA_MODIFICO) VALUES('NOR0622','NORMA DE SEGURIDAD B787-900 REV "C"','NORMA DE SEGURIDAD B787-900 REV "A"',2,55,1,'/media/922967270.png','image/png',1,'amxsab.system@gmail.com',CURRENT_TIMESTAMP,'amxsab.system@gmail.com',CURRENT_TIMESTAMP);
INSERT INTO MATERIAL (NUMERO_PARTE,DESCRIPCION_ES,DESCRIPCION_EN,ID_CATEGORIA_MATERIAL,TIPO_ABASTECIMIENTO,PESO,URL_MULTIMEDIA,MIME_TYPE,STATUS,USUARIO_CREO,FECHA_CREO,USUARIO_MODIFICO,FECHA_MODIFICO) VALUES('PAL0001','PALA PARA PASTELPREMIER','PASTRY SPADE PREMIER',3,55,1,'/media/922967270.png','image/png',1,'amxsab.system@gmail.com',CURRENT_TIMESTAMP,'amxsab.system@gmail.com',CURRENT_TIMESTAMP);
INSERT INTO MATERIAL (NUMERO_PARTE,DESCRIPCION_ES,DESCRIPCION_EN,ID_CATEGORIA_MATERIAL,TIPO_ABASTECIMIENTO,PESO,URL_MULTIMEDIA,MIME_TYPE,STATUS,USUARIO_CREO,FECHA_CREO,USUARIO_MODIFICO,FECHA_MODIFICO) VALUES('PAM0301','PALILLO METALICO COREA','PALILLO METALICO COREA',3,55,1,'/media/922967270.png','image/png',1,'amxsab.system@gmail.com',CURRENT_TIMESTAMP,'amxsab.system@gmail.com',CURRENT_TIMESTAMP);
INSERT INTO MATERIAL (NUMERO_PARTE,DESCRIPCION_ES,DESCRIPCION_EN,ID_CATEGORIA_MATERIAL,TIPO_ABASTECIMIENTO,PESO,URL_MULTIMEDIA,MIME_TYPE,STATUS,USUARIO_CREO,FECHA_CREO,USUARIO_MODIFICO,FECHA_MODIFICO) VALUES('PAM1001','PALILLO MADERA ESTUCHADO','WOODEN TOOTHPICK',2,55,1,'/media/922967270.png','image/png',1,'amxsab.system@gmail.com',CURRENT_TIMESTAMP,'amxsab.system@gmail.com',CURRENT_TIMESTAMP);
INSERT INTO MATERIAL (NUMERO_PARTE,DESCRIPCION_ES,DESCRIPCION_EN,ID_CATEGORIA_MATERIAL,TIPO_ABASTECIMIENTO,PESO,URL_MULTIMEDIA,MIME_TYPE,STATUS,USUARIO_CREO,FECHA_CREO,USUARIO_MODIFICO,FECHA_MODIFICO) VALUES('PAM1002','PALILLO P/COMER DE BAMBU CONFUNDA','BAMBOO CHOPSTICK',2,55,1,'/media/922967270.png','image/png',1,'amxsab.system@gmail.com',CURRENT_TIMESTAMP,'amxsab.system@gmail.com',CURRENT_TIMESTAMP);
INSERT INTO MATERIAL (NUMERO_PARTE,DESCRIPCION_ES,DESCRIPCION_EN,ID_CATEGORIA_MATERIAL,TIPO_ABASTECIMIENTO,PESO,URL_MULTIMEDIA,MIME_TYPE,STATUS,USUARIO_CREO,FECHA_CREO,USUARIO_MODIFICO,FECHA_MODIFICO) VALUES('PAM1003','PALILLOS DEMADERA','WOODEN CHOPS TICK',2,55,1,'/media/922967270.png','image/png',1,'amxsab.system@gmail.com',CURRENT_TIMESTAMP,'amxsab.system@gmail.com',CURRENT_TIMESTAMP);
INSERT INTO MATERIAL (NUMERO_PARTE,DESCRIPCION_ES,DESCRIPCION_EN,ID_CATEGORIA_MATERIAL,TIPO_ABASTECIMIENTO,PESO,URL_MULTIMEDIA,MIME_TYPE,STATUS,USUARIO_CREO,FECHA_CREO,USUARIO_MODIFICO,FECHA_MODIFICO) VALUES('PAN0301','PANERA PREMIER','BREAD BASKET PREMIER',3,55,1,'/media/922967270.png','image/png',1,'amxsab.system@gmail.com',CURRENT_TIMESTAMP,'amxsab.system@gmail.com',CURRENT_TIMESTAMP);
INSERT INTO MATERIAL (NUMERO_PARTE,DESCRIPCION_ES,DESCRIPCION_EN,ID_CATEGORIA_MATERIAL,TIPO_ABASTECIMIENTO,PESO,URL_MULTIMEDIA,MIME_TYPE,STATUS,USUARIO_CREO,FECHA_CREO,USUARIO_MODIFICO,FECHA_MODIFICO) VALUES('PAN0405','MUFFIN DE CHOCOLATE','CHOCOLATE MUFFIN',2,55,1,'/media/922967270.png','image/png',1,'amxsab.system@gmail.com',CURRENT_TIMESTAMP,'amxsab.system@gmail.com',CURRENT_TIMESTAMP);
INSERT INTO MATERIAL (NUMERO_PARTE,DESCRIPCION_ES,DESCRIPCION_EN,ID_CATEGORIA_MATERIAL,TIPO_ABASTECIMIENTO,PESO,URL_MULTIMEDIA,MIME_TYPE,STATUS,USUARIO_CREO,FECHA_CREO,USUARIO_MODIFICO,FECHA_MODIFICO) VALUES('PAN0407','CUERNO PUNTAS DOBLADAS','CROISSANT WITH FOLDED ENDS',2,55,1,'/media/922967270.png','image/png',1,'amxsab.system@gmail.com',CURRENT_TIMESTAMP,'amxsab.system@gmail.com',CURRENT_TIMESTAMP);
INSERT INTO MATERIAL (NUMERO_PARTE,DESCRIPCION_ES,DESCRIPCION_EN,ID_CATEGORIA_MATERIAL,TIPO_ABASTECIMIENTO,PESO,URL_MULTIMEDIA,MIME_TYPE,STATUS,USUARIO_CREO,FECHA_CREO,USUARIO_MODIFICO,FECHA_MODIFICO) VALUES('PAN0408','CHAROLA DE PAN DULCE SURTIDO','TRAY WITH SWEET BREAD',2,55,1,'/media/922967270.png','image/png',1,'amxsab.system@gmail.com',CURRENT_TIMESTAMP,'amxsab.system@gmail.com',CURRENT_TIMESTAMP);
INSERT INTO MATERIAL (NUMERO_PARTE,DESCRIPCION_ES,DESCRIPCION_EN,ID_CATEGORIA_MATERIAL,TIPO_ABASTECIMIENTO,PESO,URL_MULTIMEDIA,MIME_TYPE,STATUS,USUARIO_CREO,FECHA_CREO,USUARIO_MODIFICO,FECHA_MODIFICO) VALUES('PAN0410','MUFFIN DE VAINILLA / NATURAL','VANILA MUFFIN',2,55,1,'/media/922967270.png','image/png',1,'amxsab.system@gmail.com',CURRENT_TIMESTAMP,'amxsab.system@gmail.com',CURRENT_TIMESTAMP);
INSERT INTO MATERIAL (NUMERO_PARTE,DESCRIPCION_ES,DESCRIPCION_EN,ID_CATEGORIA_MATERIAL,TIPO_ABASTECIMIENTO,PESO,URL_MULTIMEDIA,MIME_TYPE,STATUS,USUARIO_CREO,FECHA_CREO,USUARIO_MODIFICO,FECHA_MODIFICO) VALUES('PAN0412','PAN BOLLO BLANCO','WHITE BREAD',2,55,1,'/media/922967270.png','image/png',1,'amxsab.system@gmail.com',CURRENT_TIMESTAMP,'amxsab.system@gmail.com',CURRENT_TIMESTAMP);
INSERT INTO MATERIAL (NUMERO_PARTE,DESCRIPCION_ES,DESCRIPCION_EN,ID_CATEGORIA_MATERIAL,TIPO_ABASTECIMIENTO,PESO,URL_MULTIMEDIA,MIME_TYPE,STATUS,USUARIO_CREO,FECHA_CREO,USUARIO_MODIFICO,FECHA_MODIFICO) VALUES('PAN0501','PAÑUELO DESECHABLE PK','PAÑUELO DESECHABLE PK',2,55,1,'/media/922967270.png','image/png',1,'amxsab.system@gmail.com',CURRENT_TIMESTAMP,'amxsab.system@gmail.com',CURRENT_TIMESTAMP);
INSERT INTO MATERIAL (NUMERO_PARTE,DESCRIPCION_ES,DESCRIPCION_EN,ID_CATEGORIA_MATERIAL,TIPO_ABASTECIMIENTO,PESO,URL_MULTIMEDIA,MIME_TYPE,STATUS,USUARIO_CREO,FECHA_CREO,USUARIO_MODIFICO,FECHA_MODIFICO) VALUES('PAN0502','PAÑUELO FACIAL ELITE','PAÑUELO FACIAL ELITE',2,55,1,'/media/922967270.png','image/png',1,'amxsab.system@gmail.com',CURRENT_TIMESTAMP,'amxsab.system@gmail.com',CURRENT_TIMESTAMP);
INSERT INTO MATERIAL (NUMERO_PARTE,DESCRIPCION_ES,DESCRIPCION_EN,ID_CATEGORIA_MATERIAL,TIPO_ABASTECIMIENTO,PESO,URL_MULTIMEDIA,MIME_TYPE,STATUS,USUARIO_CREO,FECHA_CREO,USUARIO_MODIFICO,FECHA_MODIFICO) VALUES('PAP0505','PAPEL SANITARIO KLEENEX','TOILET PAPER KLEENEX',2,55,1,'/media/922967270.png','image/png',1,'amxsab.system@gmail.com',CURRENT_TIMESTAMP,'amxsab.system@gmail.com',CURRENT_TIMESTAMP);
INSERT INTO MATERIAL (NUMERO_PARTE,DESCRIPCION_ES,DESCRIPCION_EN,ID_CATEGORIA_MATERIAL,TIPO_ABASTECIMIENTO,PESO,URL_MULTIMEDIA,MIME_TYPE,STATUS,USUARIO_CREO,FECHA_CREO,USUARIO_MODIFICO,FECHA_MODIFICO) VALUES('PAP0506','PAPEL HIGIENICO ELITE','PAPEL SANITARIO KLEENEX CON GRABADO',2,55,1,'/media/922967270.png','image/png',1,'amxsab.system@gmail.com',CURRENT_TIMESTAMP,'amxsab.system@gmail.com',CURRENT_TIMESTAMP);
INSERT INTO MATERIAL (NUMERO_PARTE,DESCRIPCION_ES,DESCRIPCION_EN,ID_CATEGORIA_MATERIAL,TIPO_ABASTECIMIENTO,PESO,URL_MULTIMEDIA,MIME_TYPE,STATUS,USUARIO_CREO,FECHA_CREO,USUARIO_MODIFICO,FECHA_MODIFICO) VALUES('PAT1001','PANTUFLAS DE DESCANSOPREMIER','IN FLIGHT SLIPPERS',2,55,1,'/media/922967270.png','image/png',1,'amxsab.system@gmail.com',CURRENT_TIMESTAMP,'amxsab.system@gmail.com',CURRENT_TIMESTAMP);
INSERT INTO MATERIAL (NUMERO_PARTE,DESCRIPCION_ES,DESCRIPCION_EN,ID_CATEGORIA_MATERIAL,TIPO_ABASTECIMIENTO,PESO,URL_MULTIMEDIA,MIME_TYPE,STATUS,USUARIO_CREO,FECHA_CREO,USUARIO_MODIFICO,FECHA_MODIFICO) VALUES('PAT1002','PANTUFLAS DE DESCANSO PREMIER. KAELIS','PANTUFLAS DE DESCANSO PREMIER. KAELIS',2,56,1,'/media/922967270.png','image/png',1,'amxsab.system@gmail.com',CURRENT_TIMESTAMP,'amxsab.system@gmail.com',CURRENT_TIMESTAMP);
INSERT INTO MATERIAL (NUMERO_PARTE,DESCRIPCION_ES,DESCRIPCION_EN,ID_CATEGORIA_MATERIAL,TIPO_ABASTECIMIENTO,PESO,URL_MULTIMEDIA,MIME_TYPE,STATUS,USUARIO_CREO,FECHA_CREO,USUARIO_MODIFICO,FECHA_MODIFICO) VALUES('PIM0210','PIMENTERO J PORCELANA','PIMENTERO J PORCELANA',3,55,1,'/media/922967270.png','image/png',1,'amxsab.system@gmail.com',CURRENT_TIMESTAMP,'amxsab.system@gmail.com',CURRENT_TIMESTAMP);
INSERT INTO MATERIAL (NUMERO_PARTE,DESCRIPCION_ES,DESCRIPCION_EN,ID_CATEGORIA_MATERIAL,TIPO_ABASTECIMIENTO,PESO,URL_MULTIMEDIA,MIME_TYPE,STATUS,USUARIO_CREO,FECHA_CREO,USUARIO_MODIFICO,FECHA_MODIFICO) VALUES('PIN0301','PINZA METALICA PARA VARIOS USOS','METALIC TONG FOR MULTIPLE THINGS',3,55,1,'/media/922967270.png','image/png',1,'amxsab.system@gmail.com',CURRENT_TIMESTAMP,'amxsab.system@gmail.com',CURRENT_TIMESTAMP);
INSERT INTO MATERIAL (NUMERO_PARTE,DESCRIPCION_ES,DESCRIPCION_EN,ID_CATEGORIA_MATERIAL,TIPO_ABASTECIMIENTO,PESO,URL_MULTIMEDIA,MIME_TYPE,STATUS,USUARIO_CREO,FECHA_CREO,USUARIO_MODIFICO,FECHA_MODIFICO) VALUES('PIN0303','PINZAS PARA HIELOPREMIER','ICE TONG PREMIER',3,55,1,'/media/922967270.png','image/png',1,'amxsab.system@gmail.com',CURRENT_TIMESTAMP,'amxsab.system@gmail.com',CURRENT_TIMESTAMP);
INSERT INTO MATERIAL (NUMERO_PARTE,DESCRIPCION_ES,DESCRIPCION_EN,ID_CATEGORIA_MATERIAL,TIPO_ABASTECIMIENTO,PESO,URL_MULTIMEDIA,MIME_TYPE,STATUS,USUARIO_CREO,FECHA_CREO,USUARIO_MODIFICO,FECHA_MODIFICO) VALUES('PIN0305','PINZA METALICA PARA PAN 23CM','PINZA METALICA PARA PAN 23CM',3,55,1,'/media/922967270.png','image/png',1,'amxsab.system@gmail.com',CURRENT_TIMESTAMP,'amxsab.system@gmail.com',CURRENT_TIMESTAMP);
INSERT INTO MATERIAL (NUMERO_PARTE,DESCRIPCION_ES,DESCRIPCION_EN,ID_CATEGORIA_MATERIAL,TIPO_ABASTECIMIENTO,PESO,URL_MULTIMEDIA,MIME_TYPE,STATUS,USUARIO_CREO,FECHA_CREO,USUARIO_MODIFICO,FECHA_MODIFICO) VALUES('PLA0013','PLATO PRINCIPAL PLASTICO Y','PRINCIIPAL PLASTIC PLATE Y HELIOS',3,55,1,'/media/922967270.png','image/png',1,'amxsab.system@gmail.com',CURRENT_TIMESTAMP,'amxsab.system@gmail.com',CURRENT_TIMESTAMP);
INSERT INTO MATERIAL (NUMERO_PARTE,DESCRIPCION_ES,DESCRIPCION_EN,ID_CATEGORIA_MATERIAL,TIPO_ABASTECIMIENTO,PESO,URL_MULTIMEDIA,MIME_TYPE,STATUS,USUARIO_CREO,FECHA_CREO,USUARIO_MODIFICO,FECHA_MODIFICO) VALUES('PLA0014','PLATO ENSALADA / POSTRE','R SALAD BOWL HIGH',3,55,1,'/media/922967270.png','image/png',1,'amxsab.system@gmail.com',CURRENT_TIMESTAMP,'amxsab.system@gmail.com',CURRENT_TIMESTAMP);
INSERT INTO MATERIAL (NUMERO_PARTE,DESCRIPCION_ES,DESCRIPCION_EN,ID_CATEGORIA_MATERIAL,TIPO_ABASTECIMIENTO,PESO,URL_MULTIMEDIA,MIME_TYPE,STATUS,USUARIO_CREO,FECHA_CREO,USUARIO_MODIFICO,FECHA_MODIFICO) VALUES('PLA0015','BOWL PLASTICOPREMIER','BOWL PLASTIC',3,55,1,'/media/922967270.png','image/png',1,'amxsab.system@gmail.com',CURRENT_TIMESTAMP,'amxsab.system@gmail.com',CURRENT_TIMESTAMP);
INSERT INTO MATERIAL (NUMERO_PARTE,DESCRIPCION_ES,DESCRIPCION_EN,ID_CATEGORIA_MATERIAL,TIPO_ABASTECIMIENTO,PESO,URL_MULTIMEDIA,MIME_TYPE,STATUS,USUARIO_CREO,FECHA_CREO,USUARIO_MODIFICO,FECHA_MODIFICO) VALUES('PLA0017','PLATO EXPRESO','EXPRESSO PLATE',3,55,1,'/media/922967270.png','image/png',1,'amxsab.system@gmail.com',CURRENT_TIMESTAMP,'amxsab.system@gmail.com',CURRENT_TIMESTAMP);
INSERT INTO MATERIAL (NUMERO_PARTE,DESCRIPCION_ES,DESCRIPCION_EN,ID_CATEGORIA_MATERIAL,TIPO_ABASTECIMIENTO,PESO,URL_MULTIMEDIA,MIME_TYPE,STATUS,USUARIO_CREO,FECHA_CREO,USUARIO_MODIFICO,FECHA_MODIFICO) VALUES('PLA0211','PLATO REDONDO PORC21CM','PORCELAIN ROUND PLATE 21CM',3,55,1,'/media/922967270.png','image/png',1,'amxsab.system@gmail.com',CURRENT_TIMESTAMP,'amxsab.system@gmail.com',CURRENT_TIMESTAMP);
INSERT INTO MATERIAL (NUMERO_PARTE,DESCRIPCION_ES,DESCRIPCION_EN,ID_CATEGORIA_MATERIAL,TIPO_ABASTECIMIENTO,PESO,URL_MULTIMEDIA,MIME_TYPE,STATUS,USUARIO_CREO,FECHA_CREO,USUARIO_MODIFICO,FECHA_MODIFICO) VALUES('PLA0212','PLATO P/CAFE PORCELANA','PORCELAIN COFFEE PLATE',3,55,1,'/media/922967270.png','image/png',1,'amxsab.system@gmail.com',CURRENT_TIMESTAMP,'amxsab.system@gmail.com',CURRENT_TIMESTAMP);
INSERT INTO MATERIAL (NUMERO_PARTE,DESCRIPCION_ES,DESCRIPCION_EN,ID_CATEGORIA_MATERIAL,TIPO_ABASTECIMIENTO,PESO,URL_MULTIMEDIA,MIME_TYPE,STATUS,USUARIO_CREO,FECHA_CREO,USUARIO_MODIFICO,FECHA_MODIFICO) VALUES('PLA0213','PLATO PRINCOVALADO PORCELANA','PORCELAIN PRINCIP OVAL PLATE',3,55,1,'/media/922967270.png','image/png',1,'amxsab.system@gmail.com',CURRENT_TIMESTAMP,'amxsab.system@gmail.com',CURRENT_TIMESTAMP);
INSERT INTO MATERIAL (NUMERO_PARTE,DESCRIPCION_ES,DESCRIPCION_EN,ID_CATEGORIA_MATERIAL,TIPO_ABASTECIMIENTO,PESO,URL_MULTIMEDIA,MIME_TYPE,STATUS,USUARIO_CREO,FECHA_CREO,USUARIO_MODIFICO,FECHA_MODIFICO) VALUES('PLA0214','PLATO BASE OVALADO PORCELANA','PORCELAIN OVAL BASE PLATE',3,55,1,'/media/922967270.png','image/png',1,'amxsab.system@gmail.com',CURRENT_TIMESTAMP,'amxsab.system@gmail.com',CURRENT_TIMESTAMP);
INSERT INTO MATERIAL (NUMERO_PARTE,DESCRIPCION_ES,DESCRIPCION_EN,ID_CATEGORIA_MATERIAL,TIPO_ABASTECIMIENTO,PESO,URL_MULTIMEDIA,MIME_TYPE,STATUS,USUARIO_CREO,FECHA_CREO,USUARIO_MODIFICO,FECHA_MODIFICO) VALUES('PLA0215','PLATO POSTRE PORCELANA','PORCELAIN DESSERT PLATE',3,55,1,'/media/922967270.png','image/png',1,'amxsab.system@gmail.com',CURRENT_TIMESTAMP,'amxsab.system@gmail.com',CURRENT_TIMESTAMP);
INSERT INTO MATERIAL (NUMERO_PARTE,DESCRIPCION_ES,DESCRIPCION_EN,ID_CATEGORIA_MATERIAL,TIPO_ABASTECIMIENTO,PESO,URL_MULTIMEDIA,MIME_TYPE,STATUS,USUARIO_CREO,FECHA_CREO,USUARIO_MODIFICO,FECHA_MODIFICO) VALUES('PLA0216','PLATO ENSALADA PORCELANA','PORCELAIN SALAD PLATE',3,55,1,'/media/922967270.png','image/png',1,'amxsab.system@gmail.com',CURRENT_TIMESTAMP,'amxsab.system@gmail.com',CURRENT_TIMESTAMP);
INSERT INTO MATERIAL (NUMERO_PARTE,DESCRIPCION_ES,DESCRIPCION_EN,ID_CATEGORIA_MATERIAL,TIPO_ABASTECIMIENTO,PESO,URL_MULTIMEDIA,MIME_TYPE,STATUS,USUARIO_CREO,FECHA_CREO,USUARIO_MODIFICO,FECHA_MODIFICO) VALUES('PLA0217','PLATO REDONDO PORCELANA 17 CM','PORCELAIN ROUND PLATE 17CM',3,55,1,'/media/922967270.png','image/png',1,'amxsab.system@gmail.com',CURRENT_TIMESTAMP,'amxsab.system@gmail.com',CURRENT_TIMESTAMP);
INSERT INTO MATERIAL (NUMERO_PARTE,DESCRIPCION_ES,DESCRIPCION_EN,ID_CATEGORIA_MATERIAL,TIPO_ABASTECIMIENTO,PESO,URL_MULTIMEDIA,MIME_TYPE,STATUS,USUARIO_CREO,FECHA_CREO,USUARIO_MODIFICO,FECHA_MODIFICO) VALUES('PLA0218','PLATO REDONDO P/PAN PORCELANA','ROUND PORCELAIN BREAD PLATE',3,55,1,'/media/922967270.png','image/png',1,'amxsab.system@gmail.com',CURRENT_TIMESTAMP,'amxsab.system@gmail.com',CURRENT_TIMESTAMP);
INSERT INTO MATERIAL (NUMERO_PARTE,DESCRIPCION_ES,DESCRIPCION_EN,ID_CATEGORIA_MATERIAL,TIPO_ABASTECIMIENTO,PESO,URL_MULTIMEDIA,MIME_TYPE,STATUS,USUARIO_CREO,FECHA_CREO,USUARIO_MODIFICO,FECHA_MODIFICO) VALUES('PLA0219','PLATO PARA CAFEEXPRESSOPREMIER','COFFE EXPRESS PLATE PREMIER',3,55,1,'/media/922967270.png','image/png',1,'amxsab.system@gmail.com',CURRENT_TIMESTAMP,'amxsab.system@gmail.com',CURRENT_TIMESTAMP);
INSERT INTO MATERIAL (NUMERO_PARTE,DESCRIPCION_ES,DESCRIPCION_EN,ID_CATEGORIA_MATERIAL,TIPO_ABASTECIMIENTO,PESO,URL_MULTIMEDIA,MIME_TYPE,STATUS,USUARIO_CREO,FECHA_CREO,USUARIO_MODIFICO,FECHA_MODIFICO) VALUES('PLA0220','PLATO PARA TEBAJO TAZA','TEA SAUCER BLACK 11 CM',3,55,1,'/media/922967270.png','image/png',1,'amxsab.system@gmail.com',CURRENT_TIMESTAMP,'amxsab.system@gmail.com',CURRENT_TIMESTAMP);
INSERT INTO MATERIAL (NUMERO_PARTE,DESCRIPCION_ES,DESCRIPCION_EN,ID_CATEGORIA_MATERIAL,TIPO_ABASTECIMIENTO,PESO,URL_MULTIMEDIA,MIME_TYPE,STATUS,USUARIO_CREO,FECHA_CREO,USUARIO_MODIFICO,FECHA_MODIFICO) VALUES('PLA0221','BOWLAMARILLO','BOWL YELLOW',3,55,1,'/media/922967270.png','image/png',1,'amxsab.system@gmail.com',CURRENT_TIMESTAMP,'amxsab.system@gmail.com',CURRENT_TIMESTAMP);
INSERT INTO MATERIAL (NUMERO_PARTE,DESCRIPCION_ES,DESCRIPCION_EN,ID_CATEGORIA_MATERIAL,TIPO_ABASTECIMIENTO,PESO,URL_MULTIMEDIA,MIME_TYPE,STATUS,USUARIO_CREO,FECHA_CREO,USUARIO_MODIFICO,FECHA_MODIFICO) VALUES('PLA0222','BOWL BLANCOJAPON','BOWL WHITE',3,55,1,'/media/922967270.png','image/png',1,'amxsab.system@gmail.com',CURRENT_TIMESTAMP,'amxsab.system@gmail.com',CURRENT_TIMESTAMP);
INSERT INTO MATERIAL (NUMERO_PARTE,DESCRIPCION_ES,DESCRIPCION_EN,ID_CATEGORIA_MATERIAL,TIPO_ABASTECIMIENTO,PESO,URL_MULTIMEDIA,MIME_TYPE,STATUS,USUARIO_CREO,FECHA_CREO,USUARIO_MODIFICO,FECHA_MODIFICO) VALUES('PLA0223','PLATO PARA SNACKJAPON','SNACK PLATE IVORY',3,55,1,'/media/922967270.png','image/png',1,'amxsab.system@gmail.com',CURRENT_TIMESTAMP,'amxsab.system@gmail.com',CURRENT_TIMESTAMP);
INSERT INTO MATERIAL (NUMERO_PARTE,DESCRIPCION_ES,DESCRIPCION_EN,ID_CATEGORIA_MATERIAL,TIPO_ABASTECIMIENTO,PESO,URL_MULTIMEDIA,MIME_TYPE,STATUS,USUARIO_CREO,FECHA_CREO,USUARIO_MODIFICO,FECHA_MODIFICO) VALUES('PLA0224','PLATORECTANGULAR PARA ENTREMESJAPON','APPETIZER PLATE SQUARE',3,55,1,'/media/922967270.png','image/png',1,'amxsab.system@gmail.com',CURRENT_TIMESTAMP,'amxsab.system@gmail.com',CURRENT_TIMESTAMP);
INSERT INTO MATERIAL (NUMERO_PARTE,DESCRIPCION_ES,DESCRIPCION_EN,ID_CATEGORIA_MATERIAL,TIPO_ABASTECIMIENTO,PESO,URL_MULTIMEDIA,MIME_TYPE,STATUS,USUARIO_CREO,FECHA_CREO,USUARIO_MODIFICO,FECHA_MODIFICO) VALUES('PLA0225','PLATO PRINCIPAL OVALADOJAPON','MAIN PLATE JAPON HOT MEAL',3,55,1,'/media/922967270.png','image/png',1,'amxsab.system@gmail.com',CURRENT_TIMESTAMP,'amxsab.system@gmail.com',CURRENT_TIMESTAMP);
INSERT INTO MATERIAL (NUMERO_PARTE,DESCRIPCION_ES,DESCRIPCION_EN,ID_CATEGORIA_MATERIAL,TIPO_ABASTECIMIENTO,PESO,URL_MULTIMEDIA,MIME_TYPE,STATUS,USUARIO_CREO,FECHA_CREO,USUARIO_MODIFICO,FECHA_MODIFICO) VALUES('PLA0226','PLATO PARA ENCURTIDOSJAPON','PIKCLE PLATE JAPAN',3,55,1,'/media/922967270.png','image/png',1,'amxsab.system@gmail.com',CURRENT_TIMESTAMP,'amxsab.system@gmail.com',CURRENT_TIMESTAMP);
INSERT INTO MATERIAL (NUMERO_PARTE,DESCRIPCION_ES,DESCRIPCION_EN,ID_CATEGORIA_MATERIAL,TIPO_ABASTECIMIENTO,PESO,URL_MULTIMEDIA,MIME_TYPE,STATUS,USUARIO_CREO,FECHA_CREO,USUARIO_MODIFICO,FECHA_MODIFICO) VALUES('PLA0227','BOWL PARA SOPA CON TAPAJAPON','SOUP BOWL W/ COVER',3,55,1,'/media/922967270.png','image/png',1,'amxsab.system@gmail.com',CURRENT_TIMESTAMP,'amxsab.system@gmail.com',CURRENT_TIMESTAMP);
INSERT INTO MATERIAL (NUMERO_PARTE,DESCRIPCION_ES,DESCRIPCION_EN,ID_CATEGORIA_MATERIAL,TIPO_ABASTECIMIENTO,PESO,URL_MULTIMEDIA,MIME_TYPE,STATUS,USUARIO_CREO,FECHA_CREO,USUARIO_MODIFICO,FECHA_MODIFICO) VALUES('PLA0228','BOWL AMARILLOLISOJAPON','BOWL YELLOW JAPON',3,55,1,'/media/922967270.png','image/png',1,'amxsab.system@gmail.com',CURRENT_TIMESTAMP,'amxsab.system@gmail.com',CURRENT_TIMESTAMP);
INSERT INTO MATERIAL (NUMERO_PARTE,DESCRIPCION_ES,DESCRIPCION_EN,ID_CATEGORIA_MATERIAL,TIPO_ABASTECIMIENTO,PESO,URL_MULTIMEDIA,MIME_TYPE,STATUS,USUARIO_CREO,FECHA_CREO,USUARIO_MODIFICO,FECHA_MODIFICO) VALUES('PLA0229','BOWL PARA ARROZJAPON','RICE BOWL JAPON',3,55,1,'/media/922967270.png','image/png',1,'amxsab.system@gmail.com',CURRENT_TIMESTAMP,'amxsab.system@gmail.com',CURRENT_TIMESTAMP);
INSERT INTO MATERIAL (NUMERO_PARTE,DESCRIPCION_ES,DESCRIPCION_EN,ID_CATEGORIA_MATERIAL,TIPO_ABASTECIMIENTO,PESO,URL_MULTIMEDIA,MIME_TYPE,STATUS,USUARIO_CREO,FECHA_CREO,USUARIO_MODIFICO,FECHA_MODIFICO) VALUES('PLA0230','BOWL CHICO POSTREPVG','DESSERT BOWL CHAPEI BODY PVG',3,55,1,'/media/922967270.png','image/png',1,'amxsab.system@gmail.com',CURRENT_TIMESTAMP,'amxsab.system@gmail.com',CURRENT_TIMESTAMP);
INSERT INTO MATERIAL (NUMERO_PARTE,DESCRIPCION_ES,DESCRIPCION_EN,ID_CATEGORIA_MATERIAL,TIPO_ABASTECIMIENTO,PESO,URL_MULTIMEDIA,MIME_TYPE,STATUS,USUARIO_CREO,FECHA_CREO,USUARIO_MODIFICO,FECHA_MODIFICO) VALUES('PLA0231','PLATO PRINCIPAL 20 CMPVG','MAIN PLATE 20 CM COUPE PLATE PVG',3,55,1,'/media/922967270.png','image/png',1,'amxsab.system@gmail.com',CURRENT_TIMESTAMP,'amxsab.system@gmail.com',CURRENT_TIMESTAMP);
INSERT INTO MATERIAL (NUMERO_PARTE,DESCRIPCION_ES,DESCRIPCION_EN,ID_CATEGORIA_MATERIAL,TIPO_ABASTECIMIENTO,PESO,URL_MULTIMEDIA,MIME_TYPE,STATUS,USUARIO_CREO,FECHA_CREO,USUARIO_MODIFICO,FECHA_MODIFICO) VALUES('PLA0232','PLATO ENTRADA 16 CMPVG','COUPE PLATE 16 CM PVG',3,55,1,'/media/922967270.png','image/png',1,'amxsab.system@gmail.com',CURRENT_TIMESTAMP,'amxsab.system@gmail.com',CURRENT_TIMESTAMP);
INSERT INTO MATERIAL (NUMERO_PARTE,DESCRIPCION_ES,DESCRIPCION_EN,ID_CATEGORIA_MATERIAL,TIPO_ABASTECIMIENTO,PESO,URL_MULTIMEDIA,MIME_TYPE,STATUS,USUARIO_CREO,FECHA_CREO,USUARIO_MODIFICO,FECHA_MODIFICO) VALUES('PLA0233','BOWL ENSALADA Y ARROZ 11.5 CMPVG','BOWL 11.5 CM PVG',3,55,1,'/media/922967270.png','image/png',1,'amxsab.system@gmail.com',CURRENT_TIMESTAMP,'amxsab.system@gmail.com',CURRENT_TIMESTAMP);
INSERT INTO MATERIAL (NUMERO_PARTE,DESCRIPCION_ES,DESCRIPCION_EN,ID_CATEGORIA_MATERIAL,TIPO_ABASTECIMIENTO,PESO,URL_MULTIMEDIA,MIME_TYPE,STATUS,USUARIO_CREO,FECHA_CREO,USUARIO_MODIFICO,FECHA_MODIFICO) VALUES('PLA0234','BOWL PARA SOPA JAPON','BOWL PARA SOPA JAPON',3,55,1,'/media/922967270.png','image/png',1,'amxsab.system@gmail.com',CURRENT_TIMESTAMP,'amxsab.system@gmail.com',CURRENT_TIMESTAMP);
INSERT INTO MATERIAL (NUMERO_PARTE,DESCRIPCION_ES,DESCRIPCION_EN,ID_CATEGORIA_MATERIAL,TIPO_ABASTECIMIENTO,PESO,URL_MULTIMEDIA,MIME_TYPE,STATUS,USUARIO_CREO,FECHA_CREO,USUARIO_MODIFICO,FECHA_MODIFICO) VALUES('PLA0235','PLATO P/CAFE PORCNVA IMAGEN','CHINA COFFE PLATE NEW IMAGE',3,55,1,'/media/922967270.png','image/png',1,'amxsab.system@gmail.com',CURRENT_TIMESTAMP,'amxsab.system@gmail.com',CURRENT_TIMESTAMP);
INSERT INTO MATERIAL (NUMERO_PARTE,DESCRIPCION_ES,DESCRIPCION_EN,ID_CATEGORIA_MATERIAL,TIPO_ABASTECIMIENTO,PESO,URL_MULTIMEDIA,MIME_TYPE,STATUS,USUARIO_CREO,FECHA_CREO,USUARIO_MODIFICO,FECHA_MODIFICO) VALUES('PLA0236','PLATO PRINC OVALADO PORCNVA IMAGEN','CHINA MAIN PLATE NEW IMAGE',3,55,1,'/media/922967270.png','image/png',1,'amxsab.system@gmail.com',CURRENT_TIMESTAMP,'amxsab.system@gmail.com',CURRENT_TIMESTAMP);
INSERT INTO MATERIAL (NUMERO_PARTE,DESCRIPCION_ES,DESCRIPCION_EN,ID_CATEGORIA_MATERIAL,TIPO_ABASTECIMIENTO,PESO,URL_MULTIMEDIA,MIME_TYPE,STATUS,USUARIO_CREO,FECHA_CREO,USUARIO_MODIFICO,FECHA_MODIFICO) VALUES('PLA0237','TAPA PARA BOWL DE ARROZ','TAPA PARA BOWL DE ARROZ 12CM',3,55,1,'/media/922967270.png','image/png',1,'amxsab.system@gmail.com',CURRENT_TIMESTAMP,'amxsab.system@gmail.com',CURRENT_TIMESTAMP);
INSERT INTO MATERIAL (NUMERO_PARTE,DESCRIPCION_ES,DESCRIPCION_EN,ID_CATEGORIA_MATERIAL,TIPO_ABASTECIMIENTO,PESO,URL_MULTIMEDIA,MIME_TYPE,STATUS,USUARIO_CREO,FECHA_CREO,USUARIO_MODIFICO,FECHA_MODIFICO) VALUES('PLA0238','BOWL REDONDO DE ARROZ 12CM','BOWL REDONDO DE ARROZ 12CM',3,55,1,'/media/922967270.png','image/png',1,'amxsab.system@gmail.com',CURRENT_TIMESTAMP,'amxsab.system@gmail.com',CURRENT_TIMESTAMP);
INSERT INTO MATERIAL (NUMERO_PARTE,DESCRIPCION_ES,DESCRIPCION_EN,ID_CATEGORIA_MATERIAL,TIPO_ABASTECIMIENTO,PESO,URL_MULTIMEDIA,MIME_TYPE,STATUS,USUARIO_CREO,FECHA_CREO,USUARIO_MODIFICO,FECHA_MODIFICO) VALUES('PLA0239','BOWL LARGO','BOWL LARGO',3,55,1,'/media/922967270.png','image/png',1,'amxsab.system@gmail.com',CURRENT_TIMESTAMP,'amxsab.system@gmail.com',CURRENT_TIMESTAMP);
INSERT INTO MATERIAL (NUMERO_PARTE,DESCRIPCION_ES,DESCRIPCION_EN,ID_CATEGORIA_MATERIAL,TIPO_ABASTECIMIENTO,PESO,URL_MULTIMEDIA,MIME_TYPE,STATUS,USUARIO_CREO,FECHA_CREO,USUARIO_MODIFICO,FECHA_MODIFICO) VALUES('PLA0241','PLATO REDONDO P/PAN PORCNVA IMAGEN','CHINA BREAD PLATE NEW IMAGE',3,55,1,'/media/922967270.png','image/png',1,'amxsab.system@gmail.com',CURRENT_TIMESTAMP,'amxsab.system@gmail.com',CURRENT_TIMESTAMP);
INSERT INTO MATERIAL (NUMERO_PARTE,DESCRIPCION_ES,DESCRIPCION_EN,ID_CATEGORIA_MATERIAL,TIPO_ABASTECIMIENTO,PESO,URL_MULTIMEDIA,MIME_TYPE,STATUS,USUARIO_CREO,FECHA_CREO,USUARIO_MODIFICO,FECHA_MODIFICO) VALUES('PLA0242','PLATO P/CAFE EXPRESSO PORCNVA IMAGEN','CHINA EXPRESSO SAUCER NEW IMAGE',3,55,1,'/media/922967270.png','image/png',1,'amxsab.system@gmail.com',CURRENT_TIMESTAMP,'amxsab.system@gmail.com',CURRENT_TIMESTAMP);
INSERT INTO MATERIAL (NUMERO_PARTE,DESCRIPCION_ES,DESCRIPCION_EN,ID_CATEGORIA_MATERIAL,TIPO_ABASTECIMIENTO,PESO,URL_MULTIMEDIA,MIME_TYPE,STATUS,USUARIO_CREO,FECHA_CREO,USUARIO_MODIFICO,FECHA_MODIFICO) VALUES('PLA0243','PLATO REDONDO PORC 21 CM GIP','CHINA ROUND PLATE 21 CM GIP',3,55,1,'/media/922967270.png','image/png',1,'amxsab.system@gmail.com',CURRENT_TIMESTAMP,'amxsab.system@gmail.com',CURRENT_TIMESTAMP);
INSERT INTO MATERIAL (NUMERO_PARTE,DESCRIPCION_ES,DESCRIPCION_EN,ID_CATEGORIA_MATERIAL,TIPO_ABASTECIMIENTO,PESO,URL_MULTIMEDIA,MIME_TYPE,STATUS,USUARIO_CREO,FECHA_CREO,USUARIO_MODIFICO,FECHA_MODIFICO) VALUES('PLA0244','PLATO P/CAFE PORCELANA GIP','CHINA COFFE PLATE GIP',3,55,1,'/media/922967270.png','image/png',1,'amxsab.system@gmail.com',CURRENT_TIMESTAMP,'amxsab.system@gmail.com',CURRENT_TIMESTAMP);
INSERT INTO MATERIAL (NUMERO_PARTE,DESCRIPCION_ES,DESCRIPCION_EN,ID_CATEGORIA_MATERIAL,TIPO_ABASTECIMIENTO,PESO,URL_MULTIMEDIA,MIME_TYPE,STATUS,USUARIO_CREO,FECHA_CREO,USUARIO_MODIFICO,FECHA_MODIFICO) VALUES('PLA0245','PLATO PRINC OVALADO PORCELANA GIP','MAIN DISH OVAL GIP',3,55,1,'/media/922967270.png','image/png',1,'amxsab.system@gmail.com',CURRENT_TIMESTAMP,'amxsab.system@gmail.com',CURRENT_TIMESTAMP);
INSERT INTO MATERIAL (NUMERO_PARTE,DESCRIPCION_ES,DESCRIPCION_EN,ID_CATEGORIA_MATERIAL,TIPO_ABASTECIMIENTO,PESO,URL_MULTIMEDIA,MIME_TYPE,STATUS,USUARIO_CREO,FECHA_CREO,USUARIO_MODIFICO,FECHA_MODIFICO) VALUES('PLA0247','PLATO POSTRE PORCELANA GIP','DESSERT PLATE GIP',3,55,1,'/media/922967270.png','image/png',1,'amxsab.system@gmail.com',CURRENT_TIMESTAMP,'amxsab.system@gmail.com',CURRENT_TIMESTAMP);
INSERT INTO MATERIAL (NUMERO_PARTE,DESCRIPCION_ES,DESCRIPCION_EN,ID_CATEGORIA_MATERIAL,TIPO_ABASTECIMIENTO,PESO,URL_MULTIMEDIA,MIME_TYPE,STATUS,USUARIO_CREO,FECHA_CREO,USUARIO_MODIFICO,FECHA_MODIFICO) VALUES('PLA0248','PLATO ENSALADA PORCNVA IMAGEN','SALAD PALTE',3,55,1,'/media/922967270.png','image/png',1,'amxsab.system@gmail.com',CURRENT_TIMESTAMP,'amxsab.system@gmail.com',CURRENT_TIMESTAMP);
INSERT INTO MATERIAL (NUMERO_PARTE,DESCRIPCION_ES,DESCRIPCION_EN,ID_CATEGORIA_MATERIAL,TIPO_ABASTECIMIENTO,PESO,URL_MULTIMEDIA,MIME_TYPE,STATUS,USUARIO_CREO,FECHA_CREO,USUARIO_MODIFICO,FECHA_MODIFICO) VALUES('PLA0249','PLATO REDONDO PORC17 CM GIP','ROUND DISH 17CM',3,55,1,'/media/922967270.png','image/png',1,'amxsab.system@gmail.com',CURRENT_TIMESTAMP,'amxsab.system@gmail.com',CURRENT_TIMESTAMP);
INSERT INTO MATERIAL (NUMERO_PARTE,DESCRIPCION_ES,DESCRIPCION_EN,ID_CATEGORIA_MATERIAL,TIPO_ABASTECIMIENTO,PESO,URL_MULTIMEDIA,MIME_TYPE,STATUS,USUARIO_CREO,FECHA_CREO,USUARIO_MODIFICO,FECHA_MODIFICO) VALUES('PLA0250','PLATO REDONDO P/PAN PORCELANA GIP','ROUND DISH FOR BREAD',3,55,1,'/media/922967270.png','image/png',1,'amxsab.system@gmail.com',CURRENT_TIMESTAMP,'amxsab.system@gmail.com',CURRENT_TIMESTAMP);
INSERT INTO MATERIAL (NUMERO_PARTE,DESCRIPCION_ES,DESCRIPCION_EN,ID_CATEGORIA_MATERIAL,TIPO_ABASTECIMIENTO,PESO,URL_MULTIMEDIA,MIME_TYPE,STATUS,USUARIO_CREO,FECHA_CREO,USUARIO_MODIFICO,FECHA_MODIFICO) VALUES('PLA0251','PLATO P/CAFE EXPRESSO PORCELANA GIP','DISH EXPRESSO COFFE',3,55,1,'/media/922967270.png','image/png',1,'amxsab.system@gmail.com',CURRENT_TIMESTAMP,'amxsab.system@gmail.com',CURRENT_TIMESTAMP);
INSERT INTO MATERIAL (NUMERO_PARTE,DESCRIPCION_ES,DESCRIPCION_EN,ID_CATEGORIA_MATERIAL,TIPO_ABASTECIMIENTO,PESO,URL_MULTIMEDIA,MIME_TYPE,STATUS,USUARIO_CREO,FECHA_CREO,USUARIO_MODIFICO,FECHA_MODIFICO) VALUES('PLA0252','PLATO PRINCIPAL 19 CM GIP','CHINA MAIN DISH 19 CM GIP',3,55,1,'/media/922967270.png','image/png',1,'amxsab.system@gmail.com',CURRENT_TIMESTAMP,'amxsab.system@gmail.com',CURRENT_TIMESTAMP);
INSERT INTO MATERIAL (NUMERO_PARTE,DESCRIPCION_ES,DESCRIPCION_EN,ID_CATEGORIA_MATERIAL,TIPO_ABASTECIMIENTO,PESO,URL_MULTIMEDIA,MIME_TYPE,STATUS,USUARIO_CREO,FECHA_CREO,USUARIO_MODIFICO,FECHA_MODIFICO) VALUES('PLA0253','PLATO OVAL PARA PAN PORCELANA','PLATO OVAL PARA PAN PORCELANA',3,55,1,'/media/922967270.png','image/png',1,'amxsab.system@gmail.com',CURRENT_TIMESTAMP,'amxsab.system@gmail.com',CURRENT_TIMESTAMP);
INSERT INTO MATERIAL (NUMERO_PARTE,DESCRIPCION_ES,DESCRIPCION_EN,ID_CATEGORIA_MATERIAL,TIPO_ABASTECIMIENTO,PESO,URL_MULTIMEDIA,MIME_TYPE,STATUS,USUARIO_CREO,FECHA_CREO,USUARIO_MODIFICO,FECHA_MODIFICO) VALUES('PLA0254','PLATO 19 CM PORCELANA','PLATO 19 CM PORCELANA',3,55,1,'/media/922967270.png','image/png',1,'amxsab.system@gmail.com',CURRENT_TIMESTAMP,'amxsab.system@gmail.com',CURRENT_TIMESTAMP);
INSERT INTO MATERIAL (NUMERO_PARTE,DESCRIPCION_ES,DESCRIPCION_EN,ID_CATEGORIA_MATERIAL,TIPO_ABASTECIMIENTO,PESO,URL_MULTIMEDIA,MIME_TYPE,STATUS,USUARIO_CREO,FECHA_CREO,USUARIO_MODIFICO,FECHA_MODIFICO) VALUES('PLA0255','PLATO 14 CM PORCELANA','PLATO 14 CM PORCELANA',3,55,1,'/media/922967270.png','image/png',1,'amxsab.system@gmail.com',CURRENT_TIMESTAMP,'amxsab.system@gmail.com',CURRENT_TIMESTAMP);
INSERT INTO MATERIAL (NUMERO_PARTE,DESCRIPCION_ES,DESCRIPCION_EN,ID_CATEGORIA_MATERIAL,TIPO_ABASTECIMIENTO,PESO,URL_MULTIMEDIA,MIME_TYPE,STATUS,USUARIO_CREO,FECHA_CREO,USUARIO_MODIFICO,FECHA_MODIFICO) VALUES('PLA0256','BOWL PORCELANA','BOWL PORCELANA',3,55,1,'/media/922967270.png','image/png',1,'amxsab.system@gmail.com',CURRENT_TIMESTAMP,'amxsab.system@gmail.com',CURRENT_TIMESTAMP);
INSERT INTO MATERIAL (NUMERO_PARTE,DESCRIPCION_ES,DESCRIPCION_EN,ID_CATEGORIA_MATERIAL,TIPO_ABASTECIMIENTO,PESO,URL_MULTIMEDIA,MIME_TYPE,STATUS,USUARIO_CREO,FECHA_CREO,USUARIO_MODIFICO,FECHA_MODIFICO) VALUES('PLA0301','PLATO UNIVERSALPREMIER','UNIVERSAL PLATE PREMIER',3,55,1,'/media/922967270.png','image/png',1,'amxsab.system@gmail.com',CURRENT_TIMESTAMP,'amxsab.system@gmail.com',CURRENT_TIMESTAMP);
INSERT INTO MATERIAL (NUMERO_PARTE,DESCRIPCION_ES,DESCRIPCION_EN,ID_CATEGORIA_MATERIAL,TIPO_ABASTECIMIENTO,PESO,URL_MULTIMEDIA,MIME_TYPE,STATUS,USUARIO_CREO,FECHA_CREO,USUARIO_MODIFICO,FECHA_MODIFICO) VALUES('PLA0302','PLATON METALICO PARA CANAPESPREMIER','PIE METALIC PLATE PREMIER',3,55,1,'/media/922967270.png','image/png',1,'amxsab.system@gmail.com',CURRENT_TIMESTAMP,'amxsab.system@gmail.com',CURRENT_TIMESTAMP);
INSERT INTO MATERIAL (NUMERO_PARTE,DESCRIPCION_ES,DESCRIPCION_EN,ID_CATEGORIA_MATERIAL,TIPO_ABASTECIMIENTO,PESO,URL_MULTIMEDIA,MIME_TYPE,STATUS,USUARIO_CREO,FECHA_CREO,USUARIO_MODIFICO,FECHA_MODIFICO) VALUES('POD0401','CAPSULA DE CAFE LUNGO NESPRESSO.','CAPSULA DE CAFE LUNGO NESPRESSO.',2,55,1,'/media/922967270.png','image/png',1,'amxsab.system@gmail.com',CURRENT_TIMESTAMP,'amxsab.system@gmail.com',CURRENT_TIMESTAMP);
INSERT INTO MATERIAL (NUMERO_PARTE,DESCRIPCION_ES,DESCRIPCION_EN,ID_CATEGORIA_MATERIAL,TIPO_ABASTECIMIENTO,PESO,URL_MULTIMEDIA,MIME_TYPE,STATUS,USUARIO_CREO,FECHA_CREO,USUARIO_MODIFICO,FECHA_MODIFICO) VALUES('POD0402','CAPSULA DE CAFE ESPRESSO NESPRESSO.','CAPSULA DE CAFE ESPRESSO NESPRESSO.',2,55,1,'/media/922967270.png','image/png',1,'amxsab.system@gmail.com',CURRENT_TIMESTAMP,'amxsab.system@gmail.com',CURRENT_TIMESTAMP);
INSERT INTO MATERIAL (NUMERO_PARTE,DESCRIPCION_ES,DESCRIPCION_EN,ID_CATEGORIA_MATERIAL,TIPO_ABASTECIMIENTO,PESO,URL_MULTIMEDIA,MIME_TYPE,STATUS,USUARIO_CREO,FECHA_CREO,USUARIO_MODIFICO,FECHA_MODIFICO) VALUES('POD0403','CAPSULA DE CAFE DESCAFEINADO NESPRESSO.','CAPSULA DE CAFE DESCAFEINADO NESPRESSO.',2,55,1,'/media/922967270.png','image/png',1,'amxsab.system@gmail.com',CURRENT_TIMESTAMP,'amxsab.system@gmail.com',CURRENT_TIMESTAMP);
INSERT INTO MATERIAL (NUMERO_PARTE,DESCRIPCION_ES,DESCRIPCION_EN,ID_CATEGORIA_MATERIAL,TIPO_ABASTECIMIENTO,PESO,URL_MULTIMEDIA,MIME_TYPE,STATUS,USUARIO_CREO,FECHA_CREO,USUARIO_MODIFICO,FECHA_MODIFICO) VALUES('POR0201','DESCANSAPALILLOSJAPON','CHOPSTICKS REST GREEN',3,55,1,'/media/922967270.png','image/png',1,'amxsab.system@gmail.com',CURRENT_TIMESTAMP,'amxsab.system@gmail.com',CURRENT_TIMESTAMP);
INSERT INTO MATERIAL (NUMERO_PARTE,DESCRIPCION_ES,DESCRIPCION_EN,ID_CATEGORIA_MATERIAL,TIPO_ABASTECIMIENTO,PESO,URL_MULTIMEDIA,MIME_TYPE,STATUS,USUARIO_CREO,FECHA_CREO,USUARIO_MODIFICO,FECHA_MODIFICO) VALUES('POR0501','PORTAVASOS','GLASSHOLDER',2,55,1,'/media/922967270.png','image/png',1,'amxsab.system@gmail.com',CURRENT_TIMESTAMP,'amxsab.system@gmail.com',CURRENT_TIMESTAMP);
INSERT INTO MATERIAL (NUMERO_PARTE,DESCRIPCION_ES,DESCRIPCION_EN,ID_CATEGORIA_MATERIAL,TIPO_ABASTECIMIENTO,PESO,URL_MULTIMEDIA,MIME_TYPE,STATUS,USUARIO_CREO,FECHA_CREO,USUARIO_MODIFICO,FECHA_MODIFICO) VALUES('POR0506','PORTAVASO MAESTRO TEQUILERO SP','PORTAVASO MAESTRO TEQUILERO SP',2,55,1,'/media/922967270.png','image/png',1,'amxsab.system@gmail.com',CURRENT_TIMESTAMP,'amxsab.system@gmail.com',CURRENT_TIMESTAMP);
INSERT INTO MATERIAL (NUMERO_PARTE,DESCRIPCION_ES,DESCRIPCION_EN,ID_CATEGORIA_MATERIAL,TIPO_ABASTECIMIENTO,PESO,URL_MULTIMEDIA,MIME_TYPE,STATUS,USUARIO_CREO,FECHA_CREO,USUARIO_MODIFICO,FECHA_MODIFICO) VALUES('POR0507','PORTAVASO MAESTRO TEQUILERO AB','PORTAVASO MAESTRO TEQUILERO ABCON COSTO',2,55,1,'/media/922967270.png','image/png',1,'amxsab.system@gmail.com',CURRENT_TIMESTAMP,'amxsab.system@gmail.com',CURRENT_TIMESTAMP);
INSERT INTO MATERIAL (NUMERO_PARTE,DESCRIPCION_ES,DESCRIPCION_EN,ID_CATEGORIA_MATERIAL,TIPO_ABASTECIMIENTO,PESO,URL_MULTIMEDIA,MIME_TYPE,STATUS,USUARIO_CREO,FECHA_CREO,USUARIO_MODIFICO,FECHA_MODIFICO) VALUES('POR0508','PORTAVASO SALON PREMIER','PORTAVASO SALON PREMIER CON COSTO',2,55,1,'/media/922967270.png','image/png',1,'amxsab.system@gmail.com',CURRENT_TIMESTAMP,'amxsab.system@gmail.com',CURRENT_TIMESTAMP);
INSERT INTO MATERIAL (NUMERO_PARTE,DESCRIPCION_ES,DESCRIPCION_EN,ID_CATEGORIA_MATERIAL,TIPO_ABASTECIMIENTO,PESO,URL_MULTIMEDIA,MIME_TYPE,STATUS,USUARIO_CREO,FECHA_CREO,USUARIO_MODIFICO,FECHA_MODIFICO) VALUES('POR0510','PORTAVASO DE PAPEL SECANTE A DOS TINTAS','PORTAVASO DE PAPEL SECANTE A DOS TINTAS',2,55,1,'/media/922967270.png','image/png',1,'amxsab.system@gmail.com',CURRENT_TIMESTAMP,'amxsab.system@gmail.com',CURRENT_TIMESTAMP);
INSERT INTO MATERIAL (NUMERO_PARTE,DESCRIPCION_ES,DESCRIPCION_EN,ID_CATEGORIA_MATERIAL,TIPO_ABASTECIMIENTO,PESO,URL_MULTIMEDIA,MIME_TYPE,STATUS,USUARIO_CREO,FECHA_CREO,USUARIO_MODIFICO,FECHA_MODIFICO) VALUES('POR1001','PORTABATERIAS PARA PEDS','BATTERY CARRIER FOR PEDS',2,55,1,'/media/922967270.png','image/png',1,'amxsab.system@gmail.com',CURRENT_TIMESTAMP,'amxsab.system@gmail.com',CURRENT_TIMESTAMP);
INSERT INTO MATERIAL (NUMERO_PARTE,DESCRIPCION_ES,DESCRIPCION_EN,ID_CATEGORIA_MATERIAL,TIPO_ABASTECIMIENTO,PESO,URL_MULTIMEDIA,MIME_TYPE,STATUS,USUARIO_CREO,FECHA_CREO,USUARIO_MODIFICO,FECHA_MODIFICO) VALUES('PRE0607','SELLO DE SEGURIDAD MULTILOCK AZUL','PLASTIC SECURITY SEAL BLUE',2,55,1,'/media/922967270.png','image/png',1,'amxsab.system@gmail.com',CURRENT_TIMESTAMP,'amxsab.system@gmail.com',CURRENT_TIMESTAMP);
INSERT INTO MATERIAL (NUMERO_PARTE,DESCRIPCION_ES,DESCRIPCION_EN,ID_CATEGORIA_MATERIAL,TIPO_ABASTECIMIENTO,PESO,URL_MULTIMEDIA,MIME_TYPE,STATUS,USUARIO_CREO,FECHA_CREO,USUARIO_MODIFICO,FECHA_MODIFICO) VALUES('PRE0610','SELLO DE SEGURIDAD MULTILOCK VERDE','PLASTIC SECURITY SEAL GREEN',2,55,1,'/media/922967270.png','image/png',1,'amxsab.system@gmail.com',CURRENT_TIMESTAMP,'amxsab.system@gmail.com',CURRENT_TIMESTAMP);
INSERT INTO MATERIAL (NUMERO_PARTE,DESCRIPCION_ES,DESCRIPCION_EN,ID_CATEGORIA_MATERIAL,TIPO_ABASTECIMIENTO,PESO,URL_MULTIMEDIA,MIME_TYPE,STATUS,USUARIO_CREO,FECHA_CREO,USUARIO_MODIFICO,FECHA_MODIFICO) VALUES('PRE0611','PRECINTO DE SEGURIDAD COLOR AZUL','PRECITO DE SEGURIDAD COLOR AZUL',2,55,1,'/media/922967270.png','image/png',1,'amxsab.system@gmail.com',CURRENT_TIMESTAMP,'amxsab.system@gmail.com',CURRENT_TIMESTAMP);
INSERT INTO MATERIAL (NUMERO_PARTE,DESCRIPCION_ES,DESCRIPCION_EN,ID_CATEGORIA_MATERIAL,TIPO_ABASTECIMIENTO,PESO,URL_MULTIMEDIA,MIME_TYPE,STATUS,USUARIO_CREO,FECHA_CREO,USUARIO_MODIFICO,FECHA_MODIFICO) VALUES('PRE0612','PRECINTO DE SEGURIDAD COLOR AMARILLO','PRECINTO DE SEGURIDAD COLOR AMARILLO',2,55,1,'/media/922967270.png','image/png',1,'amxsab.system@gmail.com',CURRENT_TIMESTAMP,'amxsab.system@gmail.com',CURRENT_TIMESTAMP);
INSERT INTO MATERIAL (NUMERO_PARTE,DESCRIPCION_ES,DESCRIPCION_EN,ID_CATEGORIA_MATERIAL,TIPO_ABASTECIMIENTO,PESO,URL_MULTIMEDIA,MIME_TYPE,STATUS,USUARIO_CREO,FECHA_CREO,USUARIO_MODIFICO,FECHA_MODIFICO) VALUES('PRE0613','PRECINTO DE SEGURIDAD COLOR ROJO','PRECINTO DE SEGURIDAD COLOR ROJO',2,55,1,'/media/922967270.png','image/png',1,'amxsab.system@gmail.com',CURRENT_TIMESTAMP,'amxsab.system@gmail.com',CURRENT_TIMESTAMP);
INSERT INTO MATERIAL (NUMERO_PARTE,DESCRIPCION_ES,DESCRIPCION_EN,ID_CATEGORIA_MATERIAL,TIPO_ABASTECIMIENTO,PESO,URL_MULTIMEDIA,MIME_TYPE,STATUS,USUARIO_CREO,FECHA_CREO,USUARIO_MODIFICO,FECHA_MODIFICO) VALUES('PRE0614','PRECINTO DE SEGURIDAD COLOR VERDE','PRECINTO DE SEGURIDAD COLOR VERDE',2,55,1,'/media/922967270.png','image/png',1,'amxsab.system@gmail.com',CURRENT_TIMESTAMP,'amxsab.system@gmail.com',CURRENT_TIMESTAMP);
INSERT INTO MATERIAL (NUMERO_PARTE,DESCRIPCION_ES,DESCRIPCION_EN,ID_CATEGORIA_MATERIAL,TIPO_ABASTECIMIENTO,PESO,URL_MULTIMEDIA,MIME_TYPE,STATUS,USUARIO_CREO,FECHA_CREO,USUARIO_MODIFICO,FECHA_MODIFICO) VALUES('RAC1301','RACK PARA HORNO STD','OVENRACK STD',6,55,1,'/media/922967270.png','image/png',1,'amxsab.system@gmail.com',CURRENT_TIMESTAMP,'amxsab.system@gmail.com',CURRENT_TIMESTAMP);
INSERT INTO MATERIAL (NUMERO_PARTE,DESCRIPCION_ES,DESCRIPCION_EN,ID_CATEGORIA_MATERIAL,TIPO_ABASTECIMIENTO,PESO,URL_MULTIMEDIA,MIME_TYPE,STATUS,USUARIO_CREO,FECHA_CREO,USUARIO_MODIFICO,FECHA_MODIFICO) VALUES('RAC1305','RACK PARA HORNO EXT B737','OVEN RACK EXTENDED FOR B737',6,55,1,'/media/922967270.png','image/png',1,'amxsab.system@gmail.com',CURRENT_TIMESTAMP,'amxsab.system@gmail.com',CURRENT_TIMESTAMP);
INSERT INTO MATERIAL (NUMERO_PARTE,DESCRIPCION_ES,DESCRIPCION_EN,ID_CATEGORIA_MATERIAL,TIPO_ABASTECIMIENTO,PESO,URL_MULTIMEDIA,MIME_TYPE,STATUS,USUARIO_CREO,FECHA_CREO,USUARIO_MODIFICO,FECHA_MODIFICO) VALUES('RAC1306','RACK CON REJILLA PARA HORNO STD','OVENRACK STD',6,55,1,'/media/922967270.png','image/png',1,'amxsab.system@gmail.com',CURRENT_TIMESTAMP,'amxsab.system@gmail.com',CURRENT_TIMESTAMP);
INSERT INTO MATERIAL (NUMERO_PARTE,DESCRIPCION_ES,DESCRIPCION_EN,ID_CATEGORIA_MATERIAL,TIPO_ABASTECIMIENTO,PESO,URL_MULTIMEDIA,MIME_TYPE,STATUS,USUARIO_CREO,FECHA_CREO,USUARIO_MODIFICO,FECHA_MODIFICO) VALUES('RAM0205','RAMEKINPORCELANA GIP','RAMEKIN GIP',3,55,1,'/media/922967270.png','image/png',1,'amxsab.system@gmail.com',CURRENT_TIMESTAMP,'amxsab.system@gmail.com',CURRENT_TIMESTAMP);
INSERT INTO MATERIAL (NUMERO_PARTE,DESCRIPCION_ES,DESCRIPCION_EN,ID_CATEGORIA_MATERIAL,TIPO_ABASTECIMIENTO,PESO,URL_MULTIMEDIA,MIME_TYPE,STATUS,USUARIO_CREO,FECHA_CREO,USUARIO_MODIFICO,FECHA_MODIFICO) VALUES('RAM0210','RAMEKIN J PORCELANA','RAMEKIN J PORCELANA',3,55,1,'/media/922967270.png','image/png',1,'amxsab.system@gmail.com',CURRENT_TIMESTAMP,'amxsab.system@gmail.com',CURRENT_TIMESTAMP);
INSERT INTO MATERIAL (NUMERO_PARTE,DESCRIPCION_ES,DESCRIPCION_EN,ID_CATEGORIA_MATERIAL,TIPO_ABASTECIMIENTO,PESO,URL_MULTIMEDIA,MIME_TYPE,STATUS,USUARIO_CREO,FECHA_CREO,USUARIO_MODIFICO,FECHA_MODIFICO) VALUES('REF0801','COCA COLA 1L','COCA COLA 2L',1,55,1,'/media/922967270.png','image/png',1,'amxsab.system@gmail.com',CURRENT_TIMESTAMP,'amxsab.system@gmail.com',CURRENT_TIMESTAMP);
INSERT INTO MATERIAL (NUMERO_PARTE,DESCRIPCION_ES,DESCRIPCION_EN,ID_CATEGORIA_MATERIAL,TIPO_ABASTECIMIENTO,PESO,URL_MULTIMEDIA,MIME_TYPE,STATUS,USUARIO_CREO,FECHA_CREO,USUARIO_MODIFICO,FECHA_MODIFICO) VALUES('REF0802','SPRITE 1L','SPRITE 2L',1,55,1,'/media/922967270.png','image/png',1,'amxsab.system@gmail.com',CURRENT_TIMESTAMP,'amxsab.system@gmail.com',CURRENT_TIMESTAMP);
INSERT INTO MATERIAL (NUMERO_PARTE,DESCRIPCION_ES,DESCRIPCION_EN,ID_CATEGORIA_MATERIAL,TIPO_ABASTECIMIENTO,PESO,URL_MULTIMEDIA,MIME_TYPE,STATUS,USUARIO_CREO,FECHA_CREO,USUARIO_MODIFICO,FECHA_MODIFICO) VALUES('REF0803','COCA COLA LIGHT 1L','COCA COLA LIGHT 2L',1,55,1,'/media/922967270.png','image/png',1,'amxsab.system@gmail.com',CURRENT_TIMESTAMP,'amxsab.system@gmail.com',CURRENT_TIMESTAMP);
INSERT INTO MATERIAL (NUMERO_PARTE,DESCRIPCION_ES,DESCRIPCION_EN,ID_CATEGORIA_MATERIAL,TIPO_ABASTECIMIENTO,PESO,URL_MULTIMEDIA,MIME_TYPE,STATUS,USUARIO_CREO,FECHA_CREO,USUARIO_MODIFICO,FECHA_MODIFICO) VALUES('REF0804','COCA COLA REGULAR LATA 355ML','COCA COLA REGULAR LATA 355ML',1,55,1,'/media/922967270.png','image/png',1,'amxsab.system@gmail.com',CURRENT_TIMESTAMP,'amxsab.system@gmail.com',CURRENT_TIMESTAMP);
INSERT INTO MATERIAL (NUMERO_PARTE,DESCRIPCION_ES,DESCRIPCION_EN,ID_CATEGORIA_MATERIAL,TIPO_ABASTECIMIENTO,PESO,URL_MULTIMEDIA,MIME_TYPE,STATUS,USUARIO_CREO,FECHA_CREO,USUARIO_MODIFICO,FECHA_MODIFICO) VALUES('REF0805','SPRITE LATA 355 ML','SPRITE LATA 355 ML',1,55,1,'/media/922967270.png','image/png',1,'amxsab.system@gmail.com',CURRENT_TIMESTAMP,'amxsab.system@gmail.com',CURRENT_TIMESTAMP);
INSERT INTO MATERIAL (NUMERO_PARTE,DESCRIPCION_ES,DESCRIPCION_EN,ID_CATEGORIA_MATERIAL,TIPO_ABASTECIMIENTO,PESO,URL_MULTIMEDIA,MIME_TYPE,STATUS,USUARIO_CREO,FECHA_CREO,USUARIO_MODIFICO,FECHA_MODIFICO) VALUES('REF0806','COCA LIGHT LATA355ML','COCA LIGHT LATA355ML',1,55,1,'/media/922967270.png','image/png',1,'amxsab.system@gmail.com',CURRENT_TIMESTAMP,'amxsab.system@gmail.com',CURRENT_TIMESTAMP);
INSERT INTO MATERIAL (NUMERO_PARTE,DESCRIPCION_ES,DESCRIPCION_EN,ID_CATEGORIA_MATERIAL,TIPO_ABASTECIMIENTO,PESO,URL_MULTIMEDIA,MIME_TYPE,STATUS,USUARIO_CREO,FECHA_CREO,USUARIO_MODIFICO,FECHA_MODIFICO) VALUES('REF0808','COCA COLA ZERO LATA 355ML','COKE ZERO MINI CAN',1,55,1,'/media/922967270.png','image/png',1,'amxsab.system@gmail.com',CURRENT_TIMESTAMP,'amxsab.system@gmail.com',CURRENT_TIMESTAMP);
INSERT INTO MATERIAL (NUMERO_PARTE,DESCRIPCION_ES,DESCRIPCION_EN,ID_CATEGORIA_MATERIAL,TIPO_ABASTECIMIENTO,PESO,URL_MULTIMEDIA,MIME_TYPE,STATUS,USUARIO_CREO,FECHA_CREO,USUARIO_MODIFICO,FECHA_MODIFICO) VALUES('REF0809','COCA COLA SIN AZUCAR LATA 355ML','COCA COLA LIFE LATA 355ML',1,55,1,'/media/922967270.png','image/png',1,'amxsab.system@gmail.com',CURRENT_TIMESTAMP,'amxsab.system@gmail.com',CURRENT_TIMESTAMP);
INSERT INTO MATERIAL (NUMERO_PARTE,DESCRIPCION_ES,DESCRIPCION_EN,ID_CATEGORIA_MATERIAL,TIPO_ABASTECIMIENTO,PESO,URL_MULTIMEDIA,MIME_TYPE,STATUS,USUARIO_CREO,FECHA_CREO,USUARIO_MODIFICO,FECHA_MODIFICO) VALUES('REJ1301','REJILLA P/HORNO STD','OVEN FIRE GRATE STD',6,55,1,'/media/922967270.png','image/png',1,'amxsab.system@gmail.com',CURRENT_TIMESTAMP,'amxsab.system@gmail.com',CURRENT_TIMESTAMP);
INSERT INTO MATERIAL (NUMERO_PARTE,DESCRIPCION_ES,DESCRIPCION_EN,ID_CATEGORIA_MATERIAL,TIPO_ABASTECIMIENTO,PESO,URL_MULTIMEDIA,MIME_TYPE,STATUS,USUARIO_CREO,FECHA_CREO,USUARIO_MODIFICO,FECHA_MODIFICO) VALUES('REJ1313','REJILLA PARA HORNO EXT B737','OVEN FIRE GRATE EXTENDED B737',6,55,1,'/media/922967270.png','image/png',1,'amxsab.system@gmail.com',CURRENT_TIMESTAMP,'amxsab.system@gmail.com',CURRENT_TIMESTAMP);
INSERT INTO MATERIAL (NUMERO_PARTE,DESCRIPCION_ES,DESCRIPCION_EN,ID_CATEGORIA_MATERIAL,TIPO_ABASTECIMIENTO,PESO,URL_MULTIMEDIA,MIME_TYPE,STATUS,USUARIO_CREO,FECHA_CREO,USUARIO_MODIFICO,FECHA_MODIFICO) VALUES('ROL0501','PAPEL SERVITOALLA','CLEANING PAPER',2,55,1,'/media/922967270.png','image/png',1,'amxsab.system@gmail.com',CURRENT_TIMESTAMP,'amxsab.system@gmail.com',CURRENT_TIMESTAMP);
INSERT INTO MATERIAL (NUMERO_PARTE,DESCRIPCION_ES,DESCRIPCION_EN,ID_CATEGORIA_MATERIAL,TIPO_ABASTECIMIENTO,PESO,URL_MULTIMEDIA,MIME_TYPE,STATUS,USUARIO_CREO,FECHA_CREO,USUARIO_MODIFICO,FECHA_MODIFICO) VALUES('ROL0502','INACTIVO','ROLLO TOALLA ELITE',2,55,1,'/media/922967270.png','image/png',1,'amxsab.system@gmail.com',CURRENT_TIMESTAMP,'amxsab.system@gmail.com',CURRENT_TIMESTAMP);
INSERT INTO MATERIAL (NUMERO_PARTE,DESCRIPCION_ES,DESCRIPCION_EN,ID_CATEGORIA_MATERIAL,TIPO_ABASTECIMIENTO,PESO,URL_MULTIMEDIA,MIME_TYPE,STATUS,USUARIO_CREO,FECHA_CREO,USUARIO_MODIFICO,FECHA_MODIFICO) VALUES('ROL0503','ROLLO TOALLA ELITE','ROLLO TOALLA ELITE',2,55,1,'/media/922967270.png','image/png',1,'amxsab.system@gmail.com',CURRENT_TIMESTAMP,'amxsab.system@gmail.com',CURRENT_TIMESTAMP);
INSERT INTO MATERIAL (NUMERO_PARTE,DESCRIPCION_ES,DESCRIPCION_EN,ID_CATEGORIA_MATERIAL,TIPO_ABASTECIMIENTO,PESO,URL_MULTIMEDIA,MIME_TYPE,STATUS,USUARIO_CREO,FECHA_CREO,USUARIO_MODIFICO,FECHA_MODIFICO) VALUES('RON0903','RON APPLETON WHITE 750 ML -PREMIER-','APPLETON WHITE RON 750 ML PREMIER',5,55,1,'/media/922967270.png','image/png',1,'amxsab.system@gmail.com',CURRENT_TIMESTAMP,'amxsab.system@gmail.com',CURRENT_TIMESTAMP);
INSERT INTO MATERIAL (NUMERO_PARTE,DESCRIPCION_ES,DESCRIPCION_EN,ID_CATEGORIA_MATERIAL,TIPO_ABASTECIMIENTO,PESO,URL_MULTIMEDIA,MIME_TYPE,STATUS,USUARIO_CREO,FECHA_CREO,USUARIO_MODIFICO,FECHA_MODIFICO) VALUES('RON0911','RON MATUSALEM PLATINO','MATUSALEM PLATINO RON',5,55,1,'/media/922967270.png','image/png',1,'amxsab.system@gmail.com',CURRENT_TIMESTAMP,'amxsab.system@gmail.com',CURRENT_TIMESTAMP);
INSERT INTO MATERIAL (NUMERO_PARTE,DESCRIPCION_ES,DESCRIPCION_EN,ID_CATEGORIA_MATERIAL,TIPO_ABASTECIMIENTO,PESO,URL_MULTIMEDIA,MIME_TYPE,STATUS,USUARIO_CREO,FECHA_CREO,USUARIO_MODIFICO,FECHA_MODIFICO) VALUES('RON0912','RON MATUSALEM GRAN RESERVA','RON MATUSALEM GRAN RESERVA',5,55,1,'/media/922967270.png','image/png',1,'amxsab.system@gmail.com',CURRENT_TIMESTAMP,'amxsab.system@gmail.com',CURRENT_TIMESTAMP);
INSERT INTO MATERIAL (NUMERO_PARTE,DESCRIPCION_ES,DESCRIPCION_EN,ID_CATEGORIA_MATERIAL,TIPO_ABASTECIMIENTO,PESO,URL_MULTIMEDIA,MIME_TYPE,STATUS,USUARIO_CREO,FECHA_CREO,USUARIO_MODIFICO,FECHA_MODIFICO) VALUES('RON0917','RON MATUSALEM CLASICOPREMIER','PREMIER CLASICO MATUSALEM RON',5,55,1,'/media/922967270.png','image/png',1,'amxsab.system@gmail.com',CURRENT_TIMESTAMP,'amxsab.system@gmail.com',CURRENT_TIMESTAMP);
INSERT INTO MATERIAL (NUMERO_PARTE,DESCRIPCION_ES,DESCRIPCION_EN,ID_CATEGORIA_MATERIAL,TIPO_ABASTECIMIENTO,PESO,URL_MULTIMEDIA,MIME_TYPE,STATUS,USUARIO_CREO,FECHA_CREO,USUARIO_MODIFICO,FECHA_MODIFICO) VALUES('SAC0302','SACACORCHO METALICO DE TRES FUNCIONES','CORKSCREW',3,55,1,'/media/922967270.png','image/png',1,'amxsab.system@gmail.com',CURRENT_TIMESTAMP,'amxsab.system@gmail.com',CURRENT_TIMESTAMP);
INSERT INTO MATERIAL (NUMERO_PARTE,DESCRIPCION_ES,DESCRIPCION_EN,ID_CATEGORIA_MATERIAL,TIPO_ABASTECIMIENTO,PESO,URL_MULTIMEDIA,MIME_TYPE,STATUS,USUARIO_CREO,FECHA_CREO,USUARIO_MODIFICO,FECHA_MODIFICO) VALUES('SAK0901','SAKE OZEKI DRY 750ML','SAKE OZEKI DRY 750 ML',5,55,1,'/media/922967270.png','image/png',1,'amxsab.system@gmail.com',CURRENT_TIMESTAMP,'amxsab.system@gmail.com',CURRENT_TIMESTAMP);
INSERT INTO MATERIAL (NUMERO_PARTE,DESCRIPCION_ES,DESCRIPCION_EN,ID_CATEGORIA_MATERIAL,TIPO_ABASTECIMIENTO,PESO,URL_MULTIMEDIA,MIME_TYPE,STATUS,USUARIO_CREO,FECHA_CREO,USUARIO_MODIFICO,FECHA_MODIFICO) VALUES('SAK0902','SAKE SHOCHIKUBAI750ML','SAKE SHOCHIKUBAI 750ML',5,55,1,'/media/922967270.png','image/png',1,'amxsab.system@gmail.com',CURRENT_TIMESTAMP,'amxsab.system@gmail.com',CURRENT_TIMESTAMP);
INSERT INTO MATERIAL (NUMERO_PARTE,DESCRIPCION_ES,DESCRIPCION_EN,ID_CATEGORIA_MATERIAL,TIPO_ABASTECIMIENTO,PESO,URL_MULTIMEDIA,MIME_TYPE,STATUS,USUARIO_CREO,FECHA_CREO,USUARIO_MODIFICO,FECHA_MODIFICO) VALUES('SAK0903','BOTELLA DE SAKE AMABUKI YAMAHAI 720 ML.PREMIER','BOTELLA DE SAKE AMABUKI YAMAHAI 720 ML',5,55,1,'/media/922967270.png','image/png',1,'amxsab.system@gmail.com',CURRENT_TIMESTAMP,'amxsab.system@gmail.com',CURRENT_TIMESTAMP);
INSERT INTO MATERIAL (NUMERO_PARTE,DESCRIPCION_ES,DESCRIPCION_EN,ID_CATEGORIA_MATERIAL,TIPO_ABASTECIMIENTO,PESO,URL_MULTIMEDIA,MIME_TYPE,STATUS,USUARIO_CREO,FECHA_CREO,USUARIO_MODIFICO,FECHA_MODIFICO) VALUES('SAK0904','BOTELLA DE SAKE KAMBAI MUKU 55 720 ML. PREMIER','BOTELLA DE SAKE KAMBAI MUKU 55 720 ML',5,55,1,'/media/922967270.png','image/png',1,'amxsab.system@gmail.com',CURRENT_TIMESTAMP,'amxsab.system@gmail.com',CURRENT_TIMESTAMP);
INSERT INTO MATERIAL (NUMERO_PARTE,DESCRIPCION_ES,DESCRIPCION_EN,ID_CATEGORIA_MATERIAL,TIPO_ABASTECIMIENTO,PESO,URL_MULTIMEDIA,MIME_TYPE,STATUS,USUARIO_CREO,FECHA_CREO,USUARIO_MODIFICO,FECHA_MODIFICO) VALUES('SAK0905','BOTELLA DE SAKE NAMI JUNMAI 720 ML. Y','BOTELLA DE SAKE NAMI JUNMAI 720 ML',5,55,1,'/media/922967270.png','image/png',1,'amxsab.system@gmail.com',CURRENT_TIMESTAMP,'amxsab.system@gmail.com',CURRENT_TIMESTAMP);
INSERT INTO MATERIAL (NUMERO_PARTE,DESCRIPCION_ES,DESCRIPCION_EN,ID_CATEGORIA_MATERIAL,TIPO_ABASTECIMIENTO,PESO,URL_MULTIMEDIA,MIME_TYPE,STATUS,USUARIO_CREO,FECHA_CREO,USUARIO_MODIFICO,FECHA_MODIFICO) VALUES('SAL0301','SALSERA DE ACERO INOXDE 8 OZ','STAINLESS STEEL SAUSAGE BOWL 8 OZ',3,55,1,'/media/922967270.png','image/png',1,'amxsab.system@gmail.com',CURRENT_TIMESTAMP,'amxsab.system@gmail.com',CURRENT_TIMESTAMP);
INSERT INTO MATERIAL (NUMERO_PARTE,DESCRIPCION_ES,DESCRIPCION_EN,ID_CATEGORIA_MATERIAL,TIPO_ABASTECIMIENTO,PESO,URL_MULTIMEDIA,MIME_TYPE,STATUS,USUARIO_CREO,FECHA_CREO,USUARIO_MODIFICO,FECHA_MODIFICO) VALUES('SAL0402','SAL EN SOBRE','SALT IN SACHET',2,55,1,'/media/922967270.png','image/png',1,'amxsab.system@gmail.com',CURRENT_TIMESTAMP,'amxsab.system@gmail.com',CURRENT_TIMESTAMP);
INSERT INTO MATERIAL (NUMERO_PARTE,DESCRIPCION_ES,DESCRIPCION_EN,ID_CATEGORIA_MATERIAL,TIPO_ABASTECIMIENTO,PESO,URL_MULTIMEDIA,MIME_TYPE,STATUS,USUARIO_CREO,FECHA_CREO,USUARIO_MODIFICO,FECHA_MODIFICO) VALUES('SAMCHAR','CHAROLA DE PEWTER','PEWTER TRY',3,55,1,'/media/922967270.png','image/png',1,'amxsab.system@gmail.com',CURRENT_TIMESTAMP,'amxsab.system@gmail.com',CURRENT_TIMESTAMP);
INSERT INTO MATERIAL (NUMERO_PARTE,DESCRIPCION_ES,DESCRIPCION_EN,ID_CATEGORIA_MATERIAL,TIPO_ABASTECIMIENTO,PESO,URL_MULTIMEDIA,MIME_TYPE,STATUS,USUARIO_CREO,FECHA_CREO,USUARIO_MODIFICO,FECHA_MODIFICO) VALUES('SAMCOCO','AGUA DE COCO ACAPULCO','AGUA DE COCO ACAPULCO',1,55,1,'/media/922967270.png','image/png',1,'amxsab.system@gmail.com',CURRENT_TIMESTAMP,'amxsab.system@gmail.com',CURRENT_TIMESTAMP);
INSERT INTO MATERIAL (NUMERO_PARTE,DESCRIPCION_ES,DESCRIPCION_EN,ID_CATEGORIA_MATERIAL,TIPO_ABASTECIMIENTO,PESO,URL_MULTIMEDIA,MIME_TYPE,STATUS,USUARIO_CREO,FECHA_CREO,USUARIO_MODIFICO,FECHA_MODIFICO) VALUES('SAMMMTS','MINI MENTOS','MINI MENTOS',2,55,1,'/media/922967270.png','image/png',1,'amxsab.system@gmail.com',CURRENT_TIMESTAMP,'amxsab.system@gmail.com',CURRENT_TIMESTAMP);
INSERT INTO MATERIAL (NUMERO_PARTE,DESCRIPCION_ES,DESCRIPCION_EN,ID_CATEGORIA_MATERIAL,TIPO_ABASTECIMIENTO,PESO,URL_MULTIMEDIA,MIME_TYPE,STATUS,USUARIO_CREO,FECHA_CREO,USUARIO_MODIFICO,FECHA_MODIFICO) VALUES('SAMVASE','CREMA VASENOL 30ML','CREMA VASENOL 30ML',2,55,1,'/media/922967270.png','image/png',1,'amxsab.system@gmail.com',CURRENT_TIMESTAMP,'amxsab.system@gmail.com',CURRENT_TIMESTAMP);
INSERT INTO MATERIAL (NUMERO_PARTE,DESCRIPCION_ES,DESCRIPCION_EN,ID_CATEGORIA_MATERIAL,TIPO_ABASTECIMIENTO,PESO,URL_MULTIMEDIA,MIME_TYPE,STATUS,USUARIO_CREO,FECHA_CREO,USUARIO_MODIFICO,FECHA_MODIFICO) VALUES('SAN0901','SANGRITA VIUDA DE SANCHEZ PREMIER','SANGRITA VIUDA DE SANCHEZ PREMIER',5,55,1,'/media/922967270.png','image/png',1,'amxsab.system@gmail.com',CURRENT_TIMESTAMP,'amxsab.system@gmail.com',CURRENT_TIMESTAMP);
INSERT INTO MATERIAL (NUMERO_PARTE,DESCRIPCION_ES,DESCRIPCION_EN,ID_CATEGORIA_MATERIAL,TIPO_ABASTECIMIENTO,PESO,URL_MULTIMEDIA,MIME_TYPE,STATUS,USUARIO_CREO,FECHA_CREO,USUARIO_MODIFICO,FECHA_MODIFICO) VALUES('SAP0210','SALERO J PORCELANA','PORCELAIN SALT SHAKER',3,55,1,'/media/922967270.png','image/png',1,'amxsab.system@gmail.com',CURRENT_TIMESTAMP,'amxsab.system@gmail.com',CURRENT_TIMESTAMP);
INSERT INTO MATERIAL (NUMERO_PARTE,DESCRIPCION_ES,DESCRIPCION_EN,ID_CATEGORIA_MATERIAL,TIPO_ABASTECIMIENTO,PESO,URL_MULTIMEDIA,MIME_TYPE,STATUS,USUARIO_CREO,FECHA_CREO,USUARIO_MODIFICO,FECHA_MODIFICO) VALUES('SCO0501','SANIASIENTO SCOTT BLANCOCAJA C/24 PK; 125 EA´SPOR PK','SANIASIENTO SCOTT BLANCOCAJA C/24 PK; 125 EA´SPOR PK',2,55,1,'/media/922967270.png','image/png',1,'amxsab.system@gmail.com',CURRENT_TIMESTAMP,'amxsab.system@gmail.com',CURRENT_TIMESTAMP);
INSERT INTO MATERIAL (NUMERO_PARTE,DESCRIPCION_ES,DESCRIPCION_EN,ID_CATEGORIA_MATERIAL,TIPO_ABASTECIMIENTO,PESO,URL_MULTIMEDIA,MIME_TYPE,STATUS,USUARIO_CREO,FECHA_CREO,USUARIO_MODIFICO,FECHA_MODIFICO) VALUES('SCO1001','TOALLA SANI COM','SANI COM TOWEL',2,55,1,'/media/922967270.png','image/png',1,'amxsab.system@gmail.com',CURRENT_TIMESTAMP,'amxsab.system@gmail.com',CURRENT_TIMESTAMP);
INSERT INTO MATERIAL (NUMERO_PARTE,DESCRIPCION_ES,DESCRIPCION_EN,ID_CATEGORIA_MATERIAL,TIPO_ABASTECIMIENTO,PESO,URL_MULTIMEDIA,MIME_TYPE,STATUS,USUARIO_CREO,FECHA_CREO,USUARIO_MODIFICO,FECHA_MODIFICO) VALUES('SEP0503','SERVILLETERO DE PAPEL','PAPER NAPKIN RING',2,55,1,'/media/922967270.png','image/png',1,'amxsab.system@gmail.com',CURRENT_TIMESTAMP,'amxsab.system@gmail.com',CURRENT_TIMESTAMP);
INSERT INTO MATERIAL (NUMERO_PARTE,DESCRIPCION_ES,DESCRIPCION_EN,ID_CATEGORIA_MATERIAL,TIPO_ABASTECIMIENTO,PESO,URL_MULTIMEDIA,MIME_TYPE,STATUS,USUARIO_CREO,FECHA_CREO,USUARIO_MODIFICO,FECHA_MODIFICO) VALUES('SEP0504','SEPARADOR PARA COPAVASO CRISTAL','PAPER GLASS HOLDER',2,55,1,'/media/922967270.png','image/png',1,'amxsab.system@gmail.com',CURRENT_TIMESTAMP,'amxsab.system@gmail.com',CURRENT_TIMESTAMP);
INSERT INTO MATERIAL (NUMERO_PARTE,DESCRIPCION_ES,DESCRIPCION_EN,ID_CATEGORIA_MATERIAL,TIPO_ABASTECIMIENTO,PESO,URL_MULTIMEDIA,MIME_TYPE,STATUS,USUARIO_CREO,FECHA_CREO,USUARIO_MODIFICO,FECHA_MODIFICO) VALUES('SEP1301','SEPARADOR PARA GAVETASDE PLASTICO EN POLIPAP 14PTS','DRAWER DIVIDER',2,55,1,'/media/922967270.png','image/png',1,'amxsab.system@gmail.com',CURRENT_TIMESTAMP,'amxsab.system@gmail.com',CURRENT_TIMESTAMP);
INSERT INTO MATERIAL (NUMERO_PARTE,DESCRIPCION_ES,DESCRIPCION_EN,ID_CATEGORIA_MATERIAL,TIPO_ABASTECIMIENTO,PESO,URL_MULTIMEDIA,MIME_TYPE,STATUS,USUARIO_CREO,FECHA_CREO,USUARIO_MODIFICO,FECHA_MODIFICO) VALUES('SEP1302','SEPARADOR RIGIDO PARA GAVETA','SEPARADOR RIGIDO PARA GAVETA',2,55,1,'/media/922967270.png','image/png',1,'amxsab.system@gmail.com',CURRENT_TIMESTAMP,'amxsab.system@gmail.com',CURRENT_TIMESTAMP);
INSERT INTO MATERIAL (NUMERO_PARTE,DESCRIPCION_ES,DESCRIPCION_EN,ID_CATEGORIA_MATERIAL,TIPO_ABASTECIMIENTO,PESO,URL_MULTIMEDIA,MIME_TYPE,STATUS,USUARIO_CREO,FECHA_CREO,USUARIO_MODIFICO,FECHA_MODIFICO) VALUES('SEP1303','SEPARADOR PLASTICO P/CRISTALERIA','SEPARADOR CRISTALERIA 18 CAVIDADES',2,55,1,'/media/922967270.png','image/png',1,'amxsab.system@gmail.com',CURRENT_TIMESTAMP,'amxsab.system@gmail.com',CURRENT_TIMESTAMP);
INSERT INTO MATERIAL (NUMERO_PARTE,DESCRIPCION_ES,DESCRIPCION_EN,ID_CATEGORIA_MATERIAL,TIPO_ABASTECIMIENTO,PESO,URL_MULTIMEDIA,MIME_TYPE,STATUS,USUARIO_CREO,FECHA_CREO,USUARIO_MODIFICO,FECHA_MODIFICO) VALUES('SEP1304','SEPARADOR GAVETA TIPO PEINE / TCORTO','SEPARADOR GAVETA TIPO PEINE CORTO',2,55,1,'/media/922967270.png','image/png',1,'amxsab.system@gmail.com',CURRENT_TIMESTAMP,'amxsab.system@gmail.com',CURRENT_TIMESTAMP);
INSERT INTO MATERIAL (NUMERO_PARTE,DESCRIPCION_ES,DESCRIPCION_EN,ID_CATEGORIA_MATERIAL,TIPO_ABASTECIMIENTO,PESO,URL_MULTIMEDIA,MIME_TYPE,STATUS,USUARIO_CREO,FECHA_CREO,USUARIO_MODIFICO,FECHA_MODIFICO) VALUES('SEP1305','SEPARADOR GAVETA TIPO PEINE / TLARGO','SEPARADOR GAVETA TIPO PEINE / TLARGO',2,55,1,'/media/922967270.png','image/png',1,'amxsab.system@gmail.com',CURRENT_TIMESTAMP,'amxsab.system@gmail.com',CURRENT_TIMESTAMP);
INSERT INTO MATERIAL (NUMERO_PARTE,DESCRIPCION_ES,DESCRIPCION_EN,ID_CATEGORIA_MATERIAL,TIPO_ABASTECIMIENTO,PESO,URL_MULTIMEDIA,MIME_TYPE,STATUS,USUARIO_CREO,FECHA_CREO,USUARIO_MODIFICO,FECHA_MODIFICO) VALUES('SER0501','SERVILLETA COCKTAIL25X25','SERVILLETA COCKTAIL25X25',2,55,1,'/media/922967270.png','image/png',1,'amxsab.system@gmail.com',CURRENT_TIMESTAMP,'amxsab.system@gmail.com',CURRENT_TIMESTAMP);
INSERT INTO MATERIAL (NUMERO_PARTE,DESCRIPCION_ES,DESCRIPCION_EN,ID_CATEGORIA_MATERIAL,TIPO_ABASTECIMIENTO,PESO,URL_MULTIMEDIA,MIME_TYPE,STATUS,USUARIO_CREO,FECHA_CREO,USUARIO_MODIFICO,FECHA_MODIFICO) VALUES('SER0503','SERVILLETA LUNCH33X33','LUNCH NAPKIN 33X33 CM',2,55,1,'/media/922967270.png','image/png',1,'amxsab.system@gmail.com',CURRENT_TIMESTAMP,'amxsab.system@gmail.com',CURRENT_TIMESTAMP);
INSERT INTO MATERIAL (NUMERO_PARTE,DESCRIPCION_ES,DESCRIPCION_EN,ID_CATEGORIA_MATERIAL,TIPO_ABASTECIMIENTO,PESO,URL_MULTIMEDIA,MIME_TYPE,STATUS,USUARIO_CREO,FECHA_CREO,USUARIO_MODIFICO,FECHA_MODIFICO) VALUES('SER0506','SERVILLETAS NHNUEVA IMAGEN FEB2012','NAPKIN NH',2,55,1,'/media/922967270.png','image/png',1,'amxsab.system@gmail.com',CURRENT_TIMESTAMP,'amxsab.system@gmail.com',CURRENT_TIMESTAMP);
INSERT INTO MATERIAL (NUMERO_PARTE,DESCRIPCION_ES,DESCRIPCION_EN,ID_CATEGORIA_MATERIAL,TIPO_ABASTECIMIENTO,PESO,URL_MULTIMEDIA,MIME_TYPE,STATUS,USUARIO_CREO,FECHA_CREO,USUARIO_MODIFICO,FECHA_MODIFICO) VALUES('SER0511','SERVILLETAS MAESTRO TEQUILERO','SERVILLETAS MAESTRO TEQUILERO',2,55,1,'/media/922967270.png','image/png',1,'amxsab.system@gmail.com',CURRENT_TIMESTAMP,'amxsab.system@gmail.com',CURRENT_TIMESTAMP);
INSERT INTO MATERIAL (NUMERO_PARTE,DESCRIPCION_ES,DESCRIPCION_EN,ID_CATEGORIA_MATERIAL,TIPO_ABASTECIMIENTO,PESO,URL_MULTIMEDIA,MIME_TYPE,STATUS,USUARIO_CREO,FECHA_CREO,USUARIO_MODIFICO,FECHA_MODIFICO) VALUES('SER0512','SERVILLETA DE PAPEL 25X25 . TERRAZA PREMIER','SERVILLETA DE PAPEL 25X25 . TERRAZA PREMIER',2,55,1,'/media/922967270.png','image/png',1,'amxsab.system@gmail.com',CURRENT_TIMESTAMP,'amxsab.system@gmail.com',CURRENT_TIMESTAMP);
INSERT INTO MATERIAL (NUMERO_PARTE,DESCRIPCION_ES,DESCRIPCION_EN,ID_CATEGORIA_MATERIAL,TIPO_ABASTECIMIENTO,PESO,URL_MULTIMEDIA,MIME_TYPE,STATUS,USUARIO_CREO,FECHA_CREO,USUARIO_MODIFICO,FECHA_MODIFICO) VALUES('SER0703','SERVILLETADE TELA BLANCA','WHITE FABRIC NAPKIN NEW IMAGE',2,55,1,'/media/922967270.png','image/png',1,'amxsab.system@gmail.com',CURRENT_TIMESTAMP,'amxsab.system@gmail.com',CURRENT_TIMESTAMP);
INSERT INTO MATERIAL (NUMERO_PARTE,DESCRIPCION_ES,DESCRIPCION_EN,ID_CATEGORIA_MATERIAL,TIPO_ABASTECIMIENTO,PESO,URL_MULTIMEDIA,MIME_TYPE,STATUS,USUARIO_CREO,FECHA_CREO,USUARIO_MODIFICO,FECHA_MODIFICO) VALUES('SER0704','SERVILLETADE TELA BLANCANUEVA IMAGEN','WHITE FABRIC NAPKIN NEW IMAGE',2,55,1,'/media/922967270.png','image/png',1,'amxsab.system@gmail.com',CURRENT_TIMESTAMP,'amxsab.system@gmail.com',CURRENT_TIMESTAMP);
INSERT INTO MATERIAL (NUMERO_PARTE,DESCRIPCION_ES,DESCRIPCION_EN,ID_CATEGORIA_MATERIAL,TIPO_ABASTECIMIENTO,PESO,URL_MULTIMEDIA,MIME_TYPE,STATUS,USUARIO_CREO,FECHA_CREO,USUARIO_MODIFICO,FECHA_MODIFICO) VALUES('SER0705','SERVILLETADE TELA BLANCANUEVA IMAGEN','SERVILLETADE TELA BLANCANUEVA IMAGEN',2,55,1,'/media/922967270.png','image/png',1,'amxsab.system@gmail.com',CURRENT_TIMESTAMP,'amxsab.system@gmail.com',CURRENT_TIMESTAMP);
INSERT INTO MATERIAL (NUMERO_PARTE,DESCRIPCION_ES,DESCRIPCION_EN,ID_CATEGORIA_MATERIAL,TIPO_ABASTECIMIENTO,PESO,URL_MULTIMEDIA,MIME_TYPE,STATUS,USUARIO_CREO,FECHA_CREO,USUARIO_MODIFICO,FECHA_MODIFICO) VALUES('SID0901','STRONGBOW GOLD CIDER 300 ML','SIDRA DE ORO STRONGBOW',5,55,1,'/media/922967270.png','image/png',1,'amxsab.system@gmail.com',CURRENT_TIMESTAMP,'amxsab.system@gmail.com',CURRENT_TIMESTAMP);
INSERT INTO MATERIAL (NUMERO_PARTE,DESCRIPCION_ES,DESCRIPCION_EN,ID_CATEGORIA_MATERIAL,TIPO_ABASTECIMIENTO,PESO,URL_MULTIMEDIA,MIME_TYPE,STATUS,USUARIO_CREO,FECHA_CREO,USUARIO_MODIFICO,FECHA_MODIFICO) VALUES('SID0902','SIDRA STRONGBOW GOLD LATA','SIDRA STRONGBOW GOLD LATA',5,55,1,'/media/922967270.png','image/png',1,'amxsab.system@gmail.com',CURRENT_TIMESTAMP,'amxsab.system@gmail.com',CURRENT_TIMESTAMP);
INSERT INTO MATERIAL (NUMERO_PARTE,DESCRIPCION_ES,DESCRIPCION_EN,ID_CATEGORIA_MATERIAL,TIPO_ABASTECIMIENTO,PESO,URL_MULTIMEDIA,MIME_TYPE,STATUS,USUARIO_CREO,FECHA_CREO,USUARIO_MODIFICO,FECHA_MODIFICO) VALUES('SID0903','SIDRA STRONGBOW REDBERRIES LATA','SIDRA STRONGBOW REDBERRIES LATA',5,55,1,'/media/922967270.png','image/png',1,'amxsab.system@gmail.com',CURRENT_TIMESTAMP,'amxsab.system@gmail.com',CURRENT_TIMESTAMP);
INSERT INTO MATERIAL (NUMERO_PARTE,DESCRIPCION_ES,DESCRIPCION_EN,ID_CATEGORIA_MATERIAL,TIPO_ABASTECIMIENTO,PESO,URL_MULTIMEDIA,MIME_TYPE,STATUS,USUARIO_CREO,FECHA_CREO,USUARIO_MODIFICO,FECHA_MODIFICO) VALUES('SOP0403','SOPA CLARAOSUIMONO PAQUETE 9.6G','CLEAR JAPANESE SOUP OSUIMONO 9.6G',2,55,1,'/media/922967270.png','image/png',1,'amxsab.system@gmail.com',CURRENT_TIMESTAMP,'amxsab.system@gmail.com',CURRENT_TIMESTAMP);
INSERT INTO MATERIAL (NUMERO_PARTE,DESCRIPCION_ES,DESCRIPCION_EN,ID_CATEGORIA_MATERIAL,TIPO_ABASTECIMIENTO,PESO,URL_MULTIMEDIA,MIME_TYPE,STATUS,USUARIO_CREO,FECHA_CREO,USUARIO_MODIFICO,FECHA_MODIFICO) VALUES('SOP0404','SOPA ROJA AKA MISO SOUP 10GR','SOPA JAPONESA AKA MISO SOUP 10GR',2,55,1,'/media/922967270.png','image/png',1,'amxsab.system@gmail.com',CURRENT_TIMESTAMP,'amxsab.system@gmail.com',CURRENT_TIMESTAMP);
INSERT INTO MATERIAL (NUMERO_PARTE,DESCRIPCION_ES,DESCRIPCION_EN,ID_CATEGORIA_MATERIAL,TIPO_ABASTECIMIENTO,PESO,URL_MULTIMEDIA,MIME_TYPE,STATUS,USUARIO_CREO,FECHA_CREO,USUARIO_MODIFICO,FECHA_MODIFICO) VALUES('SPE0001','SAL Y PIMIENTA SET DE PLASTICO','SAL Y PIMIENTA SET DE PLASTICO',3,55,1,'/media/922967270.png','image/png',1,'amxsab.system@gmail.com',CURRENT_TIMESTAMP,'amxsab.system@gmail.com',CURRENT_TIMESTAMP);
INSERT INTO MATERIAL (NUMERO_PARTE,DESCRIPCION_ES,DESCRIPCION_EN,ID_CATEGORIA_MATERIAL,TIPO_ABASTECIMIENTO,PESO,URL_MULTIMEDIA,MIME_TYPE,STATUS,USUARIO_CREO,FECHA_CREO,USUARIO_MODIFICO,FECHA_MODIFICO) VALUES('SPI0401','SALSA PICANTE','HOT SAUCE',2,55,1,'/media/922967270.png','image/png',1,'amxsab.system@gmail.com',CURRENT_TIMESTAMP,'amxsab.system@gmail.com',CURRENT_TIMESTAMP);
INSERT INTO MATERIAL (NUMERO_PARTE,DESCRIPCION_ES,DESCRIPCION_EN,ID_CATEGORIA_MATERIAL,TIPO_ABASTECIMIENTO,PESO,URL_MULTIMEDIA,MIME_TYPE,STATUS,USUARIO_CREO,FECHA_CREO,USUARIO_MODIFICO,FECHA_MODIFICO) VALUES('TAB1201','ALKA SELTZER','ALKA SELTZER',2,55,1,'/media/922967270.png','image/png',1,'amxsab.system@gmail.com',CURRENT_TIMESTAMP,'amxsab.system@gmail.com',CURRENT_TIMESTAMP);
INSERT INTO MATERIAL (NUMERO_PARTE,DESCRIPCION_ES,DESCRIPCION_EN,ID_CATEGORIA_MATERIAL,TIPO_ABASTECIMIENTO,PESO,URL_MULTIMEDIA,MIME_TYPE,STATUS,USUARIO_CREO,FECHA_CREO,USUARIO_MODIFICO,FECHA_MODIFICO) VALUES('TAJ0401','SALSA EN POLVO TAJIN','SAUCE POWDER TAJIN',2,55,1,'/media/922967270.png','image/png',1,'amxsab.system@gmail.com',CURRENT_TIMESTAMP,'amxsab.system@gmail.com',CURRENT_TIMESTAMP);
INSERT INTO MATERIAL (NUMERO_PARTE,DESCRIPCION_ES,DESCRIPCION_EN,ID_CATEGORIA_MATERIAL,TIPO_ABASTECIMIENTO,PESO,URL_MULTIMEDIA,MIME_TYPE,STATUS,USUARIO_CREO,FECHA_CREO,USUARIO_MODIFICO,FECHA_MODIFICO) VALUES('TAP0007','TAPA PLASTICO PLATO 21 CM','PLASTIC PLATE LID 21CM',2,55,1,'/media/922967270.png','image/png',1,'amxsab.system@gmail.com',CURRENT_TIMESTAMP,'amxsab.system@gmail.com',CURRENT_TIMESTAMP);
INSERT INTO MATERIAL (NUMERO_PARTE,DESCRIPCION_ES,DESCRIPCION_EN,ID_CATEGORIA_MATERIAL,TIPO_ABASTECIMIENTO,PESO,URL_MULTIMEDIA,MIME_TYPE,STATUS,USUARIO_CREO,FECHA_CREO,USUARIO_MODIFICO,FECHA_MODIFICO) VALUES('TAP0010','TAPA PLASTICO PLATO 17 CM','PLASTIC PLATE LID 17CM',2,55,1,'/media/922967270.png','image/png',1,'amxsab.system@gmail.com',CURRENT_TIMESTAMP,'amxsab.system@gmail.com',CURRENT_TIMESTAMP);
INSERT INTO MATERIAL (NUMERO_PARTE,DESCRIPCION_ES,DESCRIPCION_EN,ID_CATEGORIA_MATERIAL,TIPO_ABASTECIMIENTO,PESO,URL_MULTIMEDIA,MIME_TYPE,STATUS,USUARIO_CREO,FECHA_CREO,USUARIO_MODIFICO,FECHA_MODIFICO) VALUES('TAP0012','TAPA OVALADA P PLATO PRIN JC','ROUNDED LID FOR PORCELAIN PLATE',2,55,1,'/media/922967270.png','image/png',1,'amxsab.system@gmail.com',CURRENT_TIMESTAMP,'amxsab.system@gmail.com',CURRENT_TIMESTAMP);
INSERT INTO MATERIAL (NUMERO_PARTE,DESCRIPCION_ES,DESCRIPCION_EN,ID_CATEGORIA_MATERIAL,TIPO_ABASTECIMIENTO,PESO,URL_MULTIMEDIA,MIME_TYPE,STATUS,USUARIO_CREO,FECHA_CREO,USUARIO_MODIFICO,FECHA_MODIFICO) VALUES('TAP0021','TAPA PARA VASO TERMICO DE PILOTOS','LID FOR PILOTS GLASS 8 OZ',2,55,1,'/media/922967270.png','image/png',1,'amxsab.system@gmail.com',CURRENT_TIMESTAMP,'amxsab.system@gmail.com',CURRENT_TIMESTAMP);
INSERT INTO MATERIAL (NUMERO_PARTE,DESCRIPCION_ES,DESCRIPCION_EN,ID_CATEGORIA_MATERIAL,TIPO_ABASTECIMIENTO,PESO,URL_MULTIMEDIA,MIME_TYPE,STATUS,USUARIO_CREO,FECHA_CREO,USUARIO_MODIFICO,FECHA_MODIFICO) VALUES('TAP0024','TAPA PLASTICO PLATO 19 CM','TAPA PLASTICO PLATO 19 CM',2,55,1,'/media/922967270.png','image/png',1,'amxsab.system@gmail.com',CURRENT_TIMESTAMP,'amxsab.system@gmail.com',CURRENT_TIMESTAMP);
INSERT INTO MATERIAL (NUMERO_PARTE,DESCRIPCION_ES,DESCRIPCION_EN,ID_CATEGORIA_MATERIAL,TIPO_ABASTECIMIENTO,PESO,URL_MULTIMEDIA,MIME_TYPE,STATUS,USUARIO_CREO,FECHA_CREO,USUARIO_MODIFICO,FECHA_MODIFICO) VALUES('TAP0025','TAPA OVALADA 16CM. DISEÑO 2015','TAPA OVALADA 16CM',2,55,1,'/media/922967270.png','image/png',1,'amxsab.system@gmail.com',CURRENT_TIMESTAMP,'amxsab.system@gmail.com',CURRENT_TIMESTAMP);
INSERT INTO MATERIAL (NUMERO_PARTE,DESCRIPCION_ES,DESCRIPCION_EN,ID_CATEGORIA_MATERIAL,TIPO_ABASTECIMIENTO,PESO,URL_MULTIMEDIA,MIME_TYPE,STATUS,USUARIO_CREO,FECHA_CREO,USUARIO_MODIFICO,FECHA_MODIFICO) VALUES('TAP0026','TAPA PLASTICA 19 CM DISEÑO 2015','TAPA PLASTICA 19 CM DISEÑO 2015',2,55,1,'/media/922967270.png','image/png',1,'amxsab.system@gmail.com',CURRENT_TIMESTAMP,'amxsab.system@gmail.com',CURRENT_TIMESTAMP);
INSERT INTO MATERIAL (NUMERO_PARTE,DESCRIPCION_ES,DESCRIPCION_EN,ID_CATEGORIA_MATERIAL,TIPO_ABASTECIMIENTO,PESO,URL_MULTIMEDIA,MIME_TYPE,STATUS,USUARIO_CREO,FECHA_CREO,USUARIO_MODIFICO,FECHA_MODIFICO) VALUES('TAP0027','TAPA PLASTICA PARA CHAROLA','TAPA PLASTICA PARA CHAROLA',2,55,1,'/media/922967270.png','image/png',1,'amxsab.system@gmail.com',CURRENT_TIMESTAMP,'amxsab.system@gmail.com',CURRENT_TIMESTAMP);
INSERT INTO MATERIAL (NUMERO_PARTE,DESCRIPCION_ES,DESCRIPCION_EN,ID_CATEGORIA_MATERIAL,TIPO_ABASTECIMIENTO,PESO,URL_MULTIMEDIA,MIME_TYPE,STATUS,USUARIO_CREO,FECHA_CREO,USUARIO_MODIFICO,FECHA_MODIFICO) VALUES('TAP0301','TAPA PARA JARRA CAFETERA','TAPA PARA JARRA CAFETERA',2,55,1,'/media/922967270.png','image/png',1,'amxsab.system@gmail.com',CURRENT_TIMESTAMP,'amxsab.system@gmail.com',CURRENT_TIMESTAMP);
INSERT INTO MATERIAL (NUMERO_PARTE,DESCRIPCION_ES,DESCRIPCION_EN,ID_CATEGORIA_MATERIAL,TIPO_ABASTECIMIENTO,PESO,URL_MULTIMEDIA,MIME_TYPE,STATUS,USUARIO_CREO,FECHA_CREO,USUARIO_MODIFICO,FECHA_MODIFICO) VALUES('TAP0308','TAPA ALUMINIO REDONDA','ALUMINIUM ROUND LID',2,55,1,'/media/922967270.png','image/png',1,'amxsab.system@gmail.com',CURRENT_TIMESTAMP,'amxsab.system@gmail.com',CURRENT_TIMESTAMP);
INSERT INTO MATERIAL (NUMERO_PARTE,DESCRIPCION_ES,DESCRIPCION_EN,ID_CATEGORIA_MATERIAL,TIPO_ABASTECIMIENTO,PESO,URL_MULTIMEDIA,MIME_TYPE,STATUS,USUARIO_CREO,FECHA_CREO,USUARIO_MODIFICO,FECHA_MODIFICO) VALUES('TAP0525','TAPA PL1 P/VASO DE 1OZ','TAPA PL1 P/VASO DE 1OZ',2,55,1,'/media/922967270.png','image/png',1,'amxsab.system@gmail.com',CURRENT_TIMESTAMP,'amxsab.system@gmail.com',CURRENT_TIMESTAMP);
INSERT INTO MATERIAL (NUMERO_PARTE,DESCRIPCION_ES,DESCRIPCION_EN,ID_CATEGORIA_MATERIAL,TIPO_ABASTECIMIENTO,PESO,URL_MULTIMEDIA,MIME_TYPE,STATUS,USUARIO_CREO,FECHA_CREO,USUARIO_MODIFICO,FECHA_MODIFICO) VALUES('TAP1402','TAPA PARA JARRA TERMICA','LID FOR PLASTIC INSULATED SERVER JAR',2,55,1,'/media/922967270.png','image/png',1,'amxsab.system@gmail.com',CURRENT_TIMESTAMP,'amxsab.system@gmail.com',CURRENT_TIMESTAMP);
INSERT INTO MATERIAL (NUMERO_PARTE,DESCRIPCION_ES,DESCRIPCION_EN,ID_CATEGORIA_MATERIAL,TIPO_ABASTECIMIENTO,PESO,URL_MULTIMEDIA,MIME_TYPE,STATUS,USUARIO_CREO,FECHA_CREO,USUARIO_MODIFICO,FECHA_MODIFICO) VALUES('TAP1403','TAPA JAR0302','TAPA JAR0302',2,55,1,'/media/922967270.png','image/png',1,'amxsab.system@gmail.com',CURRENT_TIMESTAMP,'amxsab.system@gmail.com',CURRENT_TIMESTAMP);
INSERT INTO MATERIAL (NUMERO_PARTE,DESCRIPCION_ES,DESCRIPCION_EN,ID_CATEGORIA_MATERIAL,TIPO_ABASTECIMIENTO,PESO,URL_MULTIMEDIA,MIME_TYPE,STATUS,USUARIO_CREO,FECHA_CREO,USUARIO_MODIFICO,FECHA_MODIFICO) VALUES('TAR0601','TARJETA PREMIER LONDRES DE 12.51X6.9 CMS.','TARJETA PREMIER LONDRES DE 12.51X6.9 CMS.',2,55,1,'/media/922967270.png','image/png',1,'amxsab.system@gmail.com',CURRENT_TIMESTAMP,'amxsab.system@gmail.com',CURRENT_TIMESTAMP);
INSERT INTO MATERIAL (NUMERO_PARTE,DESCRIPCION_ES,DESCRIPCION_EN,ID_CATEGORIA_MATERIAL,TIPO_ABASTECIMIENTO,PESO,URL_MULTIMEDIA,MIME_TYPE,STATUS,USUARIO_CREO,FECHA_CREO,USUARIO_MODIFICO,FECHA_MODIFICO) VALUES('TAZ0001','TAZA BLANCA CLASE TURISTA','WHITE PLASTIC CUP Y',3,55,1,'/media/922967270.png','image/png',1,'amxsab.system@gmail.com',CURRENT_TIMESTAMP,'amxsab.system@gmail.com',CURRENT_TIMESTAMP);
INSERT INTO MATERIAL (NUMERO_PARTE,DESCRIPCION_ES,DESCRIPCION_EN,ID_CATEGORIA_MATERIAL,TIPO_ABASTECIMIENTO,PESO,URL_MULTIMEDIA,MIME_TYPE,STATUS,USUARIO_CREO,FECHA_CREO,USUARIO_MODIFICO,FECHA_MODIFICO) VALUES('TAZ0005','TAZA AMERICANO','AMERICAN CUP',3,55,1,'/media/922967270.png','image/png',1,'amxsab.system@gmail.com',CURRENT_TIMESTAMP,'amxsab.system@gmail.com',CURRENT_TIMESTAMP);
INSERT INTO MATERIAL (NUMERO_PARTE,DESCRIPCION_ES,DESCRIPCION_EN,ID_CATEGORIA_MATERIAL,TIPO_ABASTECIMIENTO,PESO,URL_MULTIMEDIA,MIME_TYPE,STATUS,USUARIO_CREO,FECHA_CREO,USUARIO_MODIFICO,FECHA_MODIFICO) VALUES('TAZ0203','TAZA PORCELANA P CAFE','PORCELLAIN COFFEE CUP',3,55,1,'/media/922967270.png','image/png',1,'amxsab.system@gmail.com',CURRENT_TIMESTAMP,'amxsab.system@gmail.com',CURRENT_TIMESTAMP);
INSERT INTO MATERIAL (NUMERO_PARTE,DESCRIPCION_ES,DESCRIPCION_EN,ID_CATEGORIA_MATERIAL,TIPO_ABASTECIMIENTO,PESO,URL_MULTIMEDIA,MIME_TYPE,STATUS,USUARIO_CREO,FECHA_CREO,USUARIO_MODIFICO,FECHA_MODIFICO) VALUES('TAZ0205','TAZA PARA CAFE EXPRESSOPREMIER','COFFEE EXPRESS CUP PREMIER',3,55,1,'/media/922967270.png','image/png',1,'amxsab.system@gmail.com',CURRENT_TIMESTAMP,'amxsab.system@gmail.com',CURRENT_TIMESTAMP);
INSERT INTO MATERIAL (NUMERO_PARTE,DESCRIPCION_ES,DESCRIPCION_EN,ID_CATEGORIA_MATERIAL,TIPO_ABASTECIMIENTO,PESO,URL_MULTIMEDIA,MIME_TYPE,STATUS,USUARIO_CREO,FECHA_CREO,USUARIO_MODIFICO,FECHA_MODIFICO) VALUES('TAZ0206','TAZAPARA TEJAPON','TEA CUP',3,55,1,'/media/922967270.png','image/png',1,'amxsab.system@gmail.com',CURRENT_TIMESTAMP,'amxsab.system@gmail.com',CURRENT_TIMESTAMP);
INSERT INTO MATERIAL (NUMERO_PARTE,DESCRIPCION_ES,DESCRIPCION_EN,ID_CATEGORIA_MATERIAL,TIPO_ABASTECIMIENTO,PESO,URL_MULTIMEDIA,MIME_TYPE,STATUS,USUARIO_CREO,FECHA_CREO,USUARIO_MODIFICO,FECHA_MODIFICO) VALUES('TAZ0207','TAZA PORCP CAFE NVA IMAGEN','CHINA COFFEE CUP NEW IMAGE',3,55,1,'/media/922967270.png','image/png',1,'amxsab.system@gmail.com',CURRENT_TIMESTAMP,'amxsab.system@gmail.com',CURRENT_TIMESTAMP);
INSERT INTO MATERIAL (NUMERO_PARTE,DESCRIPCION_ES,DESCRIPCION_EN,ID_CATEGORIA_MATERIAL,TIPO_ABASTECIMIENTO,PESO,URL_MULTIMEDIA,MIME_TYPE,STATUS,USUARIO_CREO,FECHA_CREO,USUARIO_MODIFICO,FECHA_MODIFICO) VALUES('TAZ0208','TAZA PORCP CAFE EXPRESSO NVA IMAGEN','CHINA EXPRESS COFFEE CUP NEW IMAGE',3,55,1,'/media/922967270.png','image/png',1,'amxsab.system@gmail.com',CURRENT_TIMESTAMP,'amxsab.system@gmail.com',CURRENT_TIMESTAMP);
INSERT INTO MATERIAL (NUMERO_PARTE,DESCRIPCION_ES,DESCRIPCION_EN,ID_CATEGORIA_MATERIAL,TIPO_ABASTECIMIENTO,PESO,URL_MULTIMEDIA,MIME_TYPE,STATUS,USUARIO_CREO,FECHA_CREO,USUARIO_MODIFICO,FECHA_MODIFICO) VALUES('TAZ0209','TAZA PORCELANA P CAFE GIP','COFFE CUP',3,55,1,'/media/922967270.png','image/png',1,'amxsab.system@gmail.com',CURRENT_TIMESTAMP,'amxsab.system@gmail.com',CURRENT_TIMESTAMP);
INSERT INTO MATERIAL (NUMERO_PARTE,DESCRIPCION_ES,DESCRIPCION_EN,ID_CATEGORIA_MATERIAL,TIPO_ABASTECIMIENTO,PESO,URL_MULTIMEDIA,MIME_TYPE,STATUS,USUARIO_CREO,FECHA_CREO,USUARIO_MODIFICO,FECHA_MODIFICO) VALUES('TAZ0210','TAZA PORCP CAFE EXPRESSO GIP','EXPRESSO CUP',3,55,1,'/media/922967270.png','image/png',1,'amxsab.system@gmail.com',CURRENT_TIMESTAMP,'amxsab.system@gmail.com',CURRENT_TIMESTAMP);
INSERT INTO MATERIAL (NUMERO_PARTE,DESCRIPCION_ES,DESCRIPCION_EN,ID_CATEGORIA_MATERIAL,TIPO_ABASTECIMIENTO,PESO,URL_MULTIMEDIA,MIME_TYPE,STATUS,USUARIO_CREO,FECHA_CREO,USUARIO_MODIFICO,FECHA_MODIFICO) VALUES('TAZ0211','TAZA PARA CAFE EXPRESSO PORCELANA','PORCELAIN CUP 2.5 INCH',3,55,1,'/media/922967270.png','image/png',1,'amxsab.system@gmail.com',CURRENT_TIMESTAMP,'amxsab.system@gmail.com',CURRENT_TIMESTAMP);
INSERT INTO MATERIAL (NUMERO_PARTE,DESCRIPCION_ES,DESCRIPCION_EN,ID_CATEGORIA_MATERIAL,TIPO_ABASTECIMIENTO,PESO,URL_MULTIMEDIA,MIME_TYPE,STATUS,USUARIO_CREO,FECHA_CREO,USUARIO_MODIFICO,FECHA_MODIFICO) VALUES('TAZ0212','TAZA PARA CAFÉ PORCELANA J','TAZA PARA CAFÉ PORCELANA J',3,55,1,'/media/922967270.png','image/png',1,'amxsab.system@gmail.com',CURRENT_TIMESTAMP,'amxsab.system@gmail.com',CURRENT_TIMESTAMP);
INSERT INTO MATERIAL (NUMERO_PARTE,DESCRIPCION_ES,DESCRIPCION_EN,ID_CATEGORIA_MATERIAL,TIPO_ABASTECIMIENTO,PESO,URL_MULTIMEDIA,MIME_TYPE,STATUS,USUARIO_CREO,FECHA_CREO,USUARIO_MODIFICO,FECHA_MODIFICO) VALUES('TAZ0213','TAZA CHICA PORCELANA J','TAZA CHICA PORCELANA CJ',3,55,1,'/media/922967270.png','image/png',1,'amxsab.system@gmail.com',CURRENT_TIMESTAMP,'amxsab.system@gmail.com',CURRENT_TIMESTAMP);
INSERT INTO MATERIAL (NUMERO_PARTE,DESCRIPCION_ES,DESCRIPCION_EN,ID_CATEGORIA_MATERIAL,TIPO_ABASTECIMIENTO,PESO,URL_MULTIMEDIA,MIME_TYPE,STATUS,USUARIO_CREO,FECHA_CREO,USUARIO_MODIFICO,FECHA_MODIFICO) VALUES('TEE0405','TE VERDE EN SOBRE DE 2 OZ','GREEN TE 2 OZ',2,55,1,'/media/922967270.png','image/png',1,'amxsab.system@gmail.com',CURRENT_TIMESTAMP,'amxsab.system@gmail.com',CURRENT_TIMESTAMP);
INSERT INTO MATERIAL (NUMERO_PARTE,DESCRIPCION_ES,DESCRIPCION_EN,ID_CATEGORIA_MATERIAL,TIPO_ABASTECIMIENTO,PESO,URL_MULTIMEDIA,MIME_TYPE,STATUS,USUARIO_CREO,FECHA_CREO,USUARIO_MODIFICO,FECHA_MODIFICO) VALUES('TEE0406','TE VERDE TOSTADO HOJI CHA','GREEN TE HOJI CHA',2,55,1,'/media/922967270.png','image/png',1,'amxsab.system@gmail.com',CURRENT_TIMESTAMP,'amxsab.system@gmail.com',CURRENT_TIMESTAMP);
INSERT INTO MATERIAL (NUMERO_PARTE,DESCRIPCION_ES,DESCRIPCION_EN,ID_CATEGORIA_MATERIAL,TIPO_ABASTECIMIENTO,PESO,URL_MULTIMEDIA,MIME_TYPE,STATUS,USUARIO_CREO,FECHA_CREO,USUARIO_MODIFICO,FECHA_MODIFICO) VALUES('TEE0415','TE NEGRO McCORMICK','TE NEGRO LAGGS',2,55,1,'/media/922967270.png','image/png',1,'amxsab.system@gmail.com',CURRENT_TIMESTAMP,'amxsab.system@gmail.com',CURRENT_TIMESTAMP);
INSERT INTO MATERIAL (NUMERO_PARTE,DESCRIPCION_ES,DESCRIPCION_EN,ID_CATEGORIA_MATERIAL,TIPO_ABASTECIMIENTO,PESO,URL_MULTIMEDIA,MIME_TYPE,STATUS,USUARIO_CREO,FECHA_CREO,USUARIO_MODIFICO,FECHA_MODIFICO) VALUES('TEE0416','TE MANZANILLA McCORMICK','TE MANZANILLA McCORMICK',2,55,1,'/media/922967270.png','image/png',1,'amxsab.system@gmail.com',CURRENT_TIMESTAMP,'amxsab.system@gmail.com',CURRENT_TIMESTAMP);
INSERT INTO MATERIAL (NUMERO_PARTE,DESCRIPCION_ES,DESCRIPCION_EN,ID_CATEGORIA_MATERIAL,TIPO_ABASTECIMIENTO,PESO,URL_MULTIMEDIA,MIME_TYPE,STATUS,USUARIO_CREO,FECHA_CREO,USUARIO_MODIFICO,FECHA_MODIFICO) VALUES('TEN0302','TENEDOR ACEROYGIP','STEEL FORK GIP',3,55,1,'/media/922967270.png','image/png',1,'amxsab.system@gmail.com',CURRENT_TIMESTAMP,'amxsab.system@gmail.com',CURRENT_TIMESTAMP);
INSERT INTO MATERIAL (NUMERO_PARTE,DESCRIPCION_ES,DESCRIPCION_EN,ID_CATEGORIA_MATERIAL,TIPO_ABASTECIMIENTO,PESO,URL_MULTIMEDIA,MIME_TYPE,STATUS,USUARIO_CREO,FECHA_CREO,USUARIO_MODIFICO,FECHA_MODIFICO) VALUES('TEN0306','TENEDOR ACEROJ','STEEL FORK AEROMEXICO PREMIER CLASS J',3,55,1,'/media/922967270.png','image/png',1,'amxsab.system@gmail.com',CURRENT_TIMESTAMP,'amxsab.system@gmail.com',CURRENT_TIMESTAMP);
INSERT INTO MATERIAL (NUMERO_PARTE,DESCRIPCION_ES,DESCRIPCION_EN,ID_CATEGORIA_MATERIAL,TIPO_ABASTECIMIENTO,PESO,URL_MULTIMEDIA,MIME_TYPE,STATUS,USUARIO_CREO,FECHA_CREO,USUARIO_MODIFICO,FECHA_MODIFICO) VALUES('TEN0307','TENEDOR ACERO Y','STEEL FORK AEROMEXICO COACH CLASS Y',3,55,1,'/media/922967270.png','image/png',1,'amxsab.system@gmail.com',CURRENT_TIMESTAMP,'amxsab.system@gmail.com',CURRENT_TIMESTAMP);
INSERT INTO MATERIAL (NUMERO_PARTE,DESCRIPCION_ES,DESCRIPCION_EN,ID_CATEGORIA_MATERIAL,TIPO_ABASTECIMIENTO,PESO,URL_MULTIMEDIA,MIME_TYPE,STATUS,USUARIO_CREO,FECHA_CREO,USUARIO_MODIFICO,FECHA_MODIFICO) VALUES('TEN0310','TENEDOR DE ACERO (OPUS NOVO)','TENEDOR DE ACERO (OPUS NOVO)',3,55,1,'/media/922967270.png','image/png',1,'amxsab.system@gmail.com',CURRENT_TIMESTAMP,'amxsab.system@gmail.com',CURRENT_TIMESTAMP);
INSERT INTO MATERIAL (NUMERO_PARTE,DESCRIPCION_ES,DESCRIPCION_EN,ID_CATEGORIA_MATERIAL,TIPO_ABASTECIMIENTO,PESO,URL_MULTIMEDIA,MIME_TYPE,STATUS,USUARIO_CREO,FECHA_CREO,USUARIO_MODIFICO,FECHA_MODIFICO) VALUES('TEQ0904','TEQUILA JOSE CUERVO TRADICIONAL','TEQUILA CUERVO TRADICIONAL 695',5,55,1,'/media/922967270.png','image/png',1,'amxsab.system@gmail.com',CURRENT_TIMESTAMP,'amxsab.system@gmail.com',CURRENT_TIMESTAMP);
INSERT INTO MATERIAL (NUMERO_PARTE,DESCRIPCION_ES,DESCRIPCION_EN,ID_CATEGORIA_MATERIAL,TIPO_ABASTECIMIENTO,PESO,URL_MULTIMEDIA,MIME_TYPE,STATUS,USUARIO_CREO,FECHA_CREO,USUARIO_MODIFICO,FECHA_MODIFICO) VALUES('TEQ0913','TEQUILA CENTENARIO REPOSADOPREMIER','CENTENARIO REPOSADO TEQUILA',5,55,1,'/media/922967270.png','image/png',1,'amxsab.system@gmail.com',CURRENT_TIMESTAMP,'amxsab.system@gmail.com',CURRENT_TIMESTAMP);
INSERT INTO MATERIAL (NUMERO_PARTE,DESCRIPCION_ES,DESCRIPCION_EN,ID_CATEGORIA_MATERIAL,TIPO_ABASTECIMIENTO,PESO,URL_MULTIMEDIA,MIME_TYPE,STATUS,USUARIO_CREO,FECHA_CREO,USUARIO_MODIFICO,FECHA_MODIFICO) VALUES('TEQ0915','TEQUILA DOBEL DIAMANTE 750ML','TEQUILA DOBEL DIAMANTE 750ML',5,55,1,'/media/922967270.png','image/png',1,'amxsab.system@gmail.com',CURRENT_TIMESTAMP,'amxsab.system@gmail.com',CURRENT_TIMESTAMP);
INSERT INTO MATERIAL (NUMERO_PARTE,DESCRIPCION_ES,DESCRIPCION_EN,ID_CATEGORIA_MATERIAL,TIPO_ABASTECIMIENTO,PESO,URL_MULTIMEDIA,MIME_TYPE,STATUS,USUARIO_CREO,FECHA_CREO,USUARIO_MODIFICO,FECHA_MODIFICO) VALUES('TEQ0919','TEQUILA MAESTRO TEQUILERO REPOSADO','MAESTRO TEQUILERO REPOSADO TEQUILA',5,55,1,'/media/922967270.png','image/png',1,'amxsab.system@gmail.com',CURRENT_TIMESTAMP,'amxsab.system@gmail.com',CURRENT_TIMESTAMP);
INSERT INTO MATERIAL (NUMERO_PARTE,DESCRIPCION_ES,DESCRIPCION_EN,ID_CATEGORIA_MATERIAL,TIPO_ABASTECIMIENTO,PESO,URL_MULTIMEDIA,MIME_TYPE,STATUS,USUARIO_CREO,FECHA_CREO,USUARIO_MODIFICO,FECHA_MODIFICO) VALUES('TEQ0929','TEQUILA CUERVO TRADICIONAL SILVER-BCO','TEQUILA CUERVO TRADICIONAL SILVER-BCO',5,55,1,'/media/922967270.png','image/png',1,'amxsab.system@gmail.com',CURRENT_TIMESTAMP,'amxsab.system@gmail.com',CURRENT_TIMESTAMP);
INSERT INTO MATERIAL (NUMERO_PARTE,DESCRIPCION_ES,DESCRIPCION_EN,ID_CATEGORIA_MATERIAL,TIPO_ABASTECIMIENTO,PESO,URL_MULTIMEDIA,MIME_TYPE,STATUS,USUARIO_CREO,FECHA_CREO,USUARIO_MODIFICO,FECHA_MODIFICO) VALUES('TEQ0930','TEQUILA DON JULIO 70','TEQUILA DON JULIO 70',5,55,1,'/media/922967270.png','image/png',1,'amxsab.system@gmail.com',CURRENT_TIMESTAMP,'amxsab.system@gmail.com',CURRENT_TIMESTAMP);
INSERT INTO MATERIAL (NUMERO_PARTE,DESCRIPCION_ES,DESCRIPCION_EN,ID_CATEGORIA_MATERIAL,TIPO_ABASTECIMIENTO,PESO,URL_MULTIMEDIA,MIME_TYPE,STATUS,USUARIO_CREO,FECHA_CREO,USUARIO_MODIFICO,FECHA_MODIFICO) VALUES('TEQ0931','TEQUILA 1800 VERDANO','TEQUILA 1800 VERDANO',5,55,1,'/media/922967270.png','image/png',1,'amxsab.system@gmail.com',CURRENT_TIMESTAMP,'amxsab.system@gmail.com',CURRENT_TIMESTAMP);
INSERT INTO MATERIAL (NUMERO_PARTE,DESCRIPCION_ES,DESCRIPCION_EN,ID_CATEGORIA_MATERIAL,TIPO_ABASTECIMIENTO,PESO,URL_MULTIMEDIA,MIME_TYPE,STATUS,USUARIO_CREO,FECHA_CREO,USUARIO_MODIFICO,FECHA_MODIFICO) VALUES('TEQ0932','TEQUILA DOBEL (GRATUIDAD) SALONES','TEQUILA MAESTRO DOBEL DIAMANTE',5,55,1,'/media/922967270.png','image/png',1,'amxsab.system@gmail.com',CURRENT_TIMESTAMP,'amxsab.system@gmail.com',CURRENT_TIMESTAMP);
INSERT INTO MATERIAL (NUMERO_PARTE,DESCRIPCION_ES,DESCRIPCION_EN,ID_CATEGORIA_MATERIAL,TIPO_ABASTECIMIENTO,PESO,URL_MULTIMEDIA,MIME_TYPE,STATUS,USUARIO_CREO,FECHA_CREO,USUARIO_MODIFICO,FECHA_MODIFICO) VALUES('TEQ0933','TEQUILA 1800 CRISTALINO','TEQUILA 1800 CRISTALINO',5,55,1,'/media/922967270.png','image/png',1,'amxsab.system@gmail.com',CURRENT_TIMESTAMP,'amxsab.system@gmail.com',CURRENT_TIMESTAMP);
INSERT INTO MATERIAL (NUMERO_PARTE,DESCRIPCION_ES,DESCRIPCION_EN,ID_CATEGORIA_MATERIAL,TIPO_ABASTECIMIENTO,PESO,URL_MULTIMEDIA,MIME_TYPE,STATUS,USUARIO_CREO,FECHA_CREO,USUARIO_MODIFICO,FECHA_MODIFICO) VALUES('TEQ0934','TEQUILA RESERVA DE LA FAMILIA PLATINO','TEQUILA RESERVA DE LA FAMILIA PLATINO',5,55,1,'/media/922967270.png','image/png',1,'amxsab.system@gmail.com',CURRENT_TIMESTAMP,'amxsab.system@gmail.com',CURRENT_TIMESTAMP);
INSERT INTO MATERIAL (NUMERO_PARTE,DESCRIPCION_ES,DESCRIPCION_EN,ID_CATEGORIA_MATERIAL,TIPO_ABASTECIMIENTO,PESO,URL_MULTIMEDIA,MIME_TYPE,STATUS,USUARIO_CREO,FECHA_CREO,USUARIO_MODIFICO,FECHA_MODIFICO) VALUES('TET0401','TE DESAYUNO INGLES TWININGS','TE MANZANILLA TWININGS',2,55,1,'/media/922967270.png','image/png',1,'amxsab.system@gmail.com',CURRENT_TIMESTAMP,'amxsab.system@gmail.com',CURRENT_TIMESTAMP);
INSERT INTO MATERIAL (NUMERO_PARTE,DESCRIPCION_ES,DESCRIPCION_EN,ID_CATEGORIA_MATERIAL,TIPO_ABASTECIMIENTO,PESO,URL_MULTIMEDIA,MIME_TYPE,STATUS,USUARIO_CREO,FECHA_CREO,USUARIO_MODIFICO,FECHA_MODIFICO) VALUES('TET0402','TE DURAZNO MARACUYA TWININGS','TE DURAZNO MARACUYA TWININGS',2,55,1,'/media/922967270.png','image/png',1,'amxsab.system@gmail.com',CURRENT_TIMESTAMP,'amxsab.system@gmail.com',CURRENT_TIMESTAMP);
INSERT INTO MATERIAL (NUMERO_PARTE,DESCRIPCION_ES,DESCRIPCION_EN,ID_CATEGORIA_MATERIAL,TIPO_ABASTECIMIENTO,PESO,URL_MULTIMEDIA,MIME_TYPE,STATUS,USUARIO_CREO,FECHA_CREO,USUARIO_MODIFICO,FECHA_MODIFICO) VALUES('TET0403','TE EARL GREY TWININGS','TE EARL GREY TWININGS',2,55,1,'/media/922967270.png','image/png',1,'amxsab.system@gmail.com',CURRENT_TIMESTAMP,'amxsab.system@gmail.com',CURRENT_TIMESTAMP);
INSERT INTO MATERIAL (NUMERO_PARTE,DESCRIPCION_ES,DESCRIPCION_EN,ID_CATEGORIA_MATERIAL,TIPO_ABASTECIMIENTO,PESO,URL_MULTIMEDIA,MIME_TYPE,STATUS,USUARIO_CREO,FECHA_CREO,USUARIO_MODIFICO,FECHA_MODIFICO) VALUES('TET0404','TE FRESA MANGO TWININGS','TE FRESA MANGO TWININGS',2,55,1,'/media/922967270.png','image/png',1,'amxsab.system@gmail.com',CURRENT_TIMESTAMP,'amxsab.system@gmail.com',CURRENT_TIMESTAMP);
INSERT INTO MATERIAL (NUMERO_PARTE,DESCRIPCION_ES,DESCRIPCION_EN,ID_CATEGORIA_MATERIAL,TIPO_ABASTECIMIENTO,PESO,URL_MULTIMEDIA,MIME_TYPE,STATUS,USUARIO_CREO,FECHA_CREO,USUARIO_MODIFICO,FECHA_MODIFICO) VALUES('TET0405','TE NEGRO FRUTOS ROJOS TWININGS','TE FRUTOS ROJOS TWININGS',2,55,1,'/media/922967270.png','image/png',1,'amxsab.system@gmail.com',CURRENT_TIMESTAMP,'amxsab.system@gmail.com',CURRENT_TIMESTAMP);
INSERT INTO MATERIAL (NUMERO_PARTE,DESCRIPCION_ES,DESCRIPCION_EN,ID_CATEGORIA_MATERIAL,TIPO_ABASTECIMIENTO,PESO,URL_MULTIMEDIA,MIME_TYPE,STATUS,USUARIO_CREO,FECHA_CREO,USUARIO_MODIFICO,FECHA_MODIFICO) VALUES('TET0406','TE HIERBABUENA TWININGS','TE HIERBABUENA TWININGS',2,55,1,'/media/922967270.png','image/png',1,'amxsab.system@gmail.com',CURRENT_TIMESTAMP,'amxsab.system@gmail.com',CURRENT_TIMESTAMP);
INSERT INTO MATERIAL (NUMERO_PARTE,DESCRIPCION_ES,DESCRIPCION_EN,ID_CATEGORIA_MATERIAL,TIPO_ABASTECIMIENTO,PESO,URL_MULTIMEDIA,MIME_TYPE,STATUS,USUARIO_CREO,FECHA_CREO,USUARIO_MODIFICO,FECHA_MODIFICO) VALUES('TET0407','TE INDIAN CHAI TWININGS','TE INDIAN CHAI TWININGS',2,55,1,'/media/922967270.png','image/png',1,'amxsab.system@gmail.com',CURRENT_TIMESTAMP,'amxsab.system@gmail.com',CURRENT_TIMESTAMP);
INSERT INTO MATERIAL (NUMERO_PARTE,DESCRIPCION_ES,DESCRIPCION_EN,ID_CATEGORIA_MATERIAL,TIPO_ABASTECIMIENTO,PESO,URL_MULTIMEDIA,MIME_TYPE,STATUS,USUARIO_CREO,FECHA_CREO,USUARIO_MODIFICO,FECHA_MODIFICO) VALUES('TET0408','TE LEMON TWIST TWININGS','TE LEMON TWIST TWININGS',2,55,1,'/media/922967270.png','image/png',1,'amxsab.system@gmail.com',CURRENT_TIMESTAMP,'amxsab.system@gmail.com',CURRENT_TIMESTAMP);
INSERT INTO MATERIAL (NUMERO_PARTE,DESCRIPCION_ES,DESCRIPCION_EN,ID_CATEGORIA_MATERIAL,TIPO_ABASTECIMIENTO,PESO,URL_MULTIMEDIA,MIME_TYPE,STATUS,USUARIO_CREO,FECHA_CREO,USUARIO_MODIFICO,FECHA_MODIFICO) VALUES('TET0409','TE MANZANILLA MENTA TWININGS','TE MANZANILLA MENTA TWININGS',2,55,1,'/media/922967270.png','image/png',1,'amxsab.system@gmail.com',CURRENT_TIMESTAMP,'amxsab.system@gmail.com',CURRENT_TIMESTAMP);
INSERT INTO MATERIAL (NUMERO_PARTE,DESCRIPCION_ES,DESCRIPCION_EN,ID_CATEGORIA_MATERIAL,TIPO_ABASTECIMIENTO,PESO,URL_MULTIMEDIA,MIME_TYPE,STATUS,USUARIO_CREO,FECHA_CREO,USUARIO_MODIFICO,FECHA_MODIFICO) VALUES('TET0410','TE MANZANILLA MIEL Y VAINILLA TWININGS','TE MANZANILLA MIEL Y VAINILLA TWININGS',2,55,1,'/media/922967270.png','image/png',1,'amxsab.system@gmail.com',CURRENT_TIMESTAMP,'amxsab.system@gmail.com',CURRENT_TIMESTAMP);
INSERT INTO MATERIAL (NUMERO_PARTE,DESCRIPCION_ES,DESCRIPCION_EN,ID_CATEGORIA_MATERIAL,TIPO_ABASTECIMIENTO,PESO,URL_MULTIMEDIA,MIME_TYPE,STATUS,USUARIO_CREO,FECHA_CREO,USUARIO_MODIFICO,FECHA_MODIFICO) VALUES('TET0411','TE MANZANILLA TWININGS','TE MANZANILLA TWININGS',2,55,1,'/media/922967270.png','image/png',1,'amxsab.system@gmail.com',CURRENT_TIMESTAMP,'amxsab.system@gmail.com',CURRENT_TIMESTAMP);
INSERT INTO MATERIAL (NUMERO_PARTE,DESCRIPCION_ES,DESCRIPCION_EN,ID_CATEGORIA_MATERIAL,TIPO_ABASTECIMIENTO,PESO,URL_MULTIMEDIA,MIME_TYPE,STATUS,USUARIO_CREO,FECHA_CREO,USUARIO_MODIFICO,FECHA_MODIFICO) VALUES('TET0412','TE NARANJA CANELA TWININGS','TE NARANJA CANELA TWININGS',2,55,1,'/media/922967270.png','image/png',1,'amxsab.system@gmail.com',CURRENT_TIMESTAMP,'amxsab.system@gmail.com',CURRENT_TIMESTAMP);
INSERT INTO MATERIAL (NUMERO_PARTE,DESCRIPCION_ES,DESCRIPCION_EN,ID_CATEGORIA_MATERIAL,TIPO_ABASTECIMIENTO,PESO,URL_MULTIMEDIA,MIME_TYPE,STATUS,USUARIO_CREO,FECHA_CREO,USUARIO_MODIFICO,FECHA_MODIFICO) VALUES('TET0413','TE VERDE ARANDANO TWININGS','TE VERDE ARANDANO TWININGS',2,55,1,'/media/922967270.png','image/png',1,'amxsab.system@gmail.com',CURRENT_TIMESTAMP,'amxsab.system@gmail.com',CURRENT_TIMESTAMP);
INSERT INTO MATERIAL (NUMERO_PARTE,DESCRIPCION_ES,DESCRIPCION_EN,ID_CATEGORIA_MATERIAL,TIPO_ABASTECIMIENTO,PESO,URL_MULTIMEDIA,MIME_TYPE,STATUS,USUARIO_CREO,FECHA_CREO,USUARIO_MODIFICO,FECHA_MODIFICO) VALUES('TET0414','TE VERDE JAZMIN TWININGS','TE VERDE JAZMIN TWININGS',2,55,1,'/media/922967270.png','image/png',1,'amxsab.system@gmail.com',CURRENT_TIMESTAMP,'amxsab.system@gmail.com',CURRENT_TIMESTAMP);
INSERT INTO MATERIAL (NUMERO_PARTE,DESCRIPCION_ES,DESCRIPCION_EN,ID_CATEGORIA_MATERIAL,TIPO_ABASTECIMIENTO,PESO,URL_MULTIMEDIA,MIME_TYPE,STATUS,USUARIO_CREO,FECHA_CREO,USUARIO_MODIFICO,FECHA_MODIFICO) VALUES('TET0415','TE VERDE PURO TWININGS','TE VERDE PURO TWININGS',2,55,1,'/media/922967270.png','image/png',1,'amxsab.system@gmail.com',CURRENT_TIMESTAMP,'amxsab.system@gmail.com',CURRENT_TIMESTAMP);
INSERT INTO MATERIAL (NUMERO_PARTE,DESCRIPCION_ES,DESCRIPCION_EN,ID_CATEGORIA_MATERIAL,TIPO_ABASTECIMIENTO,PESO,URL_MULTIMEDIA,MIME_TYPE,STATUS,USUARIO_CREO,FECHA_CREO,USUARIO_MODIFICO,FECHA_MODIFICO) VALUES('TOA05003','TOALLA INTERDOBLADA ELITE MORADA','TOALLA INTERDOBLADA ELITE BLANCA HD',2,55,1,'/media/922967270.png','image/png',1,'amxsab.system@gmail.com',CURRENT_TIMESTAMP,'amxsab.system@gmail.com',CURRENT_TIMESTAMP);
INSERT INTO MATERIAL (NUMERO_PARTE,DESCRIPCION_ES,DESCRIPCION_EN,ID_CATEGORIA_MATERIAL,TIPO_ABASTECIMIENTO,PESO,URL_MULTIMEDIA,MIME_TYPE,STATUS,USUARIO_CREO,FECHA_CREO,USUARIO_MODIFICO,FECHA_MODIFICO) VALUES('TOA0502','TOALLA INTERDOBLADA DE PAPEL PARA MANOS','SANITAS PAPER TOWEL FOR HANDS',2,55,1,'/media/922967270.png','image/png',1,'amxsab.system@gmail.com',CURRENT_TIMESTAMP,'amxsab.system@gmail.com',CURRENT_TIMESTAMP);
INSERT INTO MATERIAL (NUMERO_PARTE,DESCRIPCION_ES,DESCRIPCION_EN,ID_CATEGORIA_MATERIAL,TIPO_ABASTECIMIENTO,PESO,URL_MULTIMEDIA,MIME_TYPE,STATUS,USUARIO_CREO,FECHA_CREO,USUARIO_MODIFICO,FECHA_MODIFICO) VALUES('TOA0503','TOALLA INTERDOBLADA','TOALLA INTERDOBLADA ELITE BLANCA HD',2,55,1,'/media/922967270.png','image/png',1,'amxsab.system@gmail.com',CURRENT_TIMESTAMP,'amxsab.system@gmail.com',CURRENT_TIMESTAMP);
INSERT INTO MATERIAL (NUMERO_PARTE,DESCRIPCION_ES,DESCRIPCION_EN,ID_CATEGORIA_MATERIAL,TIPO_ABASTECIMIENTO,PESO,URL_MULTIMEDIA,MIME_TYPE,STATUS,USUARIO_CREO,FECHA_CREO,USUARIO_MODIFICO,FECHA_MODIFICO) VALUES('TOA0504','TOALLA INTERDOBLADA PACIFIC BLUE. PREMIER','TOALLA INTERDOBLADA PACIFIC BLUE. PREMIER',2,55,1,'/media/922967270.png','image/png',1,'amxsab.system@gmail.com',CURRENT_TIMESTAMP,'amxsab.system@gmail.com',CURRENT_TIMESTAMP);
INSERT INTO MATERIAL (NUMERO_PARTE,DESCRIPCION_ES,DESCRIPCION_EN,ID_CATEGORIA_MATERIAL,TIPO_ABASTECIMIENTO,PESO,URL_MULTIMEDIA,MIME_TYPE,STATUS,USUARIO_CREO,FECHA_CREO,USUARIO_MODIFICO,FECHA_MODIFICO) VALUES('TOA0505','TOALLA INTERDOBLADA ELITE BLANCA','TOALLA INTERDOBLADA ELITE BLANCA',2,55,1,'/media/922967270.png','image/png',1,'amxsab.system@gmail.com',CURRENT_TIMESTAMP,'amxsab.system@gmail.com',CURRENT_TIMESTAMP);
INSERT INTO MATERIAL (NUMERO_PARTE,DESCRIPCION_ES,DESCRIPCION_EN,ID_CATEGORIA_MATERIAL,TIPO_ABASTECIMIENTO,PESO,URL_MULTIMEDIA,MIME_TYPE,STATUS,USUARIO_CREO,FECHA_CREO,USUARIO_MODIFICO,FECHA_MODIFICO) VALUES('TOA0705','TOALLA DESECHABLE CON PINZAS','WHITE OSHIBORI HOT TOWELS',2,56,1,'/media/922967270.png','image/png',1,'amxsab.system@gmail.com',CURRENT_TIMESTAMP,'amxsab.system@gmail.com',CURRENT_TIMESTAMP);
INSERT INTO MATERIAL (NUMERO_PARTE,DESCRIPCION_ES,DESCRIPCION_EN,ID_CATEGORIA_MATERIAL,TIPO_ABASTECIMIENTO,PESO,URL_MULTIMEDIA,MIME_TYPE,STATUS,USUARIO_CREO,FECHA_CREO,USUARIO_MODIFICO,FECHA_MODIFICO) VALUES('TOA0706','TOALLA DESECHABLE ALGODÓN','TOALLA DESECHABLE ALGODÓN',2,55,1,'/media/922967270.png','image/png',1,'amxsab.system@gmail.com',CURRENT_TIMESTAMP,'amxsab.system@gmail.com',CURRENT_TIMESTAMP);
INSERT INTO MATERIAL (NUMERO_PARTE,DESCRIPCION_ES,DESCRIPCION_EN,ID_CATEGORIA_MATERIAL,TIPO_ABASTECIMIENTO,PESO,URL_MULTIMEDIA,MIME_TYPE,STATUS,USUARIO_CREO,FECHA_CREO,USUARIO_MODIFICO,FECHA_MODIFICO) VALUES('TOA1006','TOALLA DESECHABLE EN SACHET 24.6 X 22CM','TOALLA DESECHABLE EN SACHET 24.6 X 22CM',2,55,1,'/media/922967270.png','image/png',1,'amxsab.system@gmail.com',CURRENT_TIMESTAMP,'amxsab.system@gmail.com',CURRENT_TIMESTAMP);
INSERT INTO MATERIAL (NUMERO_PARTE,DESCRIPCION_ES,DESCRIPCION_EN,ID_CATEGORIA_MATERIAL,TIPO_ABASTECIMIENTO,PESO,URL_MULTIMEDIA,MIME_TYPE,STATUS,USUARIO_CREO,FECHA_CREO,USUARIO_MODIFICO,FECHA_MODIFICO) VALUES('TOF1005','TOALLA DESECHABLE CLASE TURISTA FACIAL','DISPOSABLE AIRLAID HOTTOWEL WITH 40 Y',2,55,1,'/media/922967270.png','image/png',1,'amxsab.system@gmail.com',CURRENT_TIMESTAMP,'amxsab.system@gmail.com',CURRENT_TIMESTAMP);
INSERT INTO MATERIAL (NUMERO_PARTE,DESCRIPCION_ES,DESCRIPCION_EN,ID_CATEGORIA_MATERIAL,TIPO_ABASTECIMIENTO,PESO,URL_MULTIMEDIA,MIME_TYPE,STATUS,USUARIO_CREO,FECHA_CREO,USUARIO_MODIFICO,FECHA_MODIFICO) VALUES('VAS0002','VASO PLASTICO CHATEAU 5 OZ','CHATEAU PLASTIC GLASS 5 OZ',2,55,1,'/media/922967270.png','image/png',1,'amxsab.system@gmail.com',CURRENT_TIMESTAMP,'amxsab.system@gmail.com',CURRENT_TIMESTAMP);
INSERT INTO MATERIAL (NUMERO_PARTE,DESCRIPCION_ES,DESCRIPCION_EN,ID_CATEGORIA_MATERIAL,TIPO_ABASTECIMIENTO,PESO,URL_MULTIMEDIA,MIME_TYPE,STATUS,USUARIO_CREO,FECHA_CREO,USUARIO_MODIFICO,FECHA_MODIFICO) VALUES('VAS0007','VASO PLASTICO 8.5 OZ','VASO PLASTICO 8.5 OZ',2,55,1,'/media/922967270.png','image/png',1,'amxsab.system@gmail.com',CURRENT_TIMESTAMP,'amxsab.system@gmail.com',CURRENT_TIMESTAMP);
INSERT INTO MATERIAL (NUMERO_PARTE,DESCRIPCION_ES,DESCRIPCION_EN,ID_CATEGORIA_MATERIAL,TIPO_ABASTECIMIENTO,PESO,URL_MULTIMEDIA,MIME_TYPE,STATUS,USUARIO_CREO,FECHA_CREO,USUARIO_MODIFICO,FECHA_MODIFICO) VALUES('VAS0008','VASO PLASTICO BOOLD 5OZ','VASO BOOLD 5OZ',2,55,1,'/media/922967270.png','image/png',1,'amxsab.system@gmail.com',CURRENT_TIMESTAMP,'amxsab.system@gmail.com',CURRENT_TIMESTAMP);
INSERT INTO MATERIAL (NUMERO_PARTE,DESCRIPCION_ES,DESCRIPCION_EN,ID_CATEGORIA_MATERIAL,TIPO_ABASTECIMIENTO,PESO,URL_MULTIMEDIA,MIME_TYPE,STATUS,USUARIO_CREO,FECHA_CREO,USUARIO_MODIFICO,FECHA_MODIFICO) VALUES('VAS0105','VASO CRISTAL LONGDRINK 12.75 OZ','LONGDRINK GLASS 12.75 OZ',2,55,1,'/media/922967270.png','image/png',1,'amxsab.system@gmail.com',CURRENT_TIMESTAMP,'amxsab.system@gmail.com',CURRENT_TIMESTAMP);
INSERT INTO MATERIAL (NUMERO_PARTE,DESCRIPCION_ES,DESCRIPCION_EN,ID_CATEGORIA_MATERIAL,TIPO_ABASTECIMIENTO,PESO,URL_MULTIMEDIA,MIME_TYPE,STATUS,USUARIO_CREO,FECHA_CREO,USUARIO_MODIFICO,FECHA_MODIFICO) VALUES('VAS0106','VASO CRISTAL TEQUILA 2.25 OZPREM','TEQUILA GLASS 2.25 OZ',2,55,1,'/media/922967270.png','image/png',1,'amxsab.system@gmail.com',CURRENT_TIMESTAMP,'amxsab.system@gmail.com',CURRENT_TIMESTAMP);
INSERT INTO MATERIAL (NUMERO_PARTE,DESCRIPCION_ES,DESCRIPCION_EN,ID_CATEGORIA_MATERIAL,TIPO_ABASTECIMIENTO,PESO,URL_MULTIMEDIA,MIME_TYPE,STATUS,USUARIO_CREO,FECHA_CREO,USUARIO_MODIFICO,FECHA_MODIFICO) VALUES('VAS0107','VASO CRISTAL OLD FASHIONED 10 OZ','OLD FASHIONED GLASS 10 OZ',2,55,1,'/media/922967270.png','image/png',1,'amxsab.system@gmail.com',CURRENT_TIMESTAMP,'amxsab.system@gmail.com',CURRENT_TIMESTAMP);
INSERT INTO MATERIAL (NUMERO_PARTE,DESCRIPCION_ES,DESCRIPCION_EN,ID_CATEGORIA_MATERIAL,TIPO_ABASTECIMIENTO,PESO,URL_MULTIMEDIA,MIME_TYPE,STATUS,USUARIO_CREO,FECHA_CREO,USUARIO_MODIFICO,FECHA_MODIFICO) VALUES('VAS0110','VASOTEQUILA TRADICIONAL-PREMIER-','TEQUILA TRADITIONAL GLASS',2,55,1,'/media/922967270.png','image/png',1,'amxsab.system@gmail.com',CURRENT_TIMESTAMP,'amxsab.system@gmail.com',CURRENT_TIMESTAMP);
INSERT INTO MATERIAL (NUMERO_PARTE,DESCRIPCION_ES,DESCRIPCION_EN,ID_CATEGORIA_MATERIAL,TIPO_ABASTECIMIENTO,PESO,URL_MULTIMEDIA,MIME_TYPE,STATUS,USUARIO_CREO,FECHA_CREO,USUARIO_MODIFICO,FECHA_MODIFICO) VALUES('VAS0201','VASO PARA SAKE','SAKE CUP',2,55,1,'/media/922967270.png','image/png',1,'amxsab.system@gmail.com',CURRENT_TIMESTAMP,'amxsab.system@gmail.com',CURRENT_TIMESTAMP);
INSERT INTO MATERIAL (NUMERO_PARTE,DESCRIPCION_ES,DESCRIPCION_EN,ID_CATEGORIA_MATERIAL,TIPO_ABASTECIMIENTO,PESO,URL_MULTIMEDIA,MIME_TYPE,STATUS,USUARIO_CREO,FECHA_CREO,USUARIO_MODIFICO,FECHA_MODIFICO) VALUES('VAS0502','VASO DESECHABLE P BAÑO 3 OZ','DISPOSABLE TOILET GLASS',2,55,1,'/media/922967270.png','image/png',1,'amxsab.system@gmail.com',CURRENT_TIMESTAMP,'amxsab.system@gmail.com',CURRENT_TIMESTAMP);
INSERT INTO MATERIAL (NUMERO_PARTE,DESCRIPCION_ES,DESCRIPCION_EN,ID_CATEGORIA_MATERIAL,TIPO_ABASTECIMIENTO,PESO,URL_MULTIMEDIA,MIME_TYPE,STATUS,USUARIO_CREO,FECHA_CREO,USUARIO_MODIFICO,FECHA_MODIFICO) VALUES('VAS0503','VASO TERMICO BLANCO IMPRESO','VASO TERMICO BLANCO IMPRESO',2,55,1,'/media/922967270.png','image/png',1,'amxsab.system@gmail.com',CURRENT_TIMESTAMP,'amxsab.system@gmail.com',CURRENT_TIMESTAMP);
INSERT INTO MATERIAL (NUMERO_PARTE,DESCRIPCION_ES,DESCRIPCION_EN,ID_CATEGORIA_MATERIAL,TIPO_ABASTECIMIENTO,PESO,URL_MULTIMEDIA,MIME_TYPE,STATUS,USUARIO_CREO,FECHA_CREO,USUARIO_MODIFICO,FECHA_MODIFICO) VALUES('VAS0506','VASO TERMICO DE 6 OZ','THERMAL GLASS 6 OZ',2,55,1,'/media/922967270.png','image/png',1,'amxsab.system@gmail.com',CURRENT_TIMESTAMP,'amxsab.system@gmail.com',CURRENT_TIMESTAMP);
INSERT INTO MATERIAL (NUMERO_PARTE,DESCRIPCION_ES,DESCRIPCION_EN,ID_CATEGORIA_MATERIAL,TIPO_ABASTECIMIENTO,PESO,URL_MULTIMEDIA,MIME_TYPE,STATUS,USUARIO_CREO,FECHA_CREO,USUARIO_MODIFICO,FECHA_MODIFICO) VALUES('VAS0508','VASO 4 ONZAS','4 OZ GLASS',2,55,1,'/media/922967270.png','image/png',1,'amxsab.system@gmail.com',CURRENT_TIMESTAMP,'amxsab.system@gmail.com',CURRENT_TIMESTAMP);
INSERT INTO MATERIAL (NUMERO_PARTE,DESCRIPCION_ES,DESCRIPCION_EN,ID_CATEGORIA_MATERIAL,TIPO_ABASTECIMIENTO,PESO,URL_MULTIMEDIA,MIME_TYPE,STATUS,USUARIO_CREO,FECHA_CREO,USUARIO_MODIFICO,FECHA_MODIFICO) VALUES('VAS0510','VASO PLASTICO DE 1OZ','VASO PLASTICO DE 1OZ',2,55,1,'/media/922967270.png','image/png',1,'amxsab.system@gmail.com',CURRENT_TIMESTAMP,'amxsab.system@gmail.com',CURRENT_TIMESTAMP);
INSERT INTO MATERIAL (NUMERO_PARTE,DESCRIPCION_ES,DESCRIPCION_EN,ID_CATEGORIA_MATERIAL,TIPO_ABASTECIMIENTO,PESO,URL_MULTIMEDIA,MIME_TYPE,STATUS,USUARIO_CREO,FECHA_CREO,USUARIO_MODIFICO,FECHA_MODIFICO) VALUES('VAS110','SE SUSTITUYE CON NP VAS0503','VASO TERMICO',2,55,1,'/media/922967270.png','image/png',1,'amxsab.system@gmail.com',CURRENT_TIMESTAMP,'amxsab.system@gmail.com',CURRENT_TIMESTAMP);
INSERT INTO MATERIAL (NUMERO_PARTE,DESCRIPCION_ES,DESCRIPCION_EN,ID_CATEGORIA_MATERIAL,TIPO_ABASTECIMIENTO,PESO,URL_MULTIMEDIA,MIME_TYPE,STATUS,USUARIO_CREO,FECHA_CREO,USUARIO_MODIFICO,FECHA_MODIFICO) VALUES('VIN0932','VINO CLASSIQUE SEMILLON SAUVIGCALVET','SAUVIGNON BORDEAUX WHITE WINE',5,56,1,'/media/922967270.png','image/png',1,'amxsab.system@gmail.com',CURRENT_TIMESTAMP,'amxsab.system@gmail.com',CURRENT_TIMESTAMP);
INSERT INTO MATERIAL (NUMERO_PARTE,DESCRIPCION_ES,DESCRIPCION_EN,ID_CATEGORIA_MATERIAL,TIPO_ABASTECIMIENTO,PESO,URL_MULTIMEDIA,MIME_TYPE,STATUS,USUARIO_CREO,FECHA_CREO,USUARIO_MODIFICO,FECHA_MODIFICO) VALUES('VIN0934','VINO TINTO LLEIROSO','VINO TINTO LLEIROSO',5,56,1,'/media/922967270.png','image/png',1,'amxsab.system@gmail.com',CURRENT_TIMESTAMP,'amxsab.system@gmail.com',CURRENT_TIMESTAMP);
INSERT INTO MATERIAL (NUMERO_PARTE,DESCRIPCION_ES,DESCRIPCION_EN,ID_CATEGORIA_MATERIAL,TIPO_ABASTECIMIENTO,PESO,URL_MULTIMEDIA,MIME_TYPE,STATUS,USUARIO_CREO,FECHA_CREO,USUARIO_MODIFICO,FECHA_MODIFICO) VALUES('VIN0935','VINO TINTO LAGAR DE PROVENTUS','VINO TINTO LAGAR DE PROVENTUS',5,56,1,'/media/922967270.png','image/png',1,'amxsab.system@gmail.com',CURRENT_TIMESTAMP,'amxsab.system@gmail.com',CURRENT_TIMESTAMP);
INSERT INTO MATERIAL (NUMERO_PARTE,DESCRIPCION_ES,DESCRIPCION_EN,ID_CATEGORIA_MATERIAL,TIPO_ABASTECIMIENTO,PESO,URL_MULTIMEDIA,MIME_TYPE,STATUS,USUARIO_CREO,FECHA_CREO,USUARIO_MODIFICO,FECHA_MODIFICO) VALUES('VIN0937','VINO TINTO HEREDEROS DE MARQUES D RISCAL','HEREDEROS MARQUES RISCAL RED WINE',5,56,1,'/media/922967270.png','image/png',1,'amxsab.system@gmail.com',CURRENT_TIMESTAMP,'amxsab.system@gmail.com',CURRENT_TIMESTAMP);
INSERT INTO MATERIAL (NUMERO_PARTE,DESCRIPCION_ES,DESCRIPCION_EN,ID_CATEGORIA_MATERIAL,TIPO_ABASTECIMIENTO,PESO,URL_MULTIMEDIA,MIME_TYPE,STATUS,USUARIO_CREO,FECHA_CREO,USUARIO_MODIFICO,FECHA_MODIFICO) VALUES('VIN0938','VINO BLANCO MARQUES DE RISCAL','MARQUES DE RISCAL WHITE WINE',5,56,1,'/media/922967270.png','image/png',1,'amxsab.system@gmail.com',CURRENT_TIMESTAMP,'amxsab.system@gmail.com',CURRENT_TIMESTAMP);
INSERT INTO MATERIAL (NUMERO_PARTE,DESCRIPCION_ES,DESCRIPCION_EN,ID_CATEGORIA_MATERIAL,TIPO_ABASTECIMIENTO,PESO,URL_MULTIMEDIA,MIME_TYPE,STATUS,USUARIO_CREO,FECHA_CREO,USUARIO_MODIFICO,FECHA_MODIFICO) VALUES('VIN0950','VINO TTO CAB SAUV MONTES ALPHA 750 ML','RED WINE CAB SAUV MONTES ALPHA 750 ML',5,56,1,'/media/922967270.png','image/png',1,'amxsab.system@gmail.com',CURRENT_TIMESTAMP,'amxsab.system@gmail.com',CURRENT_TIMESTAMP);
INSERT INTO MATERIAL (NUMERO_PARTE,DESCRIPCION_ES,DESCRIPCION_EN,ID_CATEGORIA_MATERIAL,TIPO_ABASTECIMIENTO,PESO,URL_MULTIMEDIA,MIME_TYPE,STATUS,USUARIO_CREO,FECHA_CREO,USUARIO_MODIFICO,FECHA_MODIFICO) VALUES('VIN0951','VINO BCO CHARDONNAY MONTES ALPHA 750 ML','WHITE WINE CHARDONNAY MONTES ALPHA 750',5,56,1,'/media/922967270.png','image/png',1,'amxsab.system@gmail.com',CURRENT_TIMESTAMP,'amxsab.system@gmail.com',CURRENT_TIMESTAMP);
INSERT INTO MATERIAL (NUMERO_PARTE,DESCRIPCION_ES,DESCRIPCION_EN,ID_CATEGORIA_MATERIAL,TIPO_ABASTECIMIENTO,PESO,URL_MULTIMEDIA,MIME_TYPE,STATUS,USUARIO_CREO,FECHA_CREO,USUARIO_MODIFICO,FECHA_MODIFICO) VALUES('VIN0953','OPORTO FERREIRA TAWNY','FERREIRA TAWNY OPORTO',5,56,1,'/media/922967270.png','image/png',1,'amxsab.system@gmail.com',CURRENT_TIMESTAMP,'amxsab.system@gmail.com',CURRENT_TIMESTAMP);
INSERT INTO MATERIAL (NUMERO_PARTE,DESCRIPCION_ES,DESCRIPCION_EN,ID_CATEGORIA_MATERIAL,TIPO_ABASTECIMIENTO,PESO,URL_MULTIMEDIA,MIME_TYPE,STATUS,USUARIO_CREO,FECHA_CREO,USUARIO_MODIFICO,FECHA_MODIFICO) VALUES('VIN0956','CHATEAU BELLEGRAVE MEDOC','CHATEAU BELLEGRACE MEDOC',5,56,1,'/media/922967270.png','image/png',1,'amxsab.system@gmail.com',CURRENT_TIMESTAMP,'amxsab.system@gmail.com',CURRENT_TIMESTAMP);
INSERT INTO MATERIAL (NUMERO_PARTE,DESCRIPCION_ES,DESCRIPCION_EN,ID_CATEGORIA_MATERIAL,TIPO_ABASTECIMIENTO,PESO,URL_MULTIMEDIA,MIME_TYPE,STATUS,USUARIO_CREO,FECHA_CREO,USUARIO_MODIFICO,FECHA_MODIFICO) VALUES('VIN0962','VINO TINTO TERRAZAS DE LOS ANDESIMP','TERRAZAS DE LOS ANDES RED WINE',5,56,1,'/media/922967270.png','image/png',1,'amxsab.system@gmail.com',CURRENT_TIMESTAMP,'amxsab.system@gmail.com',CURRENT_TIMESTAMP);
INSERT INTO MATERIAL (NUMERO_PARTE,DESCRIPCION_ES,DESCRIPCION_EN,ID_CATEGORIA_MATERIAL,TIPO_ABASTECIMIENTO,PESO,URL_MULTIMEDIA,MIME_TYPE,STATUS,USUARIO_CREO,FECHA_CREO,USUARIO_MODIFICO,FECHA_MODIFICO) VALUES('VIN0963','VINO CIEN 750 ML','VINO CIEN 750 ML',5,55,1,'/media/922967270.png','image/png',1,'amxsab.system@gmail.com',CURRENT_TIMESTAMP,'amxsab.system@gmail.com',CURRENT_TIMESTAMP);
INSERT INTO MATERIAL (NUMERO_PARTE,DESCRIPCION_ES,DESCRIPCION_EN,ID_CATEGORIA_MATERIAL,TIPO_ABASTECIMIENTO,PESO,URL_MULTIMEDIA,MIME_TYPE,STATUS,USUARIO_CREO,FECHA_CREO,USUARIO_MODIFICO,FECHA_MODIFICO) VALUES('VIN0964','VINO TINTA MEXICO750 ML','TINTA MEXICO WINE 750 ML',5,55,1,'/media/922967270.png','image/png',1,'amxsab.system@gmail.com',CURRENT_TIMESTAMP,'amxsab.system@gmail.com',CURRENT_TIMESTAMP);
INSERT INTO MATERIAL (NUMERO_PARTE,DESCRIPCION_ES,DESCRIPCION_EN,ID_CATEGORIA_MATERIAL,TIPO_ABASTECIMIENTO,PESO,URL_MULTIMEDIA,MIME_TYPE,STATUS,USUARIO_CREO,FECHA_CREO,USUARIO_MODIFICO,FECHA_MODIFICO) VALUES('VIN0965','VINO CABERNET SAUVIGON 750 ML','VINO CABERNET SAUVIGON 750 ML',5,55,1,'/media/922967270.png','image/png',1,'amxsab.system@gmail.com',CURRENT_TIMESTAMP,'amxsab.system@gmail.com',CURRENT_TIMESTAMP);
INSERT INTO MATERIAL (NUMERO_PARTE,DESCRIPCION_ES,DESCRIPCION_EN,ID_CATEGORIA_MATERIAL,TIPO_ABASTECIMIENTO,PESO,URL_MULTIMEDIA,MIME_TYPE,STATUS,USUARIO_CREO,FECHA_CREO,USUARIO_MODIFICO,FECHA_MODIFICO) VALUES('VIN0966','VINO CHARDONNAY 750 ML','CHARDONNAY WINE 750 ML',5,55,1,'/media/922967270.png','image/png',1,'amxsab.system@gmail.com',CURRENT_TIMESTAMP,'amxsab.system@gmail.com',CURRENT_TIMESTAMP);
INSERT INTO MATERIAL (NUMERO_PARTE,DESCRIPCION_ES,DESCRIPCION_EN,ID_CATEGORIA_MATERIAL,TIPO_ABASTECIMIENTO,PESO,URL_MULTIMEDIA,MIME_TYPE,STATUS,USUARIO_CREO,FECHA_CREO,USUARIO_MODIFICO,FECHA_MODIFICO) VALUES('VIN0967','VINO CHENIN BLANC 750 ML','CHENIN BLANC WINE 750 ML',5,55,1,'/media/922967270.png','image/png',1,'amxsab.system@gmail.com',CURRENT_TIMESTAMP,'amxsab.system@gmail.com',CURRENT_TIMESTAMP);
INSERT INTO MATERIAL (NUMERO_PARTE,DESCRIPCION_ES,DESCRIPCION_EN,ID_CATEGORIA_MATERIAL,TIPO_ABASTECIMIENTO,PESO,URL_MULTIMEDIA,MIME_TYPE,STATUS,USUARIO_CREO,FECHA_CREO,USUARIO_MODIFICO,FECHA_MODIFICO) VALUES('VIN0968','VINO TEMPRANILLO 750 ML','TEMPRANILLO WINE 750 ML',5,55,1,'/media/922967270.png','image/png',1,'amxsab.system@gmail.com',CURRENT_TIMESTAMP,'amxsab.system@gmail.com',CURRENT_TIMESTAMP);
INSERT INTO MATERIAL (NUMERO_PARTE,DESCRIPCION_ES,DESCRIPCION_EN,ID_CATEGORIA_MATERIAL,TIPO_ABASTECIMIENTO,PESO,URL_MULTIMEDIA,MIME_TYPE,STATUS,USUARIO_CREO,FECHA_CREO,USUARIO_MODIFICO,FECHA_MODIFICO) VALUES('VIN0969','VINO MISION BLANCO 750 ML','MISION WHITE WINE 750 ML',5,55,1,'/media/922967270.png','image/png',1,'amxsab.system@gmail.com',CURRENT_TIMESTAMP,'amxsab.system@gmail.com',CURRENT_TIMESTAMP);
INSERT INTO MATERIAL (NUMERO_PARTE,DESCRIPCION_ES,DESCRIPCION_EN,ID_CATEGORIA_MATERIAL,TIPO_ABASTECIMIENTO,PESO,URL_MULTIMEDIA,MIME_TYPE,STATUS,USUARIO_CREO,FECHA_CREO,USUARIO_MODIFICO,FECHA_MODIFICO) VALUES('VIN0970','VINO MISION TINTO 750 ML','MISION RED WINE 750 ML',5,55,1,'/media/922967270.png','image/png',1,'amxsab.system@gmail.com',CURRENT_TIMESTAMP,'amxsab.system@gmail.com',CURRENT_TIMESTAMP);
INSERT INTO MATERIAL (NUMERO_PARTE,DESCRIPCION_ES,DESCRIPCION_EN,ID_CATEGORIA_MATERIAL,TIPO_ABASTECIMIENTO,PESO,URL_MULTIMEDIA,MIME_TYPE,STATUS,USUARIO_CREO,FECHA_CREO,USUARIO_MODIFICO,FECHA_MODIFICO) VALUES('VIN0971','VINO TINTO MERLOT 750 ML','WINE MERLOT',5,55,1,'/media/922967270.png','image/png',1,'amxsab.system@gmail.com',CURRENT_TIMESTAMP,'amxsab.system@gmail.com',CURRENT_TIMESTAMP);
INSERT INTO MATERIAL (NUMERO_PARTE,DESCRIPCION_ES,DESCRIPCION_EN,ID_CATEGORIA_MATERIAL,TIPO_ABASTECIMIENTO,PESO,URL_MULTIMEDIA,MIME_TYPE,STATUS,USUARIO_CREO,FECHA_CREO,USUARIO_MODIFICO,FECHA_MODIFICO) VALUES('VIN0972','VINO SAUVIGNON BLANC 750 ML','SAUVIGNON BLANC WINE',5,55,1,'/media/922967270.png','image/png',1,'amxsab.system@gmail.com',CURRENT_TIMESTAMP,'amxsab.system@gmail.com',CURRENT_TIMESTAMP);
INSERT INTO MATERIAL (NUMERO_PARTE,DESCRIPCION_ES,DESCRIPCION_EN,ID_CATEGORIA_MATERIAL,TIPO_ABASTECIMIENTO,PESO,URL_MULTIMEDIA,MIME_TYPE,STATUS,USUARIO_CREO,FECHA_CREO,USUARIO_MODIFICO,FECHA_MODIFICO) VALUES('VIN0973','VINO TINTA AKAI 750 ML','VINO TINTA AKAI750 ML',5,55,1,'/media/922967270.png','image/png',1,'amxsab.system@gmail.com',CURRENT_TIMESTAMP,'amxsab.system@gmail.com',CURRENT_TIMESTAMP);
INSERT INTO MATERIAL (NUMERO_PARTE,DESCRIPCION_ES,DESCRIPCION_EN,ID_CATEGORIA_MATERIAL,TIPO_ABASTECIMIENTO,PESO,URL_MULTIMEDIA,MIME_TYPE,STATUS,USUARIO_CREO,FECHA_CREO,USUARIO_MODIFICO,FECHA_MODIFICO) VALUES('VIN0974','VINO BARBERA VARIETAL 750 ML','VINO BARBERA VARIETAL 750 ML',5,55,1,'/media/922967270.png','image/png',1,'amxsab.system@gmail.com',CURRENT_TIMESTAMP,'amxsab.system@gmail.com',CURRENT_TIMESTAMP);
INSERT INTO MATERIAL (NUMERO_PARTE,DESCRIPCION_ES,DESCRIPCION_EN,ID_CATEGORIA_MATERIAL,TIPO_ABASTECIMIENTO,PESO,URL_MULTIMEDIA,MIME_TYPE,STATUS,USUARIO_CREO,FECHA_CREO,USUARIO_MODIFICO,FECHA_MODIFICO) VALUES('VIN0975','VINO CHARDONNAY ST 750 ML','VINO CHARDONNAY ST 750 ML',5,55,1,'/media/922967270.png','image/png',1,'amxsab.system@gmail.com',CURRENT_TIMESTAMP,'amxsab.system@gmail.com',CURRENT_TIMESTAMP);
INSERT INTO MATERIAL (NUMERO_PARTE,DESCRIPCION_ES,DESCRIPCION_EN,ID_CATEGORIA_MATERIAL,TIPO_ABASTECIMIENTO,PESO,URL_MULTIMEDIA,MIME_TYPE,STATUS,USUARIO_CREO,FECHA_CREO,USUARIO_MODIFICO,FECHA_MODIFICO) VALUES('VIN0976','VINO MERLOT ST 750 ML','VINO MERLOT ST 750 ML',5,55,1,'/media/922967270.png','image/png',1,'amxsab.system@gmail.com',CURRENT_TIMESTAMP,'amxsab.system@gmail.com',CURRENT_TIMESTAMP);
INSERT INTO MATERIAL (NUMERO_PARTE,DESCRIPCION_ES,DESCRIPCION_EN,ID_CATEGORIA_MATERIAL,TIPO_ABASTECIMIENTO,PESO,URL_MULTIMEDIA,MIME_TYPE,STATUS,USUARIO_CREO,FECHA_CREO,USUARIO_MODIFICO,FECHA_MODIFICO) VALUES('VIN0977','VINO CABERNET ST 750 ML','VINO CABERNET ST 750 ML',5,55,1,'/media/922967270.png','image/png',1,'amxsab.system@gmail.com',CURRENT_TIMESTAMP,'amxsab.system@gmail.com',CURRENT_TIMESTAMP);
INSERT INTO MATERIAL (NUMERO_PARTE,DESCRIPCION_ES,DESCRIPCION_EN,ID_CATEGORIA_MATERIAL,TIPO_ABASTECIMIENTO,PESO,URL_MULTIMEDIA,MIME_TYPE,STATUS,USUARIO_CREO,FECHA_CREO,USUARIO_MODIFICO,FECHA_MODIFICO) VALUES('VIN0979','VINO COLOMBARD ST750 ML','VINO COLOMBARD ST750 ML',5,55,1,'/media/922967270.png','image/png',1,'amxsab.system@gmail.com',CURRENT_TIMESTAMP,'amxsab.system@gmail.com',CURRENT_TIMESTAMP);
INSERT INTO MATERIAL (NUMERO_PARTE,DESCRIPCION_ES,DESCRIPCION_EN,ID_CATEGORIA_MATERIAL,TIPO_ABASTECIMIENTO,PESO,URL_MULTIMEDIA,MIME_TYPE,STATUS,USUARIO_CREO,FECHA_CREO,USUARIO_MODIFICO,FECHA_MODIFICO) VALUES('VIN0980','VINO VIOGNER 750 ML','VINO VIOGNER 750 ML',5,55,1,'/media/922967270.png','image/png',1,'amxsab.system@gmail.com',CURRENT_TIMESTAMP,'amxsab.system@gmail.com',CURRENT_TIMESTAMP);
INSERT INTO MATERIAL (NUMERO_PARTE,DESCRIPCION_ES,DESCRIPCION_EN,ID_CATEGORIA_MATERIAL,TIPO_ABASTECIMIENTO,PESO,URL_MULTIMEDIA,MIME_TYPE,STATUS,USUARIO_CREO,FECHA_CREO,USUARIO_MODIFICO,FECHA_MODIFICO) VALUES('VIN0981','VINO TINTO SYRAH 750 ML','VINO SYRAH',5,55,1,'/media/922967270.png','image/png',1,'amxsab.system@gmail.com',CURRENT_TIMESTAMP,'amxsab.system@gmail.com',CURRENT_TIMESTAMP);
INSERT INTO MATERIAL (NUMERO_PARTE,DESCRIPCION_ES,DESCRIPCION_EN,ID_CATEGORIA_MATERIAL,TIPO_ABASTECIMIENTO,PESO,URL_MULTIMEDIA,MIME_TYPE,STATUS,USUARIO_CREO,FECHA_CREO,USUARIO_MODIFICO,FECHA_MODIFICO) VALUES('VIN0982','VINO XALOC750 ML','VINO XALOC750 ML',5,55,1,'/media/922967270.png','image/png',1,'amxsab.system@gmail.com',CURRENT_TIMESTAMP,'amxsab.system@gmail.com',CURRENT_TIMESTAMP);
INSERT INTO MATERIAL (NUMERO_PARTE,DESCRIPCION_ES,DESCRIPCION_EN,ID_CATEGORIA_MATERIAL,TIPO_ABASTECIMIENTO,PESO,URL_MULTIMEDIA,MIME_TYPE,STATUS,USUARIO_CREO,FECHA_CREO,USUARIO_MODIFICO,FECHA_MODIFICO) VALUES('VIN0988','VINO MIRAMAR 750 ML','VINO MIRAMAR 750 ML',5,55,1,'/media/922967270.png','image/png',1,'amxsab.system@gmail.com',CURRENT_TIMESTAMP,'amxsab.system@gmail.com',CURRENT_TIMESTAMP);
INSERT INTO MATERIAL (NUMERO_PARTE,DESCRIPCION_ES,DESCRIPCION_EN,ID_CATEGORIA_MATERIAL,TIPO_ABASTECIMIENTO,PESO,URL_MULTIMEDIA,MIME_TYPE,STATUS,USUARIO_CREO,FECHA_CREO,USUARIO_MODIFICO,FECHA_MODIFICO) VALUES('VIN0989','VINO TINTO 31.8 750 ML','VINO TINTO 31.8 750 ML',5,55,1,'/media/922967270.png','image/png',1,'amxsab.system@gmail.com',CURRENT_TIMESTAMP,'amxsab.system@gmail.com',CURRENT_TIMESTAMP);
INSERT INTO MATERIAL (NUMERO_PARTE,DESCRIPCION_ES,DESCRIPCION_EN,ID_CATEGORIA_MATERIAL,TIPO_ABASTECIMIENTO,PESO,URL_MULTIMEDIA,MIME_TYPE,STATUS,USUARIO_CREO,FECHA_CREO,USUARIO_MODIFICO,FECHA_MODIFICO) VALUES('VIN0990','VINO ESPUMOSO FREIXENET CARTA NEVADA 750ML','VINO ESPUMOSO FREIXENET CARTA NEVADA 750ML',5,55,1,'/media/922967270.png','image/png',1,'amxsab.system@gmail.com',CURRENT_TIMESTAMP,'amxsab.system@gmail.com',CURRENT_TIMESTAMP);
INSERT INTO MATERIAL (NUMERO_PARTE,DESCRIPCION_ES,DESCRIPCION_EN,ID_CATEGORIA_MATERIAL,TIPO_ABASTECIMIENTO,PESO,URL_MULTIMEDIA,MIME_TYPE,STATUS,USUARIO_CREO,FECHA_CREO,USUARIO_MODIFICO,FECHA_MODIFICO) VALUES('VIN0991','VINO BLANCA MEXICO 750 ML','VINO BLANCA MEXICO 750 ML',5,55,1,'/media/922967270.png','image/png',1,'amxsab.system@gmail.com',CURRENT_TIMESTAMP,'amxsab.system@gmail.com',CURRENT_TIMESTAMP);
INSERT INTO MATERIAL (NUMERO_PARTE,DESCRIPCION_ES,DESCRIPCION_EN,ID_CATEGORIA_MATERIAL,TIPO_ABASTECIMIENTO,PESO,URL_MULTIMEDIA,MIME_TYPE,STATUS,USUARIO_CREO,FECHA_CREO,USUARIO_MODIFICO,FECHA_MODIFICO) VALUES('VIN0992','VINO TTO UNICO GRAN RESERVA','VINO TTO UNICO',5,55,1,'/media/922967270.png','image/png',1,'amxsab.system@gmail.com',CURRENT_TIMESTAMP,'amxsab.system@gmail.com',CURRENT_TIMESTAMP);
INSERT INTO MATERIAL (NUMERO_PARTE,DESCRIPCION_ES,DESCRIPCION_EN,ID_CATEGORIA_MATERIAL,TIPO_ABASTECIMIENTO,PESO,URL_MULTIMEDIA,MIME_TYPE,STATUS,USUARIO_CREO,FECHA_CREO,USUARIO_MODIFICO,FECHA_MODIFICO) VALUES('VIN0993','VINO TINTO INTENCION 750 ML','VINO TINTO INTENCION 750 ML',5,55,1,'/media/922967270.png','image/png',1,'amxsab.system@gmail.com',CURRENT_TIMESTAMP,'amxsab.system@gmail.com',CURRENT_TIMESTAMP);
INSERT INTO MATERIAL (NUMERO_PARTE,DESCRIPCION_ES,DESCRIPCION_EN,ID_CATEGORIA_MATERIAL,TIPO_ABASTECIMIENTO,PESO,URL_MULTIMEDIA,MIME_TYPE,STATUS,USUARIO_CREO,FECHA_CREO,USUARIO_MODIFICO,FECHA_MODIFICO) VALUES('VIT0601','ROLLO VITAFILM 19 CM DE ANCHO','VITAFILM PLASTIC WRAP',2,55,1,'/media/922967270.png','image/png',1,'amxsab.system@gmail.com',CURRENT_TIMESTAMP,'amxsab.system@gmail.com',CURRENT_TIMESTAMP);
INSERT INTO MATERIAL (NUMERO_PARTE,DESCRIPCION_ES,DESCRIPCION_EN,ID_CATEGORIA_MATERIAL,TIPO_ABASTECIMIENTO,PESO,URL_MULTIMEDIA,MIME_TYPE,STATUS,USUARIO_CREO,FECHA_CREO,USUARIO_MODIFICO,FECHA_MODIFICO) VALUES('VOD0916','VODKA GOTLAND 750 ML','GOTLAND VODKA 750 ML',5,55,1,'/media/922967270.png','image/png',1,'amxsab.system@gmail.com',CURRENT_TIMESTAMP,'amxsab.system@gmail.com',CURRENT_TIMESTAMP);
INSERT INTO MATERIAL (NUMERO_PARTE,DESCRIPCION_ES,DESCRIPCION_EN,ID_CATEGORIA_MATERIAL,TIPO_ABASTECIMIENTO,PESO,URL_MULTIMEDIA,MIME_TYPE,STATUS,USUARIO_CREO,FECHA_CREO,USUARIO_MODIFICO,FECHA_MODIFICO) VALUES('VOD0917','VODKA STOLICHNAYA','VODKA STOLICHNAYA',5,55,1,'/media/922967270.png','image/png',1,'amxsab.system@gmail.com',CURRENT_TIMESTAMP,'amxsab.system@gmail.com',CURRENT_TIMESTAMP);
INSERT INTO MATERIAL (NUMERO_PARTE,DESCRIPCION_ES,DESCRIPCION_EN,ID_CATEGORIA_MATERIAL,TIPO_ABASTECIMIENTO,PESO,URL_MULTIMEDIA,MIME_TYPE,STATUS,USUARIO_CREO,FECHA_CREO,USUARIO_MODIFICO,FECHA_MODIFICO) VALUES('VOD0918','VODKA THREE OLIVES','VODKA THREE OLIVES',5,55,1,'/media/922967270.png','image/png',1,'amxsab.system@gmail.com',CURRENT_TIMESTAMP,'amxsab.system@gmail.com',CURRENT_TIMESTAMP);
INSERT INTO MATERIAL (NUMERO_PARTE,DESCRIPCION_ES,DESCRIPCION_EN,ID_CATEGORIA_MATERIAL,TIPO_ABASTECIMIENTO,PESO,URL_MULTIMEDIA,MIME_TYPE,STATUS,USUARIO_CREO,FECHA_CREO,USUARIO_MODIFICO,FECHA_MODIFICO) VALUES('WHI0901','WHISKY BALLANTINE´S FINEST 750ML','BALLANTINE´S FINEST WHISKY 750ML',5,55,1,'/media/922967270.png','image/png',1,'amxsab.system@gmail.com',CURRENT_TIMESTAMP,'amxsab.system@gmail.com',CURRENT_TIMESTAMP);
INSERT INTO MATERIAL (NUMERO_PARTE,DESCRIPCION_ES,DESCRIPCION_EN,ID_CATEGORIA_MATERIAL,TIPO_ABASTECIMIENTO,PESO,URL_MULTIMEDIA,MIME_TYPE,STATUS,USUARIO_CREO,FECHA_CREO,USUARIO_MODIFICO,FECHA_MODIFICO) VALUES('WHI0902','WHISKY CHIVAS REGAL NAL 12 AÑOS 750 ML','CHIVAS REGAL WHISKY NATIONAL',5,55,1,'/media/922967270.png','image/png',1,'amxsab.system@gmail.com',CURRENT_TIMESTAMP,'amxsab.system@gmail.com',CURRENT_TIMESTAMP);
INSERT INTO MATERIAL (NUMERO_PARTE,DESCRIPCION_ES,DESCRIPCION_EN,ID_CATEGORIA_MATERIAL,TIPO_ABASTECIMIENTO,PESO,URL_MULTIMEDIA,MIME_TYPE,STATUS,USUARIO_CREO,FECHA_CREO,USUARIO_MODIFICO,FECHA_MODIFICO) VALUES('WHI0911','WHISKY CHIVAS REGAL 1 LT','CHIVAS REGAL WHISKY 1 LT',5,56,1,'/media/922967270.png','image/png',1,'amxsab.system@gmail.com',CURRENT_TIMESTAMP,'amxsab.system@gmail.com',CURRENT_TIMESTAMP);
INSERT INTO MATERIAL (NUMERO_PARTE,DESCRIPCION_ES,DESCRIPCION_EN,ID_CATEGORIA_MATERIAL,TIPO_ABASTECIMIENTO,PESO,URL_MULTIMEDIA,MIME_TYPE,STATUS,USUARIO_CREO,FECHA_CREO,USUARIO_MODIFICO,FECHA_MODIFICO) VALUES('WHI0915','WHISKY THE FAMOUS GROUSE','WHISKY THE FAMOUS GROUSE',5,55,1,'/media/922967270.png','image/png',1,'amxsab.system@gmail.com',CURRENT_TIMESTAMP,'amxsab.system@gmail.com',CURRENT_TIMESTAMP);
INSERT INTO MATERIAL (NUMERO_PARTE,DESCRIPCION_ES,DESCRIPCION_EN,ID_CATEGORIA_MATERIAL,TIPO_ABASTECIMIENTO,PESO,URL_MULTIMEDIA,MIME_TYPE,STATUS,USUARIO_CREO,FECHA_CREO,USUARIO_MODIFICO,FECHA_MODIFICO) VALUES('WHI0918','WHISKY GLENLIVET MASTER DISTILLERS RESERVE','WHISKY GLENLIVET 12A 1L',5,56,1,'/media/922967270.png','image/png',1,'amxsab.system@gmail.com',CURRENT_TIMESTAMP,'amxsab.system@gmail.com',CURRENT_TIMESTAMP);
INSERT INTO MATERIAL (NUMERO_PARTE,DESCRIPCION_ES,DESCRIPCION_EN,ID_CATEGORIA_MATERIAL,TIPO_ABASTECIMIENTO,PESO,URL_MULTIMEDIA,MIME_TYPE,STATUS,USUARIO_CREO,FECHA_CREO,USUARIO_MODIFICO,FECHA_MODIFICO) VALUES('WHI0919','WHISKY JW ETIQUETA NEGRA 12A 1L','WHISKY JW ETIQUETA NEGRA 12A 1L',5,56,1,'/media/922967270.png','image/png',1,'amxsab.system@gmail.com',CURRENT_TIMESTAMP,'amxsab.system@gmail.com',CURRENT_TIMESTAMP);
INSERT INTO MATERIAL (NUMERO_PARTE,DESCRIPCION_ES,DESCRIPCION_EN,ID_CATEGORIA_MATERIAL,TIPO_ABASTECIMIENTO,PESO,URL_MULTIMEDIA,MIME_TYPE,STATUS,USUARIO_CREO,FECHA_CREO,USUARIO_MODIFICO,FECHA_MODIFICO) VALUES('WHI0920','WHISKY JW ETIQUETA ROJA 750 ML','WHISKY JW ETIQUETA ROJA 750 ML',5,55,1,'/media/922967270.png','image/png',1,'amxsab.system@gmail.com',CURRENT_TIMESTAMP,'amxsab.system@gmail.com',CURRENT_TIMESTAMP);
INSERT INTO MATERIAL (NUMERO_PARTE,DESCRIPCION_ES,DESCRIPCION_EN,ID_CATEGORIA_MATERIAL,TIPO_ABASTECIMIENTO,PESO,URL_MULTIMEDIA,MIME_TYPE,STATUS,USUARIO_CREO,FECHA_CREO,USUARIO_MODIFICO,FECHA_MODIFICO) VALUES('WHI0921','WHISKY THE MACALLAN','WHISKY THE MACALLAN',5,55,1,'/media/922967270.png','image/png',1,'amxsab.system@gmail.com',CURRENT_TIMESTAMP,'amxsab.system@gmail.com',CURRENT_TIMESTAMP);
INSERT INTO MATERIAL (NUMERO_PARTE,DESCRIPCION_ES,DESCRIPCION_EN,ID_CATEGORIA_MATERIAL,TIPO_ABASTECIMIENTO,PESO,URL_MULTIMEDIA,MIME_TYPE,STATUS,USUARIO_CREO,FECHA_CREO,USUARIO_MODIFICO,FECHA_MODIFICO) VALUES('WHI0922','WHISKY BUSHMILLS (GRATUIDAD)','WHISKY BUSHMILLS',5,55,1,'/media/922967270.png','image/png',1,'amxsab.system@gmail.com',CURRENT_TIMESTAMP,'amxsab.system@gmail.com',CURRENT_TIMESTAMP);
INSERT INTO MATERIAL (NUMERO_PARTE,DESCRIPCION_ES,DESCRIPCION_EN,ID_CATEGORIA_MATERIAL,TIPO_ABASTECIMIENTO,PESO,URL_MULTIMEDIA,MIME_TYPE,STATUS,USUARIO_CREO,FECHA_CREO,USUARIO_MODIFICO,FECHA_MODIFICO) VALUES('WHI0923','WHISKY BUSHMILLS','WHISKY BUSHMILLS',5,55,1,'/media/922967270.png','image/png',1,'amxsab.system@gmail.com',CURRENT_TIMESTAMP,'amxsab.system@gmail.com',CURRENT_TIMESTAMP);
INSERT INTO MATERIAL (NUMERO_PARTE,DESCRIPCION_ES,DESCRIPCION_EN,ID_CATEGORIA_MATERIAL,TIPO_ABASTECIMIENTO,PESO,URL_MULTIMEDIA,MIME_TYPE,STATUS,USUARIO_CREO,FECHA_CREO,USUARIO_MODIFICO,FECHA_MODIFICO) VALUES('YOG0401','YOGHURT BATIDO LALA 125GR, ABOYOGHURT','YOGHURT BATIDO LALA 125GR, ABOYOGHURT BATIDO ABORDO 125 GR',2,55,1,'/media/922967270.png','image/png',1,'amxsab.system@gmail.com',CURRENT_TIMESTAMP,'amxsab.system@gmail.com',CURRENT_TIMESTAMP);
INSERT INTO MATERIAL (NUMERO_PARTE,DESCRIPCION_ES,DESCRIPCION_EN,ID_CATEGORIA_MATERIAL,TIPO_ABASTECIMIENTO,PESO,URL_MULTIMEDIA,MIME_TYPE,STATUS,USUARIO_CREO,FECHA_CREO,USUARIO_MODIFICO,FECHA_MODIFICO) VALUES('YOG0402','YOGHURT BEBIBLE INDIVIDUAL LALA, PARA SP S/CARGO','YOGHURT BEBIBLE 250 GR, SPYOGHURT P/BEBER LALA SIN CARGO',2,55,1,'/media/922967270.png','image/png',1,'amxsab.system@gmail.com',CURRENT_TIMESTAMP,'amxsab.system@gmail.com',CURRENT_TIMESTAMP);
INSERT INTO MATERIAL (NUMERO_PARTE,DESCRIPCION_ES,DESCRIPCION_EN,ID_CATEGORIA_MATERIAL,TIPO_ABASTECIMIENTO,PESO,URL_MULTIMEDIA,MIME_TYPE,STATUS,USUARIO_CREO,FECHA_CREO,USUARIO_MODIFICO,FECHA_MODIFICO) VALUES('YOG0403','YOGHURT BATIDO LALA 125 GR, SPYOGHURT-SALON PREMIER S/CARGO','YOGHURT BATIDO LALA 125 GR, SPYOGHURT-SALON PREMIER S/CARGO',2,55,1,'/media/922967270.png','image/png',1,'amxsab.system@gmail.com',CURRENT_TIMESTAMP,'amxsab.system@gmail.com',CURRENT_TIMESTAMP);
INSERT INTO MATERIAL (NUMERO_PARTE,DESCRIPCION_ES,DESCRIPCION_EN,ID_CATEGORIA_MATERIAL,TIPO_ABASTECIMIENTO,PESO,URL_MULTIMEDIA,MIME_TYPE,STATUS,USUARIO_CREO,FECHA_CREO,USUARIO_MODIFICO,FECHA_MODIFICO) VALUES('YOG0404','YOGHURT ESTILO GRIEGO 150 GR','YOGHURT ESTILO GRIEGO 150 GR',2,55,1,'/media/922967270.png','image/png',1,'amxsab.system@gmail.com',CURRENT_TIMESTAMP,'amxsab.system@gmail.com',CURRENT_TIMESTAMP);
INSERT INTO MATERIAL (NUMERO_PARTE,DESCRIPCION_ES,DESCRIPCION_EN,ID_CATEGORIA_MATERIAL,TIPO_ABASTECIMIENTO,PESO,URL_MULTIMEDIA,MIME_TYPE,STATUS,USUARIO_CREO,FECHA_CREO,USUARIO_MODIFICO,FECHA_MODIFICO) VALUES('YOG0405','BIO4 NATURAL 120GR','YOGURT BIO4 PROBIOTICO 12GR',2,55,1,'/media/922967270.png','image/png',1,'amxsab.system@gmail.com',CURRENT_TIMESTAMP,'amxsab.system@gmail.com',CURRENT_TIMESTAMP);
INSERT INTO MATERIAL (NUMERO_PARTE,DESCRIPCION_ES,DESCRIPCION_EN,ID_CATEGORIA_MATERIAL,TIPO_ABASTECIMIENTO,PESO,URL_MULTIMEDIA,MIME_TYPE,STATUS,USUARIO_CREO,FECHA_CREO,USUARIO_MODIFICO,FECHA_MODIFICO) VALUES('YOG0406','YOGURT BIO4 BALANCE BEBIBLE 250','YOGURT BIO4 BALANCE BEBIBLE NUEZ-FRUTOS SECOS 250',2,55,1,'/media/922967270.png','image/png',1,'amxsab.system@gmail.com',CURRENT_TIMESTAMP,'amxsab.system@gmail.com',CURRENT_TIMESTAMP);
INSERT INTO MATERIAL (NUMERO_PARTE,DESCRIPCION_ES,DESCRIPCION_EN,ID_CATEGORIA_MATERIAL,TIPO_ABASTECIMIENTO,PESO,URL_MULTIMEDIA,MIME_TYPE,STATUS,USUARIO_CREO,FECHA_CREO,USUARIO_MODIFICO,FECHA_MODIFICO) VALUES('YOG0407','YOGURT BIO4 BALANCE BEBIBLE CIRUELA PASA 250','YOGURT BIO4 BALANCE BEBIBLE CIRUELA PASA 250',2,55,1,'/media/922967270.png','image/png',1,'amxsab.system@gmail.com',CURRENT_TIMESTAMP,'amxsab.system@gmail.com',CURRENT_TIMESTAMP);
INSERT INTO MATERIAL (NUMERO_PARTE,DESCRIPCION_ES,DESCRIPCION_EN,ID_CATEGORIA_MATERIAL,TIPO_ABASTECIMIENTO,PESO,URL_MULTIMEDIA,MIME_TYPE,STATUS,USUARIO_CREO,FECHA_CREO,USUARIO_MODIFICO,FECHA_MODIFICO) VALUES('YOG0408','YOGURT BIO4 BALANCE BEBIBLE ARANDANO-ALOE VERA 250','YOGURT BIO4 BALANCE BEBIBLE ARANDANO-ALOE VERA 250',2,55,1,'/media/922967270.png','image/png',1,'amxsab.system@gmail.com',CURRENT_TIMESTAMP,'amxsab.system@gmail.com',CURRENT_TIMESTAMP);
INSERT INTO MATERIAL (NUMERO_PARTE,DESCRIPCION_ES,DESCRIPCION_EN,ID_CATEGORIA_MATERIAL,TIPO_ABASTECIMIENTO,PESO,URL_MULTIMEDIA,MIME_TYPE,STATUS,USUARIO_CREO,FECHA_CREO,USUARIO_MODIFICO,FECHA_MODIFICO) VALUES('YOG0409','YOGURT CLASICO BATIDO FRESA-CHIA','YOGURT CLASICO BATIDO FRESA-CHIA',2,55,1,'/media/922967270.png','image/png',1,'amxsab.system@gmail.com',CURRENT_TIMESTAMP,'amxsab.system@gmail.com',CURRENT_TIMESTAMP);
INSERT INTO MATERIAL (NUMERO_PARTE,DESCRIPCION_ES,DESCRIPCION_EN,ID_CATEGORIA_MATERIAL,TIPO_ABASTECIMIENTO,PESO,URL_MULTIMEDIA,MIME_TYPE,STATUS,USUARIO_CREO,FECHA_CREO,USUARIO_MODIFICO,FECHA_MODIFICO) VALUES('YOG0410','YOGURT CLASICO BATIDO FRUTOS DEL BOSQUE CON AMARANTO','YOGURT CLASICO BATIDO FRUTOS DEL BOSQUE CON AMARANTO',2,55,1,'/media/922967270.png','image/png',1,'amxsab.system@gmail.com',CURRENT_TIMESTAMP,'amxsab.system@gmail.com',CURRENT_TIMESTAMP);
INSERT INTO MATERIAL (NUMERO_PARTE,DESCRIPCION_ES,DESCRIPCION_EN,ID_CATEGORIA_MATERIAL,TIPO_ABASTECIMIENTO,PESO,URL_MULTIMEDIA,MIME_TYPE,STATUS,USUARIO_CREO,FECHA_CREO,USUARIO_MODIFICO,FECHA_MODIFICO) VALUES('YOG0411','YOGURT CLASICO FRUTOS TROPICALES CON CHIA','YOGURT CLASICO FRUTOS TROPICALES CON CHIA',2,55,1,'/media/922967270.png','image/png',1,'amxsab.system@gmail.com',CURRENT_TIMESTAMP,'amxsab.system@gmail.com',CURRENT_TIMESTAMP);
INSERT INTO MATERIAL (NUMERO_PARTE,DESCRIPCION_ES,DESCRIPCION_EN,ID_CATEGORIA_MATERIAL,TIPO_ABASTECIMIENTO,PESO,URL_MULTIMEDIA,MIME_TYPE,STATUS,USUARIO_CREO,FECHA_CREO,USUARIO_MODIFICO,FECHA_MODIFICO) VALUES('YOG0412','YOGURT CLASICO BATIDO NATURAL QUINOA','YOGURT CLASICO BATIDO NATURAL QUINOA',2,55,1,'/media/922967270.png','image/png',1,'amxsab.system@gmail.com',CURRENT_TIMESTAMP,'amxsab.system@gmail.com',CURRENT_TIMESTAMP);

INSERT INTO KIT_MASTER (CVE_KIT_MASTER,NOMBRE_ES,NOMBRE_EN,URL_MULTIMEDIA,MIME_TYPE,CONTENEDOR,ID_UNIDAD_MEDIDA,ID_INSTRUCCIONES_NACIONALES,ID_INSTRUCCIONES_INTERNAC,ID_TIPO_KIT,STATUS,USUARIO_CREO,FECHA_CREO,USUARIO_MODIFICO,FECHA_MODIFICO) VALUES('BOT0439', 'BOTANA NRT/ PVG', 'NRT/ PVG SNACK', '/media/922967270.png', 'image/png', '', 81,34,35, 59,1,'amxsab.system@gmail.com',CURRENT_TIMESTAMP,'amxsab.system@gmail.com',CURRENT_TIMESTAMP);
INSERT INTO KIT_MASTER (CVE_KIT_MASTER,NOMBRE_ES,NOMBRE_EN,URL_MULTIMEDIA,MIME_TYPE,CONTENEDOR,ID_UNIDAD_MEDIDA,ID_INSTRUCCIONES_NACIONALES,ID_INSTRUCCIONES_INTERNAC,ID_TIPO_KIT,STATUS,USUARIO_CREO,FECHA_CREO,USUARIO_MODIFICO,FECHA_MODIFICO) VALUES('JAR0302', 'JARRA TÉRMICA DE ACERO INOXIDABLE', 'THERMAL STAINLESS STEEL JAR', '/media/922967270.png', 'image/png', '', 25,32,37, 59,1,'amxsab.system@gmail.com',CURRENT_TIMESTAMP,'amxsab.system@gmail.com',CURRENT_TIMESTAMP);
INSERT INTO KIT_MASTER (CVE_KIT_MASTER,NOMBRE_ES,NOMBRE_EN,URL_MULTIMEDIA,MIME_TYPE,CONTENEDOR,ID_UNIDAD_MEDIDA,ID_INSTRUCCIONES_NACIONALES,ID_INSTRUCCIONES_INTERNAC,ID_TIPO_KIT,STATUS,USUARIO_CREO,FECHA_CREO,USUARIO_MODIFICO,FECHA_MODIFICO) VALUES('BOT0999', 'BOTANA NRT/ PVG X', 'NRT/ PVG SNACK X', '/media/922967270.png', 'image/png', '', 81,34,35, 60,1,'amxsab.system@gmail.com',CURRENT_TIMESTAMP,'amxsab.system@gmail.com',CURRENT_TIMESTAMP);
INSERT INTO KIT_MASTER (CVE_KIT_MASTER,NOMBRE_ES,NOMBRE_EN,URL_MULTIMEDIA,MIME_TYPE,CONTENEDOR,ID_UNIDAD_MEDIDA,ID_INSTRUCCIONES_NACIONALES,ID_INSTRUCCIONES_INTERNAC,ID_TIPO_KIT,STATUS,USUARIO_CREO,FECHA_CREO,USUARIO_MODIFICO,FECHA_MODIFICO) VALUES('HIESER02', 'HIELO', 'ICE', '/media/922967270.png', 'image/png', 'HIELERA', 27,33,36, 60,1,'amxsab.system@gmail.com',CURRENT_TIMESTAMP,'amxsab.system@gmail.com',CURRENT_TIMESTAMP);

INSERT INTO MATERIAL_KIT_MASTER (CVE_KIT_MASTER,NUMERO_PARTE,ID_UNIDAD_MEDIDA,ID_INSTRUCCIONES_NACIONALES,ID_INSTRUCCIONES_INTERNAC,CANTIDAD,RECICLABLE,OBSERVACIONES,STATUS,USUARIO_CREO,FECHA_CREO,USUARIO_MODIFICO,FECHA_MODIFICO) VALUES('BOT0439' ,'BOT0439', 81, 34,35, 1, 0, 'SÓLO VUELOS DE ASIA',1,'amxsab.system@gmail.com',CURRENT_TIMESTAMP,'amxsab.system@gmail.com',CURRENT_TIMESTAMP);
INSERT INTO MATERIAL_KIT_MASTER (CVE_KIT_MASTER,NUMERO_PARTE,ID_UNIDAD_MEDIDA,ID_INSTRUCCIONES_NACIONALES,ID_INSTRUCCIONES_INTERNAC,CANTIDAD,RECICLABLE,OBSERVACIONES,STATUS,USUARIO_CREO,FECHA_CREO,USUARIO_MODIFICO,FECHA_MODIFICO) VALUES('JAR0302' ,'JAR0302', 25, 32,37, 1, 0, 'SÓLO VUELOS DE ASIA',1,'amxsab.system@gmail.com',CURRENT_TIMESTAMP,'amxsab.system@gmail.com',CURRENT_TIMESTAMP);
INSERT INTO MATERIAL_KIT_MASTER (CVE_KIT_MASTER,NUMERO_PARTE,ID_UNIDAD_MEDIDA,ID_INSTRUCCIONES_NACIONALES,ID_INSTRUCCIONES_INTERNAC,CANTIDAD,RECICLABLE,OBSERVACIONES,STATUS,USUARIO_CREO,FECHA_CREO,USUARIO_MODIFICO,FECHA_MODIFICO) VALUES('BOT0999' ,'ADE0410', 81, 34,35, 2, 0, 'SÓLO VUELOS DE ASIA',1,'amxsab.system@gmail.com',CURRENT_TIMESTAMP,'amxsab.system@gmail.com',CURRENT_TIMESTAMP);
INSERT INTO MATERIAL_KIT_MASTER (CVE_KIT_MASTER,NUMERO_PARTE,ID_UNIDAD_MEDIDA,ID_INSTRUCCIONES_NACIONALES,ID_INSTRUCCIONES_INTERNAC,CANTIDAD,RECICLABLE,OBSERVACIONES,STATUS,USUARIO_CREO,FECHA_CREO,USUARIO_MODIFICO,FECHA_MODIFICO) VALUES('BOT0999' ,'ADE0412', 81, 34,35, 3, 0, 'SÓLO VUELOS DE ASIA',1,'amxsab.system@gmail.com',CURRENT_TIMESTAMP,'amxsab.system@gmail.com',CURRENT_TIMESTAMP);
INSERT INTO MATERIAL_KIT_MASTER (CVE_KIT_MASTER,NUMERO_PARTE,ID_UNIDAD_MEDIDA,ID_INSTRUCCIONES_NACIONALES,ID_INSTRUCCIONES_INTERNAC,CANTIDAD,RECICLABLE,OBSERVACIONES,STATUS,USUARIO_CREO,FECHA_CREO,USUARIO_MODIFICO,FECHA_MODIFICO) VALUES('BOT0999' ,'ADE0413', 81, 34,35, 4, 0, 'SÓLO VUELOS DE ASIA',1,'amxsab.system@gmail.com',CURRENT_TIMESTAMP,'amxsab.system@gmail.com',CURRENT_TIMESTAMP);
INSERT INTO MATERIAL_KIT_MASTER (CVE_KIT_MASTER,NUMERO_PARTE,ID_UNIDAD_MEDIDA,ID_INSTRUCCIONES_NACIONALES,ID_INSTRUCCIONES_INTERNAC,CANTIDAD,RECICLABLE,OBSERVACIONES,STATUS,USUARIO_CREO,FECHA_CREO,USUARIO_MODIFICO,FECHA_MODIFICO) VALUES('HIESER02','DRA1201', 89, 33,36, 5, 0, '',1,'amxsab.system@gmail.com',CURRENT_TIMESTAMP,'amxsab.system@gmail.com',CURRENT_TIMESTAMP);
INSERT INTO MATERIAL_KIT_MASTER (CVE_KIT_MASTER,NUMERO_PARTE,ID_UNIDAD_MEDIDA,ID_INSTRUCCIONES_NACIONALES,ID_INSTRUCCIONES_INTERNAC,CANTIDAD,RECICLABLE,OBSERVACIONES,STATUS,USUARIO_CREO,FECHA_CREO,USUARIO_MODIFICO,FECHA_MODIFICO) VALUES('HIESER02','BOL0603', 25, 33,36, 1, 0, '',1,'amxsab.system@gmail.com',CURRENT_TIMESTAMP,'amxsab.system@gmail.com',CURRENT_TIMESTAMP);
INSERT INTO MATERIAL_KIT_MASTER (CVE_KIT_MASTER,NUMERO_PARTE,ID_UNIDAD_MEDIDA,ID_INSTRUCCIONES_NACIONALES,ID_INSTRUCCIONES_INTERNAC,CANTIDAD,RECICLABLE,OBSERVACIONES,STATUS,USUARIO_CREO,FECHA_CREO,USUARIO_MODIFICO,FECHA_MODIFICO) VALUES('HIESER02','GAV1316', 25, 33,36, 1, 0, '',1,'amxsab.system@gmail.com',CURRENT_TIMESTAMP,'amxsab.system@gmail.com',CURRENT_TIMESTAMP);
INSERT INTO MATERIAL_KIT_MASTER (CVE_KIT_MASTER,NUMERO_PARTE,ID_UNIDAD_MEDIDA,ID_INSTRUCCIONES_NACIONALES,ID_INSTRUCCIONES_INTERNAC,CANTIDAD,RECICLABLE,OBSERVACIONES,STATUS,USUARIO_CREO,FECHA_CREO,USUARIO_MODIFICO,FECHA_MODIFICO) VALUES('HIESER02','GAV1321', 25, 33,36, 1, 0, '*** GAV1321 SÓLO CUANDO EL KIT VAYA DENTRO DE UN CARRO',1,'amxsab.system@gmail.com',CURRENT_TIMESTAMP,'amxsab.system@gmail.com',CURRENT_TIMESTAMP);

INSERT INTO ESTACION (NOMBRE,CLAVE_IATA,ID_CIUDAD,STATUS,USUARIO_CREO,FECHA_CREO,USUARIO_MODIFICO,FECHA_MODIFICO) VALUES('Ámsterdam Airport Schiphol','AMS',1,1,'amxsab.system@gmail.com',CURRENT_TIMESTAMP,'amxsab.system@gmail.com',CURRENT_TIMESTAMP);
INSERT INTO ESTACION (NOMBRE,CLAVE_IATA,ID_CIUDAD,STATUS,USUARIO_CREO,FECHA_CREO,USUARIO_MODIFICO,FECHA_MODIFICO) VALUES('Aeropuerto Internacional de Austin-Bergstrom','AUS',2,1,'amxsab.system@gmail.com',CURRENT_TIMESTAMP,'amxsab.system@gmail.com',CURRENT_TIMESTAMP);
INSERT INTO ESTACION (NOMBRE,CLAVE_IATA,ID_CIUDAD,STATUS,USUARIO_CREO,FECHA_CREO,USUARIO_MODIFICO,FECHA_MODIFICO) VALUES('Aeropuerto Internacional El Dorado','BOG',3,1,'amxsab.system@gmail.com',CURRENT_TIMESTAMP,'amxsab.system@gmail.com',CURRENT_TIMESTAMP);
INSERT INTO ESTACION (NOMBRE,CLAVE_IATA,ID_CIUDAD,STATUS,USUARIO_CREO,FECHA_CREO,USUARIO_MODIFICO,FECHA_MODIFICO) VALUES('Logan International Airport','BOS',4,1,'amxsab.system@gmail.com',CURRENT_TIMESTAMP,'amxsab.system@gmail.com',CURRENT_TIMESTAMP);
INSERT INTO ESTACION (NOMBRE,CLAVE_IATA,ID_CIUDAD,STATUS,USUARIO_CREO,FECHA_CREO,USUARIO_MODIFICO,FECHA_MODIFICO) VALUES('París Charles de Gaulle Airport','CDG',5,1,'amxsab.system@gmail.com',CURRENT_TIMESTAMP,'amxsab.system@gmail.com',CURRENT_TIMESTAMP);
INSERT INTO ESTACION (NOMBRE,CLAVE_IATA,ID_CIUDAD,STATUS,USUARIO_CREO,FECHA_CREO,USUARIO_MODIFICO,FECHA_MODIFICO) VALUES('Aeropuerto Internacional de Cancún','CUN',6,1,'amxsab.system@gmail.com',CURRENT_TIMESTAMP,'amxsab.system@gmail.com',CURRENT_TIMESTAMP);
INSERT INTO ESTACION (NOMBRE,CLAVE_IATA,ID_CIUDAD,STATUS,USUARIO_CREO,FECHA_CREO,USUARIO_MODIFICO,FECHA_MODIFICO) VALUES('Aeropuerto Internacional de Denver','DEN',7,1,'amxsab.system@gmail.com',CURRENT_TIMESTAMP,'amxsab.system@gmail.com',CURRENT_TIMESTAMP);
INSERT INTO ESTACION (NOMBRE,CLAVE_IATA,ID_CIUDAD,STATUS,USUARIO_CREO,FECHA_CREO,USUARIO_MODIFICO,FECHA_MODIFICO) VALUES('Aeropuerto Internacional de Dallas-Fort Worth','DFW',8,1,'amxsab.system@gmail.com',CURRENT_TIMESTAMP,'amxsab.system@gmail.com',CURRENT_TIMESTAMP);
INSERT INTO ESTACION (NOMBRE,CLAVE_IATA,ID_CIUDAD,STATUS,USUARIO_CREO,FECHA_CREO,USUARIO_MODIFICO,FECHA_MODIFICO) VALUES('Aeropuerto Internacional de Detroit','DTW',9,1,'amxsab.system@gmail.com',CURRENT_TIMESTAMP,'amxsab.system@gmail.com',CURRENT_TIMESTAMP);
INSERT INTO ESTACION (NOMBRE,CLAVE_IATA,ID_CIUDAD,STATUS,USUARIO_CREO,FECHA_CREO,USUARIO_MODIFICO,FECHA_MODIFICO) VALUES('Aeropuerto Internacional Ministro Pistarini','EZE',10,1,'amxsab.system@gmail.com',CURRENT_TIMESTAMP,'amxsab.system@gmail.com',CURRENT_TIMESTAMP);
INSERT INTO ESTACION (NOMBRE,CLAVE_IATA,ID_CIUDAD,STATUS,USUARIO_CREO,FECHA_CREO,USUARIO_MODIFICO,FECHA_MODIFICO) VALUES('Aeropuerto Internacional de Fresno-Yosemite','FAT',11,1,'amxsab.system@gmail.com',CURRENT_TIMESTAMP,'amxsab.system@gmail.com',CURRENT_TIMESTAMP);
INSERT INTO ESTACION (NOMBRE,CLAVE_IATA,ID_CIUDAD,STATUS,USUARIO_CREO,FECHA_CREO,USUARIO_MODIFICO,FECHA_MODIFICO) VALUES('Aeroporto Internacional de São Paulo','GRU',12,1,'amxsab.system@gmail.com',CURRENT_TIMESTAMP,'amxsab.system@gmail.com',CURRENT_TIMESTAMP);
INSERT INTO ESTACION (NOMBRE,CLAVE_IATA,ID_CIUDAD,STATUS,USUARIO_CREO,FECHA_CREO,USUARIO_MODIFICO,FECHA_MODIFICO) VALUES('Aeropuerto Internacional La Aurora de la Ciudad de Guatemala','GUA',13,1,'amxsab.system@gmail.com',CURRENT_TIMESTAMP,'amxsab.system@gmail.com',CURRENT_TIMESTAMP);
INSERT INTO ESTACION (NOMBRE,CLAVE_IATA,ID_CIUDAD,STATUS,USUARIO_CREO,FECHA_CREO,USUARIO_MODIFICO,FECHA_MODIFICO) VALUES('Aeropuerto Internacional José Martí','HAV',14,1,'amxsab.system@gmail.com',CURRENT_TIMESTAMP,'amxsab.system@gmail.com',CURRENT_TIMESTAMP);
INSERT INTO ESTACION (NOMBRE,CLAVE_IATA,ID_CIUDAD,STATUS,USUARIO_CREO,FECHA_CREO,USUARIO_MODIFICO,FECHA_MODIFICO) VALUES('Aeropuerto Internacional de Washington-Dulles','IAD',15,1,'amxsab.system@gmail.com',CURRENT_TIMESTAMP,'amxsab.system@gmail.com',CURRENT_TIMESTAMP);
INSERT INTO ESTACION (NOMBRE,CLAVE_IATA,ID_CIUDAD,STATUS,USUARIO_CREO,FECHA_CREO,USUARIO_MODIFICO,FECHA_MODIFICO) VALUES('Aeropuerto Intercontinental George Bush','IAH',16,1,'amxsab.system@gmail.com',CURRENT_TIMESTAMP,'amxsab.system@gmail.com',CURRENT_TIMESTAMP);
INSERT INTO ESTACION (NOMBRE,CLAVE_IATA,ID_CIUDAD,STATUS,USUARIO_CREO,FECHA_CREO,USUARIO_MODIFICO,FECHA_MODIFICO) VALUES('Aeropuerto Internacional de Incheon','ICN',17,1,'amxsab.system@gmail.com',CURRENT_TIMESTAMP,'amxsab.system@gmail.com',CURRENT_TIMESTAMP);
INSERT INTO ESTACION (NOMBRE,CLAVE_IATA,ID_CIUDAD,STATUS,USUARIO_CREO,FECHA_CREO,USUARIO_MODIFICO,FECHA_MODIFICO) VALUES('Aeropuerto Internacional John F. Kennedy','JFK',18,1,'amxsab.system@gmail.com',CURRENT_TIMESTAMP,'amxsab.system@gmail.com',CURRENT_TIMESTAMP);
INSERT INTO ESTACION (NOMBRE,CLAVE_IATA,ID_CIUDAD,STATUS,USUARIO_CREO,FECHA_CREO,USUARIO_MODIFICO,FECHA_MODIFICO) VALUES('Aeropuerto Internacional McCarran','LAS',19,1,'amxsab.system@gmail.com',CURRENT_TIMESTAMP,'amxsab.system@gmail.com',CURRENT_TIMESTAMP);
INSERT INTO ESTACION (NOMBRE,CLAVE_IATA,ID_CIUDAD,STATUS,USUARIO_CREO,FECHA_CREO,USUARIO_MODIFICO,FECHA_MODIFICO) VALUES('Aeropuerto Internacional de Los Ángeles','LAX',20,1,'amxsab.system@gmail.com',CURRENT_TIMESTAMP,'amxsab.system@gmail.com',CURRENT_TIMESTAMP);
INSERT INTO ESTACION (NOMBRE,CLAVE_IATA,ID_CIUDAD,STATUS,USUARIO_CREO,FECHA_CREO,USUARIO_MODIFICO,FECHA_MODIFICO) VALUES('Aeropuerto de Londres Heathrow','LHR',21,1,'amxsab.system@gmail.com',CURRENT_TIMESTAMP,'amxsab.system@gmail.com',CURRENT_TIMESTAMP);
INSERT INTO ESTACION (NOMBRE,CLAVE_IATA,ID_CIUDAD,STATUS,USUARIO_CREO,FECHA_CREO,USUARIO_MODIFICO,FECHA_MODIFICO) VALUES('Aeropuerto Internacional Jorge Chávez','LIM',22,1,'amxsab.system@gmail.com',CURRENT_TIMESTAMP,'amxsab.system@gmail.com',CURRENT_TIMESTAMP);
INSERT INTO ESTACION (NOMBRE,CLAVE_IATA,ID_CIUDAD,STATUS,USUARIO_CREO,FECHA_CREO,USUARIO_MODIFICO,FECHA_MODIFICO) VALUES('Aeropuerto Adolfo Suárez Madrid-Barajas','MAD',23,1,'amxsab.system@gmail.com',CURRENT_TIMESTAMP,'amxsab.system@gmail.com',CURRENT_TIMESTAMP);
INSERT INTO ESTACION (NOMBRE,CLAVE_IATA,ID_CIUDAD,STATUS,USUARIO_CREO,FECHA_CREO,USUARIO_MODIFICO,FECHA_MODIFICO) VALUES('Aeropuerto Internacional de Orlando','MCO',24,1,'amxsab.system@gmail.com',CURRENT_TIMESTAMP,'amxsab.system@gmail.com',CURRENT_TIMESTAMP);
INSERT INTO ESTACION (NOMBRE,CLAVE_IATA,ID_CIUDAD,STATUS,USUARIO_CREO,FECHA_CREO,USUARIO_MODIFICO,FECHA_MODIFICO) VALUES('Aeropuerto Internacional José María Córdova ','MDE',25,1,'amxsab.system@gmail.com',CURRENT_TIMESTAMP,'amxsab.system@gmail.com',CURRENT_TIMESTAMP);
INSERT INTO ESTACION (NOMBRE,CLAVE_IATA,ID_CIUDAD,STATUS,USUARIO_CREO,FECHA_CREO,USUARIO_MODIFICO,FECHA_MODIFICO) VALUES('Aeropuerto Internacional Augusto C. Sandino','MGA',26,1,'amxsab.system@gmail.com',CURRENT_TIMESTAMP,'amxsab.system@gmail.com',CURRENT_TIMESTAMP);
INSERT INTO ESTACION (NOMBRE,CLAVE_IATA,ID_CIUDAD,STATUS,USUARIO_CREO,FECHA_CREO,USUARIO_MODIFICO,FECHA_MODIFICO) VALUES('Aeropuerto Internacional de Miami','MIA',27,1,'amxsab.system@gmail.com',CURRENT_TIMESTAMP,'amxsab.system@gmail.com',CURRENT_TIMESTAMP);
INSERT INTO ESTACION (NOMBRE,CLAVE_IATA,ID_CIUDAD,STATUS,USUARIO_CREO,FECHA_CREO,USUARIO_MODIFICO,FECHA_MODIFICO) VALUES('Aeropuerto Internacional General Mariano Escobedo','MTY',28,1,'amxsab.system@gmail.com',CURRENT_TIMESTAMP,'amxsab.system@gmail.com',CURRENT_TIMESTAMP);
INSERT INTO ESTACION (NOMBRE,CLAVE_IATA,ID_CIUDAD,STATUS,USUARIO_CREO,FECHA_CREO,USUARIO_MODIFICO,FECHA_MODIFICO) VALUES('Aeropuerto Internacional de Narita','NRT',29,1,'amxsab.system@gmail.com',CURRENT_TIMESTAMP,'amxsab.system@gmail.com',CURRENT_TIMESTAMP);
INSERT INTO ESTACION (NOMBRE,CLAVE_IATA,ID_CIUDAD,STATUS,USUARIO_CREO,FECHA_CREO,USUARIO_MODIFICO,FECHA_MODIFICO) VALUES('Aeropuerto Internacional LA/Ontario','ONT',30,1,'amxsab.system@gmail.com',CURRENT_TIMESTAMP,'amxsab.system@gmail.com',CURRENT_TIMESTAMP);
INSERT INTO ESTACION (NOMBRE,CLAVE_IATA,ID_CIUDAD,STATUS,USUARIO_CREO,FECHA_CREO,USUARIO_MODIFICO,FECHA_MODIFICO) VALUES('Aeropuerto Internacional de Chicago-O´Hare','ORD',31,1,'amxsab.system@gmail.com',CURRENT_TIMESTAMP,'amxsab.system@gmail.com',CURRENT_TIMESTAMP);
INSERT INTO ESTACION (NOMBRE,CLAVE_IATA,ID_CIUDAD,STATUS,USUARIO_CREO,FECHA_CREO,USUARIO_MODIFICO,FECHA_MODIFICO) VALUES('Aeropuerto Internacional de Tocumen','PTY',32,1,'amxsab.system@gmail.com',CURRENT_TIMESTAMP,'amxsab.system@gmail.com',CURRENT_TIMESTAMP);
INSERT INTO ESTACION (NOMBRE,CLAVE_IATA,ID_CIUDAD,STATUS,USUARIO_CREO,FECHA_CREO,USUARIO_MODIFICO,FECHA_MODIFICO) VALUES('Aeropuerto Internacional de Shanghái Pudong','PVG',33,1,'amxsab.system@gmail.com',CURRENT_TIMESTAMP,'amxsab.system@gmail.com',CURRENT_TIMESTAMP);
INSERT INTO ESTACION (NOMBRE,CLAVE_IATA,ID_CIUDAD,STATUS,USUARIO_CREO,FECHA_CREO,USUARIO_MODIFICO,FECHA_MODIFICO) VALUES('Aeropuerto Internacional de El Salvador Monseñor Oscar Arnulfo Romero y Galdámez ','SAL',34,1,'amxsab.system@gmail.com',CURRENT_TIMESTAMP,'amxsab.system@gmail.com',CURRENT_TIMESTAMP);
INSERT INTO ESTACION (NOMBRE,CLAVE_IATA,ID_CIUDAD,STATUS,USUARIO_CREO,FECHA_CREO,USUARIO_MODIFICO,FECHA_MODIFICO) VALUES('Aeropuerto Internacional Ramón Villeda Morales','SAP',35,1,'amxsab.system@gmail.com',CURRENT_TIMESTAMP,'amxsab.system@gmail.com',CURRENT_TIMESTAMP);
INSERT INTO ESTACION (NOMBRE,CLAVE_IATA,ID_CIUDAD,STATUS,USUARIO_CREO,FECHA_CREO,USUARIO_MODIFICO,FECHA_MODIFICO) VALUES('Aeropuerto Internacional de San Antonio','SAT',36,1,'amxsab.system@gmail.com',CURRENT_TIMESTAMP,'amxsab.system@gmail.com',CURRENT_TIMESTAMP);
INSERT INTO ESTACION (NOMBRE,CLAVE_IATA,ID_CIUDAD,STATUS,USUARIO_CREO,FECHA_CREO,USUARIO_MODIFICO,FECHA_MODIFICO) VALUES('Aeropuerto Internacional Comodoro Arturo Merino Benítez','SCL',37,1,'amxsab.system@gmail.com',CURRENT_TIMESTAMP,'amxsab.system@gmail.com',CURRENT_TIMESTAMP);
INSERT INTO ESTACION (NOMBRE,CLAVE_IATA,ID_CIUDAD,STATUS,USUARIO_CREO,FECHA_CREO,USUARIO_MODIFICO,FECHA_MODIFICO) VALUES('Aeropuerto Internacional Las Américas','SDQ',38,1,'amxsab.system@gmail.com',CURRENT_TIMESTAMP,'amxsab.system@gmail.com',CURRENT_TIMESTAMP);
INSERT INTO ESTACION (NOMBRE,CLAVE_IATA,ID_CIUDAD,STATUS,USUARIO_CREO,FECHA_CREO,USUARIO_MODIFICO,FECHA_MODIFICO) VALUES('Aeropuerto Internacional de San Francisco','SFO',39,1,'amxsab.system@gmail.com',CURRENT_TIMESTAMP,'amxsab.system@gmail.com',CURRENT_TIMESTAMP);
INSERT INTO ESTACION (NOMBRE,CLAVE_IATA,ID_CIUDAD,STATUS,USUARIO_CREO,FECHA_CREO,USUARIO_MODIFICO,FECHA_MODIFICO) VALUES('Aeropuerto Internacional Juan Santamaría','SJO',40,1,'amxsab.system@gmail.com',CURRENT_TIMESTAMP,'amxsab.system@gmail.com',CURRENT_TIMESTAMP);
INSERT INTO ESTACION (NOMBRE,CLAVE_IATA,ID_CIUDAD,STATUS,USUARIO_CREO,FECHA_CREO,USUARIO_MODIFICO,FECHA_MODIFICO) VALUES('Aeropuerto Internacional de Sacramento','SMF',41,1,'amxsab.system@gmail.com',CURRENT_TIMESTAMP,'amxsab.system@gmail.com',CURRENT_TIMESTAMP);
INSERT INTO ESTACION (NOMBRE,CLAVE_IATA,ID_CIUDAD,STATUS,USUARIO_CREO,FECHA_CREO,USUARIO_MODIFICO,FECHA_MODIFICO) VALUES('Aeropuerto Internacional de Torreón Francisco Sarabia','TRC',42,1,'amxsab.system@gmail.com',CURRENT_TIMESTAMP,'amxsab.system@gmail.com',CURRENT_TIMESTAMP);
INSERT INTO ESTACION (NOMBRE,CLAVE_IATA,ID_CIUDAD,STATUS,USUARIO_CREO,FECHA_CREO,USUARIO_MODIFICO,FECHA_MODIFICO) VALUES('Aeropuerto internacional Pierre Elliott Trudeau de Montreal','YUL',43,1,'amxsab.system@gmail.com',CURRENT_TIMESTAMP,'amxsab.system@gmail.com',CURRENT_TIMESTAMP);
INSERT INTO ESTACION (NOMBRE,CLAVE_IATA,ID_CIUDAD,STATUS,USUARIO_CREO,FECHA_CREO,USUARIO_MODIFICO,FECHA_MODIFICO) VALUES('Aeropuerto Internacional de Vancouver','YVR',44,1,'amxsab.system@gmail.com',CURRENT_TIMESTAMP,'amxsab.system@gmail.com',CURRENT_TIMESTAMP);
INSERT INTO ESTACION (NOMBRE,CLAVE_IATA,ID_CIUDAD,STATUS,USUARIO_CREO,FECHA_CREO,USUARIO_MODIFICO,FECHA_MODIFICO) VALUES('Aeropuerto Internacional de Calgary','YYC',45,1,'amxsab.system@gmail.com',CURRENT_TIMESTAMP,'amxsab.system@gmail.com',CURRENT_TIMESTAMP);
INSERT INTO ESTACION (NOMBRE,CLAVE_IATA,ID_CIUDAD,STATUS,USUARIO_CREO,FECHA_CREO,USUARIO_MODIFICO,FECHA_MODIFICO) VALUES('Aeropuerto Internacional Toronto Pearson','YYZ',46,1,'amxsab.system@gmail.com',CURRENT_TIMESTAMP,'amxsab.system@gmail.com',CURRENT_TIMESTAMP);
INSERT INTO ESTACION (NOMBRE,CLAVE_IATA,ID_CIUDAD,STATUS,USUARIO_CREO,FECHA_CREO,USUARIO_MODIFICO,FECHA_MODIFICO) VALUES('Aeropuerto Internacional de San José Norman Y. Mineta','SJC',47,1,'amxsab.system@gmail.com',CURRENT_TIMESTAMP,'amxsab.system@gmail.com',CURRENT_TIMESTAMP);
INSERT INTO ESTACION (NOMBRE,CLAVE_IATA,ID_CIUDAD,STATUS,USUARIO_CREO,FECHA_CREO,USUARIO_MODIFICO,FECHA_MODIFICO) VALUES('Aeropuerto Internacional Mariscal Sucre','UIO',48,1,'amxsab.system@gmail.com',CURRENT_TIMESTAMP,'amxsab.system@gmail.com',CURRENT_TIMESTAMP);
INSERT INTO ESTACION (NOMBRE,CLAVE_IATA,ID_CIUDAD,STATUS,USUARIO_CREO,FECHA_CREO,USUARIO_MODIFICO,FECHA_MODIFICO) VALUES('Aeropuerto Internacional de Guadalajara Miguel Hidalgo y Costilla','GDL',49,1,'amxsab.system@gmail.com',CURRENT_TIMESTAMP,'amxsab.system@gmail.com',CURRENT_TIMESTAMP);
INSERT INTO ESTACION (NOMBRE,CLAVE_IATA,ID_CIUDAD,STATUS,USUARIO_CREO,FECHA_CREO,USUARIO_MODIFICO,FECHA_MODIFICO) VALUES('Aeropuerto Internacional Hartsfield-Jackson','ATL',50,1,'amxsab.system@gmail.com',CURRENT_TIMESTAMP,'amxsab.system@gmail.com',CURRENT_TIMESTAMP);
INSERT INTO ESTACION (NOMBRE,CLAVE_IATA,ID_CIUDAD,STATUS,USUARIO_CREO,FECHA_CREO,USUARIO_MODIFICO,FECHA_MODIFICO) VALUES('Aeropuerto Internacional Del Bajío','BJX',51,1,'amxsab.system@gmail.com',CURRENT_TIMESTAMP,'amxsab.system@gmail.com',CURRENT_TIMESTAMP);
INSERT INTO ESTACION (NOMBRE,CLAVE_IATA,ID_CIUDAD,STATUS,USUARIO_CREO,FECHA_CREO,USUARIO_MODIFICO,FECHA_MODIFICO) VALUES('Aeropuerto Internacional General Juan N. Álvarez','ACA',52,1,'amxsab.system@gmail.com',CURRENT_TIMESTAMP,'amxsab.system@gmail.com',CURRENT_TIMESTAMP);
INSERT INTO ESTACION (NOMBRE,CLAVE_IATA,ID_CIUDAD,STATUS,USUARIO_CREO,FECHA_CREO,USUARIO_MODIFICO,FECHA_MODIFICO) VALUES('Aeropuerto Internacional Lic. Jesús Terán Peredo','AGU',53,1,'amxsab.system@gmail.com',CURRENT_TIMESTAMP,'amxsab.system@gmail.com',CURRENT_TIMESTAMP);
INSERT INTO ESTACION (NOMBRE,CLAVE_IATA,ID_CIUDAD,STATUS,USUARIO_CREO,FECHA_CREO,USUARIO_MODIFICO,FECHA_MODIFICO) VALUES('Aeropuerto Internacional Del Bajío ','BJX',54,1,'amxsab.system@gmail.com',CURRENT_TIMESTAMP,'amxsab.system@gmail.com',CURRENT_TIMESTAMP);
INSERT INTO ESTACION (NOMBRE,CLAVE_IATA,ID_CIUDAD,STATUS,USUARIO_CREO,FECHA_CREO,USUARIO_MODIFICO,FECHA_MODIFICO) VALUES('Aeropuerto Internacional de Ciudad Obregón','CEN',55,1,'amxsab.system@gmail.com',CURRENT_TIMESTAMP,'amxsab.system@gmail.com',CURRENT_TIMESTAMP);
INSERT INTO ESTACION (NOMBRE,CLAVE_IATA,ID_CIUDAD,STATUS,USUARIO_CREO,FECHA_CREO,USUARIO_MODIFICO,FECHA_MODIFICO) VALUES('Aeropuerto Internacional Abraham González','CJS',56,1,'amxsab.system@gmail.com',CURRENT_TIMESTAMP,'amxsab.system@gmail.com',CURRENT_TIMESTAMP);
INSERT INTO ESTACION (NOMBRE,CLAVE_IATA,ID_CIUDAD,STATUS,USUARIO_CREO,FECHA_CREO,USUARIO_MODIFICO,FECHA_MODIFICO) VALUES('Aeropuerto Internacional de Ciudad del Carmen','CME',57,1,'amxsab.system@gmail.com',CURRENT_TIMESTAMP,'amxsab.system@gmail.com',CURRENT_TIMESTAMP);
INSERT INTO ESTACION (NOMBRE,CLAVE_IATA,ID_CIUDAD,STATUS,USUARIO_CREO,FECHA_CREO,USUARIO_MODIFICO,FECHA_MODIFICO) VALUES('Aeropuerto Internacional Ingeniero Alberto Acuña Ongay','CPE',58,1,'amxsab.system@gmail.com',CURRENT_TIMESTAMP,'amxsab.system@gmail.com',CURRENT_TIMESTAMP);
INSERT INTO ESTACION (NOMBRE,CLAVE_IATA,ID_CIUDAD,STATUS,USUARIO_CREO,FECHA_CREO,USUARIO_MODIFICO,FECHA_MODIFICO) VALUES('Aeropuerto Internacional Federal de Culiacán','CUL',59,1,'amxsab.system@gmail.com',CURRENT_TIMESTAMP,'amxsab.system@gmail.com',CURRENT_TIMESTAMP);
INSERT INTO ESTACION (NOMBRE,CLAVE_IATA,ID_CIUDAD,STATUS,USUARIO_CREO,FECHA_CREO,USUARIO_MODIFICO,FECHA_MODIFICO) VALUES('Aeropuerto Internacional de Cancún','CUN',60,1,'amxsab.system@gmail.com',CURRENT_TIMESTAMP,'amxsab.system@gmail.com',CURRENT_TIMESTAMP);
INSERT INTO ESTACION (NOMBRE,CLAVE_IATA,ID_CIUDAD,STATUS,USUARIO_CREO,FECHA_CREO,USUARIO_MODIFICO,FECHA_MODIFICO) VALUES('Aeropuerto Internacional General Roberto Fierro Villalobos','CUU',61,1,'amxsab.system@gmail.com',CURRENT_TIMESTAMP,'amxsab.system@gmail.com',CURRENT_TIMESTAMP);
INSERT INTO ESTACION (NOMBRE,CLAVE_IATA,ID_CIUDAD,STATUS,USUARIO_CREO,FECHA_CREO,USUARIO_MODIFICO,FECHA_MODIFICO) VALUES('Aeropuerto Internacional de Cozumel','CZM',62,1,'amxsab.system@gmail.com',CURRENT_TIMESTAMP,'amxsab.system@gmail.com',CURRENT_TIMESTAMP);
INSERT INTO ESTACION (NOMBRE,CLAVE_IATA,ID_CIUDAD,STATUS,USUARIO_CREO,FECHA_CREO,USUARIO_MODIFICO,FECHA_MODIFICO) VALUES('Aeropuerto Internacional Guadalupe Victoria','DGO',63,1,'amxsab.system@gmail.com',CURRENT_TIMESTAMP,'amxsab.system@gmail.com',CURRENT_TIMESTAMP);
INSERT INTO ESTACION (NOMBRE,CLAVE_IATA,ID_CIUDAD,STATUS,USUARIO_CREO,FECHA_CREO,USUARIO_MODIFICO,FECHA_MODIFICO) VALUES('Aeropuerto Internacional de Guadalajara Miguel Hidalgo y Costilla','GDL',64,1,'amxsab.system@gmail.com',CURRENT_TIMESTAMP,'amxsab.system@gmail.com',CURRENT_TIMESTAMP);
INSERT INTO ESTACION (NOMBRE,CLAVE_IATA,ID_CIUDAD,STATUS,USUARIO_CREO,FECHA_CREO,USUARIO_MODIFICO,FECHA_MODIFICO) VALUES('Aeropuerto Internacional General Ignacio Pesqueira García','HMO',65,1,'amxsab.system@gmail.com',CURRENT_TIMESTAMP,'amxsab.system@gmail.com',CURRENT_TIMESTAMP);
INSERT INTO ESTACION (NOMBRE,CLAVE_IATA,ID_CIUDAD,STATUS,USUARIO_CREO,FECHA_CREO,USUARIO_MODIFICO,FECHA_MODIFICO) VALUES('Aeropuerto Internacional de Bahías de Huatulco','HUX',66,1,'amxsab.system@gmail.com',CURRENT_TIMESTAMP,'amxsab.system@gmail.com',CURRENT_TIMESTAMP);
INSERT INTO ESTACION (NOMBRE,CLAVE_IATA,ID_CIUDAD,STATUS,USUARIO_CREO,FECHA_CREO,USUARIO_MODIFICO,FECHA_MODIFICO) VALUES('Aeropuerto Internacional Manuel Márquez de León','LAP',67,1,'amxsab.system@gmail.com',CURRENT_TIMESTAMP,'amxsab.system@gmail.com',CURRENT_TIMESTAMP);
INSERT INTO ESTACION (NOMBRE,CLAVE_IATA,ID_CIUDAD,STATUS,USUARIO_CREO,FECHA_CREO,USUARIO_MODIFICO,FECHA_MODIFICO) VALUES('Aeropuerto Internacional Federal del Valle del Fuerte','LMM',68,1,'amxsab.system@gmail.com',CURRENT_TIMESTAMP,'amxsab.system@gmail.com',CURRENT_TIMESTAMP);
INSERT INTO ESTACION (NOMBRE,CLAVE_IATA,ID_CIUDAD,STATUS,USUARIO_CREO,FECHA_CREO,USUARIO_MODIFICO,FECHA_MODIFICO) VALUES('Aeropuerto Internacional General Servando Canales','MAM',69,1,'amxsab.system@gmail.com',CURRENT_TIMESTAMP,'amxsab.system@gmail.com',CURRENT_TIMESTAMP);
INSERT INTO ESTACION (NOMBRE,CLAVE_IATA,ID_CIUDAD,STATUS,USUARIO_CREO,FECHA_CREO,USUARIO_MODIFICO,FECHA_MODIFICO) VALUES('Aeropuerto Internacional Manuel Crescencio Rejón','MID',70,1,'amxsab.system@gmail.com',CURRENT_TIMESTAMP,'amxsab.system@gmail.com',CURRENT_TIMESTAMP);
INSERT INTO ESTACION (NOMBRE,CLAVE_IATA,ID_CIUDAD,STATUS,USUARIO_CREO,FECHA_CREO,USUARIO_MODIFICO,FECHA_MODIFICO) VALUES('Aeropuerto Internacional General Francisco Mujica','MLM',71,1,'amxsab.system@gmail.com',CURRENT_TIMESTAMP,'amxsab.system@gmail.com',CURRENT_TIMESTAMP);
INSERT INTO ESTACION (NOMBRE,CLAVE_IATA,ID_CIUDAD,STATUS,USUARIO_CREO,FECHA_CREO,USUARIO_MODIFICO,FECHA_MODIFICO) VALUES('Aeropuerto Internacional de Minatitlán','MTT',72,1,'amxsab.system@gmail.com',CURRENT_TIMESTAMP,'amxsab.system@gmail.com',CURRENT_TIMESTAMP);
INSERT INTO ESTACION (NOMBRE,CLAVE_IATA,ID_CIUDAD,STATUS,USUARIO_CREO,FECHA_CREO,USUARIO_MODIFICO,FECHA_MODIFICO) VALUES('Aeropuerto Internacional General Mariano Escobedo','MTY',73,1,'amxsab.system@gmail.com',CURRENT_TIMESTAMP,'amxsab.system@gmail.com',CURRENT_TIMESTAMP);
INSERT INTO ESTACION (NOMBRE,CLAVE_IATA,ID_CIUDAD,STATUS,USUARIO_CREO,FECHA_CREO,USUARIO_MODIFICO,FECHA_MODIFICO) VALUES('Aeropuerto Internacional General Rodolfo Sánchez Taboada','MXL',74,1,'amxsab.system@gmail.com',CURRENT_TIMESTAMP,'amxsab.system@gmail.com',CURRENT_TIMESTAMP);
INSERT INTO ESTACION (NOMBRE,CLAVE_IATA,ID_CIUDAD,STATUS,USUARIO_CREO,FECHA_CREO,USUARIO_MODIFICO,FECHA_MODIFICO) VALUES('Aeropuerto Internacional General Rafael Buelna','MZT',75,1,'amxsab.system@gmail.com',CURRENT_TIMESTAMP,'amxsab.system@gmail.com',CURRENT_TIMESTAMP);
INSERT INTO ESTACION (NOMBRE,CLAVE_IATA,ID_CIUDAD,STATUS,USUARIO_CREO,FECHA_CREO,USUARIO_MODIFICO,FECHA_MODIFICO) VALUES('Aeropuerto Internacional Quetzalcóatl','NDL',76,1,'amxsab.system@gmail.com',CURRENT_TIMESTAMP,'amxsab.system@gmail.com',CURRENT_TIMESTAMP);
INSERT INTO ESTACION (NOMBRE,CLAVE_IATA,ID_CIUDAD,STATUS,USUARIO_CREO,FECHA_CREO,USUARIO_MODIFICO,FECHA_MODIFICO) VALUES('Aeropuerto Internacional Xoxocotlán','OAX',77,1,'amxsab.system@gmail.com',CURRENT_TIMESTAMP,'amxsab.system@gmail.com',CURRENT_TIMESTAMP);
INSERT INTO ESTACION (NOMBRE,CLAVE_IATA,ID_CIUDAD,STATUS,USUARIO_CREO,FECHA_CREO,USUARIO_MODIFICO,FECHA_MODIFICO) VALUES('Aeropuerto Internacional de Puebla ','PBC',78,1,'amxsab.system@gmail.com',CURRENT_TIMESTAMP,'amxsab.system@gmail.com',CURRENT_TIMESTAMP);
INSERT INTO ESTACION (NOMBRE,CLAVE_IATA,ID_CIUDAD,STATUS,USUARIO_CREO,FECHA_CREO,USUARIO_MODIFICO,FECHA_MODIFICO) VALUES('Aeropuerto Internacional Licenciado Gustavo Díaz Ordaz','PVR',79,1,'amxsab.system@gmail.com',CURRENT_TIMESTAMP,'amxsab.system@gmail.com',CURRENT_TIMESTAMP);
INSERT INTO ESTACION (NOMBRE,CLAVE_IATA,ID_CIUDAD,STATUS,USUARIO_CREO,FECHA_CREO,USUARIO_MODIFICO,FECHA_MODIFICO) VALUES('Aeropuerto Intercontinental de Querétaro','QRO',80,1,'amxsab.system@gmail.com',CURRENT_TIMESTAMP,'amxsab.system@gmail.com',CURRENT_TIMESTAMP);
INSERT INTO ESTACION (NOMBRE,CLAVE_IATA,ID_CIUDAD,STATUS,USUARIO_CREO,FECHA_CREO,USUARIO_MODIFICO,FECHA_MODIFICO) VALUES('Aeropuerto Internacional General Lucio Blanco','REX',81,1,'amxsab.system@gmail.com',CURRENT_TIMESTAMP,'amxsab.system@gmail.com',CURRENT_TIMESTAMP);
INSERT INTO ESTACION (NOMBRE,CLAVE_IATA,ID_CIUDAD,STATUS,USUARIO_CREO,FECHA_CREO,USUARIO_MODIFICO,FECHA_MODIFICO) VALUES('Aeropuerto Internacional de Los Cabos','SJD',82,1,'amxsab.system@gmail.com',CURRENT_TIMESTAMP,'amxsab.system@gmail.com',CURRENT_TIMESTAMP);
INSERT INTO ESTACION (NOMBRE,CLAVE_IATA,ID_CIUDAD,STATUS,USUARIO_CREO,FECHA_CREO,USUARIO_MODIFICO,FECHA_MODIFICO) VALUES('Aeropuerto Internacional Ponciano Arriaga','SLP',83,1,'amxsab.system@gmail.com',CURRENT_TIMESTAMP,'amxsab.system@gmail.com',CURRENT_TIMESTAMP);
INSERT INTO ESTACION (NOMBRE,CLAVE_IATA,ID_CIUDAD,STATUS,USUARIO_CREO,FECHA_CREO,USUARIO_MODIFICO,FECHA_MODIFICO) VALUES('Aeropuerto Internacional Plan de Guadalupe','SLW',84,1,'amxsab.system@gmail.com',CURRENT_TIMESTAMP,'amxsab.system@gmail.com',CURRENT_TIMESTAMP);
INSERT INTO ESTACION (NOMBRE,CLAVE_IATA,ID_CIUDAD,STATUS,USUARIO_CREO,FECHA_CREO,USUARIO_MODIFICO,FECHA_MODIFICO) VALUES('Aeropuerto Internacional General Francisco Javier Mina','TAM',85,1,'amxsab.system@gmail.com',CURRENT_TIMESTAMP,'amxsab.system@gmail.com',CURRENT_TIMESTAMP);
INSERT INTO ESTACION (NOMBRE,CLAVE_IATA,ID_CIUDAD,STATUS,USUARIO_CREO,FECHA_CREO,USUARIO_MODIFICO,FECHA_MODIFICO) VALUES('Aeropuerto Internacional de Tapachula','TAP',86,1,'amxsab.system@gmail.com',CURRENT_TIMESTAMP,'amxsab.system@gmail.com',CURRENT_TIMESTAMP);
INSERT INTO ESTACION (NOMBRE,CLAVE_IATA,ID_CIUDAD,STATUS,USUARIO_CREO,FECHA_CREO,USUARIO_MODIFICO,FECHA_MODIFICO) VALUES('Aeropuerto Internacional de Tuxtla Gutiérrez','TGZ',87,1,'amxsab.system@gmail.com',CURRENT_TIMESTAMP,'amxsab.system@gmail.com',CURRENT_TIMESTAMP);
INSERT INTO ESTACION (NOMBRE,CLAVE_IATA,ID_CIUDAD,STATUS,USUARIO_CREO,FECHA_CREO,USUARIO_MODIFICO,FECHA_MODIFICO) VALUES('Aeropuerto Internacional General Abelardo L. Rodríguez','TIJ',88,1,'amxsab.system@gmail.com',CURRENT_TIMESTAMP,'amxsab.system@gmail.com',CURRENT_TIMESTAMP);
INSERT INTO ESTACION (NOMBRE,CLAVE_IATA,ID_CIUDAD,STATUS,USUARIO_CREO,FECHA_CREO,USUARIO_MODIFICO,FECHA_MODIFICO) VALUES('Aeropuerto Internacional Licenciado Adolfo López Mateos','TLC',89,1,'amxsab.system@gmail.com',CURRENT_TIMESTAMP,'amxsab.system@gmail.com',CURRENT_TIMESTAMP);
INSERT INTO ESTACION (NOMBRE,CLAVE_IATA,ID_CIUDAD,STATUS,USUARIO_CREO,FECHA_CREO,USUARIO_MODIFICO,FECHA_MODIFICO) VALUES('Aeropuerto Internacional de Torreón Francisco Sarabia','TRC',90,1,'amxsab.system@gmail.com',CURRENT_TIMESTAMP,'amxsab.system@gmail.com',CURRENT_TIMESTAMP);
INSERT INTO ESTACION (NOMBRE,CLAVE_IATA,ID_CIUDAD,STATUS,USUARIO_CREO,FECHA_CREO,USUARIO_MODIFICO,FECHA_MODIFICO) VALUES('Aeropuerto Internacional General Heriberto Jara','VER',91,1,'amxsab.system@gmail.com',CURRENT_TIMESTAMP,'amxsab.system@gmail.com',CURRENT_TIMESTAMP);
INSERT INTO ESTACION (NOMBRE,CLAVE_IATA,ID_CIUDAD,STATUS,USUARIO_CREO,FECHA_CREO,USUARIO_MODIFICO,FECHA_MODIFICO) VALUES('Aeropuerto Internacional Carlos Rovirosa Pérez','VSA',92,1,'amxsab.system@gmail.com',CURRENT_TIMESTAMP,'amxsab.system@gmail.com',CURRENT_TIMESTAMP);
INSERT INTO ESTACION (NOMBRE,CLAVE_IATA,ID_CIUDAD,STATUS,USUARIO_CREO,FECHA_CREO,USUARIO_MODIFICO,FECHA_MODIFICO) VALUES('Aeropuerto Internacional General Leobardo C. Ruiz','ZCL',93,1,'amxsab.system@gmail.com',CURRENT_TIMESTAMP,'amxsab.system@gmail.com',CURRENT_TIMESTAMP);
INSERT INTO ESTACION (NOMBRE,CLAVE_IATA,ID_CIUDAD,STATUS,USUARIO_CREO,FECHA_CREO,USUARIO_MODIFICO,FECHA_MODIFICO) VALUES('Aeropuerto Internacional de Ixtapa-Zihuatanejo','ZIH',94,1,'amxsab.system@gmail.com',CURRENT_TIMESTAMP,'amxsab.system@gmail.com',CURRENT_TIMESTAMP);
INSERT INTO ESTACION (NOMBRE,CLAVE_IATA,ID_CIUDAD,STATUS,USUARIO_CREO,FECHA_CREO,USUARIO_MODIFICO,FECHA_MODIFICO) VALUES('Aeropuerto Internacional Playa de Oro','ZLO',95,1,'amxsab.system@gmail.com',CURRENT_TIMESTAMP,'amxsab.system@gmail.com',CURRENT_TIMESTAMP);
INSERT INTO ESTACION (NOMBRE,CLAVE_IATA,ID_CIUDAD,STATUS,USUARIO_CREO,FECHA_CREO,USUARIO_MODIFICO,FECHA_MODIFICO) VALUES('Aeropuerto Internacional de la Ciudad de México','MEX',96,1,'amxsab.system@gmail.com',CURRENT_TIMESTAMP,'amxsab.system@gmail.com',CURRENT_TIMESTAMP);
INSERT INTO ESTACION (NOMBRE,CLAVE_IATA,ID_CIUDAD,STATUS,USUARIO_CREO,FECHA_CREO,USUARIO_MODIFICO,FECHA_MODIFICO) VALUES('Seattle-Tacoma International Airport','SEA',97,1,'amxsab.system@gmail.com',CURRENT_TIMESTAMP,'amxsab.system@gmail.com',CURRENT_TIMESTAMP);
INSERT INTO ESTACION (NOMBRE,CLAVE_IATA,ID_CIUDAD,STATUS,USUARIO_CREO,FECHA_CREO,USUARIO_MODIFICO,FECHA_MODIFICO) VALUES('Aeropuerto Internacional de Portland','PDX',98,1,'amxsab.system@gmail.com',CURRENT_TIMESTAMP,'amxsab.system@gmail.com',CURRENT_TIMESTAMP);

INSERT INTO PRODUCTO (NOMBRE,STATUS,USUARIO_CREO,FECHA_CREO,USUARIO_MODIFICO,FECHA_MODIFICO) VALUES('240',1,'amxsab.system@gmail.com',CURRENT_TIMESTAMP,'amxsab.system@gmail.com',CURRENT_TIMESTAMP);
INSERT INTO PRODUCTO (NOMBRE,STATUS,USUARIO_CREO,FECHA_CREO,USUARIO_MODIFICO,FECHA_MODIFICO) VALUES('300',1,'amxsab.system@gmail.com',CURRENT_TIMESTAMP,'amxsab.system@gmail.com',CURRENT_TIMESTAMP);
INSERT INTO PRODUCTO (NOMBRE,STATUS,USUARIO_CREO,FECHA_CREO,USUARIO_MODIFICO,FECHA_MODIFICO) VALUES('480',1,'amxsab.system@gmail.com',CURRENT_TIMESTAMP,'amxsab.system@gmail.com',CURRENT_TIMESTAMP);
INSERT INTO PRODUCTO (NOMBRE,STATUS,USUARIO_CREO,FECHA_CREO,USUARIO_MODIFICO,FECHA_MODIFICO) VALUES('480S',1,'amxsab.system@gmail.com',CURRENT_TIMESTAMP,'amxsab.system@gmail.com',CURRENT_TIMESTAMP);
INSERT INTO PRODUCTO (NOMBRE,STATUS,USUARIO_CREO,FECHA_CREO,USUARIO_MODIFICO,FECHA_MODIFICO) VALUES('720',1,'amxsab.system@gmail.com',CURRENT_TIMESTAMP,'amxsab.system@gmail.com',CURRENT_TIMESTAMP);
INSERT INTO PRODUCTO (NOMBRE,STATUS,USUARIO_CREO,FECHA_CREO,USUARIO_MODIFICO,FECHA_MODIFICO) VALUES('900',1,'amxsab.system@gmail.com',CURRENT_TIMESTAMP,'amxsab.system@gmail.com',CURRENT_TIMESTAMP);

INSERT INTO MODELO_AVION (MODELO,DESCRIPCION,ID_TIPO_CABINA,ID_COMPANIA,ID_FABRICANTE,STATUS,USUARIO_CREO,FECHA_CREO,USUARIO_MODIFICO,FECHA_MODIFICO) VALUES('B787/ 9', '', 5, 1,4,1,'amxsab.system@gmail.com',CURRENT_TIMESTAMP,'amxsab.system@gmail.com',CURRENT_TIMESTAMP);
INSERT INTO MODELO_AVION (MODELO,DESCRIPCION,ID_TIPO_CABINA,ID_COMPANIA,ID_FABRICANTE,STATUS,USUARIO_CREO,FECHA_CREO,USUARIO_MODIFICO,FECHA_MODIFICO) VALUES('B787/ 8', '', 5, 1,4,1,'amxsab.system@gmail.com',CURRENT_TIMESTAMP,'amxsab.system@gmail.com',CURRENT_TIMESTAMP);
INSERT INTO MODELO_AVION (MODELO,DESCRIPCION,ID_TIPO_CABINA,ID_COMPANIA,ID_FABRICANTE,STATUS,USUARIO_CREO,FECHA_CREO,USUARIO_MODIFICO,FECHA_MODIFICO) VALUES('B777', '', 5, 1,4,1,'amxsab.system@gmail.com',CURRENT_TIMESTAMP,'amxsab.system@gmail.com',CURRENT_TIMESTAMP);
INSERT INTO MODELO_AVION (MODELO,DESCRIPCION,ID_TIPO_CABINA,ID_COMPANIA,ID_FABRICANTE,STATUS,USUARIO_CREO,FECHA_CREO,USUARIO_MODIFICO,FECHA_MODIFICO) VALUES('B737/ 800', '', 5, 1,4,1,'amxsab.system@gmail.com',CURRENT_TIMESTAMP,'amxsab.system@gmail.com',CURRENT_TIMESTAMP);
INSERT INTO MODELO_AVION (MODELO,DESCRIPCION,ID_TIPO_CABINA,ID_COMPANIA,ID_FABRICANTE,STATUS,USUARIO_CREO,FECHA_CREO,USUARIO_MODIFICO,FECHA_MODIFICO) VALUES('B787/ 800', '', 5, 1,4,1,'amxsab.system@gmail.com',CURRENT_TIMESTAMP,'amxsab.system@gmail.com',CURRENT_TIMESTAMP);
INSERT INTO MODELO_AVION (MODELO,DESCRIPCION,ID_TIPO_CABINA,ID_COMPANIA,ID_FABRICANTE,STATUS,USUARIO_CREO,FECHA_CREO,USUARIO_MODIFICO,FECHA_MODIFICO) VALUES('B737/ 700', '', 5, 1,4,1,'amxsab.system@gmail.com',CURRENT_TIMESTAMP,'amxsab.system@gmail.com',CURRENT_TIMESTAMP);
INSERT INTO MODELO_AVION (MODELO,DESCRIPCION,ID_TIPO_CABINA,ID_COMPANIA,ID_FABRICANTE,STATUS,USUARIO_CREO,FECHA_CREO,USUARIO_MODIFICO,FECHA_MODIFICO) VALUES('ERJ 190', '', 6, 1,3,1,'amxsab.system@gmail.com',CURRENT_TIMESTAMP,'amxsab.system@gmail.com',CURRENT_TIMESTAMP);
INSERT INTO MODELO_AVION (MODELO,DESCRIPCION,ID_TIPO_CABINA,ID_COMPANIA,ID_FABRICANTE,STATUS,USUARIO_CREO,FECHA_CREO,USUARIO_MODIFICO,FECHA_MODIFICO) VALUES('ERJ 170', '', 6, 1,3,1,'amxsab.system@gmail.com',CURRENT_TIMESTAMP,'amxsab.system@gmail.com',CURRENT_TIMESTAMP);
INSERT INTO MODELO_AVION (MODELO,DESCRIPCION,ID_TIPO_CABINA,ID_COMPANIA,ID_FABRICANTE,STATUS,USUARIO_CREO,FECHA_CREO,USUARIO_MODIFICO,FECHA_MODIFICO) VALUES('EMB170', '', 6, 1,3,1,'amxsab.system@gmail.com',CURRENT_TIMESTAMP,'amxsab.system@gmail.com',CURRENT_TIMESTAMP);
INSERT INTO MODELO_AVION (MODELO,DESCRIPCION,ID_TIPO_CABINA,ID_COMPANIA,ID_FABRICANTE,STATUS,USUARIO_CREO,FECHA_CREO,USUARIO_MODIFICO,FECHA_MODIFICO) VALUES('EMB190', '', 6, 1,3,1,'amxsab.system@gmail.com',CURRENT_TIMESTAMP,'amxsab.system@gmail.com',CURRENT_TIMESTAMP);
INSERT INTO MODELO_AVION (MODELO,DESCRIPCION,ID_TIPO_CABINA,ID_COMPANIA,ID_FABRICANTE,STATUS,USUARIO_CREO,FECHA_CREO,USUARIO_MODIFICO,FECHA_MODIFICO) VALUES('ERJ145', '', 6, 2,3,1,'amxsab.system@gmail.com',CURRENT_TIMESTAMP,'amxsab.system@gmail.com',CURRENT_TIMESTAMP);

INSERT INTO SISTEMA_ENTRETENIMIENTO (TIPO,VERSION,DESCRIPCION,STATUS,USUARIO_CREO,FECHA_CREO,USUARIO_MODIFICO,FECHA_MODIFICO) VALUES('AVOD', 'EX1', '',1,'amxsab.system@gmail.com',CURRENT_TIMESTAMP,'amxsab.system@gmail.com',CURRENT_TIMESTAMP);
INSERT INTO SISTEMA_ENTRETENIMIENTO (TIPO,VERSION,DESCRIPCION,STATUS,USUARIO_CREO,FECHA_CREO,USUARIO_MODIFICO,FECHA_MODIFICO) VALUES('AVOD', 'EX2', '',1,'amxsab.system@gmail.com',CURRENT_TIMESTAMP,'amxsab.system@gmail.com',CURRENT_TIMESTAMP);
INSERT INTO SISTEMA_ENTRETENIMIENTO (TIPO,VERSION,DESCRIPCION,STATUS,USUARIO_CREO,FECHA_CREO,USUARIO_MODIFICO,FECHA_MODIFICO) VALUES('AVOD', 'EX3', '',1,'amxsab.system@gmail.com',CURRENT_TIMESTAMP,'amxsab.system@gmail.com',CURRENT_TIMESTAMP);
INSERT INTO SISTEMA_ENTRETENIMIENTO (TIPO,VERSION,DESCRIPCION,STATUS,USUARIO_CREO,FECHA_CREO,USUARIO_MODIFICO,FECHA_MODIFICO) VALUES('OVERHEAD', 'DIGITAL', '',1,'amxsab.system@gmail.com',CURRENT_TIMESTAMP,'amxsab.system@gmail.com',CURRENT_TIMESTAMP);
INSERT INTO SISTEMA_ENTRETENIMIENTO (TIPO,VERSION,DESCRIPCION,STATUS,USUARIO_CREO,FECHA_CREO,USUARIO_MODIFICO,FECHA_MODIFICO) VALUES('OVERHEAD', 'ANÁLOGO', '',1,'amxsab.system@gmail.com',CURRENT_TIMESTAMP,'amxsab.system@gmail.com',CURRENT_TIMESTAMP);

INSERT INTO TIPO_EQUIPO_AVION (TIPO_EQUIPO,ID_MODELO_AVION,TOTAL_AVIONES,STATUS,USUARIO_CREO,FECHA_CREO,USUARIO_MODIFICO,FECHA_MODIFICO) VALUES('737', 6,0,1,'amxsab.system@gmail.com',CURRENT_TIMESTAMP,'amxsab.system@gmail.com',CURRENT_TIMESTAMP);
INSERT INTO TIPO_EQUIPO_AVION (TIPO_EQUIPO,ID_MODELO_AVION,TOTAL_AVIONES,STATUS,USUARIO_CREO,FECHA_CREO,USUARIO_MODIFICO,FECHA_MODIFICO) VALUES('738', 4,0,1,'amxsab.system@gmail.com',CURRENT_TIMESTAMP,'amxsab.system@gmail.com',CURRENT_TIMESTAMP);
INSERT INTO TIPO_EQUIPO_AVION (TIPO_EQUIPO,ID_MODELO_AVION,TOTAL_AVIONES,STATUS,USUARIO_CREO,FECHA_CREO,USUARIO_MODIFICO,FECHA_MODIFICO) VALUES('38A', 4,0,1,'amxsab.system@gmail.com',CURRENT_TIMESTAMP,'amxsab.system@gmail.com',CURRENT_TIMESTAMP);
INSERT INTO TIPO_EQUIPO_AVION (TIPO_EQUIPO,ID_MODELO_AVION,TOTAL_AVIONES,STATUS,USUARIO_CREO,FECHA_CREO,USUARIO_MODIFICO,FECHA_MODIFICO) VALUES('789', 1,0,1,'amxsab.system@gmail.com',CURRENT_TIMESTAMP,'amxsab.system@gmail.com',CURRENT_TIMESTAMP);
INSERT INTO TIPO_EQUIPO_AVION (TIPO_EQUIPO,ID_MODELO_AVION,TOTAL_AVIONES,STATUS,USUARIO_CREO,FECHA_CREO,USUARIO_MODIFICO,FECHA_MODIFICO) VALUES('7S8', 4,0,1,'amxsab.system@gmail.com',CURRENT_TIMESTAMP,'amxsab.system@gmail.com',CURRENT_TIMESTAMP);
INSERT INTO TIPO_EQUIPO_AVION (TIPO_EQUIPO,ID_MODELO_AVION,TOTAL_AVIONES,STATUS,USUARIO_CREO,FECHA_CREO,USUARIO_MODIFICO,FECHA_MODIFICO) VALUES('777', 3,0,1,'amxsab.system@gmail.com',CURRENT_TIMESTAMP,'amxsab.system@gmail.com',CURRENT_TIMESTAMP);
INSERT INTO TIPO_EQUIPO_AVION (TIPO_EQUIPO,ID_MODELO_AVION,TOTAL_AVIONES,STATUS,USUARIO_CREO,FECHA_CREO,USUARIO_MODIFICO,FECHA_MODIFICO) VALUES('E90', 7,0,1,'amxsab.system@gmail.com',CURRENT_TIMESTAMP,'amxsab.system@gmail.com',CURRENT_TIMESTAMP);

INSERT INTO DURACION_VUELOS (TIEMPO_INICIO,TIEMPO_FIN,STATUS,USUARIO_CREO,FECHA_CREO,USUARIO_MODIFICO,FECHA_MODIFICO) VALUES('2:00', '2:59',1,'amxsab.system@gmail.com',CURRENT_TIMESTAMP,'amxsab.system@gmail.com',CURRENT_TIMESTAMP);
INSERT INTO DURACION_VUELOS (TIEMPO_INICIO,TIEMPO_FIN,STATUS,USUARIO_CREO,FECHA_CREO,USUARIO_MODIFICO,FECHA_MODIFICO) VALUES('3:00', '3:59',1,'amxsab.system@gmail.com',CURRENT_TIMESTAMP,'amxsab.system@gmail.com',CURRENT_TIMESTAMP);
INSERT INTO DURACION_VUELOS (TIEMPO_INICIO,TIEMPO_FIN,STATUS,USUARIO_CREO,FECHA_CREO,USUARIO_MODIFICO,FECHA_MODIFICO) VALUES('4:00', '5:30',1,'amxsab.system@gmail.com',CURRENT_TIMESTAMP,'amxsab.system@gmail.com',CURRENT_TIMESTAMP);
INSERT INTO DURACION_VUELOS (TIEMPO_INICIO,TIEMPO_FIN,STATUS,USUARIO_CREO,FECHA_CREO,USUARIO_MODIFICO,FECHA_MODIFICO) VALUES('2:30', '4:45',1,'amxsab.system@gmail.com',CURRENT_TIMESTAMP,'amxsab.system@gmail.com',CURRENT_TIMESTAMP);
INSERT INTO DURACION_VUELOS (TIEMPO_INICIO,TIEMPO_FIN,STATUS,USUARIO_CREO,FECHA_CREO,USUARIO_MODIFICO,FECHA_MODIFICO) VALUES('4:46', '7:30',1,'amxsab.system@gmail.com',CURRENT_TIMESTAMP,'amxsab.system@gmail.com',CURRENT_TIMESTAMP);
INSERT INTO DURACION_VUELOS (TIEMPO_INICIO,TIEMPO_FIN,STATUS,USUARIO_CREO,FECHA_CREO,USUARIO_MODIFICO,FECHA_MODIFICO) VALUES('7:31', '9:30',1,'amxsab.system@gmail.com',CURRENT_TIMESTAMP,'amxsab.system@gmail.com',CURRENT_TIMESTAMP);
INSERT INTO DURACION_VUELOS (TIEMPO_INICIO,TIEMPO_FIN,STATUS,USUARIO_CREO,FECHA_CREO,USUARIO_MODIFICO,FECHA_MODIFICO) VALUES('5:31', '10:10',1,'amxsab.system@gmail.com',CURRENT_TIMESTAMP,'amxsab.system@gmail.com',CURRENT_TIMESTAMP);
INSERT INTO DURACION_VUELOS (TIEMPO_INICIO,TIEMPO_FIN,STATUS,USUARIO_CREO,FECHA_CREO,USUARIO_MODIFICO,FECHA_MODIFICO) VALUES('1:35', '3:45',1,'amxsab.system@gmail.com',CURRENT_TIMESTAMP,'amxsab.system@gmail.com',CURRENT_TIMESTAMP);
INSERT INTO DURACION_VUELOS (TIEMPO_INICIO,TIEMPO_FIN,STATUS,USUARIO_CREO,FECHA_CREO,USUARIO_MODIFICO,FECHA_MODIFICO) VALUES('2:46', '3:45',1,'amxsab.system@gmail.com',CURRENT_TIMESTAMP,'amxsab.system@gmail.com',CURRENT_TIMESTAMP);
INSERT INTO DURACION_VUELOS (TIEMPO_INICIO,TIEMPO_FIN,STATUS,USUARIO_CREO,FECHA_CREO,USUARIO_MODIFICO,FECHA_MODIFICO) VALUES('0:55', '1:29',1,'amxsab.system@gmail.com',CURRENT_TIMESTAMP,'amxsab.system@gmail.com',CURRENT_TIMESTAMP);
INSERT INTO DURACION_VUELOS (TIEMPO_INICIO,TIEMPO_FIN,STATUS,USUARIO_CREO,FECHA_CREO,USUARIO_MODIFICO,FECHA_MODIFICO) VALUES('5:01', '6:00',1,'amxsab.system@gmail.com',CURRENT_TIMESTAMP,'amxsab.system@gmail.com',CURRENT_TIMESTAMP);

INSERT INTO HORARIO_REGION (ID_REGION,HORA_INICIO,HORA_FIN,STATUS,USUARIO_CREO,FECHA_CREO,USUARIO_MODIFICO,FECHA_MODIFICO) VALUES(2, '6:00', '9:59',1,'amxsab.system@gmail.com',CURRENT_TIMESTAMP,'amxsab.system@gmail.com',CURRENT_TIMESTAMP);
INSERT INTO HORARIO_REGION (ID_REGION,HORA_INICIO,HORA_FIN,STATUS,USUARIO_CREO,FECHA_CREO,USUARIO_MODIFICO,FECHA_MODIFICO) VALUES(2, '10:00', '11:59',1,'amxsab.system@gmail.com',CURRENT_TIMESTAMP,'amxsab.system@gmail.com',CURRENT_TIMESTAMP);
INSERT INTO HORARIO_REGION (ID_REGION,HORA_INICIO,HORA_FIN,STATUS,USUARIO_CREO,FECHA_CREO,USUARIO_MODIFICO,FECHA_MODIFICO) VALUES(2, '12:00', '15:59',1,'amxsab.system@gmail.com',CURRENT_TIMESTAMP,'amxsab.system@gmail.com',CURRENT_TIMESTAMP);
INSERT INTO HORARIO_REGION (ID_REGION,HORA_INICIO,HORA_FIN,STATUS,USUARIO_CREO,FECHA_CREO,USUARIO_MODIFICO,FECHA_MODIFICO) VALUES(2, '16:00', '18:59',1,'amxsab.system@gmail.com',CURRENT_TIMESTAMP,'amxsab.system@gmail.com',CURRENT_TIMESTAMP);
INSERT INTO HORARIO_REGION (ID_REGION,HORA_INICIO,HORA_FIN,STATUS,USUARIO_CREO,FECHA_CREO,USUARIO_MODIFICO,FECHA_MODIFICO) VALUES(2, '19:00', '23:59',1,'amxsab.system@gmail.com',CURRENT_TIMESTAMP,'amxsab.system@gmail.com',CURRENT_TIMESTAMP);
INSERT INTO HORARIO_REGION (ID_REGION,HORA_INICIO,HORA_FIN,STATUS,USUARIO_CREO,FECHA_CREO,USUARIO_MODIFICO,FECHA_MODIFICO) VALUES(2, '0:01', '5:59',1,'amxsab.system@gmail.com',CURRENT_TIMESTAMP,'amxsab.system@gmail.com',CURRENT_TIMESTAMP);
INSERT INTO HORARIO_REGION (ID_REGION,HORA_INICIO,HORA_FIN,STATUS,USUARIO_CREO,FECHA_CREO,USUARIO_MODIFICO,FECHA_MODIFICO) VALUES(6, '6:00', '9:59',1,'amxsab.system@gmail.com',CURRENT_TIMESTAMP,'amxsab.system@gmail.com',CURRENT_TIMESTAMP);
INSERT INTO HORARIO_REGION (ID_REGION,HORA_INICIO,HORA_FIN,STATUS,USUARIO_CREO,FECHA_CREO,USUARIO_MODIFICO,FECHA_MODIFICO) VALUES(6, '10:00', '11:59',1,'amxsab.system@gmail.com',CURRENT_TIMESTAMP,'amxsab.system@gmail.com',CURRENT_TIMESTAMP);
INSERT INTO HORARIO_REGION (ID_REGION,HORA_INICIO,HORA_FIN,STATUS,USUARIO_CREO,FECHA_CREO,USUARIO_MODIFICO,FECHA_MODIFICO) VALUES(6, '12:00', '15:59',1,'amxsab.system@gmail.com',CURRENT_TIMESTAMP,'amxsab.system@gmail.com',CURRENT_TIMESTAMP);
INSERT INTO HORARIO_REGION (ID_REGION,HORA_INICIO,HORA_FIN,STATUS,USUARIO_CREO,FECHA_CREO,USUARIO_MODIFICO,FECHA_MODIFICO) VALUES(6, '16:00', '18:59',1,'amxsab.system@gmail.com',CURRENT_TIMESTAMP,'amxsab.system@gmail.com',CURRENT_TIMESTAMP);
INSERT INTO HORARIO_REGION (ID_REGION,HORA_INICIO,HORA_FIN,STATUS,USUARIO_CREO,FECHA_CREO,USUARIO_MODIFICO,FECHA_MODIFICO) VALUES(6, '19:00', '23:59',1,'amxsab.system@gmail.com',CURRENT_TIMESTAMP,'amxsab.system@gmail.com',CURRENT_TIMESTAMP);
INSERT INTO HORARIO_REGION (ID_REGION,HORA_INICIO,HORA_FIN,STATUS,USUARIO_CREO,FECHA_CREO,USUARIO_MODIFICO,FECHA_MODIFICO) VALUES(6, '0:01', '5:59',1,'amxsab.system@gmail.com',CURRENT_TIMESTAMP,'amxsab.system@gmail.com',CURRENT_TIMESTAMP);
INSERT INTO HORARIO_REGION (ID_REGION,HORA_INICIO,HORA_FIN,STATUS,USUARIO_CREO,FECHA_CREO,USUARIO_MODIFICO,FECHA_MODIFICO) VALUES(3, '06:00', '09:59',1,'amxsab.system@gmail.com',CURRENT_TIMESTAMP,'amxsab.system@gmail.com',CURRENT_TIMESTAMP);
INSERT INTO HORARIO_REGION (ID_REGION,HORA_INICIO,HORA_FIN,STATUS,USUARIO_CREO,FECHA_CREO,USUARIO_MODIFICO,FECHA_MODIFICO) VALUES(3, '10:00', '11:59',1,'amxsab.system@gmail.com',CURRENT_TIMESTAMP,'amxsab.system@gmail.com',CURRENT_TIMESTAMP);
INSERT INTO HORARIO_REGION (ID_REGION,HORA_INICIO,HORA_FIN,STATUS,USUARIO_CREO,FECHA_CREO,USUARIO_MODIFICO,FECHA_MODIFICO) VALUES(3, '12:00', '15:59',1,'amxsab.system@gmail.com',CURRENT_TIMESTAMP,'amxsab.system@gmail.com',CURRENT_TIMESTAMP);
INSERT INTO HORARIO_REGION (ID_REGION,HORA_INICIO,HORA_FIN,STATUS,USUARIO_CREO,FECHA_CREO,USUARIO_MODIFICO,FECHA_MODIFICO) VALUES(3, '16:00', '18:59',1,'amxsab.system@gmail.com',CURRENT_TIMESTAMP,'amxsab.system@gmail.com',CURRENT_TIMESTAMP);
INSERT INTO HORARIO_REGION (ID_REGION,HORA_INICIO,HORA_FIN,STATUS,USUARIO_CREO,FECHA_CREO,USUARIO_MODIFICO,FECHA_MODIFICO) VALUES(3, '19:00', '23:59',1,'amxsab.system@gmail.com',CURRENT_TIMESTAMP,'amxsab.system@gmail.com',CURRENT_TIMESTAMP);
INSERT INTO HORARIO_REGION (ID_REGION,HORA_INICIO,HORA_FIN,STATUS,USUARIO_CREO,FECHA_CREO,USUARIO_MODIFICO,FECHA_MODIFICO) VALUES(3, '00:00', '05:59',1,'amxsab.system@gmail.com',CURRENT_TIMESTAMP,'amxsab.system@gmail.com',CURRENT_TIMESTAMP);
INSERT INTO HORARIO_REGION (ID_REGION,HORA_INICIO,HORA_FIN,STATUS,USUARIO_CREO,FECHA_CREO,USUARIO_MODIFICO,FECHA_MODIFICO) VALUES(1, '06:00', '09:59',1,'amxsab.system@gmail.com',CURRENT_TIMESTAMP,'amxsab.system@gmail.com',CURRENT_TIMESTAMP);
INSERT INTO HORARIO_REGION (ID_REGION,HORA_INICIO,HORA_FIN,STATUS,USUARIO_CREO,FECHA_CREO,USUARIO_MODIFICO,FECHA_MODIFICO) VALUES(1, '10:00', '12:00',1,'amxsab.system@gmail.com',CURRENT_TIMESTAMP,'amxsab.system@gmail.com',CURRENT_TIMESTAMP);
INSERT INTO HORARIO_REGION (ID_REGION,HORA_INICIO,HORA_FIN,STATUS,USUARIO_CREO,FECHA_CREO,USUARIO_MODIFICO,FECHA_MODIFICO) VALUES(1, '12:01', '15:00',1,'amxsab.system@gmail.com',CURRENT_TIMESTAMP,'amxsab.system@gmail.com',CURRENT_TIMESTAMP);
INSERT INTO HORARIO_REGION (ID_REGION,HORA_INICIO,HORA_FIN,STATUS,USUARIO_CREO,FECHA_CREO,USUARIO_MODIFICO,FECHA_MODIFICO) VALUES(1, '15:01', '18:59',1,'amxsab.system@gmail.com',CURRENT_TIMESTAMP,'amxsab.system@gmail.com',CURRENT_TIMESTAMP);
INSERT INTO HORARIO_REGION (ID_REGION,HORA_INICIO,HORA_FIN,STATUS,USUARIO_CREO,FECHA_CREO,USUARIO_MODIFICO,FECHA_MODIFICO) VALUES(1, '19:00', '22:59',1,'amxsab.system@gmail.com',CURRENT_TIMESTAMP,'amxsab.system@gmail.com',CURRENT_TIMESTAMP);
INSERT INTO HORARIO_REGION (ID_REGION,HORA_INICIO,HORA_FIN,STATUS,USUARIO_CREO,FECHA_CREO,USUARIO_MODIFICO,FECHA_MODIFICO) VALUES(1, '23:00', '05:59',1,'amxsab.system@gmail.com',CURRENT_TIMESTAMP,'amxsab.system@gmail.com',CURRENT_TIMESTAMP);
INSERT INTO HORARIO_REGION (ID_REGION,HORA_INICIO,HORA_FIN,STATUS,USUARIO_CREO,FECHA_CREO,USUARIO_MODIFICO,FECHA_MODIFICO) VALUES(4, '06:00', '09:59',1,'amxsab.system@gmail.com',CURRENT_TIMESTAMP,'amxsab.system@gmail.com',CURRENT_TIMESTAMP);
INSERT INTO HORARIO_REGION (ID_REGION,HORA_INICIO,HORA_FIN,STATUS,USUARIO_CREO,FECHA_CREO,USUARIO_MODIFICO,FECHA_MODIFICO) VALUES(4, '10:00', '12:00',1,'amxsab.system@gmail.com',CURRENT_TIMESTAMP,'amxsab.system@gmail.com',CURRENT_TIMESTAMP);
INSERT INTO HORARIO_REGION (ID_REGION,HORA_INICIO,HORA_FIN,STATUS,USUARIO_CREO,FECHA_CREO,USUARIO_MODIFICO,FECHA_MODIFICO) VALUES(4, '12:01', '15:00',1,'amxsab.system@gmail.com',CURRENT_TIMESTAMP,'amxsab.system@gmail.com',CURRENT_TIMESTAMP);
INSERT INTO HORARIO_REGION (ID_REGION,HORA_INICIO,HORA_FIN,STATUS,USUARIO_CREO,FECHA_CREO,USUARIO_MODIFICO,FECHA_MODIFICO) VALUES(4, '15:01', '18:59',1,'amxsab.system@gmail.com',CURRENT_TIMESTAMP,'amxsab.system@gmail.com',CURRENT_TIMESTAMP);
INSERT INTO HORARIO_REGION (ID_REGION,HORA_INICIO,HORA_FIN,STATUS,USUARIO_CREO,FECHA_CREO,USUARIO_MODIFICO,FECHA_MODIFICO) VALUES(4, '19:00', '22:59',1,'amxsab.system@gmail.com',CURRENT_TIMESTAMP,'amxsab.system@gmail.com',CURRENT_TIMESTAMP);
INSERT INTO HORARIO_REGION (ID_REGION,HORA_INICIO,HORA_FIN,STATUS,USUARIO_CREO,FECHA_CREO,USUARIO_MODIFICO,FECHA_MODIFICO) VALUES(4, '23:00', '05:59',1,'amxsab.system@gmail.com',CURRENT_TIMESTAMP,'amxsab.system@gmail.com',CURRENT_TIMESTAMP);
INSERT INTO HORARIO_REGION (ID_REGION,HORA_INICIO,HORA_FIN,STATUS,USUARIO_CREO,FECHA_CREO,USUARIO_MODIFICO,FECHA_MODIFICO) VALUES(5, '06:00', '09:59',1,'amxsab.system@gmail.com',CURRENT_TIMESTAMP,'amxsab.system@gmail.com',CURRENT_TIMESTAMP);
INSERT INTO HORARIO_REGION (ID_REGION,HORA_INICIO,HORA_FIN,STATUS,USUARIO_CREO,FECHA_CREO,USUARIO_MODIFICO,FECHA_MODIFICO) VALUES(5, '10:00', '11:59',1,'amxsab.system@gmail.com',CURRENT_TIMESTAMP,'amxsab.system@gmail.com',CURRENT_TIMESTAMP);
INSERT INTO HORARIO_REGION (ID_REGION,HORA_INICIO,HORA_FIN,STATUS,USUARIO_CREO,FECHA_CREO,USUARIO_MODIFICO,FECHA_MODIFICO) VALUES(5, '12:00', '15:59',1,'amxsab.system@gmail.com',CURRENT_TIMESTAMP,'amxsab.system@gmail.com',CURRENT_TIMESTAMP);
INSERT INTO HORARIO_REGION (ID_REGION,HORA_INICIO,HORA_FIN,STATUS,USUARIO_CREO,FECHA_CREO,USUARIO_MODIFICO,FECHA_MODIFICO) VALUES(5, '16:00', '18:59',1,'amxsab.system@gmail.com',CURRENT_TIMESTAMP,'amxsab.system@gmail.com',CURRENT_TIMESTAMP);
INSERT INTO HORARIO_REGION (ID_REGION,HORA_INICIO,HORA_FIN,STATUS,USUARIO_CREO,FECHA_CREO,USUARIO_MODIFICO,FECHA_MODIFICO) VALUES(5, '19:00', '23:59',1,'amxsab.system@gmail.com',CURRENT_TIMESTAMP,'amxsab.system@gmail.com',CURRENT_TIMESTAMP);
INSERT INTO HORARIO_REGION (ID_REGION,HORA_INICIO,HORA_FIN,STATUS,USUARIO_CREO,FECHA_CREO,USUARIO_MODIFICO,FECHA_MODIFICO) VALUES(5, '00:00', '05:59',1,'amxsab.system@gmail.com',CURRENT_TIMESTAMP,'amxsab.system@gmail.com',CURRENT_TIMESTAMP);
INSERT INTO HORARIO_REGION (ID_REGION,HORA_INICIO,HORA_FIN,STATUS,USUARIO_CREO,FECHA_CREO,USUARIO_MODIFICO,FECHA_MODIFICO) VALUES(7, '06:00', '09:59',1,'amxsab.system@gmail.com',CURRENT_TIMESTAMP,'amxsab.system@gmail.com',CURRENT_TIMESTAMP);
INSERT INTO HORARIO_REGION (ID_REGION,HORA_INICIO,HORA_FIN,STATUS,USUARIO_CREO,FECHA_CREO,USUARIO_MODIFICO,FECHA_MODIFICO) VALUES(7, '10:00', '11:59',1,'amxsab.system@gmail.com',CURRENT_TIMESTAMP,'amxsab.system@gmail.com',CURRENT_TIMESTAMP);
INSERT INTO HORARIO_REGION (ID_REGION,HORA_INICIO,HORA_FIN,STATUS,USUARIO_CREO,FECHA_CREO,USUARIO_MODIFICO,FECHA_MODIFICO) VALUES(7, '12:00', '15:59',1,'amxsab.system@gmail.com',CURRENT_TIMESTAMP,'amxsab.system@gmail.com',CURRENT_TIMESTAMP);
INSERT INTO HORARIO_REGION (ID_REGION,HORA_INICIO,HORA_FIN,STATUS,USUARIO_CREO,FECHA_CREO,USUARIO_MODIFICO,FECHA_MODIFICO) VALUES(7, '16:00', '18:59',1,'amxsab.system@gmail.com',CURRENT_TIMESTAMP,'amxsab.system@gmail.com',CURRENT_TIMESTAMP);
INSERT INTO HORARIO_REGION (ID_REGION,HORA_INICIO,HORA_FIN,STATUS,USUARIO_CREO,FECHA_CREO,USUARIO_MODIFICO,FECHA_MODIFICO) VALUES(7, '19:00', '23:59',1,'amxsab.system@gmail.com',CURRENT_TIMESTAMP,'amxsab.system@gmail.com',CURRENT_TIMESTAMP);
INSERT INTO HORARIO_REGION (ID_REGION,HORA_INICIO,HORA_FIN,STATUS,USUARIO_CREO,FECHA_CREO,USUARIO_MODIFICO,FECHA_MODIFICO) VALUES(7, '00:00', '05:59',1,'amxsab.system@gmail.com',CURRENT_TIMESTAMP,'amxsab.system@gmail.com',CURRENT_TIMESTAMP);

INSERT INTO GRAFICO (ID_MODELO_AVION,ID_IDIOMA,STATUS,USUARIO_CREO,FECHA_CREO,USUARIO_MODIFICO,FECHA_MODIFICO) VALUES(1,1,1,'amxsab.system@gmail.com',CURRENT_TIMESTAMP,'amxsab.system@gmail.com',CURRENT_TIMESTAMP);

INSERT INTO CLASE (CLAVE,NOMBRE_ESP,NOMBRE_ENG,STATUS,USUARIO_CREO,FECHA_CREO,USUARIO_MODIFICO,FECHA_MODIFICO) VALUES('CJ', 'PREMIER', 'PREMIER',1,'amxsab.system@gmail.com',CURRENT_TIMESTAMP,'amxsab.system@gmail.com',CURRENT_TIMESTAMP);
INSERT INTO CLASE (CLAVE,NOMBRE_ESP,NOMBRE_ENG,STATUS,USUARIO_CREO,FECHA_CREO,USUARIO_MODIFICO,FECHA_MODIFICO) VALUES('CY', 'TURISTA', 'TOURIST',1,'amxsab.system@gmail.com',CURRENT_TIMESTAMP,'amxsab.system@gmail.com',CURRENT_TIMESTAMP);
INSERT INTO CLASE (CLAVE,NOMBRE_ESP,NOMBRE_ENG,STATUS,USUARIO_CREO,FECHA_CREO,USUARIO_MODIFICO,FECHA_MODIFICO) VALUES('CE', 'ÚNICA', 'UNIQUE',1,'amxsab.system@gmail.com',CURRENT_TIMESTAMP,'amxsab.system@gmail.com',CURRENT_TIMESTAMP);

INSERT INTO CODIGO_SERVICIO (CVE_CODIGO_SERVICIO,DESCRIPCION,ID_CLASE,ID_TIPO_CODIGO_SERVICIO,ID_TIPO_CICLO,STATUS,USUARIO_CREO,FECHA_CREO,USUARIO_MODIFICO,FECHA_MODIFICO) VALUES('BDG', 'Box Diurno Grande', 1, 53, 10,1,'amxsab.system@gmail.com',CURRENT_TIMESTAMP,'amxsab.system@gmail.com',CURRENT_TIMESTAMP);
INSERT INTO CODIGO_SERVICIO (CVE_CODIGO_SERVICIO,DESCRIPCION,ID_CLASE,ID_TIPO_CODIGO_SERVICIO,ID_TIPO_CICLO,STATUS,USUARIO_CREO,FECHA_CREO,USUARIO_MODIFICO,FECHA_MODIFICO) VALUES('BSF', 'Canasta de Fruta (Basket Snack Fruit)', 1, 53, 10,1,'amxsab.system@gmail.com',CURRENT_TIMESTAMP,'amxsab.system@gmail.com',CURRENT_TIMESTAMP);
INSERT INTO CODIGO_SERVICIO (CVE_CODIGO_SERVICIO,DESCRIPCION,ID_CLASE,ID_TIPO_CODIGO_SERVICIO,ID_TIPO_CICLO,STATUS,USUARIO_CREO,FECHA_CREO,USUARIO_MODIFICO,FECHA_MODIFICO) VALUES('BVG', 'Box Vespertino Grande', 1, 53, 10,1,'amxsab.system@gmail.com',CURRENT_TIMESTAMP,'amxsab.system@gmail.com',CURRENT_TIMESTAMP);
INSERT INTO CODIGO_SERVICIO (CVE_CODIGO_SERVICIO,DESCRIPCION,ID_CLASE,ID_TIPO_CODIGO_SERVICIO,ID_TIPO_CICLO,STATUS,USUARIO_CREO,FECHA_CREO,USUARIO_MODIFICO,FECHA_MODIFICO) VALUES('CCA', 'Comida Caliente América', 1, 53, 10,1,'amxsab.system@gmail.com',CURRENT_TIMESTAMP,'amxsab.system@gmail.com',CURRENT_TIMESTAMP);
INSERT INTO CODIGO_SERVICIO (CVE_CODIGO_SERVICIO,DESCRIPCION,ID_CLASE,ID_TIPO_CODIGO_SERVICIO,ID_TIPO_CICLO,STATUS,USUARIO_CREO,FECHA_CREO,USUARIO_MODIFICO,FECHA_MODIFICO) VALUES('CCC', 'Comida Caliente China', 1, 53, 10,1,'amxsab.system@gmail.com',CURRENT_TIMESTAMP,'amxsab.system@gmail.com',CURRENT_TIMESTAMP);
INSERT INTO CODIGO_SERVICIO (CVE_CODIGO_SERVICIO,DESCRIPCION,ID_CLASE,ID_TIPO_CODIGO_SERVICIO,ID_TIPO_CICLO,STATUS,USUARIO_CREO,FECHA_CREO,USUARIO_MODIFICO,FECHA_MODIFICO) VALUES('CCI', 'Comida Caliente ICN (Seul)', 1, 53, 10,1,'amxsab.system@gmail.com',CURRENT_TIMESTAMP,'amxsab.system@gmail.com',CURRENT_TIMESTAMP);
INSERT INTO CODIGO_SERVICIO (CVE_CODIGO_SERVICIO,DESCRIPCION,ID_CLASE,ID_TIPO_CODIGO_SERVICIO,ID_TIPO_CICLO,STATUS,USUARIO_CREO,FECHA_CREO,USUARIO_MODIFICO,FECHA_MODIFICO) VALUES('CCE', 'Comida Caliente Europa', 1, 53, 10,1,'amxsab.system@gmail.com',CURRENT_TIMESTAMP,'amxsab.system@gmail.com',CURRENT_TIMESTAMP);
INSERT INTO CODIGO_SERVICIO (CVE_CODIGO_SERVICIO,DESCRIPCION,ID_CLASE,ID_TIPO_CODIGO_SERVICIO,ID_TIPO_CICLO,STATUS,USUARIO_CREO,FECHA_CREO,USUARIO_MODIFICO,FECHA_MODIFICO) VALUES('CCJ', 'Comida Caliente Japón', 1, 53, 10,1,'amxsab.system@gmail.com',CURRENT_TIMESTAMP,'amxsab.system@gmail.com',CURRENT_TIMESTAMP);
INSERT INTO CODIGO_SERVICIO (CVE_CODIGO_SERVICIO,DESCRIPCION,ID_CLASE,ID_TIPO_CODIGO_SERVICIO,ID_TIPO_CICLO,STATUS,USUARIO_CREO,FECHA_CREO,USUARIO_MODIFICO,FECHA_MODIFICO) VALUES('CCS', 'Comida Caliente Sudamérica', 1, 53, 10,1,'amxsab.system@gmail.com',CURRENT_TIMESTAMP,'amxsab.system@gmail.com',CURRENT_TIMESTAMP);
INSERT INTO CODIGO_SERVICIO (CVE_CODIGO_SERVICIO,DESCRIPCION,ID_CLASE,ID_TIPO_CODIGO_SERVICIO,ID_TIPO_CICLO,STATUS,USUARIO_CREO,FECHA_CREO,USUARIO_MODIFICO,FECHA_MODIFICO) VALUES('CCX', 'Comida Caliente Multiregión', 1, 53, 10,1,'amxsab.system@gmail.com',CURRENT_TIMESTAMP,'amxsab.system@gmail.com',CURRENT_TIMESTAMP);
INSERT INTO CODIGO_SERVICIO (CVE_CODIGO_SERVICIO,DESCRIPCION,ID_CLASE,ID_TIPO_CODIGO_SERVICIO,ID_TIPO_CICLO,STATUS,USUARIO_CREO,FECHA_CREO,USUARIO_MODIFICO,FECHA_MODIFICO) VALUES('CFA', 'Comida Fría América', 1, 53, 10,1,'amxsab.system@gmail.com',CURRENT_TIMESTAMP,'amxsab.system@gmail.com',CURRENT_TIMESTAMP);
INSERT INTO CODIGO_SERVICIO (CVE_CODIGO_SERVICIO,DESCRIPCION,ID_CLASE,ID_TIPO_CODIGO_SERVICIO,ID_TIPO_CICLO,STATUS,USUARIO_CREO,FECHA_CREO,USUARIO_MODIFICO,FECHA_MODIFICO) VALUES('CFP', 'Comida Fría Premium', 1, 53, 10,1,'amxsab.system@gmail.com',CURRENT_TIMESTAMP,'amxsab.system@gmail.com',CURRENT_TIMESTAMP);
INSERT INTO CODIGO_SERVICIO (CVE_CODIGO_SERVICIO,DESCRIPCION,ID_CLASE,ID_TIPO_CODIGO_SERVICIO,ID_TIPO_CICLO,STATUS,USUARIO_CREO,FECHA_CREO,USUARIO_MODIFICO,FECHA_MODIFICO) VALUES('CFX', 'Comida Fría Multiregión', 1, 53, 10,1,'amxsab.system@gmail.com',CURRENT_TIMESTAMP,'amxsab.system@gmail.com',CURRENT_TIMESTAMP);
INSERT INTO CODIGO_SERVICIO (CVE_CODIGO_SERVICIO,DESCRIPCION,ID_CLASE,ID_TIPO_CODIGO_SERVICIO,ID_TIPO_CICLO,STATUS,USUARIO_CREO,FECHA_CREO,USUARIO_MODIFICO,FECHA_MODIFICO) VALUES('CNX', 'Comida Nocturna Multiregión', 1, 53, 10,1,'amxsab.system@gmail.com',CURRENT_TIMESTAMP,'amxsab.system@gmail.com',CURRENT_TIMESTAMP);
INSERT INTO CODIGO_SERVICIO (CVE_CODIGO_SERVICIO,DESCRIPCION,ID_CLASE,ID_TIPO_CODIGO_SERVICIO,ID_TIPO_CICLO,STATUS,USUARIO_CREO,FECHA_CREO,USUARIO_MODIFICO,FECHA_MODIFICO) VALUES('CMA', 'Comida Mixta América', 1, 53, 10,1,'amxsab.system@gmail.com',CURRENT_TIMESTAMP,'amxsab.system@gmail.com',CURRENT_TIMESTAMP);
INSERT INTO CODIGO_SERVICIO (CVE_CODIGO_SERVICIO,DESCRIPCION,ID_CLASE,ID_TIPO_CODIGO_SERVICIO,ID_TIPO_CICLO,STATUS,USUARIO_CREO,FECHA_CREO,USUARIO_MODIFICO,FECHA_MODIFICO) VALUES('DCA', 'Desayuno Caliente América', 1, 53, 10,1,'amxsab.system@gmail.com',CURRENT_TIMESTAMP,'amxsab.system@gmail.com',CURRENT_TIMESTAMP);
INSERT INTO CODIGO_SERVICIO (CVE_CODIGO_SERVICIO,DESCRIPCION,ID_CLASE,ID_TIPO_CODIGO_SERVICIO,ID_TIPO_CICLO,STATUS,USUARIO_CREO,FECHA_CREO,USUARIO_MODIFICO,FECHA_MODIFICO) VALUES('DCU', 'Desayuno Caliente USA', 1, 53, 10,1,'amxsab.system@gmail.com',CURRENT_TIMESTAMP,'amxsab.system@gmail.com',CURRENT_TIMESTAMP);
INSERT INTO CODIGO_SERVICIO (CVE_CODIGO_SERVICIO,DESCRIPCION,ID_CLASE,ID_TIPO_CODIGO_SERVICIO,ID_TIPO_CICLO,STATUS,USUARIO_CREO,FECHA_CREO,USUARIO_MODIFICO,FECHA_MODIFICO) VALUES('DCC', 'Desayuno Caliente China', 1, 53, 10,1,'amxsab.system@gmail.com',CURRENT_TIMESTAMP,'amxsab.system@gmail.com',CURRENT_TIMESTAMP);
INSERT INTO CODIGO_SERVICIO (CVE_CODIGO_SERVICIO,DESCRIPCION,ID_CLASE,ID_TIPO_CODIGO_SERVICIO,ID_TIPO_CICLO,STATUS,USUARIO_CREO,FECHA_CREO,USUARIO_MODIFICO,FECHA_MODIFICO) VALUES('DCI', 'Desayuno Caliente ICN (Seul)', 1, 53, 10,1,'amxsab.system@gmail.com',CURRENT_TIMESTAMP,'amxsab.system@gmail.com',CURRENT_TIMESTAMP);
INSERT INTO CODIGO_SERVICIO (CVE_CODIGO_SERVICIO,DESCRIPCION,ID_CLASE,ID_TIPO_CODIGO_SERVICIO,ID_TIPO_CICLO,STATUS,USUARIO_CREO,FECHA_CREO,USUARIO_MODIFICO,FECHA_MODIFICO) VALUES('DCJ', 'Desayuno Caliente Japón', 1, 53, 10,1,'amxsab.system@gmail.com',CURRENT_TIMESTAMP,'amxsab.system@gmail.com',CURRENT_TIMESTAMP);
INSERT INTO CODIGO_SERVICIO (CVE_CODIGO_SERVICIO,DESCRIPCION,ID_CLASE,ID_TIPO_CODIGO_SERVICIO,ID_TIPO_CICLO,STATUS,USUARIO_CREO,FECHA_CREO,USUARIO_MODIFICO,FECHA_MODIFICO) VALUES('DCX', 'Desayuno Caliente Multiregión', 1, 53, 10,1,'amxsab.system@gmail.com',CURRENT_TIMESTAMP,'amxsab.system@gmail.com',CURRENT_TIMESTAMP);
INSERT INTO CODIGO_SERVICIO (CVE_CODIGO_SERVICIO,DESCRIPCION,ID_CLASE,ID_TIPO_CODIGO_SERVICIO,ID_TIPO_CICLO,STATUS,USUARIO_CREO,FECHA_CREO,USUARIO_MODIFICO,FECHA_MODIFICO) VALUES('DFX', 'Desayuno Frío Multiregión', 1, 53, 10,1,'amxsab.system@gmail.com',CURRENT_TIMESTAMP,'amxsab.system@gmail.com',CURRENT_TIMESTAMP);
INSERT INTO CODIGO_SERVICIO (CVE_CODIGO_SERVICIO,DESCRIPCION,ID_CLASE,ID_TIPO_CODIGO_SERVICIO,ID_TIPO_CICLO,STATUS,USUARIO_CREO,FECHA_CREO,USUARIO_MODIFICO,FECHA_MODIFICO) VALUES('DFA', 'Desayuno Frío América', 1, 53, 10,1,'amxsab.system@gmail.com',CURRENT_TIMESTAMP,'amxsab.system@gmail.com',CURRENT_TIMESTAMP);
INSERT INTO CODIGO_SERVICIO (CVE_CODIGO_SERVICIO,DESCRIPCION,ID_CLASE,ID_TIPO_CODIGO_SERVICIO,ID_TIPO_CICLO,STATUS,USUARIO_CREO,FECHA_CREO,USUARIO_MODIFICO,FECHA_MODIFICO) VALUES('DFP', 'Desayuno Frío Premium', 1, 53, 10,1,'amxsab.system@gmail.com',CURRENT_TIMESTAMP,'amxsab.system@gmail.com',CURRENT_TIMESTAMP);
INSERT INTO CODIGO_SERVICIO (CVE_CODIGO_SERVICIO,DESCRIPCION,ID_CLASE,ID_TIPO_CODIGO_SERVICIO,ID_TIPO_CICLO,STATUS,USUARIO_CREO,FECHA_CREO,USUARIO_MODIFICO,FECHA_MODIFICO) VALUES('DPN', 'Desayuno Pernocta Nacional', 1, 53, 10,1,'amxsab.system@gmail.com',CURRENT_TIMESTAMP,'amxsab.system@gmail.com',CURRENT_TIMESTAMP);
INSERT INTO CODIGO_SERVICIO (CVE_CODIGO_SERVICIO,DESCRIPCION,ID_CLASE,ID_TIPO_CODIGO_SERVICIO,ID_TIPO_CICLO,STATUS,USUARIO_CREO,FECHA_CREO,USUARIO_MODIFICO,FECHA_MODIFICO) VALUES('EFO', 'Entretiempo Frío Oriental', 1, 53, 10,1,'amxsab.system@gmail.com',CURRENT_TIMESTAMP,'amxsab.system@gmail.com',CURRENT_TIMESTAMP);
INSERT INTO CODIGO_SERVICIO (CVE_CODIGO_SERVICIO,DESCRIPCION,ID_CLASE,ID_TIPO_CODIGO_SERVICIO,ID_TIPO_CICLO,STATUS,USUARIO_CREO,FECHA_CREO,USUARIO_MODIFICO,FECHA_MODIFICO) VALUES('ENE', 'Entretiempo Nocturno Europa', 1, 53, 10,1,'amxsab.system@gmail.com',CURRENT_TIMESTAMP,'amxsab.system@gmail.com',CURRENT_TIMESTAMP);
INSERT INTO CODIGO_SERVICIO (CVE_CODIGO_SERVICIO,DESCRIPCION,ID_CLASE,ID_TIPO_CODIGO_SERVICIO,ID_TIPO_CICLO,STATUS,USUARIO_CREO,FECHA_CREO,USUARIO_MODIFICO,FECHA_MODIFICO) VALUES('ENS', 'Entretiempo Nocturno Sudamérica', 1, 53, 10,1,'amxsab.system@gmail.com',CURRENT_TIMESTAMP,'amxsab.system@gmail.com',CURRENT_TIMESTAMP);
INSERT INTO CODIGO_SERVICIO (CVE_CODIGO_SERVICIO,DESCRIPCION,ID_CLASE,ID_TIPO_CODIGO_SERVICIO,ID_TIPO_CICLO,STATUS,USUARIO_CREO,FECHA_CREO,USUARIO_MODIFICO,FECHA_MODIFICO) VALUES('EVE', 'Entretiempo Vespertino Europa', 1, 53, 10,1,'amxsab.system@gmail.com',CURRENT_TIMESTAMP,'amxsab.system@gmail.com',CURRENT_TIMESTAMP);
INSERT INTO CODIGO_SERVICIO (CVE_CODIGO_SERVICIO,DESCRIPCION,ID_CLASE,ID_TIPO_CODIGO_SERVICIO,ID_TIPO_CICLO,STATUS,USUARIO_CREO,FECHA_CREO,USUARIO_MODIFICO,FECHA_MODIFICO) VALUES('EVS', 'Entretiempo Vespertino Sudamérica', 1, 53, 10,1,'amxsab.system@gmail.com',CURRENT_TIMESTAMP,'amxsab.system@gmail.com',CURRENT_TIMESTAMP);
INSERT INTO CODIGO_SERVICIO (CVE_CODIGO_SERVICIO,DESCRIPCION,ID_CLASE,ID_TIPO_CODIGO_SERVICIO,ID_TIPO_CICLO,STATUS,USUARIO_CREO,FECHA_CREO,USUARIO_MODIFICO,FECHA_MODIFICO) VALUES('PQX', 'Plato de Quesos Multiregión', 1, 53, 10,1,'amxsab.system@gmail.com',CURRENT_TIMESTAMP,'amxsab.system@gmail.com',CURRENT_TIMESTAMP);
INSERT INTO CODIGO_SERVICIO (CVE_CODIGO_SERVICIO,DESCRIPCION,ID_CLASE,ID_TIPO_CODIGO_SERVICIO,ID_TIPO_CICLO,STATUS,USUARIO_CREO,FECHA_CREO,USUARIO_MODIFICO,FECHA_MODIFICO) VALUES('RFI', 'Refrigerio Frío ICN (Seul)', 1, 53, 10,1,'amxsab.system@gmail.com',CURRENT_TIMESTAMP,'amxsab.system@gmail.com',CURRENT_TIMESTAMP);
INSERT INTO CODIGO_SERVICIO (CVE_CODIGO_SERVICIO,DESCRIPCION,ID_CLASE,ID_TIPO_CODIGO_SERVICIO,ID_TIPO_CICLO,STATUS,USUARIO_CREO,FECHA_CREO,USUARIO_MODIFICO,FECHA_MODIFICO) VALUES('RFO', 'Refrigerio Frío Oriental', 1, 53, 10,1,'amxsab.system@gmail.com',CURRENT_TIMESTAMP,'amxsab.system@gmail.com',CURRENT_TIMESTAMP);
INSERT INTO CODIGO_SERVICIO (CVE_CODIGO_SERVICIO,DESCRIPCION,ID_CLASE,ID_TIPO_CODIGO_SERVICIO,ID_TIPO_CICLO,STATUS,USUARIO_CREO,FECHA_CREO,USUARIO_MODIFICO,FECHA_MODIFICO) VALUES('RFX', 'Refrigerio Frío Multiregión', 1, 53, 10,1,'amxsab.system@gmail.com',CURRENT_TIMESTAMP,'amxsab.system@gmail.com',CURRENT_TIMESTAMP);
INSERT INTO CODIGO_SERVICIO (CVE_CODIGO_SERVICIO,DESCRIPCION,ID_CLASE,ID_TIPO_CODIGO_SERVICIO,ID_TIPO_CICLO,STATUS,USUARIO_CREO,FECHA_CREO,USUARIO_MODIFICO,FECHA_MODIFICO) VALUES('RCX', 'Refrigerio caliente multiregión', 1, 53, 10,1,'amxsab.system@gmail.com',CURRENT_TIMESTAMP,'amxsab.system@gmail.com',CURRENT_TIMESTAMP);
INSERT INTO CODIGO_SERVICIO (CVE_CODIGO_SERVICIO,DESCRIPCION,ID_CLASE,ID_TIPO_CODIGO_SERVICIO,ID_TIPO_CICLO,STATUS,USUARIO_CREO,FECHA_CREO,USUARIO_MODIFICO,FECHA_MODIFICO) VALUES('OH', 'Overhead', 1, 54, 10,1,'amxsab.system@gmail.com',CURRENT_TIMESTAMP,'amxsab.system@gmail.com',CURRENT_TIMESTAMP);
INSERT INTO CODIGO_SERVICIO (CVE_CODIGO_SERVICIO,DESCRIPCION,ID_CLASE,ID_TIPO_CODIGO_SERVICIO,ID_TIPO_CICLO,STATUS,USUARIO_CREO,FECHA_CREO,USUARIO_MODIFICO,FECHA_MODIFICO) VALUES('AU', 'AUDÍFONOS', 1, 54, 10,1,'amxsab.system@gmail.com',CURRENT_TIMESTAMP,'amxsab.system@gmail.com',CURRENT_TIMESTAMP);
INSERT INTO CODIGO_SERVICIO (CVE_CODIGO_SERVICIO,DESCRIPCION,ID_CLASE,ID_TIPO_CODIGO_SERVICIO,ID_TIPO_CICLO,STATUS,USUARIO_CREO,FECHA_CREO,USUARIO_MODIFICO,FECHA_MODIFICO) VALUES('BA', 'BOTANA ALMENDRAS', 1, 54, 10,1,'amxsab.system@gmail.com',CURRENT_TIMESTAMP,'amxsab.system@gmail.com',CURRENT_TIMESTAMP);
INSERT INTO CODIGO_SERVICIO (CVE_CODIGO_SERVICIO,DESCRIPCION,ID_CLASE,ID_TIPO_CODIGO_SERVICIO,ID_TIPO_CICLO,STATUS,USUARIO_CREO,FECHA_CREO,USUARIO_MODIFICO,FECHA_MODIFICO) VALUES('BC', 'BAR DE CORTESÍA', 1, 54, 10,1,'amxsab.system@gmail.com',CURRENT_TIMESTAMP,'amxsab.system@gmail.com',CURRENT_TIMESTAMP);
INSERT INTO CODIGO_SERVICIO (CVE_CODIGO_SERVICIO,DESCRIPCION,ID_CLASE,ID_TIPO_CODIGO_SERVICIO,ID_TIPO_CICLO,STATUS,USUARIO_CREO,FECHA_CREO,USUARIO_MODIFICO,FECHA_MODIFICO) VALUES('BJ', 'BOTANA JAPONESA', 1, 54, 10,1,'amxsab.system@gmail.com',CURRENT_TIMESTAMP,'amxsab.system@gmail.com',CURRENT_TIMESTAMP);
INSERT INTO CODIGO_SERVICIO (CVE_CODIGO_SERVICIO,DESCRIPCION,ID_CLASE,ID_TIPO_CODIGO_SERVICIO,ID_TIPO_CICLO,STATUS,USUARIO_CREO,FECHA_CREO,USUARIO_MODIFICO,FECHA_MODIFICO) VALUES('DVD', 'DVD´S PORTÁTILES', 1, 54, 10,1,'amxsab.system@gmail.com',CURRENT_TIMESTAMP,'amxsab.system@gmail.com',CURRENT_TIMESTAMP);
INSERT INTO CODIGO_SERVICIO (CVE_CODIGO_SERVICIO,DESCRIPCION,ID_CLASE,ID_TIPO_CODIGO_SERVICIO,ID_TIPO_CICLO,STATUS,USUARIO_CREO,FECHA_CREO,USUARIO_MODIFICO,FECHA_MODIFICO) VALUES('GS', 'GALLETAS DULCES', 1, 54, 10,1,'amxsab.system@gmail.com',CURRENT_TIMESTAMP,'amxsab.system@gmail.com',CURRENT_TIMESTAMP);
INSERT INTO CODIGO_SERVICIO (CVE_CODIGO_SERVICIO,DESCRIPCION,ID_CLASE,ID_TIPO_CODIGO_SERVICIO,ID_TIPO_CICLO,STATUS,USUARIO_CREO,FECHA_CREO,USUARIO_MODIFICO,FECHA_MODIFICO) VALUES('JB', 'JUGO DE BIENVENIDA', 1, 54, 10,1,'amxsab.system@gmail.com',CURRENT_TIMESTAMP,'amxsab.system@gmail.com',CURRENT_TIMESTAMP);
INSERT INTO CODIGO_SERVICIO (CVE_CODIGO_SERVICIO,DESCRIPCION,ID_CLASE,ID_TIPO_CODIGO_SERVICIO,ID_TIPO_CICLO,STATUS,USUARIO_CREO,FECHA_CREO,USUARIO_MODIFICO,FECHA_MODIFICO) VALUES('LI', 'LÍQUIDOS', 1, 54, 10,1,'amxsab.system@gmail.com',CURRENT_TIMESTAMP,'amxsab.system@gmail.com',CURRENT_TIMESTAMP);
INSERT INTO CODIGO_SERVICIO (CVE_CODIGO_SERVICIO,DESCRIPCION,ID_CLASE,ID_TIPO_CODIGO_SERVICIO,ID_TIPO_CICLO,STATUS,USUARIO_CREO,FECHA_CREO,USUARIO_MODIFICO,FECHA_MODIFICO) VALUES('PD', 'PAN DULCE', 1, 54, 10,1,'amxsab.system@gmail.com',CURRENT_TIMESTAMP,'amxsab.system@gmail.com',CURRENT_TIMESTAMP);
INSERT INTO CODIGO_SERVICIO (CVE_CODIGO_SERVICIO,DESCRIPCION,ID_CLASE,ID_TIPO_CODIGO_SERVICIO,ID_TIPO_CICLO,STATUS,USUARIO_CREO,FECHA_CREO,USUARIO_MODIFICO,FECHA_MODIFICO) VALUES('PE', 'PROYECCIÓN DE PELÍCULA', 1, 54, 10,1,'amxsab.system@gmail.com',CURRENT_TIMESTAMP,'amxsab.system@gmail.com',CURRENT_TIMESTAMP);
INSERT INTO CODIGO_SERVICIO (CVE_CODIGO_SERVICIO,DESCRIPCION,ID_CLASE,ID_TIPO_CODIGO_SERVICIO,ID_TIPO_CICLO,STATUS,USUARIO_CREO,FECHA_CREO,USUARIO_MODIFICO,FECHA_MODIFICO) VALUES('TB', 'TIENDA A BORDO', 1, 54, 10,1,'amxsab.system@gmail.com',CURRENT_TIMESTAMP,'amxsab.system@gmail.com',CURRENT_TIMESTAMP);
INSERT INTO CODIGO_SERVICIO (CVE_CODIGO_SERVICIO,DESCRIPCION,ID_CLASE,ID_TIPO_CODIGO_SERVICIO,ID_TIPO_CICLO,STATUS,USUARIO_CREO,FECHA_CREO,USUARIO_MODIFICO,FECHA_MODIFICO) VALUES('TF', 'TOALLA FACIAL', 1, 54, 10,1,'amxsab.system@gmail.com',CURRENT_TIMESTAMP,'amxsab.system@gmail.com',CURRENT_TIMESTAMP);
INSERT INTO CODIGO_SERVICIO (CVE_CODIGO_SERVICIO,DESCRIPCION,ID_CLASE,ID_TIPO_CODIGO_SERVICIO,ID_TIPO_CICLO,STATUS,USUARIO_CREO,FECHA_CREO,USUARIO_MODIFICO,FECHA_MODIFICO) VALUES('TV', 'SERIE CORTA DE TV EQUIPOS B737-700/800', 1, 54, 10,1,'amxsab.system@gmail.com',CURRENT_TIMESTAMP,'amxsab.system@gmail.com',CURRENT_TIMESTAMP);
INSERT INTO CODIGO_SERVICIO (CVE_CODIGO_SERVICIO,DESCRIPCION,ID_CLASE,ID_TIPO_CODIGO_SERVICIO,ID_TIPO_CICLO,STATUS,USUARIO_CREO,FECHA_CREO,USUARIO_MODIFICO,FECHA_MODIFICO) VALUES('VM', 'VINOS DE MESA', 1, 54, 10,1,'amxsab.system@gmail.com',CURRENT_TIMESTAMP,'amxsab.system@gmail.com',CURRENT_TIMESTAMP);
INSERT INTO CODIGO_SERVICIO (CVE_CODIGO_SERVICIO,DESCRIPCION,ID_CLASE,ID_TIPO_CODIGO_SERVICIO,ID_TIPO_CICLO,STATUS,USUARIO_CREO,FECHA_CREO,USUARIO_MODIFICO,FECHA_MODIFICO) VALUES('WD', 'BAR DE BIENVENIDA', 1, 54, 10,1,'amxsab.system@gmail.com',CURRENT_TIMESTAMP,'amxsab.system@gmail.com',CURRENT_TIMESTAMP);
INSERT INTO CODIGO_SERVICIO (CVE_CODIGO_SERVICIO,DESCRIPCION,ID_CLASE,ID_TIPO_CODIGO_SERVICIO,ID_TIPO_CICLO,STATUS,USUARIO_CREO,FECHA_CREO,USUARIO_MODIFICO,FECHA_MODIFICO) VALUES('BDG', 'Box Diurno Grande', 2, 53, 10,1,'amxsab.system@gmail.com',CURRENT_TIMESTAMP,'amxsab.system@gmail.com',CURRENT_TIMESTAMP);
INSERT INTO CODIGO_SERVICIO (CVE_CODIGO_SERVICIO,DESCRIPCION,ID_CLASE,ID_TIPO_CODIGO_SERVICIO,ID_TIPO_CICLO,STATUS,USUARIO_CREO,FECHA_CREO,USUARIO_MODIFICO,FECHA_MODIFICO) VALUES('BFA', 'Desayuno Frio A', 2, 53, 10,1,'amxsab.system@gmail.com',CURRENT_TIMESTAMP,'amxsab.system@gmail.com',CURRENT_TIMESTAMP);
INSERT INTO CODIGO_SERVICIO (CVE_CODIGO_SERVICIO,DESCRIPCION,ID_CLASE,ID_TIPO_CODIGO_SERVICIO,ID_TIPO_CICLO,STATUS,USUARIO_CREO,FECHA_CREO,USUARIO_MODIFICO,FECHA_MODIFICO) VALUES('BFB', 'Desayuno Frio B', 2, 53, 10,1,'amxsab.system@gmail.com',CURRENT_TIMESTAMP,'amxsab.system@gmail.com',CURRENT_TIMESTAMP);
INSERT INTO CODIGO_SERVICIO (CVE_CODIGO_SERVICIO,DESCRIPCION,ID_CLASE,ID_TIPO_CODIGO_SERVICIO,ID_TIPO_CICLO,STATUS,USUARIO_CREO,FECHA_CREO,USUARIO_MODIFICO,FECHA_MODIFICO) VALUES('BFC', 'Desayuno Frio C', 2, 53, 10,1,'amxsab.system@gmail.com',CURRENT_TIMESTAMP,'amxsab.system@gmail.com',CURRENT_TIMESTAMP);
INSERT INTO CODIGO_SERVICIO (CVE_CODIGO_SERVICIO,DESCRIPCION,ID_CLASE,ID_TIPO_CODIGO_SERVICIO,ID_TIPO_CICLO,STATUS,USUARIO_CREO,FECHA_CREO,USUARIO_MODIFICO,FECHA_MODIFICO) VALUES('BFO', 'Box Frío Oriental', 2, 53, 10,1,'amxsab.system@gmail.com',CURRENT_TIMESTAMP,'amxsab.system@gmail.com',CURRENT_TIMESTAMP);
INSERT INTO CODIGO_SERVICIO (CVE_CODIGO_SERVICIO,DESCRIPCION,ID_CLASE,ID_TIPO_CODIGO_SERVICIO,ID_TIPO_CICLO,STATUS,USUARIO_CREO,FECHA_CREO,USUARIO_MODIFICO,FECHA_MODIFICO) VALUES('BVG', 'Box Vespertino Grande', 2, 53, 10,1,'amxsab.system@gmail.com',CURRENT_TIMESTAMP,'amxsab.system@gmail.com',CURRENT_TIMESTAMP);
INSERT INTO CODIGO_SERVICIO (CVE_CODIGO_SERVICIO,DESCRIPCION,ID_CLASE,ID_TIPO_CODIGO_SERVICIO,ID_TIPO_CICLO,STATUS,USUARIO_CREO,FECHA_CREO,USUARIO_MODIFICO,FECHA_MODIFICO) VALUES('BVX', 'Box Lunch Multiregión', 2, 53, 10,1,'amxsab.system@gmail.com',CURRENT_TIMESTAMP,'amxsab.system@gmail.com',CURRENT_TIMESTAMP);
INSERT INTO CODIGO_SERVICIO (CVE_CODIGO_SERVICIO,DESCRIPCION,ID_CLASE,ID_TIPO_CODIGO_SERVICIO,ID_TIPO_CICLO,STATUS,USUARIO_CREO,FECHA_CREO,USUARIO_MODIFICO,FECHA_MODIFICO) VALUES('CCA', 'Comida Caliente América', 2, 53, 10,1,'amxsab.system@gmail.com',CURRENT_TIMESTAMP,'amxsab.system@gmail.com',CURRENT_TIMESTAMP);
INSERT INTO CODIGO_SERVICIO (CVE_CODIGO_SERVICIO,DESCRIPCION,ID_CLASE,ID_TIPO_CODIGO_SERVICIO,ID_TIPO_CICLO,STATUS,USUARIO_CREO,FECHA_CREO,USUARIO_MODIFICO,FECHA_MODIFICO) VALUES('CCC', 'Comida Caliente China', 2, 53, 10,1,'amxsab.system@gmail.com',CURRENT_TIMESTAMP,'amxsab.system@gmail.com',CURRENT_TIMESTAMP);
INSERT INTO CODIGO_SERVICIO (CVE_CODIGO_SERVICIO,DESCRIPCION,ID_CLASE,ID_TIPO_CODIGO_SERVICIO,ID_TIPO_CICLO,STATUS,USUARIO_CREO,FECHA_CREO,USUARIO_MODIFICO,FECHA_MODIFICO) VALUES('CCI', 'Comida Caliente ICN (Seul)', 2, 53, 10,1,'amxsab.system@gmail.com',CURRENT_TIMESTAMP,'amxsab.system@gmail.com',CURRENT_TIMESTAMP);
INSERT INTO CODIGO_SERVICIO (CVE_CODIGO_SERVICIO,DESCRIPCION,ID_CLASE,ID_TIPO_CODIGO_SERVICIO,ID_TIPO_CICLO,STATUS,USUARIO_CREO,FECHA_CREO,USUARIO_MODIFICO,FECHA_MODIFICO) VALUES('CCJ', 'Comida Caliente Japón', 2, 53, 10,1,'amxsab.system@gmail.com',CURRENT_TIMESTAMP,'amxsab.system@gmail.com',CURRENT_TIMESTAMP);
INSERT INTO CODIGO_SERVICIO (CVE_CODIGO_SERVICIO,DESCRIPCION,ID_CLASE,ID_TIPO_CODIGO_SERVICIO,ID_TIPO_CICLO,STATUS,USUARIO_CREO,FECHA_CREO,USUARIO_MODIFICO,FECHA_MODIFICO) VALUES('CCX', 'Comida Caliente Multiregión', 2, 53, 10,1,'amxsab.system@gmail.com',CURRENT_TIMESTAMP,'amxsab.system@gmail.com',CURRENT_TIMESTAMP);
INSERT INTO CODIGO_SERVICIO (CVE_CODIGO_SERVICIO,DESCRIPCION,ID_CLASE,ID_TIPO_CODIGO_SERVICIO,ID_TIPO_CICLO,STATUS,USUARIO_CREO,FECHA_CREO,USUARIO_MODIFICO,FECHA_MODIFICO) VALUES('DCA', 'Desayuno Caliente América', 2, 53, 10,1,'amxsab.system@gmail.com',CURRENT_TIMESTAMP,'amxsab.system@gmail.com',CURRENT_TIMESTAMP);
INSERT INTO CODIGO_SERVICIO (CVE_CODIGO_SERVICIO,DESCRIPCION,ID_CLASE,ID_TIPO_CODIGO_SERVICIO,ID_TIPO_CICLO,STATUS,USUARIO_CREO,FECHA_CREO,USUARIO_MODIFICO,FECHA_MODIFICO) VALUES('DCC', 'Desayuno Caliente China', 2, 53, 10,1,'amxsab.system@gmail.com',CURRENT_TIMESTAMP,'amxsab.system@gmail.com',CURRENT_TIMESTAMP);
INSERT INTO CODIGO_SERVICIO (CVE_CODIGO_SERVICIO,DESCRIPCION,ID_CLASE,ID_TIPO_CODIGO_SERVICIO,ID_TIPO_CICLO,STATUS,USUARIO_CREO,FECHA_CREO,USUARIO_MODIFICO,FECHA_MODIFICO) VALUES('DCI', 'Desayuno Caliente ICN (Seul)', 2, 53, 10,1,'amxsab.system@gmail.com',CURRENT_TIMESTAMP,'amxsab.system@gmail.com',CURRENT_TIMESTAMP);
INSERT INTO CODIGO_SERVICIO (CVE_CODIGO_SERVICIO,DESCRIPCION,ID_CLASE,ID_TIPO_CODIGO_SERVICIO,ID_TIPO_CICLO,STATUS,USUARIO_CREO,FECHA_CREO,USUARIO_MODIFICO,FECHA_MODIFICO) VALUES('DCJ', 'Desayuno Caliente Japón', 2, 53, 10,1,'amxsab.system@gmail.com',CURRENT_TIMESTAMP,'amxsab.system@gmail.com',CURRENT_TIMESTAMP);
INSERT INTO CODIGO_SERVICIO (CVE_CODIGO_SERVICIO,DESCRIPCION,ID_CLASE,ID_TIPO_CODIGO_SERVICIO,ID_TIPO_CICLO,STATUS,USUARIO_CREO,FECHA_CREO,USUARIO_MODIFICO,FECHA_MODIFICO) VALUES('DCX', 'Desayuno Caliente Multiregión', 2, 53, 10,1,'amxsab.system@gmail.com',CURRENT_TIMESTAMP,'amxsab.system@gmail.com',CURRENT_TIMESTAMP);
INSERT INTO CODIGO_SERVICIO (CVE_CODIGO_SERVICIO,DESCRIPCION,ID_CLASE,ID_TIPO_CODIGO_SERVICIO,ID_TIPO_CICLO,STATUS,USUARIO_CREO,FECHA_CREO,USUARIO_MODIFICO,FECHA_MODIFICO) VALUES('DFA', 'Desayuno Frío América', 2, 53, 10,1,'amxsab.system@gmail.com',CURRENT_TIMESTAMP,'amxsab.system@gmail.com',CURRENT_TIMESTAMP);
INSERT INTO CODIGO_SERVICIO (CVE_CODIGO_SERVICIO,DESCRIPCION,ID_CLASE,ID_TIPO_CODIGO_SERVICIO,ID_TIPO_CICLO,STATUS,USUARIO_CREO,FECHA_CREO,USUARIO_MODIFICO,FECHA_MODIFICO) VALUES('DFE', 'Desayuno Frío Europa', 2, 53, 10,1,'amxsab.system@gmail.com',CURRENT_TIMESTAMP,'amxsab.system@gmail.com',CURRENT_TIMESTAMP);
INSERT INTO CODIGO_SERVICIO (CVE_CODIGO_SERVICIO,DESCRIPCION,ID_CLASE,ID_TIPO_CODIGO_SERVICIO,ID_TIPO_CICLO,STATUS,USUARIO_CREO,FECHA_CREO,USUARIO_MODIFICO,FECHA_MODIFICO) VALUES('EFO', 'Entretiempo Frío Oriental', 2, 53, 10,1,'amxsab.system@gmail.com',CURRENT_TIMESTAMP,'amxsab.system@gmail.com',CURRENT_TIMESTAMP);
INSERT INTO CODIGO_SERVICIO (CVE_CODIGO_SERVICIO,DESCRIPCION,ID_CLASE,ID_TIPO_CODIGO_SERVICIO,ID_TIPO_CICLO,STATUS,USUARIO_CREO,FECHA_CREO,USUARIO_MODIFICO,FECHA_MODIFICO) VALUES('ENE', 'Entretiempo Nocturno Europa', 2, 53, 10,1,'amxsab.system@gmail.com',CURRENT_TIMESTAMP,'amxsab.system@gmail.com',CURRENT_TIMESTAMP);
INSERT INTO CODIGO_SERVICIO (CVE_CODIGO_SERVICIO,DESCRIPCION,ID_CLASE,ID_TIPO_CODIGO_SERVICIO,ID_TIPO_CICLO,STATUS,USUARIO_CREO,FECHA_CREO,USUARIO_MODIFICO,FECHA_MODIFICO) VALUES('ENS', 'Entretiempo Nocturno Sudamérica', 2, 53, 10,1,'amxsab.system@gmail.com',CURRENT_TIMESTAMP,'amxsab.system@gmail.com',CURRENT_TIMESTAMP);
INSERT INTO CODIGO_SERVICIO (CVE_CODIGO_SERVICIO,DESCRIPCION,ID_CLASE,ID_TIPO_CODIGO_SERVICIO,ID_TIPO_CICLO,STATUS,USUARIO_CREO,FECHA_CREO,USUARIO_MODIFICO,FECHA_MODIFICO) VALUES('EVE', 'Entretiempo Vespertino Europa', 2, 53, 10,1,'amxsab.system@gmail.com',CURRENT_TIMESTAMP,'amxsab.system@gmail.com',CURRENT_TIMESTAMP);
INSERT INTO CODIGO_SERVICIO (CVE_CODIGO_SERVICIO,DESCRIPCION,ID_CLASE,ID_TIPO_CODIGO_SERVICIO,ID_TIPO_CICLO,STATUS,USUARIO_CREO,FECHA_CREO,USUARIO_MODIFICO,FECHA_MODIFICO) VALUES('EVS', 'Entretiempo Vespertino Sudamérica', 2, 53, 10,1,'amxsab.system@gmail.com',CURRENT_TIMESTAMP,'amxsab.system@gmail.com',CURRENT_TIMESTAMP);
INSERT INTO CODIGO_SERVICIO (CVE_CODIGO_SERVICIO,DESCRIPCION,ID_CLASE,ID_TIPO_CODIGO_SERVICIO,ID_TIPO_CICLO,STATUS,USUARIO_CREO,FECHA_CREO,USUARIO_MODIFICO,FECHA_MODIFICO) VALUES('RFX', 'Refrigerio Frío Multiregión', 2, 53, 10,1,'amxsab.system@gmail.com',CURRENT_TIMESTAMP,'amxsab.system@gmail.com',CURRENT_TIMESTAMP);
INSERT INTO CODIGO_SERVICIO (CVE_CODIGO_SERVICIO,DESCRIPCION,ID_CLASE,ID_TIPO_CODIGO_SERVICIO,ID_TIPO_CICLO,STATUS,USUARIO_CREO,FECHA_CREO,USUARIO_MODIFICO,FECHA_MODIFICO) VALUES('RFI', 'Refrigerio Frío ICN (Seul)', 2, 53, 10,1,'amxsab.system@gmail.com',CURRENT_TIMESTAMP,'amxsab.system@gmail.com',CURRENT_TIMESTAMP);
INSERT INTO CODIGO_SERVICIO (CVE_CODIGO_SERVICIO,DESCRIPCION,ID_CLASE,ID_TIPO_CODIGO_SERVICIO,ID_TIPO_CICLO,STATUS,USUARIO_CREO,FECHA_CREO,USUARIO_MODIFICO,FECHA_MODIFICO) VALUES('SCX', 'Sándwich caliente Multiregión', 2, 53, 10,1,'amxsab.system@gmail.com',CURRENT_TIMESTAMP,'amxsab.system@gmail.com',CURRENT_TIMESTAMP);
INSERT INTO CODIGO_SERVICIO (CVE_CODIGO_SERVICIO,DESCRIPCION,ID_CLASE,ID_TIPO_CODIGO_SERVICIO,ID_TIPO_CICLO,STATUS,USUARIO_CREO,FECHA_CREO,USUARIO_MODIFICO,FECHA_MODIFICO) VALUES('SFA', 'Snack Frío América', 2, 53, 10,1,'amxsab.system@gmail.com',CURRENT_TIMESTAMP,'amxsab.system@gmail.com',CURRENT_TIMESTAMP);
INSERT INTO CODIGO_SERVICIO (CVE_CODIGO_SERVICIO,DESCRIPCION,ID_CLASE,ID_TIPO_CODIGO_SERVICIO,ID_TIPO_CICLO,STATUS,USUARIO_CREO,FECHA_CREO,USUARIO_MODIFICO,FECHA_MODIFICO) VALUES('SFN', 'Snack Frío Norteamérica', 2, 53, 10,1,'amxsab.system@gmail.com',CURRENT_TIMESTAMP,'amxsab.system@gmail.com',CURRENT_TIMESTAMP);
INSERT INTO CODIGO_SERVICIO (CVE_CODIGO_SERVICIO,DESCRIPCION,ID_CLASE,ID_TIPO_CODIGO_SERVICIO,ID_TIPO_CICLO,STATUS,USUARIO_CREO,FECHA_CREO,USUARIO_MODIFICO,FECHA_MODIFICO) VALUES('SFX', 'Sándwich Frío Multiregión', 2, 53, 10,1,'amxsab.system@gmail.com',CURRENT_TIMESTAMP,'amxsab.system@gmail.com',CURRENT_TIMESTAMP);
INSERT INTO CODIGO_SERVICIO (CVE_CODIGO_SERVICIO,DESCRIPCION,ID_CLASE,ID_TIPO_CODIGO_SERVICIO,ID_TIPO_CICLO,STATUS,USUARIO_CREO,FECHA_CREO,USUARIO_MODIFICO,FECHA_MODIFICO) VALUES('SFY', 'Sándwich Frío', 2, 53, 10,1,'amxsab.system@gmail.com',CURRENT_TIMESTAMP,'amxsab.system@gmail.com',CURRENT_TIMESTAMP);
INSERT INTO CODIGO_SERVICIO (CVE_CODIGO_SERVICIO,DESCRIPCION,ID_CLASE,ID_TIPO_CODIGO_SERVICIO,ID_TIPO_CICLO,STATUS,USUARIO_CREO,FECHA_CREO,USUARIO_MODIFICO,FECHA_MODIFICO) VALUES('AU', 'AUDÍFONOS', 2, 54, 10,1,'amxsab.system@gmail.com',CURRENT_TIMESTAMP,'amxsab.system@gmail.com',CURRENT_TIMESTAMP);
INSERT INTO CODIGO_SERVICIO (CVE_CODIGO_SERVICIO,DESCRIPCION,ID_CLASE,ID_TIPO_CODIGO_SERVICIO,ID_TIPO_CICLO,STATUS,USUARIO_CREO,FECHA_CREO,USUARIO_MODIFICO,FECHA_MODIFICO) VALUES('BC', 'BAR DE CORTESÍA', 2, 54, 10,1,'amxsab.system@gmail.com',CURRENT_TIMESTAMP,'amxsab.system@gmail.com',CURRENT_TIMESTAMP);
INSERT INTO CODIGO_SERVICIO (CVE_CODIGO_SERVICIO,DESCRIPCION,ID_CLASE,ID_TIPO_CODIGO_SERVICIO,ID_TIPO_CICLO,STATUS,USUARIO_CREO,FECHA_CREO,USUARIO_MODIFICO,FECHA_MODIFICO) VALUES('BO', 'BOTANA', 2, 54, 10,1,'amxsab.system@gmail.com',CURRENT_TIMESTAMP,'amxsab.system@gmail.com',CURRENT_TIMESTAMP);
INSERT INTO CODIGO_SERVICIO (CVE_CODIGO_SERVICIO,DESCRIPCION,ID_CLASE,ID_TIPO_CODIGO_SERVICIO,ID_TIPO_CICLO,STATUS,USUARIO_CREO,FECHA_CREO,USUARIO_MODIFICO,FECHA_MODIFICO) VALUES('GS', 'GALLETAS DULCES', 2, 54, 10,1,'amxsab.system@gmail.com',CURRENT_TIMESTAMP,'amxsab.system@gmail.com',CURRENT_TIMESTAMP);
INSERT INTO CODIGO_SERVICIO (CVE_CODIGO_SERVICIO,DESCRIPCION,ID_CLASE,ID_TIPO_CODIGO_SERVICIO,ID_TIPO_CICLO,STATUS,USUARIO_CREO,FECHA_CREO,USUARIO_MODIFICO,FECHA_MODIFICO) VALUES('LI', 'LÍQUIDOS', 2, 54, 10,1,'amxsab.system@gmail.com',CURRENT_TIMESTAMP,'amxsab.system@gmail.com',CURRENT_TIMESTAMP);
INSERT INTO CODIGO_SERVICIO (CVE_CODIGO_SERVICIO,DESCRIPCION,ID_CLASE,ID_TIPO_CODIGO_SERVICIO,ID_TIPO_CICLO,STATUS,USUARIO_CREO,FECHA_CREO,USUARIO_MODIFICO,FECHA_MODIFICO) VALUES('OH', 'Overhead', 2, 54, 10,1,'amxsab.system@gmail.com',CURRENT_TIMESTAMP,'amxsab.system@gmail.com',CURRENT_TIMESTAMP);
INSERT INTO CODIGO_SERVICIO (CVE_CODIGO_SERVICIO,DESCRIPCION,ID_CLASE,ID_TIPO_CODIGO_SERVICIO,ID_TIPO_CICLO,STATUS,USUARIO_CREO,FECHA_CREO,USUARIO_MODIFICO,FECHA_MODIFICO) VALUES('PD', 'PAN DULCE', 2, 54, 10,1,'amxsab.system@gmail.com',CURRENT_TIMESTAMP,'amxsab.system@gmail.com',CURRENT_TIMESTAMP);
INSERT INTO CODIGO_SERVICIO (CVE_CODIGO_SERVICIO,DESCRIPCION,ID_CLASE,ID_TIPO_CODIGO_SERVICIO,ID_TIPO_CICLO,STATUS,USUARIO_CREO,FECHA_CREO,USUARIO_MODIFICO,FECHA_MODIFICO) VALUES('PE', 'PROYECCIÓN DE PELÍCULA', 2, 54, 10,1,'amxsab.system@gmail.com',CURRENT_TIMESTAMP,'amxsab.system@gmail.com',CURRENT_TIMESTAMP);
INSERT INTO CODIGO_SERVICIO (CVE_CODIGO_SERVICIO,DESCRIPCION,ID_CLASE,ID_TIPO_CODIGO_SERVICIO,ID_TIPO_CICLO,STATUS,USUARIO_CREO,FECHA_CREO,USUARIO_MODIFICO,FECHA_MODIFICO) VALUES('TB', 'TIENDA A BORDO', 2, 54, 10,1,'amxsab.system@gmail.com',CURRENT_TIMESTAMP,'amxsab.system@gmail.com',CURRENT_TIMESTAMP);
INSERT INTO CODIGO_SERVICIO (CVE_CODIGO_SERVICIO,DESCRIPCION,ID_CLASE,ID_TIPO_CODIGO_SERVICIO,ID_TIPO_CICLO,STATUS,USUARIO_CREO,FECHA_CREO,USUARIO_MODIFICO,FECHA_MODIFICO) VALUES('TF', 'TOALLA FACIAL', 2, 54, 10,1,'amxsab.system@gmail.com',CURRENT_TIMESTAMP,'amxsab.system@gmail.com',CURRENT_TIMESTAMP);
INSERT INTO CODIGO_SERVICIO (CVE_CODIGO_SERVICIO,DESCRIPCION,ID_CLASE,ID_TIPO_CODIGO_SERVICIO,ID_TIPO_CICLO,STATUS,USUARIO_CREO,FECHA_CREO,USUARIO_MODIFICO,FECHA_MODIFICO) VALUES('TV', 'SERIE CORTA DE TV EQUIPOS B737-700/800', 2, 54, 10,1,'amxsab.system@gmail.com',CURRENT_TIMESTAMP,'amxsab.system@gmail.com',CURRENT_TIMESTAMP);
INSERT INTO CODIGO_SERVICIO (CVE_CODIGO_SERVICIO,DESCRIPCION,ID_CLASE,ID_TIPO_CODIGO_SERVICIO,ID_TIPO_CICLO,STATUS,USUARIO_CREO,FECHA_CREO,USUARIO_MODIFICO,FECHA_MODIFICO) VALUES('VM', 'VINOS DE MESA', 2, 54, 10,1,'amxsab.system@gmail.com',CURRENT_TIMESTAMP,'amxsab.system@gmail.com',CURRENT_TIMESTAMP);

-- =======================================================
-- ccarmona@aeromexico.com / qwerty123456;
INSERT INTO USUARIO(EMAIL_USUARIO,CONTRASENIA,NOMBRE,APELLIDO_PATERNO,APELLIDO_MATERNO,TIPO,STATUS,USUARIO_CREO,FECHA_CREO,USUARIO_MODIFICO,FECHA_MODIFICO)VALUES('ccarmona@aeromexico.com','OldFoF+H3e4dtoshfcBDv6IG0ceqod0KfddrhSpzNZc=','Cinthya','Carmona','Viveros','I',1,'amxsab.system@gmail.com',CURRENT_TIMESTAMP,'amxsab.system@gmail.com',CURRENT_TIMESTAMP);
INSERT INTO PERFIL_USUARIO(PERFIL,EMAIL_USUARIO) VALUES('PORTAL_BASICUSER','ccarmona@aeromexico.com');
INSERT INTO PERFIL_USUARIO(PERFIL,EMAIL_USUARIO) VALUES('PLANNING_ADMINISTRATOR','ccarmona@aeromexico.com');
INSERT INTO EMPLEADO(EMAIL_USUARIO,EMAIL_JEFE,ID_COMPANIA,ID_AREA,ID_ESTACION,TELEFONO,EXTENSION,DIRECTORIO_SAB,PUESTO_ES,PUESTO_EN,STATUS,USUARIO_CREO,FECHA_CREO,USUARIO_MODIFICO,FECHA_MODIFICO)VALUES('ccarmona@aeromexico.com','ccarmona@aeromexico.com',1,1,96,'91324000','5266',1,'Supervisor de Servicios a Bordo','Supervisor',1,'amxsab.system@gmail.com',CURRENT_TIMESTAMP,'amxsab.system@gmail.com',CURRENT_TIMESTAMP);
-- ciglesias@aeromexico.com / qwerty123456;
INSERT INTO USUARIO(EMAIL_USUARIO,CONTRASENIA,NOMBRE,APELLIDO_PATERNO,APELLIDO_MATERNO,TIPO,STATUS,USUARIO_CREO,FECHA_CREO,USUARIO_MODIFICO,FECHA_MODIFICO)VALUES('ciglesias@aeromexico.com','OldFoF+H3e4dtoshfcBDv6IG0ceqod0KfddrhSpzNZc=','Claudio Alfonso','Iglesias','Argaez','I',1,'amxsab.system@gmail.com',CURRENT_TIMESTAMP,'amxsab.system@gmail.com',CURRENT_TIMESTAMP);
INSERT INTO PERFIL_USUARIO(PERFIL,EMAIL_USUARIO) VALUES('PORTAL_BASICUSER','ciglesias@aeromexico.com');
INSERT INTO PERFIL_USUARIO(PERFIL,EMAIL_USUARIO) VALUES('PLANNING_ADMINISTRATOR','ciglesias@aeromexico.com');
INSERT INTO EMPLEADO(EMAIL_USUARIO,EMAIL_JEFE,ID_COMPANIA,ID_AREA,ID_ESTACION,TELEFONO,EXTENSION,DIRECTORIO_SAB,PUESTO_ES,PUESTO_EN,STATUS,USUARIO_CREO,FECHA_CREO,USUARIO_MODIFICO,FECHA_MODIFICO)VALUES('ciglesias@aeromexico.com','ccarmona@aeromexico.com',1,1,96,'91324000','5316',1,'Coordinador de Operaciones','Operating coordinator',1,'amxsab.system@gmail.com',CURRENT_TIMESTAMP,'amxsab.system@gmail.com',CURRENT_TIMESTAMP);
-- mpintor@aeromexico.com / qwerty123456;
INSERT INTO USUARIO(EMAIL_USUARIO,CONTRASENIA,NOMBRE,APELLIDO_PATERNO,APELLIDO_MATERNO,TIPO,STATUS,USUARIO_CREO,FECHA_CREO,USUARIO_MODIFICO,FECHA_MODIFICO)VALUES('mpintor@aeromexico.com','OldFoF+H3e4dtoshfcBDv6IG0ceqod0KfddrhSpzNZc=','Mario Alberto','Pintor','Hernandez','I',1,'amxsab.system@gmail.com',CURRENT_TIMESTAMP,'amxsab.system@gmail.com',CURRENT_TIMESTAMP);
INSERT INTO PERFIL_USUARIO(PERFIL,EMAIL_USUARIO) VALUES('PORTAL_BASICUSER','mpintor@aeromexico.com');
INSERT INTO PERFIL_USUARIO(PERFIL,EMAIL_USUARIO) VALUES('PLANNING_ADMINISTRATOR','mpintor@aeromexico.com');
INSERT INTO EMPLEADO(EMAIL_USUARIO,EMAIL_JEFE,ID_COMPANIA,ID_AREA,ID_ESTACION,TELEFONO,EXTENSION,DIRECTORIO_SAB,PUESTO_ES,PUESTO_EN,STATUS,USUARIO_CREO,FECHA_CREO,USUARIO_MODIFICO,FECHA_MODIFICO)VALUES('mpintor@aeromexico.com','ccarmona@aeromexico.com',1,1,96,'91324000','5445',1,'Supervisor Servicios A Bordo','Service on board supervisor',1,'amxsab.system@gmail.com',CURRENT_TIMESTAMP,'amxsab.system@gmail.com',CURRENT_TIMESTAMP);
-- oramose@aeromexico.com / qwerty123456;
INSERT INTO USUARIO(EMAIL_USUARIO,CONTRASENIA,NOMBRE,APELLIDO_PATERNO,APELLIDO_MATERNO,TIPO,STATUS,USUARIO_CREO,FECHA_CREO,USUARIO_MODIFICO,FECHA_MODIFICO)VALUES('oramose@aeromexico.com','OldFoF+H3e4dtoshfcBDv6IG0ceqod0KfddrhSpzNZc=','Octavio','Ramos','Estrella','I',1,'amxsab.system@gmail.com',CURRENT_TIMESTAMP,'amxsab.system@gmail.com',CURRENT_TIMESTAMP);
INSERT INTO PERFIL_USUARIO(PERFIL,EMAIL_USUARIO) VALUES('PORTAL_BASICUSER','oramose@aeromexico.com');
INSERT INTO PERFIL_USUARIO(PERFIL,EMAIL_USUARIO) VALUES('PLANNING_ADMINISTRATOR','oramose@aeromexico.com');
INSERT INTO EMPLEADO(EMAIL_USUARIO,EMAIL_JEFE,ID_COMPANIA,ID_AREA,ID_ESTACION,TELEFONO,EXTENSION,DIRECTORIO_SAB,PUESTO_ES,PUESTO_EN,STATUS,USUARIO_CREO,FECHA_CREO,USUARIO_MODIFICO,FECHA_MODIFICO)VALUES('oramose@aeromexico.com','ccarmona@aeromexico.com',1,1,96,'91324000','5249',1,'Jefe de OPS Y Control de Calidad Comisariatos','Quality and operation Manager ',1,'amxsab.system@gmail.com',CURRENT_TIMESTAMP,'amxsab.system@gmail.com',CURRENT_TIMESTAMP);
-- msantivanez@aeromexico.com / qwerty123456;
INSERT INTO USUARIO(EMAIL_USUARIO,CONTRASENIA,NOMBRE,APELLIDO_PATERNO,APELLIDO_MATERNO,TIPO,STATUS,USUARIO_CREO,FECHA_CREO,USUARIO_MODIFICO,FECHA_MODIFICO)VALUES('msantivanez@aeromexico.com','OldFoF+H3e4dtoshfcBDv6IG0ceqod0KfddrhSpzNZc=','Maria Guadalupe','Santivañez','','I',1,'amxsab.system@gmail.com',CURRENT_TIMESTAMP,'amxsab.system@gmail.com',CURRENT_TIMESTAMP);
INSERT INTO PERFIL_USUARIO(PERFIL,EMAIL_USUARIO) VALUES('PORTAL_BASICUSER','msantivanez@aeromexico.com');
INSERT INTO PERFIL_USUARIO(PERFIL,EMAIL_USUARIO) VALUES('PLANNING_ADMINISTRATOR','msantivanez@aeromexico.com');
INSERT INTO EMPLEADO(EMAIL_USUARIO,EMAIL_JEFE,ID_COMPANIA,ID_AREA,ID_ESTACION,TELEFONO,EXTENSION,DIRECTORIO_SAB,PUESTO_ES,PUESTO_EN,STATUS,USUARIO_CREO,FECHA_CREO,USUARIO_MODIFICO,FECHA_MODIFICO)VALUES('msantivanez@aeromexico.com','ccarmona@aeromexico.com',1,1,96,'91324000','5244',1,'Supervisor de Comisariato','Supplier Supervisor ',1,'amxsab.system@gmail.com',CURRENT_TIMESTAMP,'amxsab.system@gmail.com',CURRENT_TIMESTAMP);
-- mmontano@aeromexico.com / qwerty123456;
INSERT INTO USUARIO(EMAIL_USUARIO,CONTRASENIA,NOMBRE,APELLIDO_PATERNO,APELLIDO_MATERNO,TIPO,STATUS,USUARIO_CREO,FECHA_CREO,USUARIO_MODIFICO,FECHA_MODIFICO)VALUES('mmontano@aeromexico.com','OldFoF+H3e4dtoshfcBDv6IG0ceqod0KfddrhSpzNZc=','Maribel','Montaño','Ortiz','I',1,'amxsab.system@gmail.com',CURRENT_TIMESTAMP,'amxsab.system@gmail.com',CURRENT_TIMESTAMP);
INSERT INTO PERFIL_USUARIO(PERFIL,EMAIL_USUARIO) VALUES('PORTAL_BASICUSER','mmontano@aeromexico.com');
INSERT INTO PERFIL_USUARIO(PERFIL,EMAIL_USUARIO) VALUES('PLANNING_ADMINISTRATOR','mmontano@aeromexico.com');
INSERT INTO EMPLEADO(EMAIL_USUARIO,EMAIL_JEFE,ID_COMPANIA,ID_AREA,ID_ESTACION,TELEFONO,EXTENSION,DIRECTORIO_SAB,PUESTO_ES,PUESTO_EN,STATUS,USUARIO_CREO,FECHA_CREO,USUARIO_MODIFICO,FECHA_MODIFICO)VALUES('mmontano@aeromexico.com','ccarmona@aeromexico.com',1,1,96,'91324000','5267',1,'Control de Materiales de Servicios a Bordo','Material control of services on board',1,'amxsab.system@gmail.com',CURRENT_TIMESTAMP,'amxsab.system@gmail.com',CURRENT_TIMESTAMP);
-- btrevino@aeromexico.com / qwerty123456;
INSERT INTO USUARIO(EMAIL_USUARIO,CONTRASENIA,NOMBRE,APELLIDO_PATERNO,APELLIDO_MATERNO,TIPO,STATUS,USUARIO_CREO,FECHA_CREO,USUARIO_MODIFICO,FECHA_MODIFICO)VALUES('btrevino@aeromexico.com','OldFoF+H3e4dtoshfcBDv6IG0ceqod0KfddrhSpzNZc=','Berenice Soledad','Trevino','Alva','I',1,'amxsab.system@gmail.com',CURRENT_TIMESTAMP,'amxsab.system@gmail.com',CURRENT_TIMESTAMP);
INSERT INTO PERFIL_USUARIO(PERFIL,EMAIL_USUARIO) VALUES('PORTAL_BASICUSER','btrevino@aeromexico.com');
INSERT INTO PERFIL_USUARIO(PERFIL,EMAIL_USUARIO) VALUES('DESIGN_ADMINISTRATOR','btrevino@aeromexico.com');
INSERT INTO EMPLEADO(EMAIL_USUARIO,EMAIL_JEFE,ID_COMPANIA,ID_AREA,ID_ESTACION,TELEFONO,EXTENSION,DIRECTORIO_SAB,PUESTO_ES,PUESTO_EN,STATUS,USUARIO_CREO,FECHA_CREO,USUARIO_MODIFICO,FECHA_MODIFICO)VALUES('btrevino@aeromexico.com','ccarmona@aeromexico.com',1,2,96,'91324000','4753',1,'Gerente de A&B y Salones Premier','Manager A&B',1,'amxsab.system@gmail.com',CURRENT_TIMESTAMP,'amxsab.system@gmail.com',CURRENT_TIMESTAMP);
-- frojas@aeromexico.com / qwerty123456;
INSERT INTO USUARIO(EMAIL_USUARIO,CONTRASENIA,NOMBRE,APELLIDO_PATERNO,APELLIDO_MATERNO,TIPO,STATUS,USUARIO_CREO,FECHA_CREO,USUARIO_MODIFICO,FECHA_MODIFICO)VALUES('frojas@aeromexico.com','OldFoF+H3e4dtoshfcBDv6IG0ceqod0KfddrhSpzNZc=','Fernando','Rojas','Hernandez','I',1,'amxsab.system@gmail.com',CURRENT_TIMESTAMP,'amxsab.system@gmail.com',CURRENT_TIMESTAMP);
INSERT INTO PERFIL_USUARIO(PERFIL,EMAIL_USUARIO) VALUES('PORTAL_BASICUSER','frojas@aeromexico.com');
INSERT INTO PERFIL_USUARIO(PERFIL,EMAIL_USUARIO) VALUES('PLANNING_ADMINISTRATOR','frojas@aeromexico.com');
INSERT INTO EMPLEADO(EMAIL_USUARIO,EMAIL_JEFE,ID_COMPANIA,ID_AREA,ID_ESTACION,TELEFONO,EXTENSION,DIRECTORIO_SAB,PUESTO_ES,PUESTO_EN,STATUS,USUARIO_CREO,FECHA_CREO,USUARIO_MODIFICO,FECHA_MODIFICO)VALUES('frojas@aeromexico.com','frojas@aeromexico.com',1,1,96,'91324000','5239',1,'Gerente Planeación Servicios y Matls','Services Planning Manager',1,'amxsab.system@gmail.com',CURRENT_TIMESTAMP,'amxsab.system@gmail.com',CURRENT_TIMESTAMP);
-- lgarcian@aeromexico.com / qwerty123456;
INSERT INTO USUARIO(EMAIL_USUARIO,CONTRASENIA,NOMBRE,APELLIDO_PATERNO,APELLIDO_MATERNO,TIPO,STATUS,USUARIO_CREO,FECHA_CREO,USUARIO_MODIFICO,FECHA_MODIFICO)VALUES('lgarcian@aeromexico.com','OldFoF+H3e4dtoshfcBDv6IG0ceqod0KfddrhSpzNZc=','Lorenzo','Garcia','Navarro','I',1,'amxsab.system@gmail.com',CURRENT_TIMESTAMP,'amxsab.system@gmail.com',CURRENT_TIMESTAMP);
INSERT INTO PERFIL_USUARIO(PERFIL,EMAIL_USUARIO) VALUES('PORTAL_BASICUSER','lgarcian@aeromexico.com');
INSERT INTO PERFIL_USUARIO(PERFIL,EMAIL_USUARIO) VALUES('PLANNING_ADMINISTRATOR','lgarcian@aeromexico.com');
INSERT INTO EMPLEADO(EMAIL_USUARIO,EMAIL_JEFE,ID_COMPANIA,ID_AREA,ID_ESTACION,TELEFONO,EXTENSION,DIRECTORIO_SAB,PUESTO_ES,PUESTO_EN,STATUS,USUARIO_CREO,FECHA_CREO,USUARIO_MODIFICO,FECHA_MODIFICO)VALUES('lgarcian@aeromexico.com','frojas@aeromexico.com',1,1,96,'91324000','5321',1,'Coordinador de Planeación de Producto.','Planning coordinator ',1,'amxsab.system@gmail.com',CURRENT_TIMESTAMP,'amxsab.system@gmail.com',CURRENT_TIMESTAMP);
-- mhuertamu@aeromexico.com / qwerty123456;
INSERT INTO USUARIO(EMAIL_USUARIO,CONTRASENIA,NOMBRE,APELLIDO_PATERNO,APELLIDO_MATERNO,TIPO,STATUS,USUARIO_CREO,FECHA_CREO,USUARIO_MODIFICO,FECHA_MODIFICO)VALUES('mhuertamu@aeromexico.com','OldFoF+H3e4dtoshfcBDv6IG0ceqod0KfddrhSpzNZc=','Miguel','Huerta','Muñoz','I',1,'amxsab.system@gmail.com',CURRENT_TIMESTAMP,'amxsab.system@gmail.com',CURRENT_TIMESTAMP);
INSERT INTO PERFIL_USUARIO(PERFIL,EMAIL_USUARIO) VALUES('PORTAL_BASICUSER','mhuertamu@aeromexico.com');
INSERT INTO PERFIL_USUARIO(PERFIL,EMAIL_USUARIO) VALUES('DESIGN_ADMINISTRATOR','mhuertamu@aeromexico.com');
INSERT INTO EMPLEADO(EMAIL_USUARIO,EMAIL_JEFE,ID_COMPANIA,ID_AREA,ID_ESTACION,TELEFONO,EXTENSION,DIRECTORIO_SAB,PUESTO_ES,PUESTO_EN,STATUS,USUARIO_CREO,FECHA_CREO,USUARIO_MODIFICO,FECHA_MODIFICO)VALUES('mhuertamu@aeromexico.com','frojas@aeromexico.com',1,2,96,'91324000','4507',1,'​Coordinador de Alimentos y Bebidas','Foodstuff coordinator',1,'amxsab.system@gmail.com',CURRENT_TIMESTAMP,'amxsab.system@gmail.com',CURRENT_TIMESTAMP);
-- altorres@aeromexico.com / qwerty123456;
INSERT INTO USUARIO(EMAIL_USUARIO,CONTRASENIA,NOMBRE,APELLIDO_PATERNO,APELLIDO_MATERNO,TIPO,STATUS,USUARIO_CREO,FECHA_CREO,USUARIO_MODIFICO,FECHA_MODIFICO)VALUES('altorres@aeromexico.com','OldFoF+H3e4dtoshfcBDv6IG0ceqod0KfddrhSpzNZc=','Alexia','Torres','Valle','I',1,'amxsab.system@gmail.com',CURRENT_TIMESTAMP,'amxsab.system@gmail.com',CURRENT_TIMESTAMP);
INSERT INTO PERFIL_USUARIO(PERFIL,EMAIL_USUARIO) VALUES('PORTAL_BASICUSER','altorres@aeromexico.com');
INSERT INTO PERFIL_USUARIO(PERFIL,EMAIL_USUARIO) VALUES('DESIGN_ADMINISTRATOR','altorres@aeromexico.com');
INSERT INTO EMPLEADO(EMAIL_USUARIO,EMAIL_JEFE,ID_COMPANIA,ID_AREA,ID_ESTACION,TELEFONO,EXTENSION,DIRECTORIO_SAB,PUESTO_ES,PUESTO_EN,STATUS,USUARIO_CREO,FECHA_CREO,USUARIO_MODIFICO,FECHA_MODIFICO)VALUES('altorres@aeromexico.com','frojas@aeromexico.com',1,2,96,'91324000','4607',1,'​Coordinador de Alimentos y Bebidas','Foodstuff coordinator',1,'amxsab.system@gmail.com',CURRENT_TIMESTAMP,'amxsab.system@gmail.com',CURRENT_TIMESTAMP);
-- mafernandez@aeromexico.com / qwerty123456;
INSERT INTO USUARIO(EMAIL_USUARIO,CONTRASENIA,NOMBRE,APELLIDO_PATERNO,APELLIDO_MATERNO,TIPO,STATUS,USUARIO_CREO,FECHA_CREO,USUARIO_MODIFICO,FECHA_MODIFICO)VALUES('mafernandez@aeromexico.com','OldFoF+H3e4dtoshfcBDv6IG0ceqod0KfddrhSpzNZc=','Maria Jose','Fernandez','Mendoza','I',1,'amxsab.system@gmail.com',CURRENT_TIMESTAMP,'amxsab.system@gmail.com',CURRENT_TIMESTAMP);
INSERT INTO PERFIL_USUARIO(PERFIL,EMAIL_USUARIO) VALUES('PORTAL_BASICUSER','mafernandez@aeromexico.com');
INSERT INTO PERFIL_USUARIO(PERFIL,EMAIL_USUARIO) VALUES('DESIGN_ADMINISTRATOR','mafernandez@aeromexico.com');
INSERT INTO EMPLEADO(EMAIL_USUARIO,EMAIL_JEFE,ID_COMPANIA,ID_AREA,ID_ESTACION,TELEFONO,EXTENSION,DIRECTORIO_SAB,PUESTO_ES,PUESTO_EN,STATUS,USUARIO_CREO,FECHA_CREO,USUARIO_MODIFICO,FECHA_MODIFICO)VALUES('mafernandez@aeromexico.com','frojas@aeromexico.com',1,2,96,'91324000','4811',1,'​Coordinador de Alimentos y Bebidas','Foodstuff coordinator',1,'amxsab.system@gmail.com',CURRENT_TIMESTAMP,'amxsab.system@gmail.com',CURRENT_TIMESTAMP);
-- eacosta@aeromexico.com / qwerty123456;
INSERT INTO USUARIO(EMAIL_USUARIO,CONTRASENIA,NOMBRE,APELLIDO_PATERNO,APELLIDO_MATERNO,TIPO,STATUS,USUARIO_CREO,FECHA_CREO,USUARIO_MODIFICO,FECHA_MODIFICO)VALUES('eacosta@aeromexico.com','OldFoF+H3e4dtoshfcBDv6IG0ceqod0KfddrhSpzNZc=','Esperanza','Acosta','Cortés','I',1,'amxsab.system@gmail.com',CURRENT_TIMESTAMP,'amxsab.system@gmail.com',CURRENT_TIMESTAMP);
INSERT INTO PERFIL_USUARIO(PERFIL,EMAIL_USUARIO) VALUES('PORTAL_BASICUSER','eacosta@aeromexico.com');
INSERT INTO PERFIL_USUARIO(PERFIL,EMAIL_USUARIO) VALUES('PLANNING_ADMINISTRATOR','eacosta@aeromexico.com');
INSERT INTO EMPLEADO(EMAIL_USUARIO,EMAIL_JEFE,ID_COMPANIA,ID_AREA,ID_ESTACION,TELEFONO,EXTENSION,DIRECTORIO_SAB,PUESTO_ES,PUESTO_EN,STATUS,USUARIO_CREO,FECHA_CREO,USUARIO_MODIFICO,FECHA_MODIFICO)VALUES('eacosta@aeromexico.com','frojas@aeromexico.com',1,1,96,'91324000','5252',1,'Cordinador de Distribución ','Distribution coordinator',1,'amxsab.system@gmail.com',CURRENT_TIMESTAMP,'amxsab.system@gmail.com',CURRENT_TIMESTAMP);
-- jilopez@aeromexico.com / qwerty123456;
INSERT INTO USUARIO(EMAIL_USUARIO,CONTRASENIA,NOMBRE,APELLIDO_PATERNO,APELLIDO_MATERNO,TIPO,STATUS,USUARIO_CREO,FECHA_CREO,USUARIO_MODIFICO,FECHA_MODIFICO)VALUES('jilopez@aeromexico.com','OldFoF+H3e4dtoshfcBDv6IG0ceqod0KfddrhSpzNZc=','Jorge I.','López','Marroquín','I',1,'amxsab.system@gmail.com',CURRENT_TIMESTAMP,'amxsab.system@gmail.com',CURRENT_TIMESTAMP);
INSERT INTO PERFIL_USUARIO(PERFIL,EMAIL_USUARIO) VALUES('PORTAL_BASICUSER','jilopez@aeromexico.com');
INSERT INTO PERFIL_USUARIO(PERFIL,EMAIL_USUARIO) VALUES('PLANNING_ADMINISTRATOR','jilopez@aeromexico.com');
INSERT INTO EMPLEADO(EMAIL_USUARIO,EMAIL_JEFE,ID_COMPANIA,ID_AREA,ID_ESTACION,TELEFONO,EXTENSION,DIRECTORIO_SAB,PUESTO_ES,PUESTO_EN,STATUS,USUARIO_CREO,FECHA_CREO,USUARIO_MODIFICO,FECHA_MODIFICO)VALUES('jilopez@aeromexico.com','frojas@aeromexico.com',1,1,96,'91324000','5332',1,'Coordinador de Vídeos y Ped´s','Video and Peds coordinator',1,'amxsab.system@gmail.com',CURRENT_TIMESTAMP,'amxsab.system@gmail.com',CURRENT_TIMESTAMP);
-- ifortiz@aeromexico.com / qwerty123456;
INSERT INTO USUARIO(EMAIL_USUARIO,CONTRASENIA,NOMBRE,APELLIDO_PATERNO,APELLIDO_MATERNO,TIPO,STATUS,USUARIO_CREO,FECHA_CREO,USUARIO_MODIFICO,FECHA_MODIFICO)VALUES('ifortiz@aeromexico.com','OldFoF+H3e4dtoshfcBDv6IG0ceqod0KfddrhSpzNZc=','Irma','Fortiz','','I',1,'amxsab.system@gmail.com',CURRENT_TIMESTAMP,'amxsab.system@gmail.com',CURRENT_TIMESTAMP);
INSERT INTO PERFIL_USUARIO(PERFIL,EMAIL_USUARIO) VALUES('PORTAL_BASICUSER','ifortiz@aeromexico.com');
INSERT INTO PERFIL_USUARIO(PERFIL,EMAIL_USUARIO) VALUES('PLANNING_ADMINISTRATOR','ifortiz@aeromexico.com');
INSERT INTO EMPLEADO(EMAIL_USUARIO,EMAIL_JEFE,ID_COMPANIA,ID_AREA,ID_ESTACION,TELEFONO,EXTENSION,DIRECTORIO_SAB,PUESTO_ES,PUESTO_EN,STATUS,USUARIO_CREO,FECHA_CREO,USUARIO_MODIFICO,FECHA_MODIFICO)VALUES('ifortiz@aeromexico.com','frojas@aeromexico.com',1,1,96,'91324000','5446',1,'Jefatura de evaluación y desempeño','Assessment and Perfomance Manager',1,'amxsab.system@gmail.com',CURRENT_TIMESTAMP,'amxsab.system@gmail.com',CURRENT_TIMESTAMP);
-- agalvan@aeromexico.com / qwerty123456;
INSERT INTO USUARIO(EMAIL_USUARIO,CONTRASENIA,NOMBRE,APELLIDO_PATERNO,APELLIDO_MATERNO,TIPO,STATUS,USUARIO_CREO,FECHA_CREO,USUARIO_MODIFICO,FECHA_MODIFICO)VALUES('agalvan@aeromexico.com','OldFoF+H3e4dtoshfcBDv6IG0ceqod0KfddrhSpzNZc=','Antonio','Galván','Mendoza','I',1,'amxsab.system@gmail.com',CURRENT_TIMESTAMP,'amxsab.system@gmail.com',CURRENT_TIMESTAMP);
INSERT INTO PERFIL_USUARIO(PERFIL,EMAIL_USUARIO) VALUES('PORTAL_BASICUSER','agalvan@aeromexico.com');
INSERT INTO PERFIL_USUARIO(PERFIL,EMAIL_USUARIO) VALUES('PLANNING_ADMINISTRATOR','agalvan@aeromexico.com');
INSERT INTO EMPLEADO(EMAIL_USUARIO,EMAIL_JEFE,ID_COMPANIA,ID_AREA,ID_ESTACION,TELEFONO,EXTENSION,DIRECTORIO_SAB,PUESTO_ES,PUESTO_EN,STATUS,USUARIO_CREO,FECHA_CREO,USUARIO_MODIFICO,FECHA_MODIFICO)VALUES('agalvan@aeromexico.com','frojas@aeromexico.com',1,1,96,'91324000','',1,'Supervisor de Comisariato','Supplier Supervisor ',1,'amxsab.system@gmail.com',CURRENT_TIMESTAMP,'amxsab.system@gmail.com',CURRENT_TIMESTAMP);
-- jcardenas@aeromexico.com / qwerty123456;
INSERT INTO USUARIO(EMAIL_USUARIO,CONTRASENIA,NOMBRE,APELLIDO_PATERNO,APELLIDO_MATERNO,TIPO,STATUS,USUARIO_CREO,FECHA_CREO,USUARIO_MODIFICO,FECHA_MODIFICO)VALUES('jcardenas@aeromexico.com','OldFoF+H3e4dtoshfcBDv6IG0ceqod0KfddrhSpzNZc=','José Luis ','Cárdenas','Ortega','I',1,'amxsab.system@gmail.com',CURRENT_TIMESTAMP,'amxsab.system@gmail.com',CURRENT_TIMESTAMP);
INSERT INTO PERFIL_USUARIO(PERFIL,EMAIL_USUARIO) VALUES('PORTAL_BASICUSER','jcardenas@aeromexico.com');
INSERT INTO PERFIL_USUARIO(PERFIL,EMAIL_USUARIO) VALUES('OPERATION_ADMINISTRATOR','jcardenas@aeromexico.com');
INSERT INTO EMPLEADO(EMAIL_USUARIO,EMAIL_JEFE,ID_COMPANIA,ID_AREA,ID_ESTACION,TELEFONO,EXTENSION,DIRECTORIO_SAB,PUESTO_ES,PUESTO_EN,STATUS,USUARIO_CREO,FECHA_CREO,USUARIO_MODIFICO,FECHA_MODIFICO)VALUES('jcardenas@aeromexico.com','btrevino@aeromexico.com',1,2,96,'91324000','',1,'Coordinador de Operaciones','Operating coordinator',1,'amxsab.system@gmail.com',CURRENT_TIMESTAMP,'amxsab.system@gmail.com',CURRENT_TIMESTAMP);
-- jcromero@aeromexico.com / qwerty123456;
INSERT INTO USUARIO(EMAIL_USUARIO,CONTRASENIA,NOMBRE,APELLIDO_PATERNO,APELLIDO_MATERNO,TIPO,STATUS,USUARIO_CREO,FECHA_CREO,USUARIO_MODIFICO,FECHA_MODIFICO)VALUES('jcromero@aeromexico.com','OldFoF+H3e4dtoshfcBDv6IG0ceqod0KfddrhSpzNZc=','José Christian ','Romero','Coronel','I',1,'amxsab.system@gmail.com',CURRENT_TIMESTAMP,'amxsab.system@gmail.com',CURRENT_TIMESTAMP);
INSERT INTO PERFIL_USUARIO(PERFIL,EMAIL_USUARIO) VALUES('PORTAL_BASICUSER','jcromero@aeromexico.com');
INSERT INTO PERFIL_USUARIO(PERFIL,EMAIL_USUARIO) VALUES('ONBOARD_STD_ADMINISTRATOR','jcromero@aeromexico.com');
INSERT INTO EMPLEADO(EMAIL_USUARIO,EMAIL_JEFE,ID_COMPANIA,ID_AREA,ID_ESTACION,TELEFONO,EXTENSION,DIRECTORIO_SAB,PUESTO_ES,PUESTO_EN,STATUS,USUARIO_CREO,FECHA_CREO,USUARIO_MODIFICO,FECHA_MODIFICO)VALUES('jcromero@aeromexico.com','btrevino@aeromexico.com',1,2,96,'91324000','',1,'','',1,'amxsab.system@gmail.com',CURRENT_TIMESTAMP,'amxsab.system@gmail.com',CURRENT_TIMESTAMP);
-- afernandezo@aeromexico.com / qwerty123456;
INSERT INTO USUARIO(EMAIL_USUARIO,CONTRASENIA,NOMBRE,APELLIDO_PATERNO,APELLIDO_MATERNO,TIPO,STATUS,USUARIO_CREO,FECHA_CREO,USUARIO_MODIFICO,FECHA_MODIFICO)VALUES('afernandezo@aeromexico.com','OldFoF+H3e4dtoshfcBDv6IG0ceqod0KfddrhSpzNZc=','Antonio','Fernández','Ojeda','I',1,'amxsab.system@gmail.com',CURRENT_TIMESTAMP,'amxsab.system@gmail.com',CURRENT_TIMESTAMP);
INSERT INTO PERFIL_USUARIO(PERFIL,EMAIL_USUARIO) VALUES('PORTAL_BASICUSER','afernandezo@aeromexico.com');
INSERT INTO PERFIL_USUARIO(PERFIL,EMAIL_USUARIO) VALUES('OPERATION_ADMINISTRATOR','afernandezo@aeromexico.com');
INSERT INTO EMPLEADO(EMAIL_USUARIO,EMAIL_JEFE,ID_COMPANIA,ID_AREA,ID_ESTACION,TELEFONO,EXTENSION,DIRECTORIO_SAB,PUESTO_ES,PUESTO_EN,STATUS,USUARIO_CREO,FECHA_CREO,USUARIO_MODIFICO,FECHA_MODIFICO)VALUES('afernandezo@aeromexico.com','btrevino@aeromexico.com',1,2,96,'91324000','',1,'Subdirector de diseño de producto y estándares de servicio','',1,'amxsab.system@gmail.com',CURRENT_TIMESTAMP,'amxsab.system@gmail.com',CURRENT_TIMESTAMP);
-- mmorgan@aeromexico.com / qwerty123456;
INSERT INTO USUARIO(EMAIL_USUARIO,CONTRASENIA,NOMBRE,APELLIDO_PATERNO,APELLIDO_MATERNO,TIPO,STATUS,USUARIO_CREO,FECHA_CREO,USUARIO_MODIFICO,FECHA_MODIFICO)VALUES('mmorgan@aeromexico.com','OldFoF+H3e4dtoshfcBDv6IG0ceqod0KfddrhSpzNZc=','Mario Antonio Morgan Piña','Morgan','Piña','I',1,'amxsab.system@gmail.com',CURRENT_TIMESTAMP,'amxsab.system@gmail.com',CURRENT_TIMESTAMP);
INSERT INTO PERFIL_USUARIO(PERFIL,EMAIL_USUARIO) VALUES('PORTAL_BASICUSER','mmorgan@aeromexico.com');
INSERT INTO PERFIL_USUARIO(PERFIL,EMAIL_USUARIO) VALUES('OPERATION_ADMINISTRATOR','mmorgan@aeromexico.com');
INSERT INTO EMPLEADO(EMAIL_USUARIO,EMAIL_JEFE,ID_COMPANIA,ID_AREA,ID_ESTACION,TELEFONO,EXTENSION,DIRECTORIO_SAB,PUESTO_ES,PUESTO_EN,STATUS,USUARIO_CREO,FECHA_CREO,USUARIO_MODIFICO,FECHA_MODIFICO)VALUES('mmorgan@aeromexico.com','btrevino@aeromexico.com',1,2,96,'91324000','',1,'Coordinador de Operaciones','Operating coordinator',1,'amxsab.system@gmail.com',CURRENT_TIMESTAMP,'amxsab.system@gmail.com',CURRENT_TIMESTAMP);
-- edeltorob@aeromexico.com / qwerty123456;
INSERT INTO USUARIO(EMAIL_USUARIO,CONTRASENIA,NOMBRE,APELLIDO_PATERNO,APELLIDO_MATERNO,TIPO,STATUS,USUARIO_CREO,FECHA_CREO,USUARIO_MODIFICO,FECHA_MODIFICO)VALUES('edeltorob@aeromexico.com','OldFoF+H3e4dtoshfcBDv6IG0ceqod0KfddrhSpzNZc=','María Teresa Erika','del Toro','Basurto','I',1,'amxsab.system@gmail.com',CURRENT_TIMESTAMP,'amxsab.system@gmail.com',CURRENT_TIMESTAMP);
INSERT INTO PERFIL_USUARIO(PERFIL,EMAIL_USUARIO) VALUES('PORTAL_BASICUSER','edeltorob@aeromexico.com');
INSERT INTO PERFIL_USUARIO(PERFIL,EMAIL_USUARIO) VALUES('ONBOARD_STD_ADMINISTRATOR','edeltorob@aeromexico.com');
INSERT INTO EMPLEADO(EMAIL_USUARIO,EMAIL_JEFE,ID_COMPANIA,ID_AREA,ID_ESTACION,TELEFONO,EXTENSION,DIRECTORIO_SAB,PUESTO_ES,PUESTO_EN,STATUS,USUARIO_CREO,FECHA_CREO,USUARIO_MODIFICO,FECHA_MODIFICO)VALUES('edeltorob@aeromexico.com','btrevino@aeromexico.com',1,2,96,'91324000','',1,'','',1,'amxsab.system@gmail.com',CURRENT_TIMESTAMP,'amxsab.system@gmail.com',CURRENT_TIMESTAMP);
-- mbaeza@aeromexico.com / qwerty123456;
INSERT INTO USUARIO(EMAIL_USUARIO,CONTRASENIA,NOMBRE,APELLIDO_PATERNO,APELLIDO_MATERNO,TIPO,STATUS,USUARIO_CREO,FECHA_CREO,USUARIO_MODIFICO,FECHA_MODIFICO)VALUES('mbaeza@aeromexico.com','OldFoF+H3e4dtoshfcBDv6IG0ceqod0KfddrhSpzNZc=','Martha Adela','Baeza','Villegas','I',1,'amxsab.system@gmail.com',CURRENT_TIMESTAMP,'amxsab.system@gmail.com',CURRENT_TIMESTAMP);
INSERT INTO PERFIL_USUARIO(PERFIL,EMAIL_USUARIO) VALUES('PORTAL_BASICUSER','mbaeza@aeromexico.com');
INSERT INTO PERFIL_USUARIO(PERFIL,EMAIL_USUARIO) VALUES('OPERATION_ADMINISTRATOR','mbaeza@aeromexico.com');
INSERT INTO EMPLEADO(EMAIL_USUARIO,EMAIL_JEFE,ID_COMPANIA,ID_AREA,ID_ESTACION,TELEFONO,EXTENSION,DIRECTORIO_SAB,PUESTO_ES,PUESTO_EN,STATUS,USUARIO_CREO,FECHA_CREO,USUARIO_MODIFICO,FECHA_MODIFICO)VALUES('mbaeza@aeromexico.com','btrevino@aeromexico.com',1,2,96,'91324000','',1,'Coordinador de Operaciones','Operating coordinator',1,'amxsab.system@gmail.com',CURRENT_TIMESTAMP,'amxsab.system@gmail.com',CURRENT_TIMESTAMP);
-- myanez@aeromexico.com / qwerty123456;
INSERT INTO USUARIO(EMAIL_USUARIO,CONTRASENIA,NOMBRE,APELLIDO_PATERNO,APELLIDO_MATERNO,TIPO,STATUS,USUARIO_CREO,FECHA_CREO,USUARIO_MODIFICO,FECHA_MODIFICO)VALUES('myanez@aeromexico.com','OldFoF+H3e4dtoshfcBDv6IG0ceqod0KfddrhSpzNZc=','Mariana','Yáñez','Ortega','I',1,'amxsab.system@gmail.com',CURRENT_TIMESTAMP,'amxsab.system@gmail.com',CURRENT_TIMESTAMP);
INSERT INTO PERFIL_USUARIO(PERFIL,EMAIL_USUARIO) VALUES('PORTAL_BASICUSER','myanez@aeromexico.com');
INSERT INTO PERFIL_USUARIO(PERFIL,EMAIL_USUARIO) VALUES('DESIGN_ADMINISTRATOR','myanez@aeromexico.com');
INSERT INTO EMPLEADO(EMAIL_USUARIO,EMAIL_JEFE,ID_COMPANIA,ID_AREA,ID_ESTACION,TELEFONO,EXTENSION,DIRECTORIO_SAB,PUESTO_ES,PUESTO_EN,STATUS,USUARIO_CREO,FECHA_CREO,USUARIO_MODIFICO,FECHA_MODIFICO)VALUES('myanez@aeromexico.com','btrevino@aeromexico.com',1,2,96,'91324000','',1,'Supervisor de Comisariato','Supplier Supervisor ',1,'amxsab.system@gmail.com',CURRENT_TIMESTAMP,'amxsab.system@gmail.com',CURRENT_TIMESTAMP);
-- jpruebas@gmail.com / qwerty123456;
INSERT INTO USUARIO(EMAIL_USUARIO,CONTRASENIA,NOMBRE,APELLIDO_PATERNO,APELLIDO_MATERNO,TIPO,STATUS,USUARIO_CREO,FECHA_CREO,USUARIO_MODIFICO,FECHA_MODIFICO)VALUES('jpruebas@gmail.com','OldFoF+H3e4dtoshfcBDv6IG0ceqod0KfddrhSpzNZc=','Jorge Pruebas','Potencial','Prueba','I',1,'amxsab.system@gmail.com',CURRENT_TIMESTAMP,'amxsab.system@gmail.com',CURRENT_TIMESTAMP);
INSERT INTO PERFIL_USUARIO(PERFIL,EMAIL_USUARIO) VALUES('PORTAL_BASICUSER','jpruebas@gmail.com');
INSERT INTO PERFIL_USUARIO(PERFIL,EMAIL_USUARIO) VALUES('DESIGN_ADMINISTRATOR','jpruebas@gmail.com');
INSERT INTO EMPLEADO(EMAIL_USUARIO,EMAIL_JEFE,ID_COMPANIA,ID_AREA,ID_ESTACION,TELEFONO,EXTENSION,DIRECTORIO_SAB,PUESTO_ES,PUESTO_EN,STATUS,USUARIO_CREO,FECHA_CREO,USUARIO_MODIFICO,FECHA_MODIFICO)VALUES('jpruebas@gmail.com','btrevino@aeromexico.com',1,2,96,'91324000','4555',1,'Encargado de Potenciales','Menu Designer',1,'amxsab.system@gmail.com',CURRENT_TIMESTAMP,'amxsab.system@gmail.com',CURRENT_TIMESTAMP);

INSERT INTO VUELO (NUMERO_VUELO,ID_COMPANIA,ID_TIPO_CABINA,ID_ESTACION_ORIGEN,ID_ESTACION_DESTINO,STATUS,USUARIO_CREO,FECHA_CREO,USUARIO_MODIFICO,FECHA_MODIFICO) VALUES (1,1,5,96,23,1,'amxsab.system@gmail.com',CURRENT_TIMESTAMP,'amxsab.system@gmail.com',CURRENT_TIMESTAMP);
INSERT INTO VUELO (NUMERO_VUELO,ID_COMPANIA,ID_TIPO_CABINA,ID_ESTACION_ORIGEN,ID_ESTACION_DESTINO,STATUS,USUARIO_CREO,FECHA_CREO,USUARIO_MODIFICO,FECHA_MODIFICO) VALUES (2,1,5,23,96,1,'amxsab.system@gmail.com',CURRENT_TIMESTAMP,'amxsab.system@gmail.com',CURRENT_TIMESTAMP);
INSERT INTO VUELO (NUMERO_VUELO,ID_COMPANIA,ID_TIPO_CABINA,ID_ESTACION_ORIGEN,ID_ESTACION_DESTINO,STATUS,USUARIO_CREO,FECHA_CREO,USUARIO_MODIFICO,FECHA_MODIFICO) VALUES (3,1,5,96,5,1,'amxsab.system@gmail.com',CURRENT_TIMESTAMP,'amxsab.system@gmail.com',CURRENT_TIMESTAMP);
INSERT INTO VUELO (NUMERO_VUELO,ID_COMPANIA,ID_TIPO_CABINA,ID_ESTACION_ORIGEN,ID_ESTACION_DESTINO,STATUS,USUARIO_CREO,FECHA_CREO,USUARIO_MODIFICO,FECHA_MODIFICO) VALUES (4,1,5,5,96,1,'amxsab.system@gmail.com',CURRENT_TIMESTAMP,'amxsab.system@gmail.com',CURRENT_TIMESTAMP);
INSERT INTO VUELO (NUMERO_VUELO,ID_COMPANIA,ID_TIPO_CABINA,ID_ESTACION_ORIGEN,ID_ESTACION_DESTINO,STATUS,USUARIO_CREO,FECHA_CREO,USUARIO_MODIFICO,FECHA_MODIFICO) VALUES (7,1,5,96,21,1,'amxsab.system@gmail.com',CURRENT_TIMESTAMP,'amxsab.system@gmail.com',CURRENT_TIMESTAMP);
INSERT INTO VUELO (NUMERO_VUELO,ID_COMPANIA,ID_TIPO_CABINA,ID_ESTACION_ORIGEN,ID_ESTACION_DESTINO,STATUS,USUARIO_CREO,FECHA_CREO,USUARIO_MODIFICO,FECHA_MODIFICO) VALUES (8,1,5,21,96,1,'amxsab.system@gmail.com',CURRENT_TIMESTAMP,'amxsab.system@gmail.com',CURRENT_TIMESTAMP);
INSERT INTO VUELO (NUMERO_VUELO,ID_COMPANIA,ID_TIPO_CABINA,ID_ESTACION_ORIGEN,ID_ESTACION_DESTINO,STATUS,USUARIO_CREO,FECHA_CREO,USUARIO_MODIFICO,FECHA_MODIFICO) VALUES (24,1,5,96,37,1,'amxsab.system@gmail.com',CURRENT_TIMESTAMP,'amxsab.system@gmail.com',CURRENT_TIMESTAMP);
INSERT INTO VUELO (NUMERO_VUELO,ID_COMPANIA,ID_TIPO_CABINA,ID_ESTACION_ORIGEN,ID_ESTACION_DESTINO,STATUS,USUARIO_CREO,FECHA_CREO,USUARIO_MODIFICO,FECHA_MODIFICO) VALUES (11,1,5,37,96,1,'amxsab.system@gmail.com',CURRENT_TIMESTAMP,'amxsab.system@gmail.com',CURRENT_TIMESTAMP);
INSERT INTO VUELO (NUMERO_VUELO,ID_COMPANIA,ID_TIPO_CABINA,ID_ESTACION_ORIGEN,ID_ESTACION_DESTINO,STATUS,USUARIO_CREO,FECHA_CREO,USUARIO_MODIFICO,FECHA_MODIFICO) VALUES (14,1,5,96,12,1,'amxsab.system@gmail.com',CURRENT_TIMESTAMP,'amxsab.system@gmail.com',CURRENT_TIMESTAMP);
INSERT INTO VUELO (NUMERO_VUELO,ID_COMPANIA,ID_TIPO_CABINA,ID_ESTACION_ORIGEN,ID_ESTACION_DESTINO,STATUS,USUARIO_CREO,FECHA_CREO,USUARIO_MODIFICO,FECHA_MODIFICO) VALUES (15,1,5,12,96,1,'amxsab.system@gmail.com',CURRENT_TIMESTAMP,'amxsab.system@gmail.com',CURRENT_TIMESTAMP);
INSERT INTO VUELO (NUMERO_VUELO,ID_COMPANIA,ID_TIPO_CABINA,ID_ESTACION_ORIGEN,ID_ESTACION_DESTINO,STATUS,USUARIO_CREO,FECHA_CREO,USUARIO_MODIFICO,FECHA_MODIFICO) VALUES (16,1,5,96,12,1,'amxsab.system@gmail.com',CURRENT_TIMESTAMP,'amxsab.system@gmail.com',CURRENT_TIMESTAMP);
INSERT INTO VUELO (NUMERO_VUELO,ID_COMPANIA,ID_TIPO_CABINA,ID_ESTACION_ORIGEN,ID_ESTACION_DESTINO,STATUS,USUARIO_CREO,FECHA_CREO,USUARIO_MODIFICO,FECHA_MODIFICO) VALUES (17,1,5,12,96,1,'amxsab.system@gmail.com',CURRENT_TIMESTAMP,'amxsab.system@gmail.com',CURRENT_TIMESTAMP);
INSERT INTO VUELO (NUMERO_VUELO,ID_COMPANIA,ID_TIPO_CABINA,ID_ESTACION_ORIGEN,ID_ESTACION_DESTINO,STATUS,USUARIO_CREO,FECHA_CREO,USUARIO_MODIFICO,FECHA_MODIFICO) VALUES (18,1,6,20,96,1,'amxsab.system@gmail.com',CURRENT_TIMESTAMP,'amxsab.system@gmail.com',CURRENT_TIMESTAMP);
INSERT INTO VUELO (NUMERO_VUELO,ID_COMPANIA,ID_TIPO_CABINA,ID_ESTACION_ORIGEN,ID_ESTACION_DESTINO,STATUS,USUARIO_CREO,FECHA_CREO,USUARIO_MODIFICO,FECHA_MODIFICO) VALUES (18,1,6,96,22,1,'amxsab.system@gmail.com',CURRENT_TIMESTAMP,'amxsab.system@gmail.com',CURRENT_TIMESTAMP);
INSERT INTO VUELO (NUMERO_VUELO,ID_COMPANIA,ID_TIPO_CABINA,ID_ESTACION_ORIGEN,ID_ESTACION_DESTINO,STATUS,USUARIO_CREO,FECHA_CREO,USUARIO_MODIFICO,FECHA_MODIFICO) VALUES (19,1,6,96,20,1,'amxsab.system@gmail.com',CURRENT_TIMESTAMP,'amxsab.system@gmail.com',CURRENT_TIMESTAMP);
INSERT INTO VUELO (NUMERO_VUELO,ID_COMPANIA,ID_TIPO_CABINA,ID_ESTACION_ORIGEN,ID_ESTACION_DESTINO,STATUS,USUARIO_CREO,FECHA_CREO,USUARIO_MODIFICO,FECHA_MODIFICO) VALUES (19,1,6,22,96,1,'amxsab.system@gmail.com',CURRENT_TIMESTAMP,'amxsab.system@gmail.com',CURRENT_TIMESTAMP);
INSERT INTO VUELO (NUMERO_VUELO,ID_COMPANIA,ID_TIPO_CABINA,ID_ESTACION_ORIGEN,ID_ESTACION_DESTINO,STATUS,USUARIO_CREO,FECHA_CREO,USUARIO_MODIFICO,FECHA_MODIFICO) VALUES (21,1,5,96,23,1,'amxsab.system@gmail.com',CURRENT_TIMESTAMP,'amxsab.system@gmail.com',CURRENT_TIMESTAMP);
INSERT INTO VUELO (NUMERO_VUELO,ID_COMPANIA,ID_TIPO_CABINA,ID_ESTACION_ORIGEN,ID_ESTACION_DESTINO,STATUS,USUARIO_CREO,FECHA_CREO,USUARIO_MODIFICO,FECHA_MODIFICO) VALUES (22,1,5,23,96,1,'amxsab.system@gmail.com',CURRENT_TIMESTAMP,'amxsab.system@gmail.com',CURRENT_TIMESTAMP);
INSERT INTO VUELO (NUMERO_VUELO,ID_COMPANIA,ID_TIPO_CABINA,ID_ESTACION_ORIGEN,ID_ESTACION_DESTINO,STATUS,USUARIO_CREO,FECHA_CREO,USUARIO_MODIFICO,FECHA_MODIFICO) VALUES (28,1,5,96,10,1,'amxsab.system@gmail.com',CURRENT_TIMESTAMP,'amxsab.system@gmail.com',CURRENT_TIMESTAMP);
INSERT INTO VUELO (NUMERO_VUELO,ID_COMPANIA,ID_TIPO_CABINA,ID_ESTACION_ORIGEN,ID_ESTACION_DESTINO,STATUS,USUARIO_CREO,FECHA_CREO,USUARIO_MODIFICO,FECHA_MODIFICO) VALUES (29,1,5,10,96,1,'amxsab.system@gmail.com',CURRENT_TIMESTAMP,'amxsab.system@gmail.com',CURRENT_TIMESTAMP);
INSERT INTO VUELO (NUMERO_VUELO,ID_COMPANIA,ID_TIPO_CABINA,ID_ESTACION_ORIGEN,ID_ESTACION_DESTINO,STATUS,USUARIO_CREO,FECHA_CREO,USUARIO_MODIFICO,FECHA_MODIFICO) VALUES (30,1,5,96,10,1,'amxsab.system@gmail.com',CURRENT_TIMESTAMP,'amxsab.system@gmail.com',CURRENT_TIMESTAMP);
INSERT INTO VUELO (NUMERO_VUELO,ID_COMPANIA,ID_TIPO_CABINA,ID_ESTACION_ORIGEN,ID_ESTACION_DESTINO,STATUS,USUARIO_CREO,FECHA_CREO,USUARIO_MODIFICO,FECHA_MODIFICO) VALUES (31,1,5,10,96,1,'amxsab.system@gmail.com',CURRENT_TIMESTAMP,'amxsab.system@gmail.com',CURRENT_TIMESTAMP);
INSERT INTO VUELO (NUMERO_VUELO,ID_COMPANIA,ID_TIPO_CABINA,ID_ESTACION_ORIGEN,ID_ESTACION_DESTINO,STATUS,USUARIO_CREO,FECHA_CREO,USUARIO_MODIFICO,FECHA_MODIFICO) VALUES (48,1,6,96,22,1,'amxsab.system@gmail.com',CURRENT_TIMESTAMP,'amxsab.system@gmail.com',CURRENT_TIMESTAMP);
INSERT INTO VUELO (NUMERO_VUELO,ID_COMPANIA,ID_TIPO_CABINA,ID_ESTACION_ORIGEN,ID_ESTACION_DESTINO,STATUS,USUARIO_CREO,FECHA_CREO,USUARIO_MODIFICO,FECHA_MODIFICO) VALUES (49,1,6,22,96,1,'amxsab.system@gmail.com',CURRENT_TIMESTAMP,'amxsab.system@gmail.com',CURRENT_TIMESTAMP);
INSERT INTO VUELO (NUMERO_VUELO,ID_COMPANIA,ID_TIPO_CABINA,ID_ESTACION_ORIGEN,ID_ESTACION_DESTINO,STATUS,USUARIO_CREO,FECHA_CREO,USUARIO_MODIFICO,FECHA_MODIFICO) VALUES (57,1,5,29,96,1,'amxsab.system@gmail.com',CURRENT_TIMESTAMP,'amxsab.system@gmail.com',CURRENT_TIMESTAMP);
INSERT INTO VUELO (NUMERO_VUELO,ID_COMPANIA,ID_TIPO_CABINA,ID_ESTACION_ORIGEN,ID_ESTACION_DESTINO,STATUS,USUARIO_CREO,FECHA_CREO,USUARIO_MODIFICO,FECHA_MODIFICO) VALUES (58,1,5,96,29,1,'amxsab.system@gmail.com',CURRENT_TIMESTAMP,'amxsab.system@gmail.com',CURRENT_TIMESTAMP);
INSERT INTO VUELO (NUMERO_VUELO,ID_COMPANIA,ID_TIPO_CABINA,ID_ESTACION_ORIGEN,ID_ESTACION_DESTINO,STATUS,USUARIO_CREO,FECHA_CREO,USUARIO_MODIFICO,FECHA_MODIFICO) VALUES (98,1,5,96,88,1,'amxsab.system@gmail.com',CURRENT_TIMESTAMP,'amxsab.system@gmail.com',CURRENT_TIMESTAMP);
INSERT INTO VUELO (NUMERO_VUELO,ID_COMPANIA,ID_TIPO_CABINA,ID_ESTACION_ORIGEN,ID_ESTACION_DESTINO,STATUS,USUARIO_CREO,FECHA_CREO,USUARIO_MODIFICO,FECHA_MODIFICO) VALUES (98,1,5,88,33,1,'amxsab.system@gmail.com',CURRENT_TIMESTAMP,'amxsab.system@gmail.com',CURRENT_TIMESTAMP);
INSERT INTO VUELO (NUMERO_VUELO,ID_COMPANIA,ID_TIPO_CABINA,ID_ESTACION_ORIGEN,ID_ESTACION_DESTINO,STATUS,USUARIO_CREO,FECHA_CREO,USUARIO_MODIFICO,FECHA_MODIFICO) VALUES (99,1,5,33,96,1,'amxsab.system@gmail.com',CURRENT_TIMESTAMP,'amxsab.system@gmail.com',CURRENT_TIMESTAMP);
INSERT INTO VUELO (NUMERO_VUELO,ID_COMPANIA,ID_TIPO_CABINA,ID_ESTACION_ORIGEN,ID_ESTACION_DESTINO,STATUS,USUARIO_CREO,FECHA_CREO,USUARIO_MODIFICO,FECHA_MODIFICO) VALUES (100,1,6,96,64,1,'amxsab.system@gmail.com',CURRENT_TIMESTAMP,'amxsab.system@gmail.com',CURRENT_TIMESTAMP);
INSERT INTO VUELO (NUMERO_VUELO,ID_COMPANIA,ID_TIPO_CABINA,ID_ESTACION_ORIGEN,ID_ESTACION_DESTINO,STATUS,USUARIO_CREO,FECHA_CREO,USUARIO_MODIFICO,FECHA_MODIFICO) VALUES (102,1,6,96,64,1,'amxsab.system@gmail.com',CURRENT_TIMESTAMP,'amxsab.system@gmail.com',CURRENT_TIMESTAMP);
INSERT INTO VUELO (NUMERO_VUELO,ID_COMPANIA,ID_TIPO_CABINA,ID_ESTACION_ORIGEN,ID_ESTACION_DESTINO,STATUS,USUARIO_CREO,FECHA_CREO,USUARIO_MODIFICO,FECHA_MODIFICO) VALUES (105,1,6,64,96,1,'amxsab.system@gmail.com',CURRENT_TIMESTAMP,'amxsab.system@gmail.com',CURRENT_TIMESTAMP);
INSERT INTO VUELO (NUMERO_VUELO,ID_COMPANIA,ID_TIPO_CABINA,ID_ESTACION_ORIGEN,ID_ESTACION_DESTINO,STATUS,USUARIO_CREO,FECHA_CREO,USUARIO_MODIFICO,FECHA_MODIFICO) VALUES (107,1,6,64,96,1,'amxsab.system@gmail.com',CURRENT_TIMESTAMP,'amxsab.system@gmail.com',CURRENT_TIMESTAMP);
INSERT INTO VUELO (NUMERO_VUELO,ID_COMPANIA,ID_TIPO_CABINA,ID_ESTACION_ORIGEN,ID_ESTACION_DESTINO,STATUS,USUARIO_CREO,FECHA_CREO,USUARIO_MODIFICO,FECHA_MODIFICO) VALUES (108,1,6,96,64,1,'amxsab.system@gmail.com',CURRENT_TIMESTAMP,'amxsab.system@gmail.com',CURRENT_TIMESTAMP);
INSERT INTO VUELO (NUMERO_VUELO,ID_COMPANIA,ID_TIPO_CABINA,ID_ESTACION_ORIGEN,ID_ESTACION_DESTINO,STATUS,USUARIO_CREO,FECHA_CREO,USUARIO_MODIFICO,FECHA_MODIFICO) VALUES (109,1,6,64,96,1,'amxsab.system@gmail.com',CURRENT_TIMESTAMP,'amxsab.system@gmail.com',CURRENT_TIMESTAMP);
INSERT INTO VUELO (NUMERO_VUELO,ID_COMPANIA,ID_TIPO_CABINA,ID_ESTACION_ORIGEN,ID_ESTACION_DESTINO,STATUS,USUARIO_CREO,FECHA_CREO,USUARIO_MODIFICO,FECHA_MODIFICO) VALUES (115,1,6,64,96,1,'amxsab.system@gmail.com',CURRENT_TIMESTAMP,'amxsab.system@gmail.com',CURRENT_TIMESTAMP);
INSERT INTO VUELO (NUMERO_VUELO,ID_COMPANIA,ID_TIPO_CABINA,ID_ESTACION_ORIGEN,ID_ESTACION_DESTINO,STATUS,USUARIO_CREO,FECHA_CREO,USUARIO_MODIFICO,FECHA_MODIFICO) VALUES (120,1,6,96,64,1,'amxsab.system@gmail.com',CURRENT_TIMESTAMP,'amxsab.system@gmail.com',CURRENT_TIMESTAMP);
INSERT INTO VUELO (NUMERO_VUELO,ID_COMPANIA,ID_TIPO_CABINA,ID_ESTACION_ORIGEN,ID_ESTACION_DESTINO,STATUS,USUARIO_CREO,FECHA_CREO,USUARIO_MODIFICO,FECHA_MODIFICO) VALUES (121,1,6,64,96,1,'amxsab.system@gmail.com',CURRENT_TIMESTAMP,'amxsab.system@gmail.com',CURRENT_TIMESTAMP);
INSERT INTO VUELO (NUMERO_VUELO,ID_COMPANIA,ID_TIPO_CABINA,ID_ESTACION_ORIGEN,ID_ESTACION_DESTINO,STATUS,USUARIO_CREO,FECHA_CREO,USUARIO_MODIFICO,FECHA_MODIFICO) VALUES (126,1,6,96,64,1,'amxsab.system@gmail.com',CURRENT_TIMESTAMP,'amxsab.system@gmail.com',CURRENT_TIMESTAMP);
INSERT INTO VUELO (NUMERO_VUELO,ID_COMPANIA,ID_TIPO_CABINA,ID_ESTACION_ORIGEN,ID_ESTACION_DESTINO,STATUS,USUARIO_CREO,FECHA_CREO,USUARIO_MODIFICO,FECHA_MODIFICO) VALUES (127,1,6,64,96,1,'amxsab.system@gmail.com',CURRENT_TIMESTAMP,'amxsab.system@gmail.com',CURRENT_TIMESTAMP);
INSERT INTO VUELO (NUMERO_VUELO,ID_COMPANIA,ID_TIPO_CABINA,ID_ESTACION_ORIGEN,ID_ESTACION_DESTINO,STATUS,USUARIO_CREO,FECHA_CREO,USUARIO_MODIFICO,FECHA_MODIFICO) VALUES (128,1,6,96,64,1,'amxsab.system@gmail.com',CURRENT_TIMESTAMP,'amxsab.system@gmail.com',CURRENT_TIMESTAMP);
INSERT INTO VUELO (NUMERO_VUELO,ID_COMPANIA,ID_TIPO_CABINA,ID_ESTACION_ORIGEN,ID_ESTACION_DESTINO,STATUS,USUARIO_CREO,FECHA_CREO,USUARIO_MODIFICO,FECHA_MODIFICO) VALUES (129,1,6,64,96,1,'amxsab.system@gmail.com',CURRENT_TIMESTAMP,'amxsab.system@gmail.com',CURRENT_TIMESTAMP);
INSERT INTO VUELO (NUMERO_VUELO,ID_COMPANIA,ID_TIPO_CABINA,ID_ESTACION_ORIGEN,ID_ESTACION_DESTINO,STATUS,USUARIO_CREO,FECHA_CREO,USUARIO_MODIFICO,FECHA_MODIFICO) VALUES (138,1,6,96,79,1,'amxsab.system@gmail.com',CURRENT_TIMESTAMP,'amxsab.system@gmail.com',CURRENT_TIMESTAMP);
INSERT INTO VUELO (NUMERO_VUELO,ID_COMPANIA,ID_TIPO_CABINA,ID_ESTACION_ORIGEN,ID_ESTACION_DESTINO,STATUS,USUARIO_CREO,FECHA_CREO,USUARIO_MODIFICO,FECHA_MODIFICO) VALUES (139,1,6,79,96,1,'amxsab.system@gmail.com',CURRENT_TIMESTAMP,'amxsab.system@gmail.com',CURRENT_TIMESTAMP);
INSERT INTO VUELO (NUMERO_VUELO,ID_COMPANIA,ID_TIPO_CABINA,ID_ESTACION_ORIGEN,ID_ESTACION_DESTINO,STATUS,USUARIO_CREO,FECHA_CREO,USUARIO_MODIFICO,FECHA_MODIFICO) VALUES (140,1,6,96,79,1,'amxsab.system@gmail.com',CURRENT_TIMESTAMP,'amxsab.system@gmail.com',CURRENT_TIMESTAMP);
INSERT INTO VUELO (NUMERO_VUELO,ID_COMPANIA,ID_TIPO_CABINA,ID_ESTACION_ORIGEN,ID_ESTACION_DESTINO,STATUS,USUARIO_CREO,FECHA_CREO,USUARIO_MODIFICO,FECHA_MODIFICO) VALUES (141,1,6,79,96,1,'amxsab.system@gmail.com',CURRENT_TIMESTAMP,'amxsab.system@gmail.com',CURRENT_TIMESTAMP);
INSERT INTO VUELO (NUMERO_VUELO,ID_COMPANIA,ID_TIPO_CABINA,ID_ESTACION_ORIGEN,ID_ESTACION_DESTINO,STATUS,USUARIO_CREO,FECHA_CREO,USUARIO_MODIFICO,FECHA_MODIFICO) VALUES (142,1,6,96,79,1,'amxsab.system@gmail.com',CURRENT_TIMESTAMP,'amxsab.system@gmail.com',CURRENT_TIMESTAMP);
INSERT INTO VUELO (NUMERO_VUELO,ID_COMPANIA,ID_TIPO_CABINA,ID_ESTACION_ORIGEN,ID_ESTACION_DESTINO,STATUS,USUARIO_CREO,FECHA_CREO,USUARIO_MODIFICO,FECHA_MODIFICO) VALUES (145,1,6,79,96,1,'amxsab.system@gmail.com',CURRENT_TIMESTAMP,'amxsab.system@gmail.com',CURRENT_TIMESTAMP);
INSERT INTO VUELO (NUMERO_VUELO,ID_COMPANIA,ID_TIPO_CABINA,ID_ESTACION_ORIGEN,ID_ESTACION_DESTINO,STATUS,USUARIO_CREO,FECHA_CREO,USUARIO_MODIFICO,FECHA_MODIFICO) VALUES (148,1,6,96,79,1,'amxsab.system@gmail.com',CURRENT_TIMESTAMP,'amxsab.system@gmail.com',CURRENT_TIMESTAMP);
INSERT INTO VUELO (NUMERO_VUELO,ID_COMPANIA,ID_TIPO_CABINA,ID_ESTACION_ORIGEN,ID_ESTACION_DESTINO,STATUS,USUARIO_CREO,FECHA_CREO,USUARIO_MODIFICO,FECHA_MODIFICO) VALUES (149,1,6,79,96,1,'amxsab.system@gmail.com',CURRENT_TIMESTAMP,'amxsab.system@gmail.com',CURRENT_TIMESTAMP);
INSERT INTO VUELO (NUMERO_VUELO,ID_COMPANIA,ID_TIPO_CABINA,ID_ESTACION_ORIGEN,ID_ESTACION_DESTINO,STATUS,USUARIO_CREO,FECHA_CREO,USUARIO_MODIFICO,FECHA_MODIFICO) VALUES (151,1,6,64,96,1,'amxsab.system@gmail.com',CURRENT_TIMESTAMP,'amxsab.system@gmail.com',CURRENT_TIMESTAMP);
INSERT INTO VUELO (NUMERO_VUELO,ID_COMPANIA,ID_TIPO_CABINA,ID_ESTACION_ORIGEN,ID_ESTACION_DESTINO,STATUS,USUARIO_CREO,FECHA_CREO,USUARIO_MODIFICO,FECHA_MODIFICO) VALUES (156,1,6,96,64,1,'amxsab.system@gmail.com',CURRENT_TIMESTAMP,'amxsab.system@gmail.com',CURRENT_TIMESTAMP);
INSERT INTO VUELO (NUMERO_VUELO,ID_COMPANIA,ID_TIPO_CABINA,ID_ESTACION_ORIGEN,ID_ESTACION_DESTINO,STATUS,USUARIO_CREO,FECHA_CREO,USUARIO_MODIFICO,FECHA_MODIFICO) VALUES (160,1,6,96,64,1,'amxsab.system@gmail.com',CURRENT_TIMESTAMP,'amxsab.system@gmail.com',CURRENT_TIMESTAMP);
INSERT INTO VUELO (NUMERO_VUELO,ID_COMPANIA,ID_TIPO_CABINA,ID_ESTACION_ORIGEN,ID_ESTACION_DESTINO,STATUS,USUARIO_CREO,FECHA_CREO,USUARIO_MODIFICO,FECHA_MODIFICO) VALUES (166,1,6,96,59,1,'amxsab.system@gmail.com',CURRENT_TIMESTAMP,'amxsab.system@gmail.com',CURRENT_TIMESTAMP);
INSERT INTO VUELO (NUMERO_VUELO,ID_COMPANIA,ID_TIPO_CABINA,ID_ESTACION_ORIGEN,ID_ESTACION_DESTINO,STATUS,USUARIO_CREO,FECHA_CREO,USUARIO_MODIFICO,FECHA_MODIFICO) VALUES (167,1,6,59,96,1,'amxsab.system@gmail.com',CURRENT_TIMESTAMP,'amxsab.system@gmail.com',CURRENT_TIMESTAMP);
INSERT INTO VUELO (NUMERO_VUELO,ID_COMPANIA,ID_TIPO_CABINA,ID_ESTACION_ORIGEN,ID_ESTACION_DESTINO,STATUS,USUARIO_CREO,FECHA_CREO,USUARIO_MODIFICO,FECHA_MODIFICO) VALUES (168,1,6,96,59,1,'amxsab.system@gmail.com',CURRENT_TIMESTAMP,'amxsab.system@gmail.com',CURRENT_TIMESTAMP);
INSERT INTO VUELO (NUMERO_VUELO,ID_COMPANIA,ID_TIPO_CABINA,ID_ESTACION_ORIGEN,ID_ESTACION_DESTINO,STATUS,USUARIO_CREO,FECHA_CREO,USUARIO_MODIFICO,FECHA_MODIFICO) VALUES (169,1,6,59,96,1,'amxsab.system@gmail.com',CURRENT_TIMESTAMP,'amxsab.system@gmail.com',CURRENT_TIMESTAMP);
INSERT INTO VUELO (NUMERO_VUELO,ID_COMPANIA,ID_TIPO_CABINA,ID_ESTACION_ORIGEN,ID_ESTACION_DESTINO,STATUS,USUARIO_CREO,FECHA_CREO,USUARIO_MODIFICO,FECHA_MODIFICO) VALUES (170,1,5,96,88,1,'amxsab.system@gmail.com',CURRENT_TIMESTAMP,'amxsab.system@gmail.com',CURRENT_TIMESTAMP);
INSERT INTO VUELO (NUMERO_VUELO,ID_COMPANIA,ID_TIPO_CABINA,ID_ESTACION_ORIGEN,ID_ESTACION_DESTINO,STATUS,USUARIO_CREO,FECHA_CREO,USUARIO_MODIFICO,FECHA_MODIFICO) VALUES (173,1,6,88,96,1,'amxsab.system@gmail.com',CURRENT_TIMESTAMP,'amxsab.system@gmail.com',CURRENT_TIMESTAMP);
INSERT INTO VUELO (NUMERO_VUELO,ID_COMPANIA,ID_TIPO_CABINA,ID_ESTACION_ORIGEN,ID_ESTACION_DESTINO,STATUS,USUARIO_CREO,FECHA_CREO,USUARIO_MODIFICO,FECHA_MODIFICO) VALUES (176,1,6,96,88,1,'amxsab.system@gmail.com',CURRENT_TIMESTAMP,'amxsab.system@gmail.com',CURRENT_TIMESTAMP);
INSERT INTO VUELO (NUMERO_VUELO,ID_COMPANIA,ID_TIPO_CABINA,ID_ESTACION_ORIGEN,ID_ESTACION_DESTINO,STATUS,USUARIO_CREO,FECHA_CREO,USUARIO_MODIFICO,FECHA_MODIFICO) VALUES (177,1,6,88,96,1,'amxsab.system@gmail.com',CURRENT_TIMESTAMP,'amxsab.system@gmail.com',CURRENT_TIMESTAMP);
INSERT INTO VUELO (NUMERO_VUELO,ID_COMPANIA,ID_TIPO_CABINA,ID_ESTACION_ORIGEN,ID_ESTACION_DESTINO,STATUS,USUARIO_CREO,FECHA_CREO,USUARIO_MODIFICO,FECHA_MODIFICO) VALUES (184,1,6,96,88,1,'amxsab.system@gmail.com',CURRENT_TIMESTAMP,'amxsab.system@gmail.com',CURRENT_TIMESTAMP);
INSERT INTO VUELO (NUMERO_VUELO,ID_COMPANIA,ID_TIPO_CABINA,ID_ESTACION_ORIGEN,ID_ESTACION_DESTINO,STATUS,USUARIO_CREO,FECHA_CREO,USUARIO_MODIFICO,FECHA_MODIFICO) VALUES (185,1,5,88,96,1,'amxsab.system@gmail.com',CURRENT_TIMESTAMP,'amxsab.system@gmail.com',CURRENT_TIMESTAMP);
INSERT INTO VUELO (NUMERO_VUELO,ID_COMPANIA,ID_TIPO_CABINA,ID_ESTACION_ORIGEN,ID_ESTACION_DESTINO,STATUS,USUARIO_CREO,FECHA_CREO,USUARIO_MODIFICO,FECHA_MODIFICO) VALUES (186,1,6,96,64,1,'amxsab.system@gmail.com',CURRENT_TIMESTAMP,'amxsab.system@gmail.com',CURRENT_TIMESTAMP);
INSERT INTO VUELO (NUMERO_VUELO,ID_COMPANIA,ID_TIPO_CABINA,ID_ESTACION_ORIGEN,ID_ESTACION_DESTINO,STATUS,USUARIO_CREO,FECHA_CREO,USUARIO_MODIFICO,FECHA_MODIFICO) VALUES (188,1,6,96,88,1,'amxsab.system@gmail.com',CURRENT_TIMESTAMP,'amxsab.system@gmail.com',CURRENT_TIMESTAMP);
INSERT INTO VUELO (NUMERO_VUELO,ID_COMPANIA,ID_TIPO_CABINA,ID_ESTACION_ORIGEN,ID_ESTACION_DESTINO,STATUS,USUARIO_CREO,FECHA_CREO,USUARIO_MODIFICO,FECHA_MODIFICO) VALUES (189,1,6,88,96,1,'amxsab.system@gmail.com',CURRENT_TIMESTAMP,'amxsab.system@gmail.com',CURRENT_TIMESTAMP);
INSERT INTO VUELO (NUMERO_VUELO,ID_COMPANIA,ID_TIPO_CABINA,ID_ESTACION_ORIGEN,ID_ESTACION_DESTINO,STATUS,USUARIO_CREO,FECHA_CREO,USUARIO_MODIFICO,FECHA_MODIFICO) VALUES (190,1,6,96,74,1,'amxsab.system@gmail.com',CURRENT_TIMESTAMP,'amxsab.system@gmail.com',CURRENT_TIMESTAMP);
INSERT INTO VUELO (NUMERO_VUELO,ID_COMPANIA,ID_TIPO_CABINA,ID_ESTACION_ORIGEN,ID_ESTACION_DESTINO,STATUS,USUARIO_CREO,FECHA_CREO,USUARIO_MODIFICO,FECHA_MODIFICO) VALUES (191,1,6,74,96,1,'amxsab.system@gmail.com',CURRENT_TIMESTAMP,'amxsab.system@gmail.com',CURRENT_TIMESTAMP);
INSERT INTO VUELO (NUMERO_VUELO,ID_COMPANIA,ID_TIPO_CABINA,ID_ESTACION_ORIGEN,ID_ESTACION_DESTINO,STATUS,USUARIO_CREO,FECHA_CREO,USUARIO_MODIFICO,FECHA_MODIFICO) VALUES (192,1,6,96,79,1,'amxsab.system@gmail.com',CURRENT_TIMESTAMP,'amxsab.system@gmail.com',CURRENT_TIMESTAMP);
INSERT INTO VUELO (NUMERO_VUELO,ID_COMPANIA,ID_TIPO_CABINA,ID_ESTACION_ORIGEN,ID_ESTACION_DESTINO,STATUS,USUARIO_CREO,FECHA_CREO,USUARIO_MODIFICO,FECHA_MODIFICO) VALUES (193,1,6,88,96,1,'amxsab.system@gmail.com',CURRENT_TIMESTAMP,'amxsab.system@gmail.com',CURRENT_TIMESTAMP);
INSERT INTO VUELO (NUMERO_VUELO,ID_COMPANIA,ID_TIPO_CABINA,ID_ESTACION_ORIGEN,ID_ESTACION_DESTINO,STATUS,USUARIO_CREO,FECHA_CREO,USUARIO_MODIFICO,FECHA_MODIFICO) VALUES (194,1,6,96,88,1,'amxsab.system@gmail.com',CURRENT_TIMESTAMP,'amxsab.system@gmail.com',CURRENT_TIMESTAMP);
INSERT INTO VUELO (NUMERO_VUELO,ID_COMPANIA,ID_TIPO_CABINA,ID_ESTACION_ORIGEN,ID_ESTACION_DESTINO,STATUS,USUARIO_CREO,FECHA_CREO,USUARIO_MODIFICO,FECHA_MODIFICO) VALUES (198,1,6,96,74,1,'amxsab.system@gmail.com',CURRENT_TIMESTAMP,'amxsab.system@gmail.com',CURRENT_TIMESTAMP);
INSERT INTO VUELO (NUMERO_VUELO,ID_COMPANIA,ID_TIPO_CABINA,ID_ESTACION_ORIGEN,ID_ESTACION_DESTINO,STATUS,USUARIO_CREO,FECHA_CREO,USUARIO_MODIFICO,FECHA_MODIFICO) VALUES (199,1,6,74,96,1,'amxsab.system@gmail.com',CURRENT_TIMESTAMP,'amxsab.system@gmail.com',CURRENT_TIMESTAMP);
INSERT INTO VUELO (NUMERO_VUELO,ID_COMPANIA,ID_TIPO_CABINA,ID_ESTACION_ORIGEN,ID_ESTACION_DESTINO,STATUS,USUARIO_CREO,FECHA_CREO,USUARIO_MODIFICO,FECHA_MODIFICO) VALUES (210,1,6,96,61,1,'amxsab.system@gmail.com',CURRENT_TIMESTAMP,'amxsab.system@gmail.com',CURRENT_TIMESTAMP);
INSERT INTO VUELO (NUMERO_VUELO,ID_COMPANIA,ID_TIPO_CABINA,ID_ESTACION_ORIGEN,ID_ESTACION_DESTINO,STATUS,USUARIO_CREO,FECHA_CREO,USUARIO_MODIFICO,FECHA_MODIFICO) VALUES (211,1,6,61,96,1,'amxsab.system@gmail.com',CURRENT_TIMESTAMP,'amxsab.system@gmail.com',CURRENT_TIMESTAMP);
INSERT INTO VUELO (NUMERO_VUELO,ID_COMPANIA,ID_TIPO_CABINA,ID_ESTACION_ORIGEN,ID_ESTACION_DESTINO,STATUS,USUARIO_CREO,FECHA_CREO,USUARIO_MODIFICO,FECHA_MODIFICO) VALUES (212,1,6,96,61,1,'amxsab.system@gmail.com',CURRENT_TIMESTAMP,'amxsab.system@gmail.com',CURRENT_TIMESTAMP);
INSERT INTO VUELO (NUMERO_VUELO,ID_COMPANIA,ID_TIPO_CABINA,ID_ESTACION_ORIGEN,ID_ESTACION_DESTINO,STATUS,USUARIO_CREO,FECHA_CREO,USUARIO_MODIFICO,FECHA_MODIFICO) VALUES (213,1,6,61,96,1,'amxsab.system@gmail.com',CURRENT_TIMESTAMP,'amxsab.system@gmail.com',CURRENT_TIMESTAMP);
INSERT INTO VUELO (NUMERO_VUELO,ID_COMPANIA,ID_TIPO_CABINA,ID_ESTACION_ORIGEN,ID_ESTACION_DESTINO,STATUS,USUARIO_CREO,FECHA_CREO,USUARIO_MODIFICO,FECHA_MODIFICO) VALUES (214,1,6,96,64,1,'amxsab.system@gmail.com',CURRENT_TIMESTAMP,'amxsab.system@gmail.com',CURRENT_TIMESTAMP);
INSERT INTO VUELO (NUMERO_VUELO,ID_COMPANIA,ID_TIPO_CABINA,ID_ESTACION_ORIGEN,ID_ESTACION_DESTINO,STATUS,USUARIO_CREO,FECHA_CREO,USUARIO_MODIFICO,FECHA_MODIFICO) VALUES (216,1,6,96,61,1,'amxsab.system@gmail.com',CURRENT_TIMESTAMP,'amxsab.system@gmail.com',CURRENT_TIMESTAMP);
INSERT INTO VUELO (NUMERO_VUELO,ID_COMPANIA,ID_TIPO_CABINA,ID_ESTACION_ORIGEN,ID_ESTACION_DESTINO,STATUS,USUARIO_CREO,FECHA_CREO,USUARIO_MODIFICO,FECHA_MODIFICO) VALUES (217,1,6,61,96,1,'amxsab.system@gmail.com',CURRENT_TIMESTAMP,'amxsab.system@gmail.com',CURRENT_TIMESTAMP);
INSERT INTO VUELO (NUMERO_VUELO,ID_COMPANIA,ID_TIPO_CABINA,ID_ESTACION_ORIGEN,ID_ESTACION_DESTINO,STATUS,USUARIO_CREO,FECHA_CREO,USUARIO_MODIFICO,FECHA_MODIFICO) VALUES (222,1,6,96,61,1,'amxsab.system@gmail.com',CURRENT_TIMESTAMP,'amxsab.system@gmail.com',CURRENT_TIMESTAMP);
INSERT INTO VUELO (NUMERO_VUELO,ID_COMPANIA,ID_TIPO_CABINA,ID_ESTACION_ORIGEN,ID_ESTACION_DESTINO,STATUS,USUARIO_CREO,FECHA_CREO,USUARIO_MODIFICO,FECHA_MODIFICO) VALUES (223,1,6,61,96,1,'amxsab.system@gmail.com',CURRENT_TIMESTAMP,'amxsab.system@gmail.com',CURRENT_TIMESTAMP);
INSERT INTO VUELO (NUMERO_VUELO,ID_COMPANIA,ID_TIPO_CABINA,ID_ESTACION_ORIGEN,ID_ESTACION_DESTINO,STATUS,USUARIO_CREO,FECHA_CREO,USUARIO_MODIFICO,FECHA_MODIFICO) VALUES (224,1,6,96,64,1,'amxsab.system@gmail.com',CURRENT_TIMESTAMP,'amxsab.system@gmail.com',CURRENT_TIMESTAMP);
INSERT INTO VUELO (NUMERO_VUELO,ID_COMPANIA,ID_TIPO_CABINA,ID_ESTACION_ORIGEN,ID_ESTACION_DESTINO,STATUS,USUARIO_CREO,FECHA_CREO,USUARIO_MODIFICO,FECHA_MODIFICO) VALUES (225,1,6,64,96,1,'amxsab.system@gmail.com',CURRENT_TIMESTAMP,'amxsab.system@gmail.com',CURRENT_TIMESTAMP);
INSERT INTO VUELO (NUMERO_VUELO,ID_COMPANIA,ID_TIPO_CABINA,ID_ESTACION_ORIGEN,ID_ESTACION_DESTINO,STATUS,USUARIO_CREO,FECHA_CREO,USUARIO_MODIFICO,FECHA_MODIFICO) VALUES (228,1,6,96,64,1,'amxsab.system@gmail.com',CURRENT_TIMESTAMP,'amxsab.system@gmail.com',CURRENT_TIMESTAMP);
INSERT INTO VUELO (NUMERO_VUELO,ID_COMPANIA,ID_TIPO_CABINA,ID_ESTACION_ORIGEN,ID_ESTACION_DESTINO,STATUS,USUARIO_CREO,FECHA_CREO,USUARIO_MODIFICO,FECHA_MODIFICO) VALUES (229,1,6,64,96,1,'amxsab.system@gmail.com',CURRENT_TIMESTAMP,'amxsab.system@gmail.com',CURRENT_TIMESTAMP);
INSERT INTO VUELO (NUMERO_VUELO,ID_COMPANIA,ID_TIPO_CABINA,ID_ESTACION_ORIGEN,ID_ESTACION_DESTINO,STATUS,USUARIO_CREO,FECHA_CREO,USUARIO_MODIFICO,FECHA_MODIFICO) VALUES (239,1,6,64,96,1,'amxsab.system@gmail.com',CURRENT_TIMESTAMP,'amxsab.system@gmail.com',CURRENT_TIMESTAMP);
INSERT INTO VUELO (NUMERO_VUELO,ID_COMPANIA,ID_TIPO_CABINA,ID_ESTACION_ORIGEN,ID_ESTACION_DESTINO,STATUS,USUARIO_CREO,FECHA_CREO,USUARIO_MODIFICO,FECHA_MODIFICO) VALUES (240,1,6,96,75,1,'amxsab.system@gmail.com',CURRENT_TIMESTAMP,'amxsab.system@gmail.com',CURRENT_TIMESTAMP);
INSERT INTO VUELO (NUMERO_VUELO,ID_COMPANIA,ID_TIPO_CABINA,ID_ESTACION_ORIGEN,ID_ESTACION_DESTINO,STATUS,USUARIO_CREO,FECHA_CREO,USUARIO_MODIFICO,FECHA_MODIFICO) VALUES (241,1,6,75,96,1,'amxsab.system@gmail.com',CURRENT_TIMESTAMP,'amxsab.system@gmail.com',CURRENT_TIMESTAMP);
INSERT INTO VUELO (NUMERO_VUELO,ID_COMPANIA,ID_TIPO_CABINA,ID_ESTACION_ORIGEN,ID_ESTACION_DESTINO,STATUS,USUARIO_CREO,FECHA_CREO,USUARIO_MODIFICO,FECHA_MODIFICO) VALUES (242,1,6,96,75,1,'amxsab.system@gmail.com',CURRENT_TIMESTAMP,'amxsab.system@gmail.com',CURRENT_TIMESTAMP);
INSERT INTO VUELO (NUMERO_VUELO,ID_COMPANIA,ID_TIPO_CABINA,ID_ESTACION_ORIGEN,ID_ESTACION_DESTINO,STATUS,USUARIO_CREO,FECHA_CREO,USUARIO_MODIFICO,FECHA_MODIFICO) VALUES (243,1,6,75,96,1,'amxsab.system@gmail.com',CURRENT_TIMESTAMP,'amxsab.system@gmail.com',CURRENT_TIMESTAMP);
INSERT INTO VUELO (NUMERO_VUELO,ID_COMPANIA,ID_TIPO_CABINA,ID_ESTACION_ORIGEN,ID_ESTACION_DESTINO,STATUS,USUARIO_CREO,FECHA_CREO,USUARIO_MODIFICO,FECHA_MODIFICO) VALUES (244,1,6,96,75,1,'amxsab.system@gmail.com',CURRENT_TIMESTAMP,'amxsab.system@gmail.com',CURRENT_TIMESTAMP);
INSERT INTO VUELO (NUMERO_VUELO,ID_COMPANIA,ID_TIPO_CABINA,ID_ESTACION_ORIGEN,ID_ESTACION_DESTINO,STATUS,USUARIO_CREO,FECHA_CREO,USUARIO_MODIFICO,FECHA_MODIFICO) VALUES (245,1,6,75,96,1,'amxsab.system@gmail.com',CURRENT_TIMESTAMP,'amxsab.system@gmail.com',CURRENT_TIMESTAMP);
INSERT INTO VUELO (NUMERO_VUELO,ID_COMPANIA,ID_TIPO_CABINA,ID_ESTACION_ORIGEN,ID_ESTACION_DESTINO,STATUS,USUARIO_CREO,FECHA_CREO,USUARIO_MODIFICO,FECHA_MODIFICO) VALUES (251,1,6,64,96,1,'amxsab.system@gmail.com',CURRENT_TIMESTAMP,'amxsab.system@gmail.com',CURRENT_TIMESTAMP);
INSERT INTO VUELO (NUMERO_VUELO,ID_COMPANIA,ID_TIPO_CABINA,ID_ESTACION_ORIGEN,ID_ESTACION_DESTINO,STATUS,USUARIO_CREO,FECHA_CREO,USUARIO_MODIFICO,FECHA_MODIFICO) VALUES (252,1,6,96,64,1,'amxsab.system@gmail.com',CURRENT_TIMESTAMP,'amxsab.system@gmail.com',CURRENT_TIMESTAMP);
INSERT INTO VUELO (NUMERO_VUELO,ID_COMPANIA,ID_TIPO_CABINA,ID_ESTACION_ORIGEN,ID_ESTACION_DESTINO,STATUS,USUARIO_CREO,FECHA_CREO,USUARIO_MODIFICO,FECHA_MODIFICO) VALUES (258,1,6,96,56,1,'amxsab.system@gmail.com',CURRENT_TIMESTAMP,'amxsab.system@gmail.com',CURRENT_TIMESTAMP);
INSERT INTO VUELO (NUMERO_VUELO,ID_COMPANIA,ID_TIPO_CABINA,ID_ESTACION_ORIGEN,ID_ESTACION_DESTINO,STATUS,USUARIO_CREO,FECHA_CREO,USUARIO_MODIFICO,FECHA_MODIFICO) VALUES (267,1,6,96,92,1,'amxsab.system@gmail.com',CURRENT_TIMESTAMP,'amxsab.system@gmail.com',CURRENT_TIMESTAMP);
INSERT INTO VUELO (NUMERO_VUELO,ID_COMPANIA,ID_TIPO_CABINA,ID_ESTACION_ORIGEN,ID_ESTACION_DESTINO,STATUS,USUARIO_CREO,FECHA_CREO,USUARIO_MODIFICO,FECHA_MODIFICO) VALUES (272,1,6,96,82,1,'amxsab.system@gmail.com',CURRENT_TIMESTAMP,'amxsab.system@gmail.com',CURRENT_TIMESTAMP);
INSERT INTO VUELO (NUMERO_VUELO,ID_COMPANIA,ID_TIPO_CABINA,ID_ESTACION_ORIGEN,ID_ESTACION_DESTINO,STATUS,USUARIO_CREO,FECHA_CREO,USUARIO_MODIFICO,FECHA_MODIFICO) VALUES (273,1,6,82,96,1,'amxsab.system@gmail.com',CURRENT_TIMESTAMP,'amxsab.system@gmail.com',CURRENT_TIMESTAMP);
INSERT INTO VUELO (NUMERO_VUELO,ID_COMPANIA,ID_TIPO_CABINA,ID_ESTACION_ORIGEN,ID_ESTACION_DESTINO,STATUS,USUARIO_CREO,FECHA_CREO,USUARIO_MODIFICO,FECHA_MODIFICO) VALUES (274,1,6,96,82,1,'amxsab.system@gmail.com',CURRENT_TIMESTAMP,'amxsab.system@gmail.com',CURRENT_TIMESTAMP);
INSERT INTO VUELO (NUMERO_VUELO,ID_COMPANIA,ID_TIPO_CABINA,ID_ESTACION_ORIGEN,ID_ESTACION_DESTINO,STATUS,USUARIO_CREO,FECHA_CREO,USUARIO_MODIFICO,FECHA_MODIFICO) VALUES (275,1,6,82,96,1,'amxsab.system@gmail.com',CURRENT_TIMESTAMP,'amxsab.system@gmail.com',CURRENT_TIMESTAMP);
INSERT INTO VUELO (NUMERO_VUELO,ID_COMPANIA,ID_TIPO_CABINA,ID_ESTACION_ORIGEN,ID_ESTACION_DESTINO,STATUS,USUARIO_CREO,FECHA_CREO,USUARIO_MODIFICO,FECHA_MODIFICO) VALUES (276,1,6,96,64,1,'amxsab.system@gmail.com',CURRENT_TIMESTAMP,'amxsab.system@gmail.com',CURRENT_TIMESTAMP);
INSERT INTO VUELO (NUMERO_VUELO,ID_COMPANIA,ID_TIPO_CABINA,ID_ESTACION_ORIGEN,ID_ESTACION_DESTINO,STATUS,USUARIO_CREO,FECHA_CREO,USUARIO_MODIFICO,FECHA_MODIFICO) VALUES (279,1,6,56,96,1,'amxsab.system@gmail.com',CURRENT_TIMESTAMP,'amxsab.system@gmail.com',CURRENT_TIMESTAMP);
INSERT INTO VUELO (NUMERO_VUELO,ID_COMPANIA,ID_TIPO_CABINA,ID_ESTACION_ORIGEN,ID_ESTACION_DESTINO,STATUS,USUARIO_CREO,FECHA_CREO,USUARIO_MODIFICO,FECHA_MODIFICO) VALUES (281,1,6,64,96,1,'amxsab.system@gmail.com',CURRENT_TIMESTAMP,'amxsab.system@gmail.com',CURRENT_TIMESTAMP);
INSERT INTO VUELO (NUMERO_VUELO,ID_COMPANIA,ID_TIPO_CABINA,ID_ESTACION_ORIGEN,ID_ESTACION_DESTINO,STATUS,USUARIO_CREO,FECHA_CREO,USUARIO_MODIFICO,FECHA_MODIFICO) VALUES (287,1,6,64,96,1,'amxsab.system@gmail.com',CURRENT_TIMESTAMP,'amxsab.system@gmail.com',CURRENT_TIMESTAMP);
INSERT INTO VUELO (NUMERO_VUELO,ID_COMPANIA,ID_TIPO_CABINA,ID_ESTACION_ORIGEN,ID_ESTACION_DESTINO,STATUS,USUARIO_CREO,FECHA_CREO,USUARIO_MODIFICO,FECHA_MODIFICO) VALUES (291,1,6,64,96,1,'amxsab.system@gmail.com',CURRENT_TIMESTAMP,'amxsab.system@gmail.com',CURRENT_TIMESTAMP);
INSERT INTO VUELO (NUMERO_VUELO,ID_COMPANIA,ID_TIPO_CABINA,ID_ESTACION_ORIGEN,ID_ESTACION_DESTINO,STATUS,USUARIO_CREO,FECHA_CREO,USUARIO_MODIFICO,FECHA_MODIFICO) VALUES (292,1,6,96,61,1,'amxsab.system@gmail.com',CURRENT_TIMESTAMP,'amxsab.system@gmail.com',CURRENT_TIMESTAMP);
INSERT INTO VUELO (NUMERO_VUELO,ID_COMPANIA,ID_TIPO_CABINA,ID_ESTACION_ORIGEN,ID_ESTACION_DESTINO,STATUS,USUARIO_CREO,FECHA_CREO,USUARIO_MODIFICO,FECHA_MODIFICO) VALUES (293,1,6,61,96,1,'amxsab.system@gmail.com',CURRENT_TIMESTAMP,'amxsab.system@gmail.com',CURRENT_TIMESTAMP);
INSERT INTO VUELO (NUMERO_VUELO,ID_COMPANIA,ID_TIPO_CABINA,ID_ESTACION_ORIGEN,ID_ESTACION_DESTINO,STATUS,USUARIO_CREO,FECHA_CREO,USUARIO_MODIFICO,FECHA_MODIFICO) VALUES (301,1,6,96,52,1,'amxsab.system@gmail.com',CURRENT_TIMESTAMP,'amxsab.system@gmail.com',CURRENT_TIMESTAMP);
INSERT INTO VUELO (NUMERO_VUELO,ID_COMPANIA,ID_TIPO_CABINA,ID_ESTACION_ORIGEN,ID_ESTACION_DESTINO,STATUS,USUARIO_CREO,FECHA_CREO,USUARIO_MODIFICO,FECHA_MODIFICO) VALUES (302,1,6,52,96,1,'amxsab.system@gmail.com',CURRENT_TIMESTAMP,'amxsab.system@gmail.com',CURRENT_TIMESTAMP);
INSERT INTO VUELO (NUMERO_VUELO,ID_COMPANIA,ID_TIPO_CABINA,ID_ESTACION_ORIGEN,ID_ESTACION_DESTINO,STATUS,USUARIO_CREO,FECHA_CREO,USUARIO_MODIFICO,FECHA_MODIFICO) VALUES (310,1,6,52,96,1,'amxsab.system@gmail.com',CURRENT_TIMESTAMP,'amxsab.system@gmail.com',CURRENT_TIMESTAMP);
INSERT INTO VUELO (NUMERO_VUELO,ID_COMPANIA,ID_TIPO_CABINA,ID_ESTACION_ORIGEN,ID_ESTACION_DESTINO,STATUS,USUARIO_CREO,FECHA_CREO,USUARIO_MODIFICO,FECHA_MODIFICO) VALUES (311,1,6,96,52,1,'amxsab.system@gmail.com',CURRENT_TIMESTAMP,'amxsab.system@gmail.com',CURRENT_TIMESTAMP);
INSERT INTO VUELO (NUMERO_VUELO,ID_COMPANIA,ID_TIPO_CABINA,ID_ESTACION_ORIGEN,ID_ESTACION_DESTINO,STATUS,USUARIO_CREO,FECHA_CREO,USUARIO_MODIFICO,FECHA_MODIFICO) VALUES (400,1,6,96,18,1,'amxsab.system@gmail.com',CURRENT_TIMESTAMP,'amxsab.system@gmail.com',CURRENT_TIMESTAMP);
INSERT INTO VUELO (NUMERO_VUELO,ID_COMPANIA,ID_TIPO_CABINA,ID_ESTACION_ORIGEN,ID_ESTACION_DESTINO,STATUS,USUARIO_CREO,FECHA_CREO,USUARIO_MODIFICO,FECHA_MODIFICO) VALUES (401,1,6,18,96,1,'amxsab.system@gmail.com',CURRENT_TIMESTAMP,'amxsab.system@gmail.com',CURRENT_TIMESTAMP);
INSERT INTO VUELO (NUMERO_VUELO,ID_COMPANIA,ID_TIPO_CABINA,ID_ESTACION_ORIGEN,ID_ESTACION_DESTINO,STATUS,USUARIO_CREO,FECHA_CREO,USUARIO_MODIFICO,FECHA_MODIFICO) VALUES (402,1,6,96,18,1,'amxsab.system@gmail.com',CURRENT_TIMESTAMP,'amxsab.system@gmail.com',CURRENT_TIMESTAMP);
INSERT INTO VUELO (NUMERO_VUELO,ID_COMPANIA,ID_TIPO_CABINA,ID_ESTACION_ORIGEN,ID_ESTACION_DESTINO,STATUS,USUARIO_CREO,FECHA_CREO,USUARIO_MODIFICO,FECHA_MODIFICO) VALUES (402,1,6,79,96,1,'amxsab.system@gmail.com',CURRENT_TIMESTAMP,'amxsab.system@gmail.com',CURRENT_TIMESTAMP);
INSERT INTO VUELO (NUMERO_VUELO,ID_COMPANIA,ID_TIPO_CABINA,ID_ESTACION_ORIGEN,ID_ESTACION_DESTINO,STATUS,USUARIO_CREO,FECHA_CREO,USUARIO_MODIFICO,FECHA_MODIFICO) VALUES (403,1,6,18,96,1,'amxsab.system@gmail.com',CURRENT_TIMESTAMP,'amxsab.system@gmail.com',CURRENT_TIMESTAMP);
INSERT INTO VUELO (NUMERO_VUELO,ID_COMPANIA,ID_TIPO_CABINA,ID_ESTACION_ORIGEN,ID_ESTACION_DESTINO,STATUS,USUARIO_CREO,FECHA_CREO,USUARIO_MODIFICO,FECHA_MODIFICO) VALUES (404,1,6,96,18,1,'amxsab.system@gmail.com',CURRENT_TIMESTAMP,'amxsab.system@gmail.com',CURRENT_TIMESTAMP);
INSERT INTO VUELO (NUMERO_VUELO,ID_COMPANIA,ID_TIPO_CABINA,ID_ESTACION_ORIGEN,ID_ESTACION_DESTINO,STATUS,USUARIO_CREO,FECHA_CREO,USUARIO_MODIFICO,FECHA_MODIFICO) VALUES (405,1,6,18,96,1,'amxsab.system@gmail.com',CURRENT_TIMESTAMP,'amxsab.system@gmail.com',CURRENT_TIMESTAMP);
INSERT INTO VUELO (NUMERO_VUELO,ID_COMPANIA,ID_TIPO_CABINA,ID_ESTACION_ORIGEN,ID_ESTACION_DESTINO,STATUS,USUARIO_CREO,FECHA_CREO,USUARIO_MODIFICO,FECHA_MODIFICO) VALUES (408,1,5,96,18,1,'amxsab.system@gmail.com',CURRENT_TIMESTAMP,'amxsab.system@gmail.com',CURRENT_TIMESTAMP);
INSERT INTO VUELO (NUMERO_VUELO,ID_COMPANIA,ID_TIPO_CABINA,ID_ESTACION_ORIGEN,ID_ESTACION_DESTINO,STATUS,USUARIO_CREO,FECHA_CREO,USUARIO_MODIFICO,FECHA_MODIFICO) VALUES (409,1,5,18,96,1,'amxsab.system@gmail.com',CURRENT_TIMESTAMP,'amxsab.system@gmail.com',CURRENT_TIMESTAMP);
INSERT INTO VUELO (NUMERO_VUELO,ID_COMPANIA,ID_TIPO_CABINA,ID_ESTACION_ORIGEN,ID_ESTACION_DESTINO,STATUS,USUARIO_CREO,FECHA_CREO,USUARIO_MODIFICO,FECHA_MODIFICO) VALUES (412,1,6,96,27,1,'amxsab.system@gmail.com',CURRENT_TIMESTAMP,'amxsab.system@gmail.com',CURRENT_TIMESTAMP);
INSERT INTO VUELO (NUMERO_VUELO,ID_COMPANIA,ID_TIPO_CABINA,ID_ESTACION_ORIGEN,ID_ESTACION_DESTINO,STATUS,USUARIO_CREO,FECHA_CREO,USUARIO_MODIFICO,FECHA_MODIFICO) VALUES (413,1,6,27,96,1,'amxsab.system@gmail.com',CURRENT_TIMESTAMP,'amxsab.system@gmail.com',CURRENT_TIMESTAMP);
INSERT INTO VUELO (NUMERO_VUELO,ID_COMPANIA,ID_TIPO_CABINA,ID_ESTACION_ORIGEN,ID_ESTACION_DESTINO,STATUS,USUARIO_CREO,FECHA_CREO,USUARIO_MODIFICO,FECHA_MODIFICO) VALUES (416,1,6,60,18,1,'amxsab.system@gmail.com',CURRENT_TIMESTAMP,'amxsab.system@gmail.com',CURRENT_TIMESTAMP);
INSERT INTO VUELO (NUMERO_VUELO,ID_COMPANIA,ID_TIPO_CABINA,ID_ESTACION_ORIGEN,ID_ESTACION_DESTINO,STATUS,USUARIO_CREO,FECHA_CREO,USUARIO_MODIFICO,FECHA_MODIFICO) VALUES (417,1,6,18,60,1,'amxsab.system@gmail.com',CURRENT_TIMESTAMP,'amxsab.system@gmail.com',CURRENT_TIMESTAMP);
INSERT INTO VUELO (NUMERO_VUELO,ID_COMPANIA,ID_TIPO_CABINA,ID_ESTACION_ORIGEN,ID_ESTACION_DESTINO,STATUS,USUARIO_CREO,FECHA_CREO,USUARIO_MODIFICO,FECHA_MODIFICO) VALUES (419,1,6,96,92,1,'amxsab.system@gmail.com',CURRENT_TIMESTAMP,'amxsab.system@gmail.com',CURRENT_TIMESTAMP);
INSERT INTO VUELO (NUMERO_VUELO,ID_COMPANIA,ID_TIPO_CABINA,ID_ESTACION_ORIGEN,ID_ESTACION_DESTINO,STATUS,USUARIO_CREO,FECHA_CREO,USUARIO_MODIFICO,FECHA_MODIFICO) VALUES (420,1,6,96,70,1,'amxsab.system@gmail.com',CURRENT_TIMESTAMP,'amxsab.system@gmail.com',CURRENT_TIMESTAMP);
INSERT INTO VUELO (NUMERO_VUELO,ID_COMPANIA,ID_TIPO_CABINA,ID_ESTACION_ORIGEN,ID_ESTACION_DESTINO,STATUS,USUARIO_CREO,FECHA_CREO,USUARIO_MODIFICO,FECHA_MODIFICO) VALUES (421,1,6,70,96,1,'amxsab.system@gmail.com',CURRENT_TIMESTAMP,'amxsab.system@gmail.com',CURRENT_TIMESTAMP);
INSERT INTO VUELO (NUMERO_VUELO,ID_COMPANIA,ID_TIPO_CABINA,ID_ESTACION_ORIGEN,ID_ESTACION_DESTINO,STATUS,USUARIO_CREO,FECHA_CREO,USUARIO_MODIFICO,FECHA_MODIFICO) VALUES (422,1,6,96,27,1,'amxsab.system@gmail.com',CURRENT_TIMESTAMP,'amxsab.system@gmail.com',CURRENT_TIMESTAMP);
INSERT INTO VUELO (NUMERO_VUELO,ID_COMPANIA,ID_TIPO_CABINA,ID_ESTACION_ORIGEN,ID_ESTACION_DESTINO,STATUS,USUARIO_CREO,FECHA_CREO,USUARIO_MODIFICO,FECHA_MODIFICO) VALUES (423,1,6,27,96,1,'amxsab.system@gmail.com',CURRENT_TIMESTAMP,'amxsab.system@gmail.com',CURRENT_TIMESTAMP);
INSERT INTO VUELO (NUMERO_VUELO,ID_COMPANIA,ID_TIPO_CABINA,ID_ESTACION_ORIGEN,ID_ESTACION_DESTINO,STATUS,USUARIO_CREO,FECHA_CREO,USUARIO_MODIFICO,FECHA_MODIFICO) VALUES (428,1,6,96,27,1,'amxsab.system@gmail.com',CURRENT_TIMESTAMP,'amxsab.system@gmail.com',CURRENT_TIMESTAMP);
INSERT INTO VUELO (NUMERO_VUELO,ID_COMPANIA,ID_TIPO_CABINA,ID_ESTACION_ORIGEN,ID_ESTACION_DESTINO,STATUS,USUARIO_CREO,FECHA_CREO,USUARIO_MODIFICO,FECHA_MODIFICO) VALUES (428,1,6,60,96,1,'amxsab.system@gmail.com',CURRENT_TIMESTAMP,'amxsab.system@gmail.com',CURRENT_TIMESTAMP);
INSERT INTO VUELO (NUMERO_VUELO,ID_COMPANIA,ID_TIPO_CABINA,ID_ESTACION_ORIGEN,ID_ESTACION_DESTINO,STATUS,USUARIO_CREO,FECHA_CREO,USUARIO_MODIFICO,FECHA_MODIFICO) VALUES (429,1,6,27,96,1,'amxsab.system@gmail.com',CURRENT_TIMESTAMP,'amxsab.system@gmail.com',CURRENT_TIMESTAMP);
INSERT INTO VUELO (NUMERO_VUELO,ID_COMPANIA,ID_TIPO_CABINA,ID_ESTACION_ORIGEN,ID_ESTACION_DESTINO,STATUS,USUARIO_CREO,FECHA_CREO,USUARIO_MODIFICO,FECHA_MODIFICO) VALUES (429,1,6,96,60,1,'amxsab.system@gmail.com',CURRENT_TIMESTAMP,'amxsab.system@gmail.com',CURRENT_TIMESTAMP);
INSERT INTO VUELO (NUMERO_VUELO,ID_COMPANIA,ID_TIPO_CABINA,ID_ESTACION_ORIGEN,ID_ESTACION_DESTINO,STATUS,USUARIO_CREO,FECHA_CREO,USUARIO_MODIFICO,FECHA_MODIFICO) VALUES (434,1,6,96,24,1,'amxsab.system@gmail.com',CURRENT_TIMESTAMP,'amxsab.system@gmail.com',CURRENT_TIMESTAMP);
INSERT INTO VUELO (NUMERO_VUELO,ID_COMPANIA,ID_TIPO_CABINA,ID_ESTACION_ORIGEN,ID_ESTACION_DESTINO,STATUS,USUARIO_CREO,FECHA_CREO,USUARIO_MODIFICO,FECHA_MODIFICO) VALUES (435,1,6,24,96,1,'amxsab.system@gmail.com',CURRENT_TIMESTAMP,'amxsab.system@gmail.com',CURRENT_TIMESTAMP);
INSERT INTO VUELO (NUMERO_VUELO,ID_COMPANIA,ID_TIPO_CABINA,ID_ESTACION_ORIGEN,ID_ESTACION_DESTINO,STATUS,USUARIO_CREO,FECHA_CREO,USUARIO_MODIFICO,FECHA_MODIFICO) VALUES (436,1,6,96,24,1,'amxsab.system@gmail.com',CURRENT_TIMESTAMP,'amxsab.system@gmail.com',CURRENT_TIMESTAMP);
INSERT INTO VUELO (NUMERO_VUELO,ID_COMPANIA,ID_TIPO_CABINA,ID_ESTACION_ORIGEN,ID_ESTACION_DESTINO,STATUS,USUARIO_CREO,FECHA_CREO,USUARIO_MODIFICO,FECHA_MODIFICO) VALUES (437,1,6,24,96,1,'amxsab.system@gmail.com',CURRENT_TIMESTAMP,'amxsab.system@gmail.com',CURRENT_TIMESTAMP);
INSERT INTO VUELO (NUMERO_VUELO,ID_COMPANIA,ID_TIPO_CABINA,ID_ESTACION_ORIGEN,ID_ESTACION_DESTINO,STATUS,USUARIO_CREO,FECHA_CREO,USUARIO_MODIFICO,FECHA_MODIFICO) VALUES (442,1,6,96,24,1,'amxsab.system@gmail.com',CURRENT_TIMESTAMP,'amxsab.system@gmail.com',CURRENT_TIMESTAMP);
INSERT INTO VUELO (NUMERO_VUELO,ID_COMPANIA,ID_TIPO_CABINA,ID_ESTACION_ORIGEN,ID_ESTACION_DESTINO,STATUS,USUARIO_CREO,FECHA_CREO,USUARIO_MODIFICO,FECHA_MODIFICO) VALUES (443,1,6,24,96,1,'amxsab.system@gmail.com',CURRENT_TIMESTAMP,'amxsab.system@gmail.com',CURRENT_TIMESTAMP);
INSERT INTO VUELO (NUMERO_VUELO,ID_COMPANIA,ID_TIPO_CABINA,ID_ESTACION_ORIGEN,ID_ESTACION_DESTINO,STATUS,USUARIO_CREO,FECHA_CREO,USUARIO_MODIFICO,FECHA_MODIFICO) VALUES (444,1,6,60,96,1,'amxsab.system@gmail.com',CURRENT_TIMESTAMP,'amxsab.system@gmail.com',CURRENT_TIMESTAMP);
INSERT INTO VUELO (NUMERO_VUELO,ID_COMPANIA,ID_TIPO_CABINA,ID_ESTACION_ORIGEN,ID_ESTACION_DESTINO,STATUS,USUARIO_CREO,FECHA_CREO,USUARIO_MODIFICO,FECHA_MODIFICO) VALUES (445,1,6,96,60,1,'amxsab.system@gmail.com',CURRENT_TIMESTAMP,'amxsab.system@gmail.com',CURRENT_TIMESTAMP);
INSERT INTO VUELO (NUMERO_VUELO,ID_COMPANIA,ID_TIPO_CABINA,ID_ESTACION_ORIGEN,ID_ESTACION_DESTINO,STATUS,USUARIO_CREO,FECHA_CREO,USUARIO_MODIFICO,FECHA_MODIFICO) VALUES (447,1,6,60,14,1,'amxsab.system@gmail.com',CURRENT_TIMESTAMP,'amxsab.system@gmail.com',CURRENT_TIMESTAMP);
INSERT INTO VUELO (NUMERO_VUELO,ID_COMPANIA,ID_TIPO_CABINA,ID_ESTACION_ORIGEN,ID_ESTACION_DESTINO,STATUS,USUARIO_CREO,FECHA_CREO,USUARIO_MODIFICO,FECHA_MODIFICO) VALUES (447,1,6,96,60,1,'amxsab.system@gmail.com',CURRENT_TIMESTAMP,'amxsab.system@gmail.com',CURRENT_TIMESTAMP);
INSERT INTO VUELO (NUMERO_VUELO,ID_COMPANIA,ID_TIPO_CABINA,ID_ESTACION_ORIGEN,ID_ESTACION_DESTINO,STATUS,USUARIO_CREO,FECHA_CREO,USUARIO_MODIFICO,FECHA_MODIFICO) VALUES (448,1,6,14,60,1,'amxsab.system@gmail.com',CURRENT_TIMESTAMP,'amxsab.system@gmail.com',CURRENT_TIMESTAMP);
INSERT INTO VUELO (NUMERO_VUELO,ID_COMPANIA,ID_TIPO_CABINA,ID_ESTACION_ORIGEN,ID_ESTACION_DESTINO,STATUS,USUARIO_CREO,FECHA_CREO,USUARIO_MODIFICO,FECHA_MODIFICO) VALUES (448,1,6,60,64,1,'amxsab.system@gmail.com',CURRENT_TIMESTAMP,'amxsab.system@gmail.com',CURRENT_TIMESTAMP);
INSERT INTO VUELO (NUMERO_VUELO,ID_COMPANIA,ID_TIPO_CABINA,ID_ESTACION_ORIGEN,ID_ESTACION_DESTINO,STATUS,USUARIO_CREO,FECHA_CREO,USUARIO_MODIFICO,FECHA_MODIFICO) VALUES (451,1,6,96,14,1,'amxsab.system@gmail.com',CURRENT_TIMESTAMP,'amxsab.system@gmail.com',CURRENT_TIMESTAMP);
INSERT INTO VUELO (NUMERO_VUELO,ID_COMPANIA,ID_TIPO_CABINA,ID_ESTACION_ORIGEN,ID_ESTACION_DESTINO,STATUS,USUARIO_CREO,FECHA_CREO,USUARIO_MODIFICO,FECHA_MODIFICO) VALUES (452,1,6,14,96,1,'amxsab.system@gmail.com',CURRENT_TIMESTAMP,'amxsab.system@gmail.com',CURRENT_TIMESTAMP);
INSERT INTO VUELO (NUMERO_VUELO,ID_COMPANIA,ID_TIPO_CABINA,ID_ESTACION_ORIGEN,ID_ESTACION_DESTINO,STATUS,USUARIO_CREO,FECHA_CREO,USUARIO_MODIFICO,FECHA_MODIFICO) VALUES (453,1,6,96,14,1,'amxsab.system@gmail.com',CURRENT_TIMESTAMP,'amxsab.system@gmail.com',CURRENT_TIMESTAMP);
INSERT INTO VUELO (NUMERO_VUELO,ID_COMPANIA,ID_TIPO_CABINA,ID_ESTACION_ORIGEN,ID_ESTACION_DESTINO,STATUS,USUARIO_CREO,FECHA_CREO,USUARIO_MODIFICO,FECHA_MODIFICO) VALUES (454,1,6,14,96,1,'amxsab.system@gmail.com',CURRENT_TIMESTAMP,'amxsab.system@gmail.com',CURRENT_TIMESTAMP);
INSERT INTO VUELO (NUMERO_VUELO,ID_COMPANIA,ID_TIPO_CABINA,ID_ESTACION_ORIGEN,ID_ESTACION_DESTINO,STATUS,USUARIO_CREO,FECHA_CREO,USUARIO_MODIFICO,FECHA_MODIFICO) VALUES (466,1,6,96,64,1,'amxsab.system@gmail.com',CURRENT_TIMESTAMP,'amxsab.system@gmail.com',CURRENT_TIMESTAMP);
INSERT INTO VUELO (NUMERO_VUELO,ID_COMPANIA,ID_TIPO_CABINA,ID_ESTACION_ORIGEN,ID_ESTACION_DESTINO,STATUS,USUARIO_CREO,FECHA_CREO,USUARIO_MODIFICO,FECHA_MODIFICO) VALUES (472,1,6,92,96,1,'amxsab.system@gmail.com',CURRENT_TIMESTAMP,'amxsab.system@gmail.com',CURRENT_TIMESTAMP);
INSERT INTO VUELO (NUMERO_VUELO,ID_COMPANIA,ID_TIPO_CABINA,ID_ESTACION_ORIGEN,ID_ESTACION_DESTINO,STATUS,USUARIO_CREO,FECHA_CREO,USUARIO_MODIFICO,FECHA_MODIFICO) VALUES (481,1,6,19,96,1,'amxsab.system@gmail.com',CURRENT_TIMESTAMP,'amxsab.system@gmail.com',CURRENT_TIMESTAMP);
INSERT INTO VUELO (NUMERO_VUELO,ID_COMPANIA,ID_TIPO_CABINA,ID_ESTACION_ORIGEN,ID_ESTACION_DESTINO,STATUS,USUARIO_CREO,FECHA_CREO,USUARIO_MODIFICO,FECHA_MODIFICO) VALUES (482,1,6,96,19,1,'amxsab.system@gmail.com',CURRENT_TIMESTAMP,'amxsab.system@gmail.com',CURRENT_TIMESTAMP);
INSERT INTO VUELO (NUMERO_VUELO,ID_COMPANIA,ID_TIPO_CABINA,ID_ESTACION_ORIGEN,ID_ESTACION_DESTINO,STATUS,USUARIO_CREO,FECHA_CREO,USUARIO_MODIFICO,FECHA_MODIFICO) VALUES (484,1,6,96,19,1,'amxsab.system@gmail.com',CURRENT_TIMESTAMP,'amxsab.system@gmail.com',CURRENT_TIMESTAMP);
INSERT INTO VUELO (NUMERO_VUELO,ID_COMPANIA,ID_TIPO_CABINA,ID_ESTACION_ORIGEN,ID_ESTACION_DESTINO,STATUS,USUARIO_CREO,FECHA_CREO,USUARIO_MODIFICO,FECHA_MODIFICO) VALUES (485,1,6,19,96,1,'amxsab.system@gmail.com',CURRENT_TIMESTAMP,'amxsab.system@gmail.com',CURRENT_TIMESTAMP);
INSERT INTO VUELO (NUMERO_VUELO,ID_COMPANIA,ID_TIPO_CABINA,ID_ESTACION_ORIGEN,ID_ESTACION_DESTINO,STATUS,USUARIO_CREO,FECHA_CREO,USUARIO_MODIFICO,FECHA_MODIFICO) VALUES (490,1,6,96,19,1,'amxsab.system@gmail.com',CURRENT_TIMESTAMP,'amxsab.system@gmail.com',CURRENT_TIMESTAMP);
INSERT INTO VUELO (NUMERO_VUELO,ID_COMPANIA,ID_TIPO_CABINA,ID_ESTACION_ORIGEN,ID_ESTACION_DESTINO,STATUS,USUARIO_CREO,FECHA_CREO,USUARIO_MODIFICO,FECHA_MODIFICO) VALUES (491,1,6,19,96,1,'amxsab.system@gmail.com',CURRENT_TIMESTAMP,'amxsab.system@gmail.com',CURRENT_TIMESTAMP);
INSERT INTO VUELO (NUMERO_VUELO,ID_COMPANIA,ID_TIPO_CABINA,ID_ESTACION_ORIGEN,ID_ESTACION_DESTINO,STATUS,USUARIO_CREO,FECHA_CREO,USUARIO_MODIFICO,FECHA_MODIFICO) VALUES (498,1,6,73,19,1,'amxsab.system@gmail.com',CURRENT_TIMESTAMP,'amxsab.system@gmail.com',CURRENT_TIMESTAMP);
INSERT INTO VUELO (NUMERO_VUELO,ID_COMPANIA,ID_TIPO_CABINA,ID_ESTACION_ORIGEN,ID_ESTACION_DESTINO,STATUS,USUARIO_CREO,FECHA_CREO,USUARIO_MODIFICO,FECHA_MODIFICO) VALUES (498,1,6,96,73,1,'amxsab.system@gmail.com',CURRENT_TIMESTAMP,'amxsab.system@gmail.com',CURRENT_TIMESTAMP);
INSERT INTO VUELO (NUMERO_VUELO,ID_COMPANIA,ID_TIPO_CABINA,ID_ESTACION_ORIGEN,ID_ESTACION_DESTINO,STATUS,USUARIO_CREO,FECHA_CREO,USUARIO_MODIFICO,FECHA_MODIFICO) VALUES (499,1,6,19,73,1,'amxsab.system@gmail.com',CURRENT_TIMESTAMP,'amxsab.system@gmail.com',CURRENT_TIMESTAMP);
INSERT INTO VUELO (NUMERO_VUELO,ID_COMPANIA,ID_TIPO_CABINA,ID_ESTACION_ORIGEN,ID_ESTACION_DESTINO,STATUS,USUARIO_CREO,FECHA_CREO,USUARIO_MODIFICO,FECHA_MODIFICO) VALUES (499,1,6,73,96,1,'amxsab.system@gmail.com',CURRENT_TIMESTAMP,'amxsab.system@gmail.com',CURRENT_TIMESTAMP);
INSERT INTO VUELO (NUMERO_VUELO,ID_COMPANIA,ID_TIPO_CABINA,ID_ESTACION_ORIGEN,ID_ESTACION_DESTINO,STATUS,USUARIO_CREO,FECHA_CREO,USUARIO_MODIFICO,FECHA_MODIFICO) VALUES (501,1,6,96,92,1,'amxsab.system@gmail.com',CURRENT_TIMESTAMP,'amxsab.system@gmail.com',CURRENT_TIMESTAMP);
INSERT INTO VUELO (NUMERO_VUELO,ID_COMPANIA,ID_TIPO_CABINA,ID_ESTACION_ORIGEN,ID_ESTACION_DESTINO,STATUS,USUARIO_CREO,FECHA_CREO,USUARIO_MODIFICO,FECHA_MODIFICO) VALUES (506,1,6,92,96,1,'amxsab.system@gmail.com',CURRENT_TIMESTAMP,'amxsab.system@gmail.com',CURRENT_TIMESTAMP);
INSERT INTO VUELO (NUMERO_VUELO,ID_COMPANIA,ID_TIPO_CABINA,ID_ESTACION_ORIGEN,ID_ESTACION_DESTINO,STATUS,USUARIO_CREO,FECHA_CREO,USUARIO_MODIFICO,FECHA_MODIFICO) VALUES (507,1,6,96,92,1,'amxsab.system@gmail.com',CURRENT_TIMESTAMP,'amxsab.system@gmail.com',CURRENT_TIMESTAMP);
INSERT INTO VUELO (NUMERO_VUELO,ID_COMPANIA,ID_TIPO_CABINA,ID_ESTACION_ORIGEN,ID_ESTACION_DESTINO,STATUS,USUARIO_CREO,FECHA_CREO,USUARIO_MODIFICO,FECHA_MODIFICO) VALUES (508,1,6,92,96,1,'amxsab.system@gmail.com',CURRENT_TIMESTAMP,'amxsab.system@gmail.com',CURRENT_TIMESTAMP);
INSERT INTO VUELO (NUMERO_VUELO,ID_COMPANIA,ID_TIPO_CABINA,ID_ESTACION_ORIGEN,ID_ESTACION_DESTINO,STATUS,USUARIO_CREO,FECHA_CREO,USUARIO_MODIFICO,FECHA_MODIFICO) VALUES (510,1,6,92,96,1,'amxsab.system@gmail.com',CURRENT_TIMESTAMP,'amxsab.system@gmail.com',CURRENT_TIMESTAMP);
INSERT INTO VUELO (NUMERO_VUELO,ID_COMPANIA,ID_TIPO_CABINA,ID_ESTACION_ORIGEN,ID_ESTACION_DESTINO,STATUS,USUARIO_CREO,FECHA_CREO,USUARIO_MODIFICO,FECHA_MODIFICO) VALUES (511,1,6,96,92,1,'amxsab.system@gmail.com',CURRENT_TIMESTAMP,'amxsab.system@gmail.com',CURRENT_TIMESTAMP);
INSERT INTO VUELO (NUMERO_VUELO,ID_COMPANIA,ID_TIPO_CABINA,ID_ESTACION_ORIGEN,ID_ESTACION_DESTINO,STATUS,USUARIO_CREO,FECHA_CREO,USUARIO_MODIFICO,FECHA_MODIFICO) VALUES (512,1,6,92,96,1,'amxsab.system@gmail.com',CURRENT_TIMESTAMP,'amxsab.system@gmail.com',CURRENT_TIMESTAMP);
INSERT INTO VUELO (NUMERO_VUELO,ID_COMPANIA,ID_TIPO_CABINA,ID_ESTACION_ORIGEN,ID_ESTACION_DESTINO,STATUS,USUARIO_CREO,FECHA_CREO,USUARIO_MODIFICO,FECHA_MODIFICO) VALUES (515,1,6,96,70,1,'amxsab.system@gmail.com',CURRENT_TIMESTAMP,'amxsab.system@gmail.com',CURRENT_TIMESTAMP);
INSERT INTO VUELO (NUMERO_VUELO,ID_COMPANIA,ID_TIPO_CABINA,ID_ESTACION_ORIGEN,ID_ESTACION_DESTINO,STATUS,USUARIO_CREO,FECHA_CREO,USUARIO_MODIFICO,FECHA_MODIFICO) VALUES (516,1,6,70,96,1,'amxsab.system@gmail.com',CURRENT_TIMESTAMP,'amxsab.system@gmail.com',CURRENT_TIMESTAMP);
INSERT INTO VUELO (NUMERO_VUELO,ID_COMPANIA,ID_TIPO_CABINA,ID_ESTACION_ORIGEN,ID_ESTACION_DESTINO,STATUS,USUARIO_CREO,FECHA_CREO,USUARIO_MODIFICO,FECHA_MODIFICO) VALUES (519,1,6,96,92,1,'amxsab.system@gmail.com',CURRENT_TIMESTAMP,'amxsab.system@gmail.com',CURRENT_TIMESTAMP);
INSERT INTO VUELO (NUMERO_VUELO,ID_COMPANIA,ID_TIPO_CABINA,ID_ESTACION_ORIGEN,ID_ESTACION_DESTINO,STATUS,USUARIO_CREO,FECHA_CREO,USUARIO_MODIFICO,FECHA_MODIFICO) VALUES (520,1,6,92,96,1,'amxsab.system@gmail.com',CURRENT_TIMESTAMP,'amxsab.system@gmail.com',CURRENT_TIMESTAMP);
INSERT INTO VUELO (NUMERO_VUELO,ID_COMPANIA,ID_TIPO_CABINA,ID_ESTACION_ORIGEN,ID_ESTACION_DESTINO,STATUS,USUARIO_CREO,FECHA_CREO,USUARIO_MODIFICO,FECHA_MODIFICO) VALUES (521,1,6,96,70,1,'amxsab.system@gmail.com',CURRENT_TIMESTAMP,'amxsab.system@gmail.com',CURRENT_TIMESTAMP);
INSERT INTO VUELO (NUMERO_VUELO,ID_COMPANIA,ID_TIPO_CABINA,ID_ESTACION_ORIGEN,ID_ESTACION_DESTINO,STATUS,USUARIO_CREO,FECHA_CREO,USUARIO_MODIFICO,FECHA_MODIFICO) VALUES (522,1,6,70,96,1,'amxsab.system@gmail.com',CURRENT_TIMESTAMP,'amxsab.system@gmail.com',CURRENT_TIMESTAMP);
INSERT INTO VUELO (NUMERO_VUELO,ID_COMPANIA,ID_TIPO_CABINA,ID_ESTACION_ORIGEN,ID_ESTACION_DESTINO,STATUS,USUARIO_CREO,FECHA_CREO,USUARIO_MODIFICO,FECHA_MODIFICO) VALUES (524,1,6,70,96,1,'amxsab.system@gmail.com',CURRENT_TIMESTAMP,'amxsab.system@gmail.com',CURRENT_TIMESTAMP);
INSERT INTO VUELO (NUMERO_VUELO,ID_COMPANIA,ID_TIPO_CABINA,ID_ESTACION_ORIGEN,ID_ESTACION_DESTINO,STATUS,USUARIO_CREO,FECHA_CREO,USUARIO_MODIFICO,FECHA_MODIFICO) VALUES (526,1,6,70,96,1,'amxsab.system@gmail.com',CURRENT_TIMESTAMP,'amxsab.system@gmail.com',CURRENT_TIMESTAMP);
INSERT INTO VUELO (NUMERO_VUELO,ID_COMPANIA,ID_TIPO_CABINA,ID_ESTACION_ORIGEN,ID_ESTACION_DESTINO,STATUS,USUARIO_CREO,FECHA_CREO,USUARIO_MODIFICO,FECHA_MODIFICO) VALUES (527,1,6,96,70,1,'amxsab.system@gmail.com',CURRENT_TIMESTAMP,'amxsab.system@gmail.com',CURRENT_TIMESTAMP);
INSERT INTO VUELO (NUMERO_VUELO,ID_COMPANIA,ID_TIPO_CABINA,ID_ESTACION_ORIGEN,ID_ESTACION_DESTINO,STATUS,USUARIO_CREO,FECHA_CREO,USUARIO_MODIFICO,FECHA_MODIFICO) VALUES (533,1,6,96,70,1,'amxsab.system@gmail.com',CURRENT_TIMESTAMP,'amxsab.system@gmail.com',CURRENT_TIMESTAMP);
INSERT INTO VUELO (NUMERO_VUELO,ID_COMPANIA,ID_TIPO_CABINA,ID_ESTACION_ORIGEN,ID_ESTACION_DESTINO,STATUS,USUARIO_CREO,FECHA_CREO,USUARIO_MODIFICO,FECHA_MODIFICO) VALUES (534,1,6,70,96,1,'amxsab.system@gmail.com',CURRENT_TIMESTAMP,'amxsab.system@gmail.com',CURRENT_TIMESTAMP);
INSERT INTO VUELO (NUMERO_VUELO,ID_COMPANIA,ID_TIPO_CABINA,ID_ESTACION_ORIGEN,ID_ESTACION_DESTINO,STATUS,USUARIO_CREO,FECHA_CREO,USUARIO_MODIFICO,FECHA_MODIFICO) VALUES (535,1,6,96,70,1,'amxsab.system@gmail.com',CURRENT_TIMESTAMP,'amxsab.system@gmail.com',CURRENT_TIMESTAMP);
INSERT INTO VUELO (NUMERO_VUELO,ID_COMPANIA,ID_TIPO_CABINA,ID_ESTACION_ORIGEN,ID_ESTACION_DESTINO,STATUS,USUARIO_CREO,FECHA_CREO,USUARIO_MODIFICO,FECHA_MODIFICO) VALUES (536,1,6,70,96,1,'amxsab.system@gmail.com',CURRENT_TIMESTAMP,'amxsab.system@gmail.com',CURRENT_TIMESTAMP);
INSERT INTO VUELO (NUMERO_VUELO,ID_COMPANIA,ID_TIPO_CABINA,ID_ESTACION_ORIGEN,ID_ESTACION_DESTINO,STATUS,USUARIO_CREO,FECHA_CREO,USUARIO_MODIFICO,FECHA_MODIFICO) VALUES (538,1,6,60,96,1,'amxsab.system@gmail.com',CURRENT_TIMESTAMP,'amxsab.system@gmail.com',CURRENT_TIMESTAMP);
INSERT INTO VUELO (NUMERO_VUELO,ID_COMPANIA,ID_TIPO_CABINA,ID_ESTACION_ORIGEN,ID_ESTACION_DESTINO,STATUS,USUARIO_CREO,FECHA_CREO,USUARIO_MODIFICO,FECHA_MODIFICO) VALUES (539,1,6,96,60,1,'amxsab.system@gmail.com',CURRENT_TIMESTAMP,'amxsab.system@gmail.com',CURRENT_TIMESTAMP);
INSERT INTO VUELO (NUMERO_VUELO,ID_COMPANIA,ID_TIPO_CABINA,ID_ESTACION_ORIGEN,ID_ESTACION_DESTINO,STATUS,USUARIO_CREO,FECHA_CREO,USUARIO_MODIFICO,FECHA_MODIFICO) VALUES (540,1,6,60,96,1,'amxsab.system@gmail.com',CURRENT_TIMESTAMP,'amxsab.system@gmail.com',CURRENT_TIMESTAMP);
INSERT INTO VUELO (NUMERO_VUELO,ID_COMPANIA,ID_TIPO_CABINA,ID_ESTACION_ORIGEN,ID_ESTACION_DESTINO,STATUS,USUARIO_CREO,FECHA_CREO,USUARIO_MODIFICO,FECHA_MODIFICO) VALUES (551,1,6,96,87,1,'amxsab.system@gmail.com',CURRENT_TIMESTAMP,'amxsab.system@gmail.com',CURRENT_TIMESTAMP);
INSERT INTO VUELO (NUMERO_VUELO,ID_COMPANIA,ID_TIPO_CABINA,ID_ESTACION_ORIGEN,ID_ESTACION_DESTINO,STATUS,USUARIO_CREO,FECHA_CREO,USUARIO_MODIFICO,FECHA_MODIFICO) VALUES (552,1,6,87,96,1,'amxsab.system@gmail.com',CURRENT_TIMESTAMP,'amxsab.system@gmail.com',CURRENT_TIMESTAMP);
INSERT INTO VUELO (NUMERO_VUELO,ID_COMPANIA,ID_TIPO_CABINA,ID_ESTACION_ORIGEN,ID_ESTACION_DESTINO,STATUS,USUARIO_CREO,FECHA_CREO,USUARIO_MODIFICO,FECHA_MODIFICO) VALUES (568,1,6,60,96,1,'amxsab.system@gmail.com',CURRENT_TIMESTAMP,'amxsab.system@gmail.com',CURRENT_TIMESTAMP);
INSERT INTO VUELO (NUMERO_VUELO,ID_COMPANIA,ID_TIPO_CABINA,ID_ESTACION_ORIGEN,ID_ESTACION_DESTINO,STATUS,USUARIO_CREO,FECHA_CREO,USUARIO_MODIFICO,FECHA_MODIFICO) VALUES (569,1,6,96,60,1,'amxsab.system@gmail.com',CURRENT_TIMESTAMP,'amxsab.system@gmail.com',CURRENT_TIMESTAMP);
INSERT INTO VUELO (NUMERO_VUELO,ID_COMPANIA,ID_TIPO_CABINA,ID_ESTACION_ORIGEN,ID_ESTACION_DESTINO,STATUS,USUARIO_CREO,FECHA_CREO,USUARIO_MODIFICO,FECHA_MODIFICO) VALUES (570,1,6,60,96,1,'amxsab.system@gmail.com',CURRENT_TIMESTAMP,'amxsab.system@gmail.com',CURRENT_TIMESTAMP);
INSERT INTO VUELO (NUMERO_VUELO,ID_COMPANIA,ID_TIPO_CABINA,ID_ESTACION_ORIGEN,ID_ESTACION_DESTINO,STATUS,USUARIO_CREO,FECHA_CREO,USUARIO_MODIFICO,FECHA_MODIFICO) VALUES (571,1,6,96,60,1,'amxsab.system@gmail.com',CURRENT_TIMESTAMP,'amxsab.system@gmail.com',CURRENT_TIMESTAMP);
INSERT INTO VUELO (NUMERO_VUELO,ID_COMPANIA,ID_TIPO_CABINA,ID_ESTACION_ORIGEN,ID_ESTACION_DESTINO,STATUS,USUARIO_CREO,FECHA_CREO,USUARIO_MODIFICO,FECHA_MODIFICO) VALUES (573,1,6,96,60,1,'amxsab.system@gmail.com',CURRENT_TIMESTAMP,'amxsab.system@gmail.com',CURRENT_TIMESTAMP);
INSERT INTO VUELO (NUMERO_VUELO,ID_COMPANIA,ID_TIPO_CABINA,ID_ESTACION_ORIGEN,ID_ESTACION_DESTINO,STATUS,USUARIO_CREO,FECHA_CREO,USUARIO_MODIFICO,FECHA_MODIFICO) VALUES (576,1,6,60,96,1,'amxsab.system@gmail.com',CURRENT_TIMESTAMP,'amxsab.system@gmail.com',CURRENT_TIMESTAMP);
INSERT INTO VUELO (NUMERO_VUELO,ID_COMPANIA,ID_TIPO_CABINA,ID_ESTACION_ORIGEN,ID_ESTACION_DESTINO,STATUS,USUARIO_CREO,FECHA_CREO,USUARIO_MODIFICO,FECHA_MODIFICO) VALUES (577,1,6,96,60,1,'amxsab.system@gmail.com',CURRENT_TIMESTAMP,'amxsab.system@gmail.com',CURRENT_TIMESTAMP);
INSERT INTO VUELO (NUMERO_VUELO,ID_COMPANIA,ID_TIPO_CABINA,ID_ESTACION_ORIGEN,ID_ESTACION_DESTINO,STATUS,USUARIO_CREO,FECHA_CREO,USUARIO_MODIFICO,FECHA_MODIFICO) VALUES (580,1,6,60,96,1,'amxsab.system@gmail.com',CURRENT_TIMESTAMP,'amxsab.system@gmail.com',CURRENT_TIMESTAMP);
INSERT INTO VUELO (NUMERO_VUELO,ID_COMPANIA,ID_TIPO_CABINA,ID_ESTACION_ORIGEN,ID_ESTACION_DESTINO,STATUS,USUARIO_CREO,FECHA_CREO,USUARIO_MODIFICO,FECHA_MODIFICO) VALUES (581,1,6,96,60,1,'amxsab.system@gmail.com',CURRENT_TIMESTAMP,'amxsab.system@gmail.com',CURRENT_TIMESTAMP);
INSERT INTO VUELO (NUMERO_VUELO,ID_COMPANIA,ID_TIPO_CABINA,ID_ESTACION_ORIGEN,ID_ESTACION_DESTINO,STATUS,USUARIO_CREO,FECHA_CREO,USUARIO_MODIFICO,FECHA_MODIFICO) VALUES (583,1,6,96,60,1,'amxsab.system@gmail.com',CURRENT_TIMESTAMP,'amxsab.system@gmail.com',CURRENT_TIMESTAMP);
INSERT INTO VUELO (NUMERO_VUELO,ID_COMPANIA,ID_TIPO_CABINA,ID_ESTACION_ORIGEN,ID_ESTACION_DESTINO,STATUS,USUARIO_CREO,FECHA_CREO,USUARIO_MODIFICO,FECHA_MODIFICO) VALUES (585,1,6,96,60,1,'amxsab.system@gmail.com',CURRENT_TIMESTAMP,'amxsab.system@gmail.com',CURRENT_TIMESTAMP);
INSERT INTO VUELO (NUMERO_VUELO,ID_COMPANIA,ID_TIPO_CABINA,ID_ESTACION_ORIGEN,ID_ESTACION_DESTINO,STATUS,USUARIO_CREO,FECHA_CREO,USUARIO_MODIFICO,FECHA_MODIFICO) VALUES (586,1,6,60,96,1,'amxsab.system@gmail.com',CURRENT_TIMESTAMP,'amxsab.system@gmail.com',CURRENT_TIMESTAMP);
INSERT INTO VUELO (NUMERO_VUELO,ID_COMPANIA,ID_TIPO_CABINA,ID_ESTACION_ORIGEN,ID_ESTACION_DESTINO,STATUS,USUARIO_CREO,FECHA_CREO,USUARIO_MODIFICO,FECHA_MODIFICO) VALUES (589,1,6,96,60,1,'amxsab.system@gmail.com',CURRENT_TIMESTAMP,'amxsab.system@gmail.com',CURRENT_TIMESTAMP);
INSERT INTO VUELO (NUMERO_VUELO,ID_COMPANIA,ID_TIPO_CABINA,ID_ESTACION_ORIGEN,ID_ESTACION_DESTINO,STATUS,USUARIO_CREO,FECHA_CREO,USUARIO_MODIFICO,FECHA_MODIFICO) VALUES (590,1,6,60,96,1,'amxsab.system@gmail.com',CURRENT_TIMESTAMP,'amxsab.system@gmail.com',CURRENT_TIMESTAMP);
INSERT INTO VUELO (NUMERO_VUELO,ID_COMPANIA,ID_TIPO_CABINA,ID_ESTACION_ORIGEN,ID_ESTACION_DESTINO,STATUS,USUARIO_CREO,FECHA_CREO,USUARIO_MODIFICO,FECHA_MODIFICO) VALUES (591,1,6,96,60,1,'amxsab.system@gmail.com',CURRENT_TIMESTAMP,'amxsab.system@gmail.com',CURRENT_TIMESTAMP);
INSERT INTO VUELO (NUMERO_VUELO,ID_COMPANIA,ID_TIPO_CABINA,ID_ESTACION_ORIGEN,ID_ESTACION_DESTINO,STATUS,USUARIO_CREO,FECHA_CREO,USUARIO_MODIFICO,FECHA_MODIFICO) VALUES (592,1,6,60,96,1,'amxsab.system@gmail.com',CURRENT_TIMESTAMP,'amxsab.system@gmail.com',CURRENT_TIMESTAMP);
INSERT INTO VUELO (NUMERO_VUELO,ID_COMPANIA,ID_TIPO_CABINA,ID_ESTACION_ORIGEN,ID_ESTACION_DESTINO,STATUS,USUARIO_CREO,FECHA_CREO,USUARIO_MODIFICO,FECHA_MODIFICO) VALUES (594,1,6,60,96,1,'amxsab.system@gmail.com',CURRENT_TIMESTAMP,'amxsab.system@gmail.com',CURRENT_TIMESTAMP);
INSERT INTO VUELO (NUMERO_VUELO,ID_COMPANIA,ID_TIPO_CABINA,ID_ESTACION_ORIGEN,ID_ESTACION_DESTINO,STATUS,USUARIO_CREO,FECHA_CREO,USUARIO_MODIFICO,FECHA_MODIFICO) VALUES (597,1,6,96,60,1,'amxsab.system@gmail.com',CURRENT_TIMESTAMP,'amxsab.system@gmail.com',CURRENT_TIMESTAMP);
INSERT INTO VUELO (NUMERO_VUELO,ID_COMPANIA,ID_TIPO_CABINA,ID_ESTACION_ORIGEN,ID_ESTACION_DESTINO,STATUS,USUARIO_CREO,FECHA_CREO,USUARIO_MODIFICO,FECHA_MODIFICO) VALUES (618,1,6,71,31,1,'amxsab.system@gmail.com',CURRENT_TIMESTAMP,'amxsab.system@gmail.com',CURRENT_TIMESTAMP);
INSERT INTO VUELO (NUMERO_VUELO,ID_COMPANIA,ID_TIPO_CABINA,ID_ESTACION_ORIGEN,ID_ESTACION_DESTINO,STATUS,USUARIO_CREO,FECHA_CREO,USUARIO_MODIFICO,FECHA_MODIFICO) VALUES (619,1,6,31,71,1,'amxsab.system@gmail.com',CURRENT_TIMESTAMP,'amxsab.system@gmail.com',CURRENT_TIMESTAMP);
INSERT INTO VUELO (NUMERO_VUELO,ID_COMPANIA,ID_TIPO_CABINA,ID_ESTACION_ORIGEN,ID_ESTACION_DESTINO,STATUS,USUARIO_CREO,FECHA_CREO,USUARIO_MODIFICO,FECHA_MODIFICO) VALUES (622,1,6,96,15,1,'amxsab.system@gmail.com',CURRENT_TIMESTAMP,'amxsab.system@gmail.com',CURRENT_TIMESTAMP);
INSERT INTO VUELO (NUMERO_VUELO,ID_COMPANIA,ID_TIPO_CABINA,ID_ESTACION_ORIGEN,ID_ESTACION_DESTINO,STATUS,USUARIO_CREO,FECHA_CREO,USUARIO_MODIFICO,FECHA_MODIFICO) VALUES (623,1,6,15,96,1,'amxsab.system@gmail.com',CURRENT_TIMESTAMP,'amxsab.system@gmail.com',CURRENT_TIMESTAMP);
INSERT INTO VUELO (NUMERO_VUELO,ID_COMPANIA,ID_TIPO_CABINA,ID_ESTACION_ORIGEN,ID_ESTACION_DESTINO,STATUS,USUARIO_CREO,FECHA_CREO,USUARIO_MODIFICO,FECHA_MODIFICO) VALUES (624,1,6,96,32,1,'amxsab.system@gmail.com',CURRENT_TIMESTAMP,'amxsab.system@gmail.com',CURRENT_TIMESTAMP);
INSERT INTO VUELO (NUMERO_VUELO,ID_COMPANIA,ID_TIPO_CABINA,ID_ESTACION_ORIGEN,ID_ESTACION_DESTINO,STATUS,USUARIO_CREO,FECHA_CREO,USUARIO_MODIFICO,FECHA_MODIFICO) VALUES (625,1,6,32,96,1,'amxsab.system@gmail.com',CURRENT_TIMESTAMP,'amxsab.system@gmail.com',CURRENT_TIMESTAMP);
INSERT INTO VUELO (NUMERO_VUELO,ID_COMPANIA,ID_TIPO_CABINA,ID_ESTACION_ORIGEN,ID_ESTACION_DESTINO,STATUS,USUARIO_CREO,FECHA_CREO,USUARIO_MODIFICO,FECHA_MODIFICO) VALUES (630,1,6,96,20,1,'amxsab.system@gmail.com',CURRENT_TIMESTAMP,'amxsab.system@gmail.com',CURRENT_TIMESTAMP);
INSERT INTO VUELO (NUMERO_VUELO,ID_COMPANIA,ID_TIPO_CABINA,ID_ESTACION_ORIGEN,ID_ESTACION_DESTINO,STATUS,USUARIO_CREO,FECHA_CREO,USUARIO_MODIFICO,FECHA_MODIFICO) VALUES (631,1,6,20,96,1,'amxsab.system@gmail.com',CURRENT_TIMESTAMP,'amxsab.system@gmail.com',CURRENT_TIMESTAMP);
INSERT INTO VUELO (NUMERO_VUELO,ID_COMPANIA,ID_TIPO_CABINA,ID_ESTACION_ORIGEN,ID_ESTACION_DESTINO,STATUS,USUARIO_CREO,FECHA_CREO,USUARIO_MODIFICO,FECHA_MODIFICO) VALUES (642,1,6,96,20,1,'amxsab.system@gmail.com',CURRENT_TIMESTAMP,'amxsab.system@gmail.com',CURRENT_TIMESTAMP);
INSERT INTO VUELO (NUMERO_VUELO,ID_COMPANIA,ID_TIPO_CABINA,ID_ESTACION_ORIGEN,ID_ESTACION_DESTINO,STATUS,USUARIO_CREO,FECHA_CREO,USUARIO_MODIFICO,FECHA_MODIFICO) VALUES (643,1,6,20,96,1,'amxsab.system@gmail.com',CURRENT_TIMESTAMP,'amxsab.system@gmail.com',CURRENT_TIMESTAMP);
INSERT INTO VUELO (NUMERO_VUELO,ID_COMPANIA,ID_TIPO_CABINA,ID_ESTACION_ORIGEN,ID_ESTACION_DESTINO,STATUS,USUARIO_CREO,FECHA_CREO,USUARIO_MODIFICO,FECHA_MODIFICO) VALUES (644,1,6,96,20,1,'amxsab.system@gmail.com',CURRENT_TIMESTAMP,'amxsab.system@gmail.com',CURRENT_TIMESTAMP);
INSERT INTO VUELO (NUMERO_VUELO,ID_COMPANIA,ID_TIPO_CABINA,ID_ESTACION_ORIGEN,ID_ESTACION_DESTINO,STATUS,USUARIO_CREO,FECHA_CREO,USUARIO_MODIFICO,FECHA_MODIFICO) VALUES (645,1,6,20,96,1,'amxsab.system@gmail.com',CURRENT_TIMESTAMP,'amxsab.system@gmail.com',CURRENT_TIMESTAMP);
INSERT INTO VUELO (NUMERO_VUELO,ID_COMPANIA,ID_TIPO_CABINA,ID_ESTACION_ORIGEN,ID_ESTACION_DESTINO,STATUS,USUARIO_CREO,FECHA_CREO,USUARIO_MODIFICO,FECHA_MODIFICO) VALUES (646,1,6,96,20,1,'amxsab.system@gmail.com',CURRENT_TIMESTAMP,'amxsab.system@gmail.com',CURRENT_TIMESTAMP);
INSERT INTO VUELO (NUMERO_VUELO,ID_COMPANIA,ID_TIPO_CABINA,ID_ESTACION_ORIGEN,ID_ESTACION_DESTINO,STATUS,USUARIO_CREO,FECHA_CREO,USUARIO_MODIFICO,FECHA_MODIFICO) VALUES (647,1,6,20,96,1,'amxsab.system@gmail.com',CURRENT_TIMESTAMP,'amxsab.system@gmail.com',CURRENT_TIMESTAMP);
INSERT INTO VUELO (NUMERO_VUELO,ID_COMPANIA,ID_TIPO_CABINA,ID_ESTACION_ORIGEN,ID_ESTACION_DESTINO,STATUS,USUARIO_CREO,FECHA_CREO,USUARIO_MODIFICO,FECHA_MODIFICO) VALUES (647,1,6,96,70,1,'amxsab.system@gmail.com',CURRENT_TIMESTAMP,'amxsab.system@gmail.com',CURRENT_TIMESTAMP);
INSERT INTO VUELO (NUMERO_VUELO,ID_COMPANIA,ID_TIPO_CABINA,ID_ESTACION_ORIGEN,ID_ESTACION_DESTINO,STATUS,USUARIO_CREO,FECHA_CREO,USUARIO_MODIFICO,FECHA_MODIFICO) VALUES (648,1,6,96,20,1,'amxsab.system@gmail.com',CURRENT_TIMESTAMP,'amxsab.system@gmail.com',CURRENT_TIMESTAMP);
INSERT INTO VUELO (NUMERO_VUELO,ID_COMPANIA,ID_TIPO_CABINA,ID_ESTACION_ORIGEN,ID_ESTACION_DESTINO,STATUS,USUARIO_CREO,FECHA_CREO,USUARIO_MODIFICO,FECHA_MODIFICO) VALUES (649,1,6,20,96,1,'amxsab.system@gmail.com',CURRENT_TIMESTAMP,'amxsab.system@gmail.com',CURRENT_TIMESTAMP);
INSERT INTO VUELO (NUMERO_VUELO,ID_COMPANIA,ID_TIPO_CABINA,ID_ESTACION_ORIGEN,ID_ESTACION_DESTINO,STATUS,USUARIO_CREO,FECHA_CREO,USUARIO_MODIFICO,FECHA_MODIFICO) VALUES (656,1,6,96,40,1,'amxsab.system@gmail.com',CURRENT_TIMESTAMP,'amxsab.system@gmail.com',CURRENT_TIMESTAMP);
INSERT INTO VUELO (NUMERO_VUELO,ID_COMPANIA,ID_TIPO_CABINA,ID_ESTACION_ORIGEN,ID_ESTACION_DESTINO,STATUS,USUARIO_CREO,FECHA_CREO,USUARIO_MODIFICO,FECHA_MODIFICO) VALUES (657,1,6,40,96,1,'amxsab.system@gmail.com',CURRENT_TIMESTAMP,'amxsab.system@gmail.com',CURRENT_TIMESTAMP);
INSERT INTO VUELO (NUMERO_VUELO,ID_COMPANIA,ID_TIPO_CABINA,ID_ESTACION_ORIGEN,ID_ESTACION_DESTINO,STATUS,USUARIO_CREO,FECHA_CREO,USUARIO_MODIFICO,FECHA_MODIFICO) VALUES (658,1,6,96,7,1,'amxsab.system@gmail.com',CURRENT_TIMESTAMP,'amxsab.system@gmail.com',CURRENT_TIMESTAMP);
INSERT INTO VUELO (NUMERO_VUELO,ID_COMPANIA,ID_TIPO_CABINA,ID_ESTACION_ORIGEN,ID_ESTACION_DESTINO,STATUS,USUARIO_CREO,FECHA_CREO,USUARIO_MODIFICO,FECHA_MODIFICO) VALUES (659,1,6,7,96,1,'amxsab.system@gmail.com',CURRENT_TIMESTAMP,'amxsab.system@gmail.com',CURRENT_TIMESTAMP);
INSERT INTO VUELO (NUMERO_VUELO,ID_COMPANIA,ID_TIPO_CABINA,ID_ESTACION_ORIGEN,ID_ESTACION_DESTINO,STATUS,USUARIO_CREO,FECHA_CREO,USUARIO_MODIFICO,FECHA_MODIFICO) VALUES (660,1,6,64,31,1,'amxsab.system@gmail.com',CURRENT_TIMESTAMP,'amxsab.system@gmail.com',CURRENT_TIMESTAMP);
INSERT INTO VUELO (NUMERO_VUELO,ID_COMPANIA,ID_TIPO_CABINA,ID_ESTACION_ORIGEN,ID_ESTACION_DESTINO,STATUS,USUARIO_CREO,FECHA_CREO,USUARIO_MODIFICO,FECHA_MODIFICO) VALUES (661,1,6,31,64,1,'amxsab.system@gmail.com',CURRENT_TIMESTAMP,'amxsab.system@gmail.com',CURRENT_TIMESTAMP);
INSERT INTO VUELO (NUMERO_VUELO,ID_COMPANIA,ID_TIPO_CABINA,ID_ESTACION_ORIGEN,ID_ESTACION_DESTINO,STATUS,USUARIO_CREO,FECHA_CREO,USUARIO_MODIFICO,FECHA_MODIFICO) VALUES (662,1,6,64,39,1,'amxsab.system@gmail.com',CURRENT_TIMESTAMP,'amxsab.system@gmail.com',CURRENT_TIMESTAMP);
INSERT INTO VUELO (NUMERO_VUELO,ID_COMPANIA,ID_TIPO_CABINA,ID_ESTACION_ORIGEN,ID_ESTACION_DESTINO,STATUS,USUARIO_CREO,FECHA_CREO,USUARIO_MODIFICO,FECHA_MODIFICO) VALUES (663,1,6,39,64,1,'amxsab.system@gmail.com',CURRENT_TIMESTAMP,'amxsab.system@gmail.com',CURRENT_TIMESTAMP);
INSERT INTO VUELO (NUMERO_VUELO,ID_COMPANIA,ID_TIPO_CABINA,ID_ESTACION_ORIGEN,ID_ESTACION_DESTINO,STATUS,USUARIO_CREO,FECHA_CREO,USUARIO_MODIFICO,FECHA_MODIFICO) VALUES (664,1,6,96,39,1,'amxsab.system@gmail.com',CURRENT_TIMESTAMP,'amxsab.system@gmail.com',CURRENT_TIMESTAMP);
INSERT INTO VUELO (NUMERO_VUELO,ID_COMPANIA,ID_TIPO_CABINA,ID_ESTACION_ORIGEN,ID_ESTACION_DESTINO,STATUS,USUARIO_CREO,FECHA_CREO,USUARIO_MODIFICO,FECHA_MODIFICO) VALUES (665,1,6,39,96,1,'amxsab.system@gmail.com',CURRENT_TIMESTAMP,'amxsab.system@gmail.com',CURRENT_TIMESTAMP);
INSERT INTO VUELO (NUMERO_VUELO,ID_COMPANIA,ID_TIPO_CABINA,ID_ESTACION_ORIGEN,ID_ESTACION_DESTINO,STATUS,USUARIO_CREO,FECHA_CREO,USUARIO_MODIFICO,FECHA_MODIFICO) VALUES (668,1,6,96,39,1,'amxsab.system@gmail.com',CURRENT_TIMESTAMP,'amxsab.system@gmail.com',CURRENT_TIMESTAMP);
INSERT INTO VUELO (NUMERO_VUELO,ID_COMPANIA,ID_TIPO_CABINA,ID_ESTACION_ORIGEN,ID_ESTACION_DESTINO,STATUS,USUARIO_CREO,FECHA_CREO,USUARIO_MODIFICO,FECHA_MODIFICO) VALUES (669,1,6,39,96,1,'amxsab.system@gmail.com',CURRENT_TIMESTAMP,'amxsab.system@gmail.com',CURRENT_TIMESTAMP);
INSERT INTO VUELO (NUMERO_VUELO,ID_COMPANIA,ID_TIPO_CABINA,ID_ESTACION_ORIGEN,ID_ESTACION_DESTINO,STATUS,USUARIO_CREO,FECHA_CREO,USUARIO_MODIFICO,FECHA_MODIFICO) VALUES (680,1,6,96,43,1,'amxsab.system@gmail.com',CURRENT_TIMESTAMP,'amxsab.system@gmail.com',CURRENT_TIMESTAMP);
INSERT INTO VUELO (NUMERO_VUELO,ID_COMPANIA,ID_TIPO_CABINA,ID_ESTACION_ORIGEN,ID_ESTACION_DESTINO,STATUS,USUARIO_CREO,FECHA_CREO,USUARIO_MODIFICO,FECHA_MODIFICO) VALUES (681,1,6,43,96,1,'amxsab.system@gmail.com',CURRENT_TIMESTAMP,'amxsab.system@gmail.com',CURRENT_TIMESTAMP);
INSERT INTO VUELO (NUMERO_VUELO,ID_COMPANIA,ID_TIPO_CABINA,ID_ESTACION_ORIGEN,ID_ESTACION_DESTINO,STATUS,USUARIO_CREO,FECHA_CREO,USUARIO_MODIFICO,FECHA_MODIFICO) VALUES (682,1,6,96,31,1,'amxsab.system@gmail.com',CURRENT_TIMESTAMP,'amxsab.system@gmail.com',CURRENT_TIMESTAMP);
INSERT INTO VUELO (NUMERO_VUELO,ID_COMPANIA,ID_TIPO_CABINA,ID_ESTACION_ORIGEN,ID_ESTACION_DESTINO,STATUS,USUARIO_CREO,FECHA_CREO,USUARIO_MODIFICO,FECHA_MODIFICO) VALUES (683,1,6,31,96,1,'amxsab.system@gmail.com',CURRENT_TIMESTAMP,'amxsab.system@gmail.com',CURRENT_TIMESTAMP);
INSERT INTO VUELO (NUMERO_VUELO,ID_COMPANIA,ID_TIPO_CABINA,ID_ESTACION_ORIGEN,ID_ESTACION_DESTINO,STATUS,USUARIO_CREO,FECHA_CREO,USUARIO_MODIFICO,FECHA_MODIFICO) VALUES (684,1,6,96,48,1,'amxsab.system@gmail.com',CURRENT_TIMESTAMP,'amxsab.system@gmail.com',CURRENT_TIMESTAMP);
INSERT INTO VUELO (NUMERO_VUELO,ID_COMPANIA,ID_TIPO_CABINA,ID_ESTACION_ORIGEN,ID_ESTACION_DESTINO,STATUS,USUARIO_CREO,FECHA_CREO,USUARIO_MODIFICO,FECHA_MODIFICO) VALUES (685,1,6,48,96,1,'amxsab.system@gmail.com',CURRENT_TIMESTAMP,'amxsab.system@gmail.com',CURRENT_TIMESTAMP);
INSERT INTO VUELO (NUMERO_VUELO,ID_COMPANIA,ID_TIPO_CABINA,ID_ESTACION_ORIGEN,ID_ESTACION_DESTINO,STATUS,USUARIO_CREO,FECHA_CREO,USUARIO_MODIFICO,FECHA_MODIFICO) VALUES (686,1,6,96,31,1,'amxsab.system@gmail.com',CURRENT_TIMESTAMP,'amxsab.system@gmail.com',CURRENT_TIMESTAMP);
INSERT INTO VUELO (NUMERO_VUELO,ID_COMPANIA,ID_TIPO_CABINA,ID_ESTACION_ORIGEN,ID_ESTACION_DESTINO,STATUS,USUARIO_CREO,FECHA_CREO,USUARIO_MODIFICO,FECHA_MODIFICO) VALUES (687,1,6,31,96,1,'amxsab.system@gmail.com',CURRENT_TIMESTAMP,'amxsab.system@gmail.com',CURRENT_TIMESTAMP);
INSERT INTO VUELO (NUMERO_VUELO,ID_COMPANIA,ID_TIPO_CABINA,ID_ESTACION_ORIGEN,ID_ESTACION_DESTINO,STATUS,USUARIO_CREO,FECHA_CREO,USUARIO_MODIFICO,FECHA_MODIFICO) VALUES (688,1,6,96,31,1,'amxsab.system@gmail.com',CURRENT_TIMESTAMP,'amxsab.system@gmail.com',CURRENT_TIMESTAMP);
INSERT INTO VUELO (NUMERO_VUELO,ID_COMPANIA,ID_TIPO_CABINA,ID_ESTACION_ORIGEN,ID_ESTACION_DESTINO,STATUS,USUARIO_CREO,FECHA_CREO,USUARIO_MODIFICO,FECHA_MODIFICO) VALUES (689,1,6,31,96,1,'amxsab.system@gmail.com',CURRENT_TIMESTAMP,'amxsab.system@gmail.com',CURRENT_TIMESTAMP);
INSERT INTO VUELO (NUMERO_VUELO,ID_COMPANIA,ID_TIPO_CABINA,ID_ESTACION_ORIGEN,ID_ESTACION_DESTINO,STATUS,USUARIO_CREO,FECHA_CREO,USUARIO_MODIFICO,FECHA_MODIFICO) VALUES (690,1,6,96,40,1,'amxsab.system@gmail.com',CURRENT_TIMESTAMP,'amxsab.system@gmail.com',CURRENT_TIMESTAMP);
INSERT INTO VUELO (NUMERO_VUELO,ID_COMPANIA,ID_TIPO_CABINA,ID_ESTACION_ORIGEN,ID_ESTACION_DESTINO,STATUS,USUARIO_CREO,FECHA_CREO,USUARIO_MODIFICO,FECHA_MODIFICO) VALUES (691,1,6,40,96,1,'amxsab.system@gmail.com',CURRENT_TIMESTAMP,'amxsab.system@gmail.com',CURRENT_TIMESTAMP);
INSERT INTO VUELO (NUMERO_VUELO,ID_COMPANIA,ID_TIPO_CABINA,ID_ESTACION_ORIGEN,ID_ESTACION_DESTINO,STATUS,USUARIO_CREO,FECHA_CREO,USUARIO_MODIFICO,FECHA_MODIFICO) VALUES (692,1,6,96,46,1,'amxsab.system@gmail.com',CURRENT_TIMESTAMP,'amxsab.system@gmail.com',CURRENT_TIMESTAMP);
INSERT INTO VUELO (NUMERO_VUELO,ID_COMPANIA,ID_TIPO_CABINA,ID_ESTACION_ORIGEN,ID_ESTACION_DESTINO,STATUS,USUARIO_CREO,FECHA_CREO,USUARIO_MODIFICO,FECHA_MODIFICO) VALUES (693,1,6,46,96,1,'amxsab.system@gmail.com',CURRENT_TIMESTAMP,'amxsab.system@gmail.com',CURRENT_TIMESTAMP);
INSERT INTO VUELO (NUMERO_VUELO,ID_COMPANIA,ID_TIPO_CABINA,ID_ESTACION_ORIGEN,ID_ESTACION_DESTINO,STATUS,USUARIO_CREO,FECHA_CREO,USUARIO_MODIFICO,FECHA_MODIFICO) VALUES (695,1,6,44,96,1,'amxsab.system@gmail.com',CURRENT_TIMESTAMP,'amxsab.system@gmail.com',CURRENT_TIMESTAMP);
INSERT INTO VUELO (NUMERO_VUELO,ID_COMPANIA,ID_TIPO_CABINA,ID_ESTACION_ORIGEN,ID_ESTACION_DESTINO,STATUS,USUARIO_CREO,FECHA_CREO,USUARIO_MODIFICO,FECHA_MODIFICO) VALUES (696,1,6,96,44,1,'amxsab.system@gmail.com',CURRENT_TIMESTAMP,'amxsab.system@gmail.com',CURRENT_TIMESTAMP);
INSERT INTO VUELO (NUMERO_VUELO,ID_COMPANIA,ID_TIPO_CABINA,ID_ESTACION_ORIGEN,ID_ESTACION_DESTINO,STATUS,USUARIO_CREO,FECHA_CREO,USUARIO_MODIFICO,FECHA_MODIFICO) VALUES (697,1,6,44,96,1,'amxsab.system@gmail.com',CURRENT_TIMESTAMP,'amxsab.system@gmail.com',CURRENT_TIMESTAMP);
INSERT INTO VUELO (NUMERO_VUELO,ID_COMPANIA,ID_TIPO_CABINA,ID_ESTACION_ORIGEN,ID_ESTACION_DESTINO,STATUS,USUARIO_CREO,FECHA_CREO,USUARIO_MODIFICO,FECHA_MODIFICO) VALUES (698,1,6,96,4,1,'amxsab.system@gmail.com',CURRENT_TIMESTAMP,'amxsab.system@gmail.com',CURRENT_TIMESTAMP);
INSERT INTO VUELO (NUMERO_VUELO,ID_COMPANIA,ID_TIPO_CABINA,ID_ESTACION_ORIGEN,ID_ESTACION_DESTINO,STATUS,USUARIO_CREO,FECHA_CREO,USUARIO_MODIFICO,FECHA_MODIFICO) VALUES (699,1,6,4,96,1,'amxsab.system@gmail.com',CURRENT_TIMESTAMP,'amxsab.system@gmail.com',CURRENT_TIMESTAMP);
INSERT INTO VUELO (NUMERO_VUELO,ID_COMPANIA,ID_TIPO_CABINA,ID_ESTACION_ORIGEN,ID_ESTACION_DESTINO,STATUS,USUARIO_CREO,FECHA_CREO,USUARIO_MODIFICO,FECHA_MODIFICO) VALUES (701,1,6,65,96,1,'amxsab.system@gmail.com',CURRENT_TIMESTAMP,'amxsab.system@gmail.com',CURRENT_TIMESTAMP);
INSERT INTO VUELO (NUMERO_VUELO,ID_COMPANIA,ID_TIPO_CABINA,ID_ESTACION_ORIGEN,ID_ESTACION_DESTINO,STATUS,USUARIO_CREO,FECHA_CREO,USUARIO_MODIFICO,FECHA_MODIFICO) VALUES (702,1,6,96,65,1,'amxsab.system@gmail.com',CURRENT_TIMESTAMP,'amxsab.system@gmail.com',CURRENT_TIMESTAMP);
INSERT INTO VUELO (NUMERO_VUELO,ID_COMPANIA,ID_TIPO_CABINA,ID_ESTACION_ORIGEN,ID_ESTACION_DESTINO,STATUS,USUARIO_CREO,FECHA_CREO,USUARIO_MODIFICO,FECHA_MODIFICO) VALUES (705,1,6,65,96,1,'amxsab.system@gmail.com',CURRENT_TIMESTAMP,'amxsab.system@gmail.com',CURRENT_TIMESTAMP);
INSERT INTO VUELO (NUMERO_VUELO,ID_COMPANIA,ID_TIPO_CABINA,ID_ESTACION_ORIGEN,ID_ESTACION_DESTINO,STATUS,USUARIO_CREO,FECHA_CREO,USUARIO_MODIFICO,FECHA_MODIFICO) VALUES (706,1,6,96,65,1,'amxsab.system@gmail.com',CURRENT_TIMESTAMP,'amxsab.system@gmail.com',CURRENT_TIMESTAMP);
INSERT INTO VUELO (NUMERO_VUELO,ID_COMPANIA,ID_TIPO_CABINA,ID_ESTACION_ORIGEN,ID_ESTACION_DESTINO,STATUS,USUARIO_CREO,FECHA_CREO,USUARIO_MODIFICO,FECHA_MODIFICO) VALUES (708,1,6,96,3,1,'amxsab.system@gmail.com',CURRENT_TIMESTAMP,'amxsab.system@gmail.com',CURRENT_TIMESTAMP);
INSERT INTO VUELO (NUMERO_VUELO,ID_COMPANIA,ID_TIPO_CABINA,ID_ESTACION_ORIGEN,ID_ESTACION_DESTINO,STATUS,USUARIO_CREO,FECHA_CREO,USUARIO_MODIFICO,FECHA_MODIFICO) VALUES (709,1,6,3,96,1,'amxsab.system@gmail.com',CURRENT_TIMESTAMP,'amxsab.system@gmail.com',CURRENT_TIMESTAMP);
INSERT INTO VUELO (NUMERO_VUELO,ID_COMPANIA,ID_TIPO_CABINA,ID_ESTACION_ORIGEN,ID_ESTACION_DESTINO,STATUS,USUARIO_CREO,FECHA_CREO,USUARIO_MODIFICO,FECHA_MODIFICO) VALUES (710,1,6,96,65,1,'amxsab.system@gmail.com',CURRENT_TIMESTAMP,'amxsab.system@gmail.com',CURRENT_TIMESTAMP);
INSERT INTO VUELO (NUMERO_VUELO,ID_COMPANIA,ID_TIPO_CABINA,ID_ESTACION_ORIGEN,ID_ESTACION_DESTINO,STATUS,USUARIO_CREO,FECHA_CREO,USUARIO_MODIFICO,FECHA_MODIFICO) VALUES (712,1,6,96,65,1,'amxsab.system@gmail.com',CURRENT_TIMESTAMP,'amxsab.system@gmail.com',CURRENT_TIMESTAMP);
INSERT INTO VUELO (NUMERO_VUELO,ID_COMPANIA,ID_TIPO_CABINA,ID_ESTACION_ORIGEN,ID_ESTACION_DESTINO,STATUS,USUARIO_CREO,FECHA_CREO,USUARIO_MODIFICO,FECHA_MODIFICO) VALUES (713,1,6,65,96,1,'amxsab.system@gmail.com',CURRENT_TIMESTAMP,'amxsab.system@gmail.com',CURRENT_TIMESTAMP);
INSERT INTO VUELO (NUMERO_VUELO,ID_COMPANIA,ID_TIPO_CABINA,ID_ESTACION_ORIGEN,ID_ESTACION_DESTINO,STATUS,USUARIO_CREO,FECHA_CREO,USUARIO_MODIFICO,FECHA_MODIFICO) VALUES (715,1,6,65,96,1,'amxsab.system@gmail.com',CURRENT_TIMESTAMP,'amxsab.system@gmail.com',CURRENT_TIMESTAMP);
INSERT INTO VUELO (NUMERO_VUELO,ID_COMPANIA,ID_TIPO_CABINA,ID_ESTACION_ORIGEN,ID_ESTACION_DESTINO,STATUS,USUARIO_CREO,FECHA_CREO,USUARIO_MODIFICO,FECHA_MODIFICO) VALUES (761,1,6,96,3,1,'amxsab.system@gmail.com',CURRENT_TIMESTAMP,'amxsab.system@gmail.com',CURRENT_TIMESTAMP);
INSERT INTO VUELO (NUMERO_VUELO,ID_COMPANIA,ID_TIPO_CABINA,ID_ESTACION_ORIGEN,ID_ESTACION_DESTINO,STATUS,USUARIO_CREO,FECHA_CREO,USUARIO_MODIFICO,FECHA_MODIFICO) VALUES (762,1,6,3,96,1,'amxsab.system@gmail.com',CURRENT_TIMESTAMP,'amxsab.system@gmail.com',CURRENT_TIMESTAMP);
INSERT INTO VUELO (NUMERO_VUELO,ID_COMPANIA,ID_TIPO_CABINA,ID_ESTACION_ORIGEN,ID_ESTACION_DESTINO,STATUS,USUARIO_CREO,FECHA_CREO,USUARIO_MODIFICO,FECHA_MODIFICO) VALUES (770,1,6,64,88,1,'amxsab.system@gmail.com',CURRENT_TIMESTAMP,'amxsab.system@gmail.com',CURRENT_TIMESTAMP);
INSERT INTO VUELO (NUMERO_VUELO,ID_COMPANIA,ID_TIPO_CABINA,ID_ESTACION_ORIGEN,ID_ESTACION_DESTINO,STATUS,USUARIO_CREO,FECHA_CREO,USUARIO_MODIFICO,FECHA_MODIFICO) VALUES (773,1,6,88,64,1,'amxsab.system@gmail.com',CURRENT_TIMESTAMP,'amxsab.system@gmail.com',CURRENT_TIMESTAMP);
INSERT INTO VUELO (NUMERO_VUELO,ID_COMPANIA,ID_TIPO_CABINA,ID_ESTACION_ORIGEN,ID_ESTACION_DESTINO,STATUS,USUARIO_CREO,FECHA_CREO,USUARIO_MODIFICO,FECHA_MODIFICO) VALUES (774,1,6,64,88,1,'amxsab.system@gmail.com',CURRENT_TIMESTAMP,'amxsab.system@gmail.com',CURRENT_TIMESTAMP);
INSERT INTO VUELO (NUMERO_VUELO,ID_COMPANIA,ID_TIPO_CABINA,ID_ESTACION_ORIGEN,ID_ESTACION_DESTINO,STATUS,USUARIO_CREO,FECHA_CREO,USUARIO_MODIFICO,FECHA_MODIFICO) VALUES (775,1,6,88,64,1,'amxsab.system@gmail.com',CURRENT_TIMESTAMP,'amxsab.system@gmail.com',CURRENT_TIMESTAMP);
INSERT INTO VUELO (NUMERO_VUELO,ID_COMPANIA,ID_TIPO_CABINA,ID_ESTACION_ORIGEN,ID_ESTACION_DESTINO,STATUS,USUARIO_CREO,FECHA_CREO,USUARIO_MODIFICO,FECHA_MODIFICO) VALUES (780,1,6,64,30,1,'amxsab.system@gmail.com',CURRENT_TIMESTAMP,'amxsab.system@gmail.com',CURRENT_TIMESTAMP);
INSERT INTO VUELO (NUMERO_VUELO,ID_COMPANIA,ID_TIPO_CABINA,ID_ESTACION_ORIGEN,ID_ESTACION_DESTINO,STATUS,USUARIO_CREO,FECHA_CREO,USUARIO_MODIFICO,FECHA_MODIFICO) VALUES (781,1,6,30,64,1,'amxsab.system@gmail.com',CURRENT_TIMESTAMP,'amxsab.system@gmail.com',CURRENT_TIMESTAMP);
INSERT INTO VUELO (NUMERO_VUELO,ID_COMPANIA,ID_TIPO_CABINA,ID_ESTACION_ORIGEN,ID_ESTACION_DESTINO,STATUS,USUARIO_CREO,FECHA_CREO,USUARIO_MODIFICO,FECHA_MODIFICO) VALUES (782,1,6,64,20,1,'amxsab.system@gmail.com',CURRENT_TIMESTAMP,'amxsab.system@gmail.com',CURRENT_TIMESTAMP);
INSERT INTO VUELO (NUMERO_VUELO,ID_COMPANIA,ID_TIPO_CABINA,ID_ESTACION_ORIGEN,ID_ESTACION_DESTINO,STATUS,USUARIO_CREO,FECHA_CREO,USUARIO_MODIFICO,FECHA_MODIFICO) VALUES (783,1,6,20,64,1,'amxsab.system@gmail.com',CURRENT_TIMESTAMP,'amxsab.system@gmail.com',CURRENT_TIMESTAMP);
INSERT INTO VUELO (NUMERO_VUELO,ID_COMPANIA,ID_TIPO_CABINA,ID_ESTACION_ORIGEN,ID_ESTACION_DESTINO,STATUS,USUARIO_CREO,FECHA_CREO,USUARIO_MODIFICO,FECHA_MODIFICO) VALUES (784,1,6,64,20,1,'amxsab.system@gmail.com',CURRENT_TIMESTAMP,'amxsab.system@gmail.com',CURRENT_TIMESTAMP);
INSERT INTO VUELO (NUMERO_VUELO,ID_COMPANIA,ID_TIPO_CABINA,ID_ESTACION_ORIGEN,ID_ESTACION_DESTINO,STATUS,USUARIO_CREO,FECHA_CREO,USUARIO_MODIFICO,FECHA_MODIFICO) VALUES (785,1,6,20,64,1,'amxsab.system@gmail.com',CURRENT_TIMESTAMP,'amxsab.system@gmail.com',CURRENT_TIMESTAMP);
INSERT INTO VUELO (NUMERO_VUELO,ID_COMPANIA,ID_TIPO_CABINA,ID_ESTACION_ORIGEN,ID_ESTACION_DESTINO,STATUS,USUARIO_CREO,FECHA_CREO,USUARIO_MODIFICO,FECHA_MODIFICO) VALUES (786,1,6,64,11,1,'amxsab.system@gmail.com',CURRENT_TIMESTAMP,'amxsab.system@gmail.com',CURRENT_TIMESTAMP);
INSERT INTO VUELO (NUMERO_VUELO,ID_COMPANIA,ID_TIPO_CABINA,ID_ESTACION_ORIGEN,ID_ESTACION_DESTINO,STATUS,USUARIO_CREO,FECHA_CREO,USUARIO_MODIFICO,FECHA_MODIFICO) VALUES (787,1,6,11,64,1,'amxsab.system@gmail.com',CURRENT_TIMESTAMP,'amxsab.system@gmail.com',CURRENT_TIMESTAMP);
INSERT INTO VUELO (NUMERO_VUELO,ID_COMPANIA,ID_TIPO_CABINA,ID_ESTACION_ORIGEN,ID_ESTACION_DESTINO,STATUS,USUARIO_CREO,FECHA_CREO,USUARIO_MODIFICO,FECHA_MODIFICO) VALUES (788,1,6,64,41,1,'amxsab.system@gmail.com',CURRENT_TIMESTAMP,'amxsab.system@gmail.com',CURRENT_TIMESTAMP);
INSERT INTO VUELO (NUMERO_VUELO,ID_COMPANIA,ID_TIPO_CABINA,ID_ESTACION_ORIGEN,ID_ESTACION_DESTINO,STATUS,USUARIO_CREO,FECHA_CREO,USUARIO_MODIFICO,FECHA_MODIFICO) VALUES (789,1,6,41,64,1,'amxsab.system@gmail.com',CURRENT_TIMESTAMP,'amxsab.system@gmail.com',CURRENT_TIMESTAMP);
INSERT INTO VUELO (NUMERO_VUELO,ID_COMPANIA,ID_TIPO_CABINA,ID_ESTACION_ORIGEN,ID_ESTACION_DESTINO,STATUS,USUARIO_CREO,FECHA_CREO,USUARIO_MODIFICO,FECHA_MODIFICO) VALUES (798,1,6,96,25,1,'amxsab.system@gmail.com',CURRENT_TIMESTAMP,'amxsab.system@gmail.com',CURRENT_TIMESTAMP);
INSERT INTO VUELO (NUMERO_VUELO,ID_COMPANIA,ID_TIPO_CABINA,ID_ESTACION_ORIGEN,ID_ESTACION_DESTINO,STATUS,USUARIO_CREO,FECHA_CREO,USUARIO_MODIFICO,FECHA_MODIFICO) VALUES (799,1,6,25,96,1,'amxsab.system@gmail.com',CURRENT_TIMESTAMP,'amxsab.system@gmail.com',CURRENT_TIMESTAMP);
INSERT INTO VUELO (NUMERO_VUELO,ID_COMPANIA,ID_TIPO_CABINA,ID_ESTACION_ORIGEN,ID_ESTACION_DESTINO,STATUS,USUARIO_CREO,FECHA_CREO,USUARIO_MODIFICO,FECHA_MODIFICO) VALUES (902,1,6,96,73,1,'amxsab.system@gmail.com',CURRENT_TIMESTAMP,'amxsab.system@gmail.com',CURRENT_TIMESTAMP);
INSERT INTO VUELO (NUMERO_VUELO,ID_COMPANIA,ID_TIPO_CABINA,ID_ESTACION_ORIGEN,ID_ESTACION_DESTINO,STATUS,USUARIO_CREO,FECHA_CREO,USUARIO_MODIFICO,FECHA_MODIFICO) VALUES (903,1,6,73,96,1,'amxsab.system@gmail.com',CURRENT_TIMESTAMP,'amxsab.system@gmail.com',CURRENT_TIMESTAMP);
INSERT INTO VUELO (NUMERO_VUELO,ID_COMPANIA,ID_TIPO_CABINA,ID_ESTACION_ORIGEN,ID_ESTACION_DESTINO,STATUS,USUARIO_CREO,FECHA_CREO,USUARIO_MODIFICO,FECHA_MODIFICO) VALUES (905,1,6,73,96,1,'amxsab.system@gmail.com',CURRENT_TIMESTAMP,'amxsab.system@gmail.com',CURRENT_TIMESTAMP);
INSERT INTO VUELO (NUMERO_VUELO,ID_COMPANIA,ID_TIPO_CABINA,ID_ESTACION_ORIGEN,ID_ESTACION_DESTINO,STATUS,USUARIO_CREO,FECHA_CREO,USUARIO_MODIFICO,FECHA_MODIFICO) VALUES (906,1,6,96,73,1,'amxsab.system@gmail.com',CURRENT_TIMESTAMP,'amxsab.system@gmail.com',CURRENT_TIMESTAMP);
INSERT INTO VUELO (NUMERO_VUELO,ID_COMPANIA,ID_TIPO_CABINA,ID_ESTACION_ORIGEN,ID_ESTACION_DESTINO,STATUS,USUARIO_CREO,FECHA_CREO,USUARIO_MODIFICO,FECHA_MODIFICO) VALUES (907,1,6,73,96,1,'amxsab.system@gmail.com',CURRENT_TIMESTAMP,'amxsab.system@gmail.com',CURRENT_TIMESTAMP);
INSERT INTO VUELO (NUMERO_VUELO,ID_COMPANIA,ID_TIPO_CABINA,ID_ESTACION_ORIGEN,ID_ESTACION_DESTINO,STATUS,USUARIO_CREO,FECHA_CREO,USUARIO_MODIFICO,FECHA_MODIFICO) VALUES (910,1,6,96,73,1,'amxsab.system@gmail.com',CURRENT_TIMESTAMP,'amxsab.system@gmail.com',CURRENT_TIMESTAMP);
INSERT INTO VUELO (NUMERO_VUELO,ID_COMPANIA,ID_TIPO_CABINA,ID_ESTACION_ORIGEN,ID_ESTACION_DESTINO,STATUS,USUARIO_CREO,FECHA_CREO,USUARIO_MODIFICO,FECHA_MODIFICO) VALUES (913,1,6,73,96,1,'amxsab.system@gmail.com',CURRENT_TIMESTAMP,'amxsab.system@gmail.com',CURRENT_TIMESTAMP);
INSERT INTO VUELO (NUMERO_VUELO,ID_COMPANIA,ID_TIPO_CABINA,ID_ESTACION_ORIGEN,ID_ESTACION_DESTINO,STATUS,USUARIO_CREO,FECHA_CREO,USUARIO_MODIFICO,FECHA_MODIFICO) VALUES (914,1,6,96,73,1,'amxsab.system@gmail.com',CURRENT_TIMESTAMP,'amxsab.system@gmail.com',CURRENT_TIMESTAMP);
INSERT INTO VUELO (NUMERO_VUELO,ID_COMPANIA,ID_TIPO_CABINA,ID_ESTACION_ORIGEN,ID_ESTACION_DESTINO,STATUS,USUARIO_CREO,FECHA_CREO,USUARIO_MODIFICO,FECHA_MODIFICO) VALUES (915,1,6,73,96,1,'amxsab.system@gmail.com',CURRENT_TIMESTAMP,'amxsab.system@gmail.com',CURRENT_TIMESTAMP);
INSERT INTO VUELO (NUMERO_VUELO,ID_COMPANIA,ID_TIPO_CABINA,ID_ESTACION_ORIGEN,ID_ESTACION_DESTINO,STATUS,USUARIO_CREO,FECHA_CREO,USUARIO_MODIFICO,FECHA_MODIFICO) VALUES (916,1,6,96,73,1,'amxsab.system@gmail.com',CURRENT_TIMESTAMP,'amxsab.system@gmail.com',CURRENT_TIMESTAMP);
INSERT INTO VUELO (NUMERO_VUELO,ID_COMPANIA,ID_TIPO_CABINA,ID_ESTACION_ORIGEN,ID_ESTACION_DESTINO,STATUS,USUARIO_CREO,FECHA_CREO,USUARIO_MODIFICO,FECHA_MODIFICO) VALUES (917,1,6,73,96,1,'amxsab.system@gmail.com',CURRENT_TIMESTAMP,'amxsab.system@gmail.com',CURRENT_TIMESTAMP);
INSERT INTO VUELO (NUMERO_VUELO,ID_COMPANIA,ID_TIPO_CABINA,ID_ESTACION_ORIGEN,ID_ESTACION_DESTINO,STATUS,USUARIO_CREO,FECHA_CREO,USUARIO_MODIFICO,FECHA_MODIFICO) VALUES (918,1,6,96,73,1,'amxsab.system@gmail.com',CURRENT_TIMESTAMP,'amxsab.system@gmail.com',CURRENT_TIMESTAMP);
INSERT INTO VUELO (NUMERO_VUELO,ID_COMPANIA,ID_TIPO_CABINA,ID_ESTACION_ORIGEN,ID_ESTACION_DESTINO,STATUS,USUARIO_CREO,FECHA_CREO,USUARIO_MODIFICO,FECHA_MODIFICO) VALUES (919,1,6,73,96,1,'amxsab.system@gmail.com',CURRENT_TIMESTAMP,'amxsab.system@gmail.com',CURRENT_TIMESTAMP);
INSERT INTO VUELO (NUMERO_VUELO,ID_COMPANIA,ID_TIPO_CABINA,ID_ESTACION_ORIGEN,ID_ESTACION_DESTINO,STATUS,USUARIO_CREO,FECHA_CREO,USUARIO_MODIFICO,FECHA_MODIFICO) VALUES (921,1,6,73,96,1,'amxsab.system@gmail.com',CURRENT_TIMESTAMP,'amxsab.system@gmail.com',CURRENT_TIMESTAMP);
INSERT INTO VUELO (NUMERO_VUELO,ID_COMPANIA,ID_TIPO_CABINA,ID_ESTACION_ORIGEN,ID_ESTACION_DESTINO,STATUS,USUARIO_CREO,FECHA_CREO,USUARIO_MODIFICO,FECHA_MODIFICO) VALUES (922,1,6,96,73,1,'amxsab.system@gmail.com',CURRENT_TIMESTAMP,'amxsab.system@gmail.com',CURRENT_TIMESTAMP);
INSERT INTO VUELO (NUMERO_VUELO,ID_COMPANIA,ID_TIPO_CABINA,ID_ESTACION_ORIGEN,ID_ESTACION_DESTINO,STATUS,USUARIO_CREO,FECHA_CREO,USUARIO_MODIFICO,FECHA_MODIFICO) VALUES (924,1,6,96,73,1,'amxsab.system@gmail.com',CURRENT_TIMESTAMP,'amxsab.system@gmail.com',CURRENT_TIMESTAMP);
INSERT INTO VUELO (NUMERO_VUELO,ID_COMPANIA,ID_TIPO_CABINA,ID_ESTACION_ORIGEN,ID_ESTACION_DESTINO,STATUS,USUARIO_CREO,FECHA_CREO,USUARIO_MODIFICO,FECHA_MODIFICO) VALUES (925,1,6,73,96,1,'amxsab.system@gmail.com',CURRENT_TIMESTAMP,'amxsab.system@gmail.com',CURRENT_TIMESTAMP);
INSERT INTO VUELO (NUMERO_VUELO,ID_COMPANIA,ID_TIPO_CABINA,ID_ESTACION_ORIGEN,ID_ESTACION_DESTINO,STATUS,USUARIO_CREO,FECHA_CREO,USUARIO_MODIFICO,FECHA_MODIFICO) VALUES (927,1,6,73,96,1,'amxsab.system@gmail.com',CURRENT_TIMESTAMP,'amxsab.system@gmail.com',CURRENT_TIMESTAMP);
INSERT INTO VUELO (NUMERO_VUELO,ID_COMPANIA,ID_TIPO_CABINA,ID_ESTACION_ORIGEN,ID_ESTACION_DESTINO,STATUS,USUARIO_CREO,FECHA_CREO,USUARIO_MODIFICO,FECHA_MODIFICO) VALUES (928,1,6,96,73,1,'amxsab.system@gmail.com',CURRENT_TIMESTAMP,'amxsab.system@gmail.com',CURRENT_TIMESTAMP);
INSERT INTO VUELO (NUMERO_VUELO,ID_COMPANIA,ID_TIPO_CABINA,ID_ESTACION_ORIGEN,ID_ESTACION_DESTINO,STATUS,USUARIO_CREO,FECHA_CREO,USUARIO_MODIFICO,FECHA_MODIFICO) VALUES (930,1,6,96,73,1,'amxsab.system@gmail.com',CURRENT_TIMESTAMP,'amxsab.system@gmail.com',CURRENT_TIMESTAMP);
INSERT INTO VUELO (NUMERO_VUELO,ID_COMPANIA,ID_TIPO_CABINA,ID_ESTACION_ORIGEN,ID_ESTACION_DESTINO,STATUS,USUARIO_CREO,FECHA_CREO,USUARIO_MODIFICO,FECHA_MODIFICO) VALUES (932,1,6,96,73,1,'amxsab.system@gmail.com',CURRENT_TIMESTAMP,'amxsab.system@gmail.com',CURRENT_TIMESTAMP);
INSERT INTO VUELO (NUMERO_VUELO,ID_COMPANIA,ID_TIPO_CABINA,ID_ESTACION_ORIGEN,ID_ESTACION_DESTINO,STATUS,USUARIO_CREO,FECHA_CREO,USUARIO_MODIFICO,FECHA_MODIFICO) VALUES (933,1,6,73,96,1,'amxsab.system@gmail.com',CURRENT_TIMESTAMP,'amxsab.system@gmail.com',CURRENT_TIMESTAMP);
INSERT INTO VUELO (NUMERO_VUELO,ID_COMPANIA,ID_TIPO_CABINA,ID_ESTACION_ORIGEN,ID_ESTACION_DESTINO,STATUS,USUARIO_CREO,FECHA_CREO,USUARIO_MODIFICO,FECHA_MODIFICO) VALUES (935,1,6,73,96,1,'amxsab.system@gmail.com',CURRENT_TIMESTAMP,'amxsab.system@gmail.com',CURRENT_TIMESTAMP);
INSERT INTO VUELO (NUMERO_VUELO,ID_COMPANIA,ID_TIPO_CABINA,ID_ESTACION_ORIGEN,ID_ESTACION_DESTINO,STATUS,USUARIO_CREO,FECHA_CREO,USUARIO_MODIFICO,FECHA_MODIFICO) VALUES (936,1,6,96,73,1,'amxsab.system@gmail.com',CURRENT_TIMESTAMP,'amxsab.system@gmail.com',CURRENT_TIMESTAMP);
INSERT INTO VUELO (NUMERO_VUELO,ID_COMPANIA,ID_TIPO_CABINA,ID_ESTACION_ORIGEN,ID_ESTACION_DESTINO,STATUS,USUARIO_CREO,FECHA_CREO,USUARIO_MODIFICO,FECHA_MODIFICO) VALUES (937,1,6,73,96,1,'amxsab.system@gmail.com',CURRENT_TIMESTAMP,'amxsab.system@gmail.com',CURRENT_TIMESTAMP);
INSERT INTO VUELO (NUMERO_VUELO,ID_COMPANIA,ID_TIPO_CABINA,ID_ESTACION_ORIGEN,ID_ESTACION_DESTINO,STATUS,USUARIO_CREO,FECHA_CREO,USUARIO_MODIFICO,FECHA_MODIFICO) VALUES (940,1,6,96,73,1,'amxsab.system@gmail.com',CURRENT_TIMESTAMP,'amxsab.system@gmail.com',CURRENT_TIMESTAMP);
INSERT INTO VUELO (NUMERO_VUELO,ID_COMPANIA,ID_TIPO_CABINA,ID_ESTACION_ORIGEN,ID_ESTACION_DESTINO,STATUS,USUARIO_CREO,FECHA_CREO,USUARIO_MODIFICO,FECHA_MODIFICO) VALUES (941,1,6,73,96,1,'amxsab.system@gmail.com',CURRENT_TIMESTAMP,'amxsab.system@gmail.com',CURRENT_TIMESTAMP);
INSERT INTO VUELO (NUMERO_VUELO,ID_COMPANIA,ID_TIPO_CABINA,ID_ESTACION_ORIGEN,ID_ESTACION_DESTINO,STATUS,USUARIO_CREO,FECHA_CREO,USUARIO_MODIFICO,FECHA_MODIFICO) VALUES (943,1,6,73,96,1,'amxsab.system@gmail.com',CURRENT_TIMESTAMP,'amxsab.system@gmail.com',CURRENT_TIMESTAMP);
INSERT INTO VUELO (NUMERO_VUELO,ID_COMPANIA,ID_TIPO_CABINA,ID_ESTACION_ORIGEN,ID_ESTACION_DESTINO,STATUS,USUARIO_CREO,FECHA_CREO,USUARIO_MODIFICO,FECHA_MODIFICO) VALUES (944,1,6,96,73,1,'amxsab.system@gmail.com',CURRENT_TIMESTAMP,'amxsab.system@gmail.com',CURRENT_TIMESTAMP);
INSERT INTO VUELO (NUMERO_VUELO,ID_COMPANIA,ID_TIPO_CABINA,ID_ESTACION_ORIGEN,ID_ESTACION_DESTINO,STATUS,USUARIO_CREO,FECHA_CREO,USUARIO_MODIFICO,FECHA_MODIFICO) VALUES (944,1,6,60,96,1,'amxsab.system@gmail.com',CURRENT_TIMESTAMP,'amxsab.system@gmail.com',CURRENT_TIMESTAMP);
INSERT INTO VUELO (NUMERO_VUELO,ID_COMPANIA,ID_TIPO_CABINA,ID_ESTACION_ORIGEN,ID_ESTACION_DESTINO,STATUS,USUARIO_CREO,FECHA_CREO,USUARIO_MODIFICO,FECHA_MODIFICO) VALUES (954,1,6,96,73,1,'amxsab.system@gmail.com',CURRENT_TIMESTAMP,'amxsab.system@gmail.com',CURRENT_TIMESTAMP);
INSERT INTO VUELO (NUMERO_VUELO,ID_COMPANIA,ID_TIPO_CABINA,ID_ESTACION_ORIGEN,ID_ESTACION_DESTINO,STATUS,USUARIO_CREO,FECHA_CREO,USUARIO_MODIFICO,FECHA_MODIFICO) VALUES (956,1,6,96,73,1,'amxsab.system@gmail.com',CURRENT_TIMESTAMP,'amxsab.system@gmail.com',CURRENT_TIMESTAMP);
INSERT INTO VUELO (NUMERO_VUELO,ID_COMPANIA,ID_TIPO_CABINA,ID_ESTACION_ORIGEN,ID_ESTACION_DESTINO,STATUS,USUARIO_CREO,FECHA_CREO,USUARIO_MODIFICO,FECHA_MODIFICO) VALUES (957,1,6,73,96,1,'amxsab.system@gmail.com',CURRENT_TIMESTAMP,'amxsab.system@gmail.com',CURRENT_TIMESTAMP);
INSERT INTO VUELO (NUMERO_VUELO,ID_COMPANIA,ID_TIPO_CABINA,ID_ESTACION_ORIGEN,ID_ESTACION_DESTINO,STATUS,USUARIO_CREO,FECHA_CREO,USUARIO_MODIFICO,FECHA_MODIFICO) VALUES (1104,1,6,96,64,1,'amxsab.system@gmail.com',CURRENT_TIMESTAMP,'amxsab.system@gmail.com',CURRENT_TIMESTAMP);
INSERT INTO VUELO (NUMERO_VUELO,ID_COMPANIA,ID_TIPO_CABINA,ID_ESTACION_ORIGEN,ID_ESTACION_DESTINO,STATUS,USUARIO_CREO,FECHA_CREO,USUARIO_MODIFICO,FECHA_MODIFICO) VALUES (1151,1,6,64,96,1,'amxsab.system@gmail.com',CURRENT_TIMESTAMP,'amxsab.system@gmail.com',CURRENT_TIMESTAMP);
INSERT INTO VUELO (NUMERO_VUELO,ID_COMPANIA,ID_TIPO_CABINA,ID_ESTACION_ORIGEN,ID_ESTACION_DESTINO,STATUS,USUARIO_CREO,FECHA_CREO,USUARIO_MODIFICO,FECHA_MODIFICO) VALUES (1158,1,6,96,60,1,'amxsab.system@gmail.com',CURRENT_TIMESTAMP,'amxsab.system@gmail.com',CURRENT_TIMESTAMP);
INSERT INTO VUELO (NUMERO_VUELO,ID_COMPANIA,ID_TIPO_CABINA,ID_ESTACION_ORIGEN,ID_ESTACION_DESTINO,STATUS,USUARIO_CREO,FECHA_CREO,USUARIO_MODIFICO,FECHA_MODIFICO) VALUES (1224,1,6,96,64,1,'amxsab.system@gmail.com',CURRENT_TIMESTAMP,'amxsab.system@gmail.com',CURRENT_TIMESTAMP);
INSERT INTO VUELO (NUMERO_VUELO,ID_COMPANIA,ID_TIPO_CABINA,ID_ESTACION_ORIGEN,ID_ESTACION_DESTINO,STATUS,USUARIO_CREO,FECHA_CREO,USUARIO_MODIFICO,FECHA_MODIFICO) VALUES (1291,1,6,64,96,1,'amxsab.system@gmail.com',CURRENT_TIMESTAMP,'amxsab.system@gmail.com',CURRENT_TIMESTAMP);
INSERT INTO VUELO (NUMERO_VUELO,ID_COMPANIA,ID_TIPO_CABINA,ID_ESTACION_ORIGEN,ID_ESTACION_DESTINO,STATUS,USUARIO_CREO,FECHA_CREO,USUARIO_MODIFICO,FECHA_MODIFICO) VALUES (1292,1,6,60,96,1,'amxsab.system@gmail.com',CURRENT_TIMESTAMP,'amxsab.system@gmail.com',CURRENT_TIMESTAMP);
INSERT INTO VUELO (NUMERO_VUELO,ID_COMPANIA,ID_TIPO_CABINA,ID_ESTACION_ORIGEN,ID_ESTACION_DESTINO,STATUS,USUARIO_CREO,FECHA_CREO,USUARIO_MODIFICO,FECHA_MODIFICO) VALUES (1345,1,6,96,60,1,'amxsab.system@gmail.com',CURRENT_TIMESTAMP,'amxsab.system@gmail.com',CURRENT_TIMESTAMP);
INSERT INTO VUELO (NUMERO_VUELO,ID_COMPANIA,ID_TIPO_CABINA,ID_ESTACION_ORIGEN,ID_ESTACION_DESTINO,STATUS,USUARIO_CREO,FECHA_CREO,USUARIO_MODIFICO,FECHA_MODIFICO) VALUES (1351,1,6,96,60,1,'amxsab.system@gmail.com',CURRENT_TIMESTAMP,'amxsab.system@gmail.com',CURRENT_TIMESTAMP);
INSERT INTO VUELO (NUMERO_VUELO,ID_COMPANIA,ID_TIPO_CABINA,ID_ESTACION_ORIGEN,ID_ESTACION_DESTINO,STATUS,USUARIO_CREO,FECHA_CREO,USUARIO_MODIFICO,FECHA_MODIFICO) VALUES (1429,1,6,96,60,1,'amxsab.system@gmail.com',CURRENT_TIMESTAMP,'amxsab.system@gmail.com',CURRENT_TIMESTAMP);
INSERT INTO VUELO (NUMERO_VUELO,ID_COMPANIA,ID_TIPO_CABINA,ID_ESTACION_ORIGEN,ID_ESTACION_DESTINO,STATUS,USUARIO_CREO,FECHA_CREO,USUARIO_MODIFICO,FECHA_MODIFICO) VALUES (1576,1,6,60,96,1,'amxsab.system@gmail.com',CURRENT_TIMESTAMP,'amxsab.system@gmail.com',CURRENT_TIMESTAMP);
INSERT INTO VUELO (NUMERO_VUELO,ID_COMPANIA,ID_TIPO_CABINA,ID_ESTACION_ORIGEN,ID_ESTACION_DESTINO,STATUS,USUARIO_CREO,FECHA_CREO,USUARIO_MODIFICO,FECHA_MODIFICO) VALUES (1582,1,6,60,96,1,'amxsab.system@gmail.com',CURRENT_TIMESTAMP,'amxsab.system@gmail.com',CURRENT_TIMESTAMP);
INSERT INTO VUELO (NUMERO_VUELO,ID_COMPANIA,ID_TIPO_CABINA,ID_ESTACION_ORIGEN,ID_ESTACION_DESTINO,STATUS,USUARIO_CREO,FECHA_CREO,USUARIO_MODIFICO,FECHA_MODIFICO) VALUES (1591,1,6,96,60,1,'amxsab.system@gmail.com',CURRENT_TIMESTAMP,'amxsab.system@gmail.com',CURRENT_TIMESTAMP);
INSERT INTO VUELO (NUMERO_VUELO,ID_COMPANIA,ID_TIPO_CABINA,ID_ESTACION_ORIGEN,ID_ESTACION_DESTINO,STATUS,USUARIO_CREO,FECHA_CREO,USUARIO_MODIFICO,FECHA_MODIFICO) VALUES (1592,1,6,60,96,1,'amxsab.system@gmail.com',CURRENT_TIMESTAMP,'amxsab.system@gmail.com',CURRENT_TIMESTAMP);
INSERT INTO VUELO (NUMERO_VUELO,ID_COMPANIA,ID_TIPO_CABINA,ID_ESTACION_ORIGEN,ID_ESTACION_DESTINO,STATUS,USUARIO_CREO,FECHA_CREO,USUARIO_MODIFICO,FECHA_MODIFICO) VALUES (1620,1,6,87,96,1,'amxsab.system@gmail.com',CURRENT_TIMESTAMP,'amxsab.system@gmail.com',CURRENT_TIMESTAMP);
INSERT INTO VUELO (NUMERO_VUELO,ID_COMPANIA,ID_TIPO_CABINA,ID_ESTACION_ORIGEN,ID_ESTACION_DESTINO,STATUS,USUARIO_CREO,FECHA_CREO,USUARIO_MODIFICO,FECHA_MODIFICO) VALUES (1621,1,6,96,87,1,'amxsab.system@gmail.com',CURRENT_TIMESTAMP,'amxsab.system@gmail.com',CURRENT_TIMESTAMP);
INSERT INTO VUELO (NUMERO_VUELO,ID_COMPANIA,ID_TIPO_CABINA,ID_ESTACION_ORIGEN,ID_ESTACION_DESTINO,STATUS,USUARIO_CREO,FECHA_CREO,USUARIO_MODIFICO,FECHA_MODIFICO) VALUES (1850,1,6,96,56,1,'amxsab.system@gmail.com',CURRENT_TIMESTAMP,'amxsab.system@gmail.com',CURRENT_TIMESTAMP);
INSERT INTO VUELO (NUMERO_VUELO,ID_COMPANIA,ID_TIPO_CABINA,ID_ESTACION_ORIGEN,ID_ESTACION_DESTINO,STATUS,USUARIO_CREO,FECHA_CREO,USUARIO_MODIFICO,FECHA_MODIFICO) VALUES (1851,1,6,56,96,1,'amxsab.system@gmail.com',CURRENT_TIMESTAMP,'amxsab.system@gmail.com',CURRENT_TIMESTAMP);
INSERT INTO VUELO (NUMERO_VUELO,ID_COMPANIA,ID_TIPO_CABINA,ID_ESTACION_ORIGEN,ID_ESTACION_DESTINO,STATUS,USUARIO_CREO,FECHA_CREO,USUARIO_MODIFICO,FECHA_MODIFICO) VALUES (1885,1,6,20,64,1,'amxsab.system@gmail.com',CURRENT_TIMESTAMP,'amxsab.system@gmail.com',CURRENT_TIMESTAMP);
INSERT INTO VUELO (NUMERO_VUELO,ID_COMPANIA,ID_TIPO_CABINA,ID_ESTACION_ORIGEN,ID_ESTACION_DESTINO,STATUS,USUARIO_CREO,FECHA_CREO,USUARIO_MODIFICO,FECHA_MODIFICO) VALUES (8540,1,6,96,80,1,'amxsab.system@gmail.com',CURRENT_TIMESTAMP,'amxsab.system@gmail.com',CURRENT_TIMESTAMP);
INSERT INTO VUELO (NUMERO_VUELO,ID_COMPANIA,ID_TIPO_CABINA,ID_ESTACION_ORIGEN,ID_ESTACION_DESTINO,STATUS,USUARIO_CREO,FECHA_CREO,USUARIO_MODIFICO,FECHA_MODIFICO) VALUES (8541,1,6,80,96,1,'amxsab.system@gmail.com',CURRENT_TIMESTAMP,'amxsab.system@gmail.com',CURRENT_TIMESTAMP);
INSERT INTO VUELO (NUMERO_VUELO,ID_COMPANIA,ID_TIPO_CABINA,ID_ESTACION_ORIGEN,ID_ESTACION_DESTINO,STATUS,USUARIO_CREO,FECHA_CREO,USUARIO_MODIFICO,FECHA_MODIFICO) VALUES (109,2,6,64,96,1,'amxsab.system@gmail.com',CURRENT_TIMESTAMP,'amxsab.system@gmail.com',CURRENT_TIMESTAMP);
INSERT INTO VUELO (NUMERO_VUELO,ID_COMPANIA,ID_TIPO_CABINA,ID_ESTACION_ORIGEN,ID_ESTACION_DESTINO,STATUS,USUARIO_CREO,FECHA_CREO,USUARIO_MODIFICO,FECHA_MODIFICO) VALUES (120,2,6,96,64,1,'amxsab.system@gmail.com',CURRENT_TIMESTAMP,'amxsab.system@gmail.com',CURRENT_TIMESTAMP);
INSERT INTO VUELO (NUMERO_VUELO,ID_COMPANIA,ID_TIPO_CABINA,ID_ESTACION_ORIGEN,ID_ESTACION_DESTINO,STATUS,USUARIO_CREO,FECHA_CREO,USUARIO_MODIFICO,FECHA_MODIFICO) VALUES (121,2,6,64,96,1,'amxsab.system@gmail.com',CURRENT_TIMESTAMP,'amxsab.system@gmail.com',CURRENT_TIMESTAMP);
INSERT INTO VUELO (NUMERO_VUELO,ID_COMPANIA,ID_TIPO_CABINA,ID_ESTACION_ORIGEN,ID_ESTACION_DESTINO,STATUS,USUARIO_CREO,FECHA_CREO,USUARIO_MODIFICO,FECHA_MODIFICO) VALUES (127,2,6,64,96,1,'amxsab.system@gmail.com',CURRENT_TIMESTAMP,'amxsab.system@gmail.com',CURRENT_TIMESTAMP);
INSERT INTO VUELO (NUMERO_VUELO,ID_COMPANIA,ID_TIPO_CABINA,ID_ESTACION_ORIGEN,ID_ESTACION_DESTINO,STATUS,USUARIO_CREO,FECHA_CREO,USUARIO_MODIFICO,FECHA_MODIFICO) VALUES (128,2,6,96,64,1,'amxsab.system@gmail.com',CURRENT_TIMESTAMP,'amxsab.system@gmail.com',CURRENT_TIMESTAMP);
INSERT INTO VUELO (NUMERO_VUELO,ID_COMPANIA,ID_TIPO_CABINA,ID_ESTACION_ORIGEN,ID_ESTACION_DESTINO,STATUS,USUARIO_CREO,FECHA_CREO,USUARIO_MODIFICO,FECHA_MODIFICO) VALUES (129,2,6,64,96,1,'amxsab.system@gmail.com',CURRENT_TIMESTAMP,'amxsab.system@gmail.com',CURRENT_TIMESTAMP);
INSERT INTO VUELO (NUMERO_VUELO,ID_COMPANIA,ID_TIPO_CABINA,ID_ESTACION_ORIGEN,ID_ESTACION_DESTINO,STATUS,USUARIO_CREO,FECHA_CREO,USUARIO_MODIFICO,FECHA_MODIFICO) VALUES (130,2,6,96,51,1,'amxsab.system@gmail.com',CURRENT_TIMESTAMP,'amxsab.system@gmail.com',CURRENT_TIMESTAMP);
INSERT INTO VUELO (NUMERO_VUELO,ID_COMPANIA,ID_TIPO_CABINA,ID_ESTACION_ORIGEN,ID_ESTACION_DESTINO,STATUS,USUARIO_CREO,FECHA_CREO,USUARIO_MODIFICO,FECHA_MODIFICO) VALUES (131,2,6,51,96,1,'amxsab.system@gmail.com',CURRENT_TIMESTAMP,'amxsab.system@gmail.com',CURRENT_TIMESTAMP);
INSERT INTO VUELO (NUMERO_VUELO,ID_COMPANIA,ID_TIPO_CABINA,ID_ESTACION_ORIGEN,ID_ESTACION_DESTINO,STATUS,USUARIO_CREO,FECHA_CREO,USUARIO_MODIFICO,FECHA_MODIFICO) VALUES (132,2,6,96,51,1,'amxsab.system@gmail.com',CURRENT_TIMESTAMP,'amxsab.system@gmail.com',CURRENT_TIMESTAMP);
INSERT INTO VUELO (NUMERO_VUELO,ID_COMPANIA,ID_TIPO_CABINA,ID_ESTACION_ORIGEN,ID_ESTACION_DESTINO,STATUS,USUARIO_CREO,FECHA_CREO,USUARIO_MODIFICO,FECHA_MODIFICO) VALUES (133,2,6,51,96,1,'amxsab.system@gmail.com',CURRENT_TIMESTAMP,'amxsab.system@gmail.com',CURRENT_TIMESTAMP);
INSERT INTO VUELO (NUMERO_VUELO,ID_COMPANIA,ID_TIPO_CABINA,ID_ESTACION_ORIGEN,ID_ESTACION_DESTINO,STATUS,USUARIO_CREO,FECHA_CREO,USUARIO_MODIFICO,FECHA_MODIFICO) VALUES (134,2,6,96,51,1,'amxsab.system@gmail.com',CURRENT_TIMESTAMP,'amxsab.system@gmail.com',CURRENT_TIMESTAMP);
INSERT INTO VUELO (NUMERO_VUELO,ID_COMPANIA,ID_TIPO_CABINA,ID_ESTACION_ORIGEN,ID_ESTACION_DESTINO,STATUS,USUARIO_CREO,FECHA_CREO,USUARIO_MODIFICO,FECHA_MODIFICO) VALUES (135,2,6,51,96,1,'amxsab.system@gmail.com',CURRENT_TIMESTAMP,'amxsab.system@gmail.com',CURRENT_TIMESTAMP);
INSERT INTO VUELO (NUMERO_VUELO,ID_COMPANIA,ID_TIPO_CABINA,ID_ESTACION_ORIGEN,ID_ESTACION_DESTINO,STATUS,USUARIO_CREO,FECHA_CREO,USUARIO_MODIFICO,FECHA_MODIFICO) VALUES (138,2,6,96,79,1,'amxsab.system@gmail.com',CURRENT_TIMESTAMP,'amxsab.system@gmail.com',CURRENT_TIMESTAMP);
INSERT INTO VUELO (NUMERO_VUELO,ID_COMPANIA,ID_TIPO_CABINA,ID_ESTACION_ORIGEN,ID_ESTACION_DESTINO,STATUS,USUARIO_CREO,FECHA_CREO,USUARIO_MODIFICO,FECHA_MODIFICO) VALUES (139,2,6,79,96,1,'amxsab.system@gmail.com',CURRENT_TIMESTAMP,'amxsab.system@gmail.com',CURRENT_TIMESTAMP);
INSERT INTO VUELO (NUMERO_VUELO,ID_COMPANIA,ID_TIPO_CABINA,ID_ESTACION_ORIGEN,ID_ESTACION_DESTINO,STATUS,USUARIO_CREO,FECHA_CREO,USUARIO_MODIFICO,FECHA_MODIFICO) VALUES (140,2,6,96,79,1,'amxsab.system@gmail.com',CURRENT_TIMESTAMP,'amxsab.system@gmail.com',CURRENT_TIMESTAMP);
INSERT INTO VUELO (NUMERO_VUELO,ID_COMPANIA,ID_TIPO_CABINA,ID_ESTACION_ORIGEN,ID_ESTACION_DESTINO,STATUS,USUARIO_CREO,FECHA_CREO,USUARIO_MODIFICO,FECHA_MODIFICO) VALUES (141,2,6,79,96,1,'amxsab.system@gmail.com',CURRENT_TIMESTAMP,'amxsab.system@gmail.com',CURRENT_TIMESTAMP);
INSERT INTO VUELO (NUMERO_VUELO,ID_COMPANIA,ID_TIPO_CABINA,ID_ESTACION_ORIGEN,ID_ESTACION_DESTINO,STATUS,USUARIO_CREO,FECHA_CREO,USUARIO_MODIFICO,FECHA_MODIFICO) VALUES (142,2,6,96,79,1,'amxsab.system@gmail.com',CURRENT_TIMESTAMP,'amxsab.system@gmail.com',CURRENT_TIMESTAMP);
INSERT INTO VUELO (NUMERO_VUELO,ID_COMPANIA,ID_TIPO_CABINA,ID_ESTACION_ORIGEN,ID_ESTACION_DESTINO,STATUS,USUARIO_CREO,FECHA_CREO,USUARIO_MODIFICO,FECHA_MODIFICO) VALUES (145,2,6,79,96,1,'amxsab.system@gmail.com',CURRENT_TIMESTAMP,'amxsab.system@gmail.com',CURRENT_TIMESTAMP);
INSERT INTO VUELO (NUMERO_VUELO,ID_COMPANIA,ID_TIPO_CABINA,ID_ESTACION_ORIGEN,ID_ESTACION_DESTINO,STATUS,USUARIO_CREO,FECHA_CREO,USUARIO_MODIFICO,FECHA_MODIFICO) VALUES (146,2,6,96,79,1,'amxsab.system@gmail.com',CURRENT_TIMESTAMP,'amxsab.system@gmail.com',CURRENT_TIMESTAMP);
INSERT INTO VUELO (NUMERO_VUELO,ID_COMPANIA,ID_TIPO_CABINA,ID_ESTACION_ORIGEN,ID_ESTACION_DESTINO,STATUS,USUARIO_CREO,FECHA_CREO,USUARIO_MODIFICO,FECHA_MODIFICO) VALUES (147,2,6,79,96,1,'amxsab.system@gmail.com',CURRENT_TIMESTAMP,'amxsab.system@gmail.com',CURRENT_TIMESTAMP);
INSERT INTO VUELO (NUMERO_VUELO,ID_COMPANIA,ID_TIPO_CABINA,ID_ESTACION_ORIGEN,ID_ESTACION_DESTINO,STATUS,USUARIO_CREO,FECHA_CREO,USUARIO_MODIFICO,FECHA_MODIFICO) VALUES (148,2,6,96,79,1,'amxsab.system@gmail.com',CURRENT_TIMESTAMP,'amxsab.system@gmail.com',CURRENT_TIMESTAMP);
INSERT INTO VUELO (NUMERO_VUELO,ID_COMPANIA,ID_TIPO_CABINA,ID_ESTACION_ORIGEN,ID_ESTACION_DESTINO,STATUS,USUARIO_CREO,FECHA_CREO,USUARIO_MODIFICO,FECHA_MODIFICO) VALUES (149,2,6,79,96,1,'amxsab.system@gmail.com',CURRENT_TIMESTAMP,'amxsab.system@gmail.com',CURRENT_TIMESTAMP);
INSERT INTO VUELO (NUMERO_VUELO,ID_COMPANIA,ID_TIPO_CABINA,ID_ESTACION_ORIGEN,ID_ESTACION_DESTINO,STATUS,USUARIO_CREO,FECHA_CREO,USUARIO_MODIFICO,FECHA_MODIFICO) VALUES (152,2,6,96,51,1,'amxsab.system@gmail.com',CURRENT_TIMESTAMP,'amxsab.system@gmail.com',CURRENT_TIMESTAMP);
INSERT INTO VUELO (NUMERO_VUELO,ID_COMPANIA,ID_TIPO_CABINA,ID_ESTACION_ORIGEN,ID_ESTACION_DESTINO,STATUS,USUARIO_CREO,FECHA_CREO,USUARIO_MODIFICO,FECHA_MODIFICO) VALUES (153,2,6,51,96,1,'amxsab.system@gmail.com',CURRENT_TIMESTAMP,'amxsab.system@gmail.com',CURRENT_TIMESTAMP);
INSERT INTO VUELO (NUMERO_VUELO,ID_COMPANIA,ID_TIPO_CABINA,ID_ESTACION_ORIGEN,ID_ESTACION_DESTINO,STATUS,USUARIO_CREO,FECHA_CREO,USUARIO_MODIFICO,FECHA_MODIFICO) VALUES (154,2,6,96,51,1,'amxsab.system@gmail.com',CURRENT_TIMESTAMP,'amxsab.system@gmail.com',CURRENT_TIMESTAMP);
INSERT INTO VUELO (NUMERO_VUELO,ID_COMPANIA,ID_TIPO_CABINA,ID_ESTACION_ORIGEN,ID_ESTACION_DESTINO,STATUS,USUARIO_CREO,FECHA_CREO,USUARIO_MODIFICO,FECHA_MODIFICO) VALUES (155,2,6,51,96,1,'amxsab.system@gmail.com',CURRENT_TIMESTAMP,'amxsab.system@gmail.com',CURRENT_TIMESTAMP);
INSERT INTO VUELO (NUMERO_VUELO,ID_COMPANIA,ID_TIPO_CABINA,ID_ESTACION_ORIGEN,ID_ESTACION_DESTINO,STATUS,USUARIO_CREO,FECHA_CREO,USUARIO_MODIFICO,FECHA_MODIFICO) VALUES (156,2,6,96,64,1,'amxsab.system@gmail.com',CURRENT_TIMESTAMP,'amxsab.system@gmail.com',CURRENT_TIMESTAMP);
INSERT INTO VUELO (NUMERO_VUELO,ID_COMPANIA,ID_TIPO_CABINA,ID_ESTACION_ORIGEN,ID_ESTACION_DESTINO,STATUS,USUARIO_CREO,FECHA_CREO,USUARIO_MODIFICO,FECHA_MODIFICO) VALUES (162,2,6,96,59,1,'amxsab.system@gmail.com',CURRENT_TIMESTAMP,'amxsab.system@gmail.com',CURRENT_TIMESTAMP);
INSERT INTO VUELO (NUMERO_VUELO,ID_COMPANIA,ID_TIPO_CABINA,ID_ESTACION_ORIGEN,ID_ESTACION_DESTINO,STATUS,USUARIO_CREO,FECHA_CREO,USUARIO_MODIFICO,FECHA_MODIFICO) VALUES (164,2,6,96,51,1,'amxsab.system@gmail.com',CURRENT_TIMESTAMP,'amxsab.system@gmail.com',CURRENT_TIMESTAMP);
INSERT INTO VUELO (NUMERO_VUELO,ID_COMPANIA,ID_TIPO_CABINA,ID_ESTACION_ORIGEN,ID_ESTACION_DESTINO,STATUS,USUARIO_CREO,FECHA_CREO,USUARIO_MODIFICO,FECHA_MODIFICO) VALUES (165,2,6,51,96,1,'amxsab.system@gmail.com',CURRENT_TIMESTAMP,'amxsab.system@gmail.com',CURRENT_TIMESTAMP);
INSERT INTO VUELO (NUMERO_VUELO,ID_COMPANIA,ID_TIPO_CABINA,ID_ESTACION_ORIGEN,ID_ESTACION_DESTINO,STATUS,USUARIO_CREO,FECHA_CREO,USUARIO_MODIFICO,FECHA_MODIFICO) VALUES (166,2,6,96,59,1,'amxsab.system@gmail.com',CURRENT_TIMESTAMP,'amxsab.system@gmail.com',CURRENT_TIMESTAMP);
INSERT INTO VUELO (NUMERO_VUELO,ID_COMPANIA,ID_TIPO_CABINA,ID_ESTACION_ORIGEN,ID_ESTACION_DESTINO,STATUS,USUARIO_CREO,FECHA_CREO,USUARIO_MODIFICO,FECHA_MODIFICO) VALUES (167,2,6,59,96,1,'amxsab.system@gmail.com',CURRENT_TIMESTAMP,'amxsab.system@gmail.com',CURRENT_TIMESTAMP);
INSERT INTO VUELO (NUMERO_VUELO,ID_COMPANIA,ID_TIPO_CABINA,ID_ESTACION_ORIGEN,ID_ESTACION_DESTINO,STATUS,USUARIO_CREO,FECHA_CREO,USUARIO_MODIFICO,FECHA_MODIFICO) VALUES (168,2,6,96,59,1,'amxsab.system@gmail.com',CURRENT_TIMESTAMP,'amxsab.system@gmail.com',CURRENT_TIMESTAMP);
INSERT INTO VUELO (NUMERO_VUELO,ID_COMPANIA,ID_TIPO_CABINA,ID_ESTACION_ORIGEN,ID_ESTACION_DESTINO,STATUS,USUARIO_CREO,FECHA_CREO,USUARIO_MODIFICO,FECHA_MODIFICO) VALUES (169,2,6,59,96,1,'amxsab.system@gmail.com',CURRENT_TIMESTAMP,'amxsab.system@gmail.com',CURRENT_TIMESTAMP);
INSERT INTO VUELO (NUMERO_VUELO,ID_COMPANIA,ID_TIPO_CABINA,ID_ESTACION_ORIGEN,ID_ESTACION_DESTINO,STATUS,USUARIO_CREO,FECHA_CREO,USUARIO_MODIFICO,FECHA_MODIFICO) VALUES (182,2,6,64,74,1,'amxsab.system@gmail.com',CURRENT_TIMESTAMP,'amxsab.system@gmail.com',CURRENT_TIMESTAMP);
INSERT INTO VUELO (NUMERO_VUELO,ID_COMPANIA,ID_TIPO_CABINA,ID_ESTACION_ORIGEN,ID_ESTACION_DESTINO,STATUS,USUARIO_CREO,FECHA_CREO,USUARIO_MODIFICO,FECHA_MODIFICO) VALUES (183,2,6,74,64,1,'amxsab.system@gmail.com',CURRENT_TIMESTAMP,'amxsab.system@gmail.com',CURRENT_TIMESTAMP);
INSERT INTO VUELO (NUMERO_VUELO,ID_COMPANIA,ID_TIPO_CABINA,ID_ESTACION_ORIGEN,ID_ESTACION_DESTINO,STATUS,USUARIO_CREO,FECHA_CREO,USUARIO_MODIFICO,FECHA_MODIFICO) VALUES (186,2,6,96,64,1,'amxsab.system@gmail.com',CURRENT_TIMESTAMP,'amxsab.system@gmail.com',CURRENT_TIMESTAMP);
INSERT INTO VUELO (NUMERO_VUELO,ID_COMPANIA,ID_TIPO_CABINA,ID_ESTACION_ORIGEN,ID_ESTACION_DESTINO,STATUS,USUARIO_CREO,FECHA_CREO,USUARIO_MODIFICO,FECHA_MODIFICO) VALUES (192,2,6,96,79,1,'amxsab.system@gmail.com',CURRENT_TIMESTAMP,'amxsab.system@gmail.com',CURRENT_TIMESTAMP);
INSERT INTO VUELO (NUMERO_VUELO,ID_COMPANIA,ID_TIPO_CABINA,ID_ESTACION_ORIGEN,ID_ESTACION_DESTINO,STATUS,USUARIO_CREO,FECHA_CREO,USUARIO_MODIFICO,FECHA_MODIFICO) VALUES (200,2,6,96,42,1,'amxsab.system@gmail.com',CURRENT_TIMESTAMP,'amxsab.system@gmail.com',CURRENT_TIMESTAMP);
INSERT INTO VUELO (NUMERO_VUELO,ID_COMPANIA,ID_TIPO_CABINA,ID_ESTACION_ORIGEN,ID_ESTACION_DESTINO,STATUS,USUARIO_CREO,FECHA_CREO,USUARIO_MODIFICO,FECHA_MODIFICO) VALUES (201,2,6,42,96,1,'amxsab.system@gmail.com',CURRENT_TIMESTAMP,'amxsab.system@gmail.com',CURRENT_TIMESTAMP);
INSERT INTO VUELO (NUMERO_VUELO,ID_COMPANIA,ID_TIPO_CABINA,ID_ESTACION_ORIGEN,ID_ESTACION_DESTINO,STATUS,USUARIO_CREO,FECHA_CREO,USUARIO_MODIFICO,FECHA_MODIFICO) VALUES (202,2,6,96,42,1,'amxsab.system@gmail.com',CURRENT_TIMESTAMP,'amxsab.system@gmail.com',CURRENT_TIMESTAMP);
INSERT INTO VUELO (NUMERO_VUELO,ID_COMPANIA,ID_TIPO_CABINA,ID_ESTACION_ORIGEN,ID_ESTACION_DESTINO,STATUS,USUARIO_CREO,FECHA_CREO,USUARIO_MODIFICO,FECHA_MODIFICO) VALUES (203,2,6,42,96,1,'amxsab.system@gmail.com',CURRENT_TIMESTAMP,'amxsab.system@gmail.com',CURRENT_TIMESTAMP);
INSERT INTO VUELO (NUMERO_VUELO,ID_COMPANIA,ID_TIPO_CABINA,ID_ESTACION_ORIGEN,ID_ESTACION_DESTINO,STATUS,USUARIO_CREO,FECHA_CREO,USUARIO_MODIFICO,FECHA_MODIFICO) VALUES (205,2,6,42,96,1,'amxsab.system@gmail.com',CURRENT_TIMESTAMP,'amxsab.system@gmail.com',CURRENT_TIMESTAMP);
INSERT INTO VUELO (NUMERO_VUELO,ID_COMPANIA,ID_TIPO_CABINA,ID_ESTACION_ORIGEN,ID_ESTACION_DESTINO,STATUS,USUARIO_CREO,FECHA_CREO,USUARIO_MODIFICO,FECHA_MODIFICO) VALUES (206,2,6,96,42,1,'amxsab.system@gmail.com',CURRENT_TIMESTAMP,'amxsab.system@gmail.com',CURRENT_TIMESTAMP);
INSERT INTO VUELO (NUMERO_VUELO,ID_COMPANIA,ID_TIPO_CABINA,ID_ESTACION_ORIGEN,ID_ESTACION_DESTINO,STATUS,USUARIO_CREO,FECHA_CREO,USUARIO_MODIFICO,FECHA_MODIFICO) VALUES (207,2,6,42,96,1,'amxsab.system@gmail.com',CURRENT_TIMESTAMP,'amxsab.system@gmail.com',CURRENT_TIMESTAMP);
INSERT INTO VUELO (NUMERO_VUELO,ID_COMPANIA,ID_TIPO_CABINA,ID_ESTACION_ORIGEN,ID_ESTACION_DESTINO,STATUS,USUARIO_CREO,FECHA_CREO,USUARIO_MODIFICO,FECHA_MODIFICO) VALUES (208,2,6,96,42,1,'amxsab.system@gmail.com',CURRENT_TIMESTAMP,'amxsab.system@gmail.com',CURRENT_TIMESTAMP);
INSERT INTO VUELO (NUMERO_VUELO,ID_COMPANIA,ID_TIPO_CABINA,ID_ESTACION_ORIGEN,ID_ESTACION_DESTINO,STATUS,USUARIO_CREO,FECHA_CREO,USUARIO_MODIFICO,FECHA_MODIFICO) VALUES (210,2,6,96,61,1,'amxsab.system@gmail.com',CURRENT_TIMESTAMP,'amxsab.system@gmail.com',CURRENT_TIMESTAMP);
INSERT INTO VUELO (NUMERO_VUELO,ID_COMPANIA,ID_TIPO_CABINA,ID_ESTACION_ORIGEN,ID_ESTACION_DESTINO,STATUS,USUARIO_CREO,FECHA_CREO,USUARIO_MODIFICO,FECHA_MODIFICO) VALUES (211,2,6,61,96,1,'amxsab.system@gmail.com',CURRENT_TIMESTAMP,'amxsab.system@gmail.com',CURRENT_TIMESTAMP);
INSERT INTO VUELO (NUMERO_VUELO,ID_COMPANIA,ID_TIPO_CABINA,ID_ESTACION_ORIGEN,ID_ESTACION_DESTINO,STATUS,USUARIO_CREO,FECHA_CREO,USUARIO_MODIFICO,FECHA_MODIFICO) VALUES (212,2,6,96,61,1,'amxsab.system@gmail.com',CURRENT_TIMESTAMP,'amxsab.system@gmail.com',CURRENT_TIMESTAMP);
INSERT INTO VUELO (NUMERO_VUELO,ID_COMPANIA,ID_TIPO_CABINA,ID_ESTACION_ORIGEN,ID_ESTACION_DESTINO,STATUS,USUARIO_CREO,FECHA_CREO,USUARIO_MODIFICO,FECHA_MODIFICO) VALUES (213,2,6,61,96,1,'amxsab.system@gmail.com',CURRENT_TIMESTAMP,'amxsab.system@gmail.com',CURRENT_TIMESTAMP);
INSERT INTO VUELO (NUMERO_VUELO,ID_COMPANIA,ID_TIPO_CABINA,ID_ESTACION_ORIGEN,ID_ESTACION_DESTINO,STATUS,USUARIO_CREO,FECHA_CREO,USUARIO_MODIFICO,FECHA_MODIFICO) VALUES (214,2,6,96,64,1,'amxsab.system@gmail.com',CURRENT_TIMESTAMP,'amxsab.system@gmail.com',CURRENT_TIMESTAMP);
INSERT INTO VUELO (NUMERO_VUELO,ID_COMPANIA,ID_TIPO_CABINA,ID_ESTACION_ORIGEN,ID_ESTACION_DESTINO,STATUS,USUARIO_CREO,FECHA_CREO,USUARIO_MODIFICO,FECHA_MODIFICO) VALUES (216,2,6,96,61,1,'amxsab.system@gmail.com',CURRENT_TIMESTAMP,'amxsab.system@gmail.com',CURRENT_TIMESTAMP);
INSERT INTO VUELO (NUMERO_VUELO,ID_COMPANIA,ID_TIPO_CABINA,ID_ESTACION_ORIGEN,ID_ESTACION_DESTINO,STATUS,USUARIO_CREO,FECHA_CREO,USUARIO_MODIFICO,FECHA_MODIFICO) VALUES (217,2,6,61,96,1,'amxsab.system@gmail.com',CURRENT_TIMESTAMP,'amxsab.system@gmail.com',CURRENT_TIMESTAMP);
INSERT INTO VUELO (NUMERO_VUELO,ID_COMPANIA,ID_TIPO_CABINA,ID_ESTACION_ORIGEN,ID_ESTACION_DESTINO,STATUS,USUARIO_CREO,FECHA_CREO,USUARIO_MODIFICO,FECHA_MODIFICO) VALUES (221,2,6,56,96,1,'amxsab.system@gmail.com',CURRENT_TIMESTAMP,'amxsab.system@gmail.com',CURRENT_TIMESTAMP);
INSERT INTO VUELO (NUMERO_VUELO,ID_COMPANIA,ID_TIPO_CABINA,ID_ESTACION_ORIGEN,ID_ESTACION_DESTINO,STATUS,USUARIO_CREO,FECHA_CREO,USUARIO_MODIFICO,FECHA_MODIFICO) VALUES (222,2,6,96,61,1,'amxsab.system@gmail.com',CURRENT_TIMESTAMP,'amxsab.system@gmail.com',CURRENT_TIMESTAMP);
INSERT INTO VUELO (NUMERO_VUELO,ID_COMPANIA,ID_TIPO_CABINA,ID_ESTACION_ORIGEN,ID_ESTACION_DESTINO,STATUS,USUARIO_CREO,FECHA_CREO,USUARIO_MODIFICO,FECHA_MODIFICO) VALUES (223,2,6,61,96,1,'amxsab.system@gmail.com',CURRENT_TIMESTAMP,'amxsab.system@gmail.com',CURRENT_TIMESTAMP);
INSERT INTO VUELO (NUMERO_VUELO,ID_COMPANIA,ID_TIPO_CABINA,ID_ESTACION_ORIGEN,ID_ESTACION_DESTINO,STATUS,USUARIO_CREO,FECHA_CREO,USUARIO_MODIFICO,FECHA_MODIFICO) VALUES (224,2,6,96,64,1,'amxsab.system@gmail.com',CURRENT_TIMESTAMP,'amxsab.system@gmail.com',CURRENT_TIMESTAMP);
INSERT INTO VUELO (NUMERO_VUELO,ID_COMPANIA,ID_TIPO_CABINA,ID_ESTACION_ORIGEN,ID_ESTACION_DESTINO,STATUS,USUARIO_CREO,FECHA_CREO,USUARIO_MODIFICO,FECHA_MODIFICO) VALUES (226,2,6,96,56,1,'amxsab.system@gmail.com',CURRENT_TIMESTAMP,'amxsab.system@gmail.com',CURRENT_TIMESTAMP);
INSERT INTO VUELO (NUMERO_VUELO,ID_COMPANIA,ID_TIPO_CABINA,ID_ESTACION_ORIGEN,ID_ESTACION_DESTINO,STATUS,USUARIO_CREO,FECHA_CREO,USUARIO_MODIFICO,FECHA_MODIFICO) VALUES (227,2,6,56,96,1,'amxsab.system@gmail.com',CURRENT_TIMESTAMP,'amxsab.system@gmail.com',CURRENT_TIMESTAMP);
INSERT INTO VUELO (NUMERO_VUELO,ID_COMPANIA,ID_TIPO_CABINA,ID_ESTACION_ORIGEN,ID_ESTACION_DESTINO,STATUS,USUARIO_CREO,FECHA_CREO,USUARIO_MODIFICO,FECHA_MODIFICO) VALUES (228,2,6,96,64,1,'amxsab.system@gmail.com',CURRENT_TIMESTAMP,'amxsab.system@gmail.com',CURRENT_TIMESTAMP);
INSERT INTO VUELO (NUMERO_VUELO,ID_COMPANIA,ID_TIPO_CABINA,ID_ESTACION_ORIGEN,ID_ESTACION_DESTINO,STATUS,USUARIO_CREO,FECHA_CREO,USUARIO_MODIFICO,FECHA_MODIFICO) VALUES (229,2,6,64,96,1,'amxsab.system@gmail.com',CURRENT_TIMESTAMP,'amxsab.system@gmail.com',CURRENT_TIMESTAMP);
INSERT INTO VUELO (NUMERO_VUELO,ID_COMPANIA,ID_TIPO_CABINA,ID_ESTACION_ORIGEN,ID_ESTACION_DESTINO,STATUS,USUARIO_CREO,FECHA_CREO,USUARIO_MODIFICO,FECHA_MODIFICO) VALUES (230,2,6,96,42,1,'amxsab.system@gmail.com',CURRENT_TIMESTAMP,'amxsab.system@gmail.com',CURRENT_TIMESTAMP);
INSERT INTO VUELO (NUMERO_VUELO,ID_COMPANIA,ID_TIPO_CABINA,ID_ESTACION_ORIGEN,ID_ESTACION_DESTINO,STATUS,USUARIO_CREO,FECHA_CREO,USUARIO_MODIFICO,FECHA_MODIFICO) VALUES (231,2,6,42,96,1,'amxsab.system@gmail.com',CURRENT_TIMESTAMP,'amxsab.system@gmail.com',CURRENT_TIMESTAMP);
INSERT INTO VUELO (NUMERO_VUELO,ID_COMPANIA,ID_TIPO_CABINA,ID_ESTACION_ORIGEN,ID_ESTACION_DESTINO,STATUS,USUARIO_CREO,FECHA_CREO,USUARIO_MODIFICO,FECHA_MODIFICO) VALUES (240,2,6,96,75,1,'amxsab.system@gmail.com',CURRENT_TIMESTAMP,'amxsab.system@gmail.com',CURRENT_TIMESTAMP);
INSERT INTO VUELO (NUMERO_VUELO,ID_COMPANIA,ID_TIPO_CABINA,ID_ESTACION_ORIGEN,ID_ESTACION_DESTINO,STATUS,USUARIO_CREO,FECHA_CREO,USUARIO_MODIFICO,FECHA_MODIFICO) VALUES (241,2,6,75,96,1,'amxsab.system@gmail.com',CURRENT_TIMESTAMP,'amxsab.system@gmail.com',CURRENT_TIMESTAMP);
INSERT INTO VUELO (NUMERO_VUELO,ID_COMPANIA,ID_TIPO_CABINA,ID_ESTACION_ORIGEN,ID_ESTACION_DESTINO,STATUS,USUARIO_CREO,FECHA_CREO,USUARIO_MODIFICO,FECHA_MODIFICO) VALUES (242,2,6,96,75,1,'amxsab.system@gmail.com',CURRENT_TIMESTAMP,'amxsab.system@gmail.com',CURRENT_TIMESTAMP);
INSERT INTO VUELO (NUMERO_VUELO,ID_COMPANIA,ID_TIPO_CABINA,ID_ESTACION_ORIGEN,ID_ESTACION_DESTINO,STATUS,USUARIO_CREO,FECHA_CREO,USUARIO_MODIFICO,FECHA_MODIFICO) VALUES (243,2,6,75,96,1,'amxsab.system@gmail.com',CURRENT_TIMESTAMP,'amxsab.system@gmail.com',CURRENT_TIMESTAMP);
INSERT INTO VUELO (NUMERO_VUELO,ID_COMPANIA,ID_TIPO_CABINA,ID_ESTACION_ORIGEN,ID_ESTACION_DESTINO,STATUS,USUARIO_CREO,FECHA_CREO,USUARIO_MODIFICO,FECHA_MODIFICO) VALUES (244,2,6,96,75,1,'amxsab.system@gmail.com',CURRENT_TIMESTAMP,'amxsab.system@gmail.com',CURRENT_TIMESTAMP);
INSERT INTO VUELO (NUMERO_VUELO,ID_COMPANIA,ID_TIPO_CABINA,ID_ESTACION_ORIGEN,ID_ESTACION_DESTINO,STATUS,USUARIO_CREO,FECHA_CREO,USUARIO_MODIFICO,FECHA_MODIFICO) VALUES (245,2,6,75,96,1,'amxsab.system@gmail.com',CURRENT_TIMESTAMP,'amxsab.system@gmail.com',CURRENT_TIMESTAMP);
INSERT INTO VUELO (NUMERO_VUELO,ID_COMPANIA,ID_TIPO_CABINA,ID_ESTACION_ORIGEN,ID_ESTACION_DESTINO,STATUS,USUARIO_CREO,FECHA_CREO,USUARIO_MODIFICO,FECHA_MODIFICO) VALUES (246,2,6,96,84,1,'amxsab.system@gmail.com',CURRENT_TIMESTAMP,'amxsab.system@gmail.com',CURRENT_TIMESTAMP);
INSERT INTO VUELO (NUMERO_VUELO,ID_COMPANIA,ID_TIPO_CABINA,ID_ESTACION_ORIGEN,ID_ESTACION_DESTINO,STATUS,USUARIO_CREO,FECHA_CREO,USUARIO_MODIFICO,FECHA_MODIFICO) VALUES (247,2,6,84,96,1,'amxsab.system@gmail.com',CURRENT_TIMESTAMP,'amxsab.system@gmail.com',CURRENT_TIMESTAMP);
INSERT INTO VUELO (NUMERO_VUELO,ID_COMPANIA,ID_TIPO_CABINA,ID_ESTACION_ORIGEN,ID_ESTACION_DESTINO,STATUS,USUARIO_CREO,FECHA_CREO,USUARIO_MODIFICO,FECHA_MODIFICO) VALUES (251,2,6,64,96,1,'amxsab.system@gmail.com',CURRENT_TIMESTAMP,'amxsab.system@gmail.com',CURRENT_TIMESTAMP);
INSERT INTO VUELO (NUMERO_VUELO,ID_COMPANIA,ID_TIPO_CABINA,ID_ESTACION_ORIGEN,ID_ESTACION_DESTINO,STATUS,USUARIO_CREO,FECHA_CREO,USUARIO_MODIFICO,FECHA_MODIFICO) VALUES (252,2,6,96,64,1,'amxsab.system@gmail.com',CURRENT_TIMESTAMP,'amxsab.system@gmail.com',CURRENT_TIMESTAMP);
INSERT INTO VUELO (NUMERO_VUELO,ID_COMPANIA,ID_TIPO_CABINA,ID_ESTACION_ORIGEN,ID_ESTACION_DESTINO,STATUS,USUARIO_CREO,FECHA_CREO,USUARIO_MODIFICO,FECHA_MODIFICO) VALUES (253,2,6,64,96,1,'amxsab.system@gmail.com',CURRENT_TIMESTAMP,'amxsab.system@gmail.com',CURRENT_TIMESTAMP);
INSERT INTO VUELO (NUMERO_VUELO,ID_COMPANIA,ID_TIPO_CABINA,ID_ESTACION_ORIGEN,ID_ESTACION_DESTINO,STATUS,USUARIO_CREO,FECHA_CREO,USUARIO_MODIFICO,FECHA_MODIFICO) VALUES (255,2,6,57,96,1,'amxsab.system@gmail.com',CURRENT_TIMESTAMP,'amxsab.system@gmail.com',CURRENT_TIMESTAMP);
INSERT INTO VUELO (NUMERO_VUELO,ID_COMPANIA,ID_TIPO_CABINA,ID_ESTACION_ORIGEN,ID_ESTACION_DESTINO,STATUS,USUARIO_CREO,FECHA_CREO,USUARIO_MODIFICO,FECHA_MODIFICO) VALUES (256,2,6,96,57,1,'amxsab.system@gmail.com',CURRENT_TIMESTAMP,'amxsab.system@gmail.com',CURRENT_TIMESTAMP);
INSERT INTO VUELO (NUMERO_VUELO,ID_COMPANIA,ID_TIPO_CABINA,ID_ESTACION_ORIGEN,ID_ESTACION_DESTINO,STATUS,USUARIO_CREO,FECHA_CREO,USUARIO_MODIFICO,FECHA_MODIFICO) VALUES (258,2,6,96,56,1,'amxsab.system@gmail.com',CURRENT_TIMESTAMP,'amxsab.system@gmail.com',CURRENT_TIMESTAMP);
INSERT INTO VUELO (NUMERO_VUELO,ID_COMPANIA,ID_TIPO_CABINA,ID_ESTACION_ORIGEN,ID_ESTACION_DESTINO,STATUS,USUARIO_CREO,FECHA_CREO,USUARIO_MODIFICO,FECHA_MODIFICO) VALUES (262,2,6,96,81,1,'amxsab.system@gmail.com',CURRENT_TIMESTAMP,'amxsab.system@gmail.com',CURRENT_TIMESTAMP);
INSERT INTO VUELO (NUMERO_VUELO,ID_COMPANIA,ID_TIPO_CABINA,ID_ESTACION_ORIGEN,ID_ESTACION_DESTINO,STATUS,USUARIO_CREO,FECHA_CREO,USUARIO_MODIFICO,FECHA_MODIFICO) VALUES (263,2,6,81,96,1,'amxsab.system@gmail.com',CURRENT_TIMESTAMP,'amxsab.system@gmail.com',CURRENT_TIMESTAMP);
INSERT INTO VUELO (NUMERO_VUELO,ID_COMPANIA,ID_TIPO_CABINA,ID_ESTACION_ORIGEN,ID_ESTACION_DESTINO,STATUS,USUARIO_CREO,FECHA_CREO,USUARIO_MODIFICO,FECHA_MODIFICO) VALUES (267,2,6,96,92,1,'amxsab.system@gmail.com',CURRENT_TIMESTAMP,'amxsab.system@gmail.com',CURRENT_TIMESTAMP);
INSERT INTO VUELO (NUMERO_VUELO,ID_COMPANIA,ID_TIPO_CABINA,ID_ESTACION_ORIGEN,ID_ESTACION_DESTINO,STATUS,USUARIO_CREO,FECHA_CREO,USUARIO_MODIFICO,FECHA_MODIFICO) VALUES (268,2,6,96,84,1,'amxsab.system@gmail.com',CURRENT_TIMESTAMP,'amxsab.system@gmail.com',CURRENT_TIMESTAMP);
INSERT INTO VUELO (NUMERO_VUELO,ID_COMPANIA,ID_TIPO_CABINA,ID_ESTACION_ORIGEN,ID_ESTACION_DESTINO,STATUS,USUARIO_CREO,FECHA_CREO,USUARIO_MODIFICO,FECHA_MODIFICO) VALUES (269,2,6,84,96,1,'amxsab.system@gmail.com',CURRENT_TIMESTAMP,'amxsab.system@gmail.com',CURRENT_TIMESTAMP);
INSERT INTO VUELO (NUMERO_VUELO,ID_COMPANIA,ID_TIPO_CABINA,ID_ESTACION_ORIGEN,ID_ESTACION_DESTINO,STATUS,USUARIO_CREO,FECHA_CREO,USUARIO_MODIFICO,FECHA_MODIFICO) VALUES (272,2,6,96,82,1,'amxsab.system@gmail.com',CURRENT_TIMESTAMP,'amxsab.system@gmail.com',CURRENT_TIMESTAMP);
INSERT INTO VUELO (NUMERO_VUELO,ID_COMPANIA,ID_TIPO_CABINA,ID_ESTACION_ORIGEN,ID_ESTACION_DESTINO,STATUS,USUARIO_CREO,FECHA_CREO,USUARIO_MODIFICO,FECHA_MODIFICO) VALUES (273,2,6,82,96,1,'amxsab.system@gmail.com',CURRENT_TIMESTAMP,'amxsab.system@gmail.com',CURRENT_TIMESTAMP);
INSERT INTO VUELO (NUMERO_VUELO,ID_COMPANIA,ID_TIPO_CABINA,ID_ESTACION_ORIGEN,ID_ESTACION_DESTINO,STATUS,USUARIO_CREO,FECHA_CREO,USUARIO_MODIFICO,FECHA_MODIFICO) VALUES (274,2,6,96,82,1,'amxsab.system@gmail.com',CURRENT_TIMESTAMP,'amxsab.system@gmail.com',CURRENT_TIMESTAMP);
INSERT INTO VUELO (NUMERO_VUELO,ID_COMPANIA,ID_TIPO_CABINA,ID_ESTACION_ORIGEN,ID_ESTACION_DESTINO,STATUS,USUARIO_CREO,FECHA_CREO,USUARIO_MODIFICO,FECHA_MODIFICO) VALUES (275,2,6,82,96,1,'amxsab.system@gmail.com',CURRENT_TIMESTAMP,'amxsab.system@gmail.com',CURRENT_TIMESTAMP);
INSERT INTO VUELO (NUMERO_VUELO,ID_COMPANIA,ID_TIPO_CABINA,ID_ESTACION_ORIGEN,ID_ESTACION_DESTINO,STATUS,USUARIO_CREO,FECHA_CREO,USUARIO_MODIFICO,FECHA_MODIFICO) VALUES (278,2,6,96,56,1,'amxsab.system@gmail.com',CURRENT_TIMESTAMP,'amxsab.system@gmail.com',CURRENT_TIMESTAMP);
INSERT INTO VUELO (NUMERO_VUELO,ID_COMPANIA,ID_TIPO_CABINA,ID_ESTACION_ORIGEN,ID_ESTACION_DESTINO,STATUS,USUARIO_CREO,FECHA_CREO,USUARIO_MODIFICO,FECHA_MODIFICO) VALUES (279,2,6,56,96,1,'amxsab.system@gmail.com',CURRENT_TIMESTAMP,'amxsab.system@gmail.com',CURRENT_TIMESTAMP);
INSERT INTO VUELO (NUMERO_VUELO,ID_COMPANIA,ID_TIPO_CABINA,ID_ESTACION_ORIGEN,ID_ESTACION_DESTINO,STATUS,USUARIO_CREO,FECHA_CREO,USUARIO_MODIFICO,FECHA_MODIFICO) VALUES (281,2,6,64,96,1,'amxsab.system@gmail.com',CURRENT_TIMESTAMP,'amxsab.system@gmail.com',CURRENT_TIMESTAMP);
INSERT INTO VUELO (NUMERO_VUELO,ID_COMPANIA,ID_TIPO_CABINA,ID_ESTACION_ORIGEN,ID_ESTACION_DESTINO,STATUS,USUARIO_CREO,FECHA_CREO,USUARIO_MODIFICO,FECHA_MODIFICO) VALUES (282,2,6,96,82,1,'amxsab.system@gmail.com',CURRENT_TIMESTAMP,'amxsab.system@gmail.com',CURRENT_TIMESTAMP);
INSERT INTO VUELO (NUMERO_VUELO,ID_COMPANIA,ID_TIPO_CABINA,ID_ESTACION_ORIGEN,ID_ESTACION_DESTINO,STATUS,USUARIO_CREO,FECHA_CREO,USUARIO_MODIFICO,FECHA_MODIFICO) VALUES (283,2,6,82,96,1,'amxsab.system@gmail.com',CURRENT_TIMESTAMP,'amxsab.system@gmail.com',CURRENT_TIMESTAMP);
INSERT INTO VUELO (NUMERO_VUELO,ID_COMPANIA,ID_TIPO_CABINA,ID_ESTACION_ORIGEN,ID_ESTACION_DESTINO,STATUS,USUARIO_CREO,FECHA_CREO,USUARIO_MODIFICO,FECHA_MODIFICO) VALUES (286,2,6,96,64,1,'amxsab.system@gmail.com',CURRENT_TIMESTAMP,'amxsab.system@gmail.com',CURRENT_TIMESTAMP);
INSERT INTO VUELO (NUMERO_VUELO,ID_COMPANIA,ID_TIPO_CABINA,ID_ESTACION_ORIGEN,ID_ESTACION_DESTINO,STATUS,USUARIO_CREO,FECHA_CREO,USUARIO_MODIFICO,FECHA_MODIFICO) VALUES (287,2,6,64,96,1,'amxsab.system@gmail.com',CURRENT_TIMESTAMP,'amxsab.system@gmail.com',CURRENT_TIMESTAMP);
INSERT INTO VUELO (NUMERO_VUELO,ID_COMPANIA,ID_TIPO_CABINA,ID_ESTACION_ORIGEN,ID_ESTACION_DESTINO,STATUS,USUARIO_CREO,FECHA_CREO,USUARIO_MODIFICO,FECHA_MODIFICO) VALUES (289,2,6,59,96,1,'amxsab.system@gmail.com',CURRENT_TIMESTAMP,'amxsab.system@gmail.com',CURRENT_TIMESTAMP);
INSERT INTO VUELO (NUMERO_VUELO,ID_COMPANIA,ID_TIPO_CABINA,ID_ESTACION_ORIGEN,ID_ESTACION_DESTINO,STATUS,USUARIO_CREO,FECHA_CREO,USUARIO_MODIFICO,FECHA_MODIFICO) VALUES (291,2,6,64,96,1,'amxsab.system@gmail.com',CURRENT_TIMESTAMP,'amxsab.system@gmail.com',CURRENT_TIMESTAMP);
INSERT INTO VUELO (NUMERO_VUELO,ID_COMPANIA,ID_TIPO_CABINA,ID_ESTACION_ORIGEN,ID_ESTACION_DESTINO,STATUS,USUARIO_CREO,FECHA_CREO,USUARIO_MODIFICO,FECHA_MODIFICO) VALUES (292,2,6,96,61,1,'amxsab.system@gmail.com',CURRENT_TIMESTAMP,'amxsab.system@gmail.com',CURRENT_TIMESTAMP);
INSERT INTO VUELO (NUMERO_VUELO,ID_COMPANIA,ID_TIPO_CABINA,ID_ESTACION_ORIGEN,ID_ESTACION_DESTINO,STATUS,USUARIO_CREO,FECHA_CREO,USUARIO_MODIFICO,FECHA_MODIFICO) VALUES (293,2,6,61,96,1,'amxsab.system@gmail.com',CURRENT_TIMESTAMP,'amxsab.system@gmail.com',CURRENT_TIMESTAMP);
INSERT INTO VUELO (NUMERO_VUELO,ID_COMPANIA,ID_TIPO_CABINA,ID_ESTACION_ORIGEN,ID_ESTACION_DESTINO,STATUS,USUARIO_CREO,FECHA_CREO,USUARIO_MODIFICO,FECHA_MODIFICO) VALUES (301,2,6,96,52,1,'amxsab.system@gmail.com',CURRENT_TIMESTAMP,'amxsab.system@gmail.com',CURRENT_TIMESTAMP);
INSERT INTO VUELO (NUMERO_VUELO,ID_COMPANIA,ID_TIPO_CABINA,ID_ESTACION_ORIGEN,ID_ESTACION_DESTINO,STATUS,USUARIO_CREO,FECHA_CREO,USUARIO_MODIFICO,FECHA_MODIFICO) VALUES (302,2,6,52,96,1,'amxsab.system@gmail.com',CURRENT_TIMESTAMP,'amxsab.system@gmail.com',CURRENT_TIMESTAMP);
INSERT INTO VUELO (NUMERO_VUELO,ID_COMPANIA,ID_TIPO_CABINA,ID_ESTACION_ORIGEN,ID_ESTACION_DESTINO,STATUS,USUARIO_CREO,FECHA_CREO,USUARIO_MODIFICO,FECHA_MODIFICO) VALUES (304,2,6,52,96,1,'amxsab.system@gmail.com',CURRENT_TIMESTAMP,'amxsab.system@gmail.com',CURRENT_TIMESTAMP);
INSERT INTO VUELO (NUMERO_VUELO,ID_COMPANIA,ID_TIPO_CABINA,ID_ESTACION_ORIGEN,ID_ESTACION_DESTINO,STATUS,USUARIO_CREO,FECHA_CREO,USUARIO_MODIFICO,FECHA_MODIFICO) VALUES (307,2,6,96,52,1,'amxsab.system@gmail.com',CURRENT_TIMESTAMP,'amxsab.system@gmail.com',CURRENT_TIMESTAMP);
INSERT INTO VUELO (NUMERO_VUELO,ID_COMPANIA,ID_TIPO_CABINA,ID_ESTACION_ORIGEN,ID_ESTACION_DESTINO,STATUS,USUARIO_CREO,FECHA_CREO,USUARIO_MODIFICO,FECHA_MODIFICO) VALUES (308,2,6,52,96,1,'amxsab.system@gmail.com',CURRENT_TIMESTAMP,'amxsab.system@gmail.com',CURRENT_TIMESTAMP);
INSERT INTO VUELO (NUMERO_VUELO,ID_COMPANIA,ID_TIPO_CABINA,ID_ESTACION_ORIGEN,ID_ESTACION_DESTINO,STATUS,USUARIO_CREO,FECHA_CREO,USUARIO_MODIFICO,FECHA_MODIFICO) VALUES (310,2,6,52,96,1,'amxsab.system@gmail.com',CURRENT_TIMESTAMP,'amxsab.system@gmail.com',CURRENT_TIMESTAMP);
INSERT INTO VUELO (NUMERO_VUELO,ID_COMPANIA,ID_TIPO_CABINA,ID_ESTACION_ORIGEN,ID_ESTACION_DESTINO,STATUS,USUARIO_CREO,FECHA_CREO,USUARIO_MODIFICO,FECHA_MODIFICO) VALUES (311,2,6,96,52,1,'amxsab.system@gmail.com',CURRENT_TIMESTAMP,'amxsab.system@gmail.com',CURRENT_TIMESTAMP);
INSERT INTO VUELO (NUMERO_VUELO,ID_COMPANIA,ID_TIPO_CABINA,ID_ESTACION_ORIGEN,ID_ESTACION_DESTINO,STATUS,USUARIO_CREO,FECHA_CREO,USUARIO_MODIFICO,FECHA_MODIFICO) VALUES (313,2,6,96,52,1,'amxsab.system@gmail.com',CURRENT_TIMESTAMP,'amxsab.system@gmail.com',CURRENT_TIMESTAMP);
INSERT INTO VUELO (NUMERO_VUELO,ID_COMPANIA,ID_TIPO_CABINA,ID_ESTACION_ORIGEN,ID_ESTACION_DESTINO,STATUS,USUARIO_CREO,FECHA_CREO,USUARIO_MODIFICO,FECHA_MODIFICO) VALUES (314,2,6,52,96,1,'amxsab.system@gmail.com',CURRENT_TIMESTAMP,'amxsab.system@gmail.com',CURRENT_TIMESTAMP);
INSERT INTO VUELO (NUMERO_VUELO,ID_COMPANIA,ID_TIPO_CABINA,ID_ESTACION_ORIGEN,ID_ESTACION_DESTINO,STATUS,USUARIO_CREO,FECHA_CREO,USUARIO_MODIFICO,FECHA_MODIFICO) VALUES (315,2,6,96,52,1,'amxsab.system@gmail.com',CURRENT_TIMESTAMP,'amxsab.system@gmail.com',CURRENT_TIMESTAMP);
INSERT INTO VUELO (NUMERO_VUELO,ID_COMPANIA,ID_TIPO_CABINA,ID_ESTACION_ORIGEN,ID_ESTACION_DESTINO,STATUS,USUARIO_CREO,FECHA_CREO,USUARIO_MODIFICO,FECHA_MODIFICO) VALUES (319,2,6,96,52,1,'amxsab.system@gmail.com',CURRENT_TIMESTAMP,'amxsab.system@gmail.com',CURRENT_TIMESTAMP);
INSERT INTO VUELO (NUMERO_VUELO,ID_COMPANIA,ID_TIPO_CABINA,ID_ESTACION_ORIGEN,ID_ESTACION_DESTINO,STATUS,USUARIO_CREO,FECHA_CREO,USUARIO_MODIFICO,FECHA_MODIFICO) VALUES (320,2,6,52,96,1,'amxsab.system@gmail.com',CURRENT_TIMESTAMP,'amxsab.system@gmail.com',CURRENT_TIMESTAMP);
INSERT INTO VUELO (NUMERO_VUELO,ID_COMPANIA,ID_TIPO_CABINA,ID_ESTACION_ORIGEN,ID_ESTACION_DESTINO,STATUS,USUARIO_CREO,FECHA_CREO,USUARIO_MODIFICO,FECHA_MODIFICO) VALUES (402,2,6,79,96,1,'amxsab.system@gmail.com',CURRENT_TIMESTAMP,'amxsab.system@gmail.com',CURRENT_TIMESTAMP);
INSERT INTO VUELO (NUMERO_VUELO,ID_COMPANIA,ID_TIPO_CABINA,ID_ESTACION_ORIGEN,ID_ESTACION_DESTINO,STATUS,USUARIO_CREO,FECHA_CREO,USUARIO_MODIFICO,FECHA_MODIFICO) VALUES (414,2,6,64,73,1,'amxsab.system@gmail.com',CURRENT_TIMESTAMP,'amxsab.system@gmail.com',CURRENT_TIMESTAMP);
INSERT INTO VUELO (NUMERO_VUELO,ID_COMPANIA,ID_TIPO_CABINA,ID_ESTACION_ORIGEN,ID_ESTACION_DESTINO,STATUS,USUARIO_CREO,FECHA_CREO,USUARIO_MODIFICO,FECHA_MODIFICO) VALUES (414,2,6,73,18,1,'amxsab.system@gmail.com',CURRENT_TIMESTAMP,'amxsab.system@gmail.com',CURRENT_TIMESTAMP);
INSERT INTO VUELO (NUMERO_VUELO,ID_COMPANIA,ID_TIPO_CABINA,ID_ESTACION_ORIGEN,ID_ESTACION_DESTINO,STATUS,USUARIO_CREO,FECHA_CREO,USUARIO_MODIFICO,FECHA_MODIFICO) VALUES (415,2,6,18,73,1,'amxsab.system@gmail.com',CURRENT_TIMESTAMP,'amxsab.system@gmail.com',CURRENT_TIMESTAMP);
INSERT INTO VUELO (NUMERO_VUELO,ID_COMPANIA,ID_TIPO_CABINA,ID_ESTACION_ORIGEN,ID_ESTACION_DESTINO,STATUS,USUARIO_CREO,FECHA_CREO,USUARIO_MODIFICO,FECHA_MODIFICO) VALUES (418,2,6,96,16,1,'amxsab.system@gmail.com',CURRENT_TIMESTAMP,'amxsab.system@gmail.com',CURRENT_TIMESTAMP);
INSERT INTO VUELO (NUMERO_VUELO,ID_COMPANIA,ID_TIPO_CABINA,ID_ESTACION_ORIGEN,ID_ESTACION_DESTINO,STATUS,USUARIO_CREO,FECHA_CREO,USUARIO_MODIFICO,FECHA_MODIFICO) VALUES (419,2,6,16,96,1,'amxsab.system@gmail.com',CURRENT_TIMESTAMP,'amxsab.system@gmail.com',CURRENT_TIMESTAMP);
INSERT INTO VUELO (NUMERO_VUELO,ID_COMPANIA,ID_TIPO_CABINA,ID_ESTACION_ORIGEN,ID_ESTACION_DESTINO,STATUS,USUARIO_CREO,FECHA_CREO,USUARIO_MODIFICO,FECHA_MODIFICO) VALUES (420,2,6,96,70,1,'amxsab.system@gmail.com',CURRENT_TIMESTAMP,'amxsab.system@gmail.com',CURRENT_TIMESTAMP);
INSERT INTO VUELO (NUMERO_VUELO,ID_COMPANIA,ID_TIPO_CABINA,ID_ESTACION_ORIGEN,ID_ESTACION_DESTINO,STATUS,USUARIO_CREO,FECHA_CREO,USUARIO_MODIFICO,FECHA_MODIFICO) VALUES (421,2,6,27,70,1,'amxsab.system@gmail.com',CURRENT_TIMESTAMP,'amxsab.system@gmail.com',CURRENT_TIMESTAMP);
INSERT INTO VUELO (NUMERO_VUELO,ID_COMPANIA,ID_TIPO_CABINA,ID_ESTACION_ORIGEN,ID_ESTACION_DESTINO,STATUS,USUARIO_CREO,FECHA_CREO,USUARIO_MODIFICO,FECHA_MODIFICO) VALUES (424,2,6,73,27,1,'amxsab.system@gmail.com',CURRENT_TIMESTAMP,'amxsab.system@gmail.com',CURRENT_TIMESTAMP);
INSERT INTO VUELO (NUMERO_VUELO,ID_COMPANIA,ID_TIPO_CABINA,ID_ESTACION_ORIGEN,ID_ESTACION_DESTINO,STATUS,USUARIO_CREO,FECHA_CREO,USUARIO_MODIFICO,FECHA_MODIFICO) VALUES (425,2,6,27,73,1,'amxsab.system@gmail.com',CURRENT_TIMESTAMP,'amxsab.system@gmail.com',CURRENT_TIMESTAMP);
INSERT INTO VUELO (NUMERO_VUELO,ID_COMPANIA,ID_TIPO_CABINA,ID_ESTACION_ORIGEN,ID_ESTACION_DESTINO,STATUS,USUARIO_CREO,FECHA_CREO,USUARIO_MODIFICO,FECHA_MODIFICO) VALUES (470,2,6,96,16,1,'amxsab.system@gmail.com',CURRENT_TIMESTAMP,'amxsab.system@gmail.com',CURRENT_TIMESTAMP);
INSERT INTO VUELO (NUMERO_VUELO,ID_COMPANIA,ID_TIPO_CABINA,ID_ESTACION_ORIGEN,ID_ESTACION_DESTINO,STATUS,USUARIO_CREO,FECHA_CREO,USUARIO_MODIFICO,FECHA_MODIFICO) VALUES (471,2,6,16,96,1,'amxsab.system@gmail.com',CURRENT_TIMESTAMP,'amxsab.system@gmail.com',CURRENT_TIMESTAMP);
INSERT INTO VUELO (NUMERO_VUELO,ID_COMPANIA,ID_TIPO_CABINA,ID_ESTACION_ORIGEN,ID_ESTACION_DESTINO,STATUS,USUARIO_CREO,FECHA_CREO,USUARIO_MODIFICO,FECHA_MODIFICO) VALUES (472,2,6,96,16,1,'amxsab.system@gmail.com',CURRENT_TIMESTAMP,'amxsab.system@gmail.com',CURRENT_TIMESTAMP);
INSERT INTO VUELO (NUMERO_VUELO,ID_COMPANIA,ID_TIPO_CABINA,ID_ESTACION_ORIGEN,ID_ESTACION_DESTINO,STATUS,USUARIO_CREO,FECHA_CREO,USUARIO_MODIFICO,FECHA_MODIFICO) VALUES (473,2,6,16,96,1,'amxsab.system@gmail.com',CURRENT_TIMESTAMP,'amxsab.system@gmail.com',CURRENT_TIMESTAMP);
INSERT INTO VUELO (NUMERO_VUELO,ID_COMPANIA,ID_TIPO_CABINA,ID_ESTACION_ORIGEN,ID_ESTACION_DESTINO,STATUS,USUARIO_CREO,FECHA_CREO,USUARIO_MODIFICO,FECHA_MODIFICO) VALUES (476,2,6,96,16,1,'amxsab.system@gmail.com',CURRENT_TIMESTAMP,'amxsab.system@gmail.com',CURRENT_TIMESTAMP);
INSERT INTO VUELO (NUMERO_VUELO,ID_COMPANIA,ID_TIPO_CABINA,ID_ESTACION_ORIGEN,ID_ESTACION_DESTINO,STATUS,USUARIO_CREO,FECHA_CREO,USUARIO_MODIFICO,FECHA_MODIFICO) VALUES (477,2,6,16,96,1,'amxsab.system@gmail.com',CURRENT_TIMESTAMP,'amxsab.system@gmail.com',CURRENT_TIMESTAMP);
INSERT INTO VUELO (NUMERO_VUELO,ID_COMPANIA,ID_TIPO_CABINA,ID_ESTACION_ORIGEN,ID_ESTACION_DESTINO,STATUS,USUARIO_CREO,FECHA_CREO,USUARIO_MODIFICO,FECHA_MODIFICO) VALUES (501,2,6,96,92,1,'amxsab.system@gmail.com',CURRENT_TIMESTAMP,'amxsab.system@gmail.com',CURRENT_TIMESTAMP);
INSERT INTO VUELO (NUMERO_VUELO,ID_COMPANIA,ID_TIPO_CABINA,ID_ESTACION_ORIGEN,ID_ESTACION_DESTINO,STATUS,USUARIO_CREO,FECHA_CREO,USUARIO_MODIFICO,FECHA_MODIFICO) VALUES (506,2,6,92,96,1,'amxsab.system@gmail.com',CURRENT_TIMESTAMP,'amxsab.system@gmail.com',CURRENT_TIMESTAMP);
INSERT INTO VUELO (NUMERO_VUELO,ID_COMPANIA,ID_TIPO_CABINA,ID_ESTACION_ORIGEN,ID_ESTACION_DESTINO,STATUS,USUARIO_CREO,FECHA_CREO,USUARIO_MODIFICO,FECHA_MODIFICO) VALUES (507,2,6,96,92,1,'amxsab.system@gmail.com',CURRENT_TIMESTAMP,'amxsab.system@gmail.com',CURRENT_TIMESTAMP);
INSERT INTO VUELO (NUMERO_VUELO,ID_COMPANIA,ID_TIPO_CABINA,ID_ESTACION_ORIGEN,ID_ESTACION_DESTINO,STATUS,USUARIO_CREO,FECHA_CREO,USUARIO_MODIFICO,FECHA_MODIFICO) VALUES (508,2,6,92,96,1,'amxsab.system@gmail.com',CURRENT_TIMESTAMP,'amxsab.system@gmail.com',CURRENT_TIMESTAMP);
INSERT INTO VUELO (NUMERO_VUELO,ID_COMPANIA,ID_TIPO_CABINA,ID_ESTACION_ORIGEN,ID_ESTACION_DESTINO,STATUS,USUARIO_CREO,FECHA_CREO,USUARIO_MODIFICO,FECHA_MODIFICO) VALUES (510,2,6,92,96,1,'amxsab.system@gmail.com',CURRENT_TIMESTAMP,'amxsab.system@gmail.com',CURRENT_TIMESTAMP);
INSERT INTO VUELO (NUMERO_VUELO,ID_COMPANIA,ID_TIPO_CABINA,ID_ESTACION_ORIGEN,ID_ESTACION_DESTINO,STATUS,USUARIO_CREO,FECHA_CREO,USUARIO_MODIFICO,FECHA_MODIFICO) VALUES (511,2,6,96,92,1,'amxsab.system@gmail.com',CURRENT_TIMESTAMP,'amxsab.system@gmail.com',CURRENT_TIMESTAMP);
INSERT INTO VUELO (NUMERO_VUELO,ID_COMPANIA,ID_TIPO_CABINA,ID_ESTACION_ORIGEN,ID_ESTACION_DESTINO,STATUS,USUARIO_CREO,FECHA_CREO,USUARIO_MODIFICO,FECHA_MODIFICO) VALUES (512,2,6,92,96,1,'amxsab.system@gmail.com',CURRENT_TIMESTAMP,'amxsab.system@gmail.com',CURRENT_TIMESTAMP);
INSERT INTO VUELO (NUMERO_VUELO,ID_COMPANIA,ID_TIPO_CABINA,ID_ESTACION_ORIGEN,ID_ESTACION_DESTINO,STATUS,USUARIO_CREO,FECHA_CREO,USUARIO_MODIFICO,FECHA_MODIFICO) VALUES (515,2,6,96,70,1,'amxsab.system@gmail.com',CURRENT_TIMESTAMP,'amxsab.system@gmail.com',CURRENT_TIMESTAMP);
INSERT INTO VUELO (NUMERO_VUELO,ID_COMPANIA,ID_TIPO_CABINA,ID_ESTACION_ORIGEN,ID_ESTACION_DESTINO,STATUS,USUARIO_CREO,FECHA_CREO,USUARIO_MODIFICO,FECHA_MODIFICO) VALUES (516,2,6,70,96,1,'amxsab.system@gmail.com',CURRENT_TIMESTAMP,'amxsab.system@gmail.com',CURRENT_TIMESTAMP);
INSERT INTO VUELO (NUMERO_VUELO,ID_COMPANIA,ID_TIPO_CABINA,ID_ESTACION_ORIGEN,ID_ESTACION_DESTINO,STATUS,USUARIO_CREO,FECHA_CREO,USUARIO_MODIFICO,FECHA_MODIFICO) VALUES (517,2,6,96,66,1,'amxsab.system@gmail.com',CURRENT_TIMESTAMP,'amxsab.system@gmail.com',CURRENT_TIMESTAMP);
INSERT INTO VUELO (NUMERO_VUELO,ID_COMPANIA,ID_TIPO_CABINA,ID_ESTACION_ORIGEN,ID_ESTACION_DESTINO,STATUS,USUARIO_CREO,FECHA_CREO,USUARIO_MODIFICO,FECHA_MODIFICO) VALUES (518,2,6,66,96,1,'amxsab.system@gmail.com',CURRENT_TIMESTAMP,'amxsab.system@gmail.com',CURRENT_TIMESTAMP);
INSERT INTO VUELO (NUMERO_VUELO,ID_COMPANIA,ID_TIPO_CABINA,ID_ESTACION_ORIGEN,ID_ESTACION_DESTINO,STATUS,USUARIO_CREO,FECHA_CREO,USUARIO_MODIFICO,FECHA_MODIFICO) VALUES (519,2,6,96,92,1,'amxsab.system@gmail.com',CURRENT_TIMESTAMP,'amxsab.system@gmail.com',CURRENT_TIMESTAMP);
INSERT INTO VUELO (NUMERO_VUELO,ID_COMPANIA,ID_TIPO_CABINA,ID_ESTACION_ORIGEN,ID_ESTACION_DESTINO,STATUS,USUARIO_CREO,FECHA_CREO,USUARIO_MODIFICO,FECHA_MODIFICO) VALUES (520,2,6,92,96,1,'amxsab.system@gmail.com',CURRENT_TIMESTAMP,'amxsab.system@gmail.com',CURRENT_TIMESTAMP);
INSERT INTO VUELO (NUMERO_VUELO,ID_COMPANIA,ID_TIPO_CABINA,ID_ESTACION_ORIGEN,ID_ESTACION_DESTINO,STATUS,USUARIO_CREO,FECHA_CREO,USUARIO_MODIFICO,FECHA_MODIFICO) VALUES (521,2,6,96,70,1,'amxsab.system@gmail.com',CURRENT_TIMESTAMP,'amxsab.system@gmail.com',CURRENT_TIMESTAMP);
INSERT INTO VUELO (NUMERO_VUELO,ID_COMPANIA,ID_TIPO_CABINA,ID_ESTACION_ORIGEN,ID_ESTACION_DESTINO,STATUS,USUARIO_CREO,FECHA_CREO,USUARIO_MODIFICO,FECHA_MODIFICO) VALUES (522,2,6,70,96,1,'amxsab.system@gmail.com',CURRENT_TIMESTAMP,'amxsab.system@gmail.com',CURRENT_TIMESTAMP);
INSERT INTO VUELO (NUMERO_VUELO,ID_COMPANIA,ID_TIPO_CABINA,ID_ESTACION_ORIGEN,ID_ESTACION_DESTINO,STATUS,USUARIO_CREO,FECHA_CREO,USUARIO_MODIFICO,FECHA_MODIFICO) VALUES (524,2,6,70,96,1,'amxsab.system@gmail.com',CURRENT_TIMESTAMP,'amxsab.system@gmail.com',CURRENT_TIMESTAMP);
INSERT INTO VUELO (NUMERO_VUELO,ID_COMPANIA,ID_TIPO_CABINA,ID_ESTACION_ORIGEN,ID_ESTACION_DESTINO,STATUS,USUARIO_CREO,FECHA_CREO,USUARIO_MODIFICO,FECHA_MODIFICO) VALUES (526,2,6,70,96,1,'amxsab.system@gmail.com',CURRENT_TIMESTAMP,'amxsab.system@gmail.com',CURRENT_TIMESTAMP);
INSERT INTO VUELO (NUMERO_VUELO,ID_COMPANIA,ID_TIPO_CABINA,ID_ESTACION_ORIGEN,ID_ESTACION_DESTINO,STATUS,USUARIO_CREO,FECHA_CREO,USUARIO_MODIFICO,FECHA_MODIFICO) VALUES (527,2,6,96,70,1,'amxsab.system@gmail.com',CURRENT_TIMESTAMP,'amxsab.system@gmail.com',CURRENT_TIMESTAMP);
INSERT INTO VUELO (NUMERO_VUELO,ID_COMPANIA,ID_TIPO_CABINA,ID_ESTACION_ORIGEN,ID_ESTACION_DESTINO,STATUS,USUARIO_CREO,FECHA_CREO,USUARIO_MODIFICO,FECHA_MODIFICO) VALUES (533,2,6,96,70,1,'amxsab.system@gmail.com',CURRENT_TIMESTAMP,'amxsab.system@gmail.com',CURRENT_TIMESTAMP);
INSERT INTO VUELO (NUMERO_VUELO,ID_COMPANIA,ID_TIPO_CABINA,ID_ESTACION_ORIGEN,ID_ESTACION_DESTINO,STATUS,USUARIO_CREO,FECHA_CREO,USUARIO_MODIFICO,FECHA_MODIFICO) VALUES (534,2,6,70,96,1,'amxsab.system@gmail.com',CURRENT_TIMESTAMP,'amxsab.system@gmail.com',CURRENT_TIMESTAMP);
INSERT INTO VUELO (NUMERO_VUELO,ID_COMPANIA,ID_TIPO_CABINA,ID_ESTACION_ORIGEN,ID_ESTACION_DESTINO,STATUS,USUARIO_CREO,FECHA_CREO,USUARIO_MODIFICO,FECHA_MODIFICO) VALUES (535,2,6,96,70,1,'amxsab.system@gmail.com',CURRENT_TIMESTAMP,'amxsab.system@gmail.com',CURRENT_TIMESTAMP);
INSERT INTO VUELO (NUMERO_VUELO,ID_COMPANIA,ID_TIPO_CABINA,ID_ESTACION_ORIGEN,ID_ESTACION_DESTINO,STATUS,USUARIO_CREO,FECHA_CREO,USUARIO_MODIFICO,FECHA_MODIFICO) VALUES (536,2,6,70,96,1,'amxsab.system@gmail.com',CURRENT_TIMESTAMP,'amxsab.system@gmail.com',CURRENT_TIMESTAMP);
INSERT INTO VUELO (NUMERO_VUELO,ID_COMPANIA,ID_TIPO_CABINA,ID_ESTACION_ORIGEN,ID_ESTACION_DESTINO,STATUS,USUARIO_CREO,FECHA_CREO,USUARIO_MODIFICO,FECHA_MODIFICO) VALUES (541,2,6,96,86,1,'amxsab.system@gmail.com',CURRENT_TIMESTAMP,'amxsab.system@gmail.com',CURRENT_TIMESTAMP);
INSERT INTO VUELO (NUMERO_VUELO,ID_COMPANIA,ID_TIPO_CABINA,ID_ESTACION_ORIGEN,ID_ESTACION_DESTINO,STATUS,USUARIO_CREO,FECHA_CREO,USUARIO_MODIFICO,FECHA_MODIFICO) VALUES (542,2,6,86,96,1,'amxsab.system@gmail.com',CURRENT_TIMESTAMP,'amxsab.system@gmail.com',CURRENT_TIMESTAMP);
INSERT INTO VUELO (NUMERO_VUELO,ID_COMPANIA,ID_TIPO_CABINA,ID_ESTACION_ORIGEN,ID_ESTACION_DESTINO,STATUS,USUARIO_CREO,FECHA_CREO,USUARIO_MODIFICO,FECHA_MODIFICO) VALUES (547,2,6,96,91,1,'amxsab.system@gmail.com',CURRENT_TIMESTAMP,'amxsab.system@gmail.com',CURRENT_TIMESTAMP);
INSERT INTO VUELO (NUMERO_VUELO,ID_COMPANIA,ID_TIPO_CABINA,ID_ESTACION_ORIGEN,ID_ESTACION_DESTINO,STATUS,USUARIO_CREO,FECHA_CREO,USUARIO_MODIFICO,FECHA_MODIFICO) VALUES (548,2,6,91,96,1,'amxsab.system@gmail.com',CURRENT_TIMESTAMP,'amxsab.system@gmail.com',CURRENT_TIMESTAMP);
INSERT INTO VUELO (NUMERO_VUELO,ID_COMPANIA,ID_TIPO_CABINA,ID_ESTACION_ORIGEN,ID_ESTACION_DESTINO,STATUS,USUARIO_CREO,FECHA_CREO,USUARIO_MODIFICO,FECHA_MODIFICO) VALUES (549,2,6,96,91,1,'amxsab.system@gmail.com',CURRENT_TIMESTAMP,'amxsab.system@gmail.com',CURRENT_TIMESTAMP);
INSERT INTO VUELO (NUMERO_VUELO,ID_COMPANIA,ID_TIPO_CABINA,ID_ESTACION_ORIGEN,ID_ESTACION_DESTINO,STATUS,USUARIO_CREO,FECHA_CREO,USUARIO_MODIFICO,FECHA_MODIFICO) VALUES (550,2,6,91,96,1,'amxsab.system@gmail.com',CURRENT_TIMESTAMP,'amxsab.system@gmail.com',CURRENT_TIMESTAMP);
INSERT INTO VUELO (NUMERO_VUELO,ID_COMPANIA,ID_TIPO_CABINA,ID_ESTACION_ORIGEN,ID_ESTACION_DESTINO,STATUS,USUARIO_CREO,FECHA_CREO,USUARIO_MODIFICO,FECHA_MODIFICO) VALUES (551,2,6,96,87,1,'amxsab.system@gmail.com',CURRENT_TIMESTAMP,'amxsab.system@gmail.com',CURRENT_TIMESTAMP);
INSERT INTO VUELO (NUMERO_VUELO,ID_COMPANIA,ID_TIPO_CABINA,ID_ESTACION_ORIGEN,ID_ESTACION_DESTINO,STATUS,USUARIO_CREO,FECHA_CREO,USUARIO_MODIFICO,FECHA_MODIFICO) VALUES (552,2,6,87,96,1,'amxsab.system@gmail.com',CURRENT_TIMESTAMP,'amxsab.system@gmail.com',CURRENT_TIMESTAMP);
INSERT INTO VUELO (NUMERO_VUELO,ID_COMPANIA,ID_TIPO_CABINA,ID_ESTACION_ORIGEN,ID_ESTACION_DESTINO,STATUS,USUARIO_CREO,FECHA_CREO,USUARIO_MODIFICO,FECHA_MODIFICO) VALUES (553,2,6,96,87,1,'amxsab.system@gmail.com',CURRENT_TIMESTAMP,'amxsab.system@gmail.com',CURRENT_TIMESTAMP);
INSERT INTO VUELO (NUMERO_VUELO,ID_COMPANIA,ID_TIPO_CABINA,ID_ESTACION_ORIGEN,ID_ESTACION_DESTINO,STATUS,USUARIO_CREO,FECHA_CREO,USUARIO_MODIFICO,FECHA_MODIFICO) VALUES (554,2,6,87,96,1,'amxsab.system@gmail.com',CURRENT_TIMESTAMP,'amxsab.system@gmail.com',CURRENT_TIMESTAMP);
INSERT INTO VUELO (NUMERO_VUELO,ID_COMPANIA,ID_TIPO_CABINA,ID_ESTACION_ORIGEN,ID_ESTACION_DESTINO,STATUS,USUARIO_CREO,FECHA_CREO,USUARIO_MODIFICO,FECHA_MODIFICO) VALUES (555,2,6,96,87,1,'amxsab.system@gmail.com',CURRENT_TIMESTAMP,'amxsab.system@gmail.com',CURRENT_TIMESTAMP);
INSERT INTO VUELO (NUMERO_VUELO,ID_COMPANIA,ID_TIPO_CABINA,ID_ESTACION_ORIGEN,ID_ESTACION_DESTINO,STATUS,USUARIO_CREO,FECHA_CREO,USUARIO_MODIFICO,FECHA_MODIFICO) VALUES (556,2,6,87,96,1,'amxsab.system@gmail.com',CURRENT_TIMESTAMP,'amxsab.system@gmail.com',CURRENT_TIMESTAMP);
INSERT INTO VUELO (NUMERO_VUELO,ID_COMPANIA,ID_TIPO_CABINA,ID_ESTACION_ORIGEN,ID_ESTACION_DESTINO,STATUS,USUARIO_CREO,FECHA_CREO,USUARIO_MODIFICO,FECHA_MODIFICO) VALUES (557,2,6,96,87,1,'amxsab.system@gmail.com',CURRENT_TIMESTAMP,'amxsab.system@gmail.com',CURRENT_TIMESTAMP);
INSERT INTO VUELO (NUMERO_VUELO,ID_COMPANIA,ID_TIPO_CABINA,ID_ESTACION_ORIGEN,ID_ESTACION_DESTINO,STATUS,USUARIO_CREO,FECHA_CREO,USUARIO_MODIFICO,FECHA_MODIFICO) VALUES (558,2,6,87,96,1,'amxsab.system@gmail.com',CURRENT_TIMESTAMP,'amxsab.system@gmail.com',CURRENT_TIMESTAMP);
INSERT INTO VUELO (NUMERO_VUELO,ID_COMPANIA,ID_TIPO_CABINA,ID_ESTACION_ORIGEN,ID_ESTACION_DESTINO,STATUS,USUARIO_CREO,FECHA_CREO,USUARIO_MODIFICO,FECHA_MODIFICO) VALUES (559,2,6,96,87,1,'amxsab.system@gmail.com',CURRENT_TIMESTAMP,'amxsab.system@gmail.com',CURRENT_TIMESTAMP);
INSERT INTO VUELO (NUMERO_VUELO,ID_COMPANIA,ID_TIPO_CABINA,ID_ESTACION_ORIGEN,ID_ESTACION_DESTINO,STATUS,USUARIO_CREO,FECHA_CREO,USUARIO_MODIFICO,FECHA_MODIFICO) VALUES (560,2,6,87,96,1,'amxsab.system@gmail.com',CURRENT_TIMESTAMP,'amxsab.system@gmail.com',CURRENT_TIMESTAMP);
INSERT INTO VUELO (NUMERO_VUELO,ID_COMPANIA,ID_TIPO_CABINA,ID_ESTACION_ORIGEN,ID_ESTACION_DESTINO,STATUS,USUARIO_CREO,FECHA_CREO,USUARIO_MODIFICO,FECHA_MODIFICO) VALUES (562,2,6,96,86,1,'amxsab.system@gmail.com',CURRENT_TIMESTAMP,'amxsab.system@gmail.com',CURRENT_TIMESTAMP);
INSERT INTO VUELO (NUMERO_VUELO,ID_COMPANIA,ID_TIPO_CABINA,ID_ESTACION_ORIGEN,ID_ESTACION_DESTINO,STATUS,USUARIO_CREO,FECHA_CREO,USUARIO_MODIFICO,FECHA_MODIFICO) VALUES (563,2,6,86,96,1,'amxsab.system@gmail.com',CURRENT_TIMESTAMP,'amxsab.system@gmail.com',CURRENT_TIMESTAMP);
INSERT INTO VUELO (NUMERO_VUELO,ID_COMPANIA,ID_TIPO_CABINA,ID_ESTACION_ORIGEN,ID_ESTACION_DESTINO,STATUS,USUARIO_CREO,FECHA_CREO,USUARIO_MODIFICO,FECHA_MODIFICO) VALUES (585,2,6,96,60,1,'amxsab.system@gmail.com',CURRENT_TIMESTAMP,'amxsab.system@gmail.com',CURRENT_TIMESTAMP);
INSERT INTO VUELO (NUMERO_VUELO,ID_COMPANIA,ID_TIPO_CABINA,ID_ESTACION_ORIGEN,ID_ESTACION_DESTINO,STATUS,USUARIO_CREO,FECHA_CREO,USUARIO_MODIFICO,FECHA_MODIFICO) VALUES (586,2,6,60,96,1,'amxsab.system@gmail.com',CURRENT_TIMESTAMP,'amxsab.system@gmail.com',CURRENT_TIMESTAMP);
INSERT INTO VUELO (NUMERO_VUELO,ID_COMPANIA,ID_TIPO_CABINA,ID_ESTACION_ORIGEN,ID_ESTACION_DESTINO,STATUS,USUARIO_CREO,FECHA_CREO,USUARIO_MODIFICO,FECHA_MODIFICO) VALUES (628,2,6,96,34,1,'amxsab.system@gmail.com',CURRENT_TIMESTAMP,'amxsab.system@gmail.com',CURRENT_TIMESTAMP);
INSERT INTO VUELO (NUMERO_VUELO,ID_COMPANIA,ID_TIPO_CABINA,ID_ESTACION_ORIGEN,ID_ESTACION_DESTINO,STATUS,USUARIO_CREO,FECHA_CREO,USUARIO_MODIFICO,FECHA_MODIFICO) VALUES (629,2,6,34,96,1,'amxsab.system@gmail.com',CURRENT_TIMESTAMP,'amxsab.system@gmail.com',CURRENT_TIMESTAMP);
INSERT INTO VUELO (NUMERO_VUELO,ID_COMPANIA,ID_TIPO_CABINA,ID_ESTACION_ORIGEN,ID_ESTACION_DESTINO,STATUS,USUARIO_CREO,FECHA_CREO,USUARIO_MODIFICO,FECHA_MODIFICO) VALUES (632,2,6,96,36,1,'amxsab.system@gmail.com',CURRENT_TIMESTAMP,'amxsab.system@gmail.com',CURRENT_TIMESTAMP);
INSERT INTO VUELO (NUMERO_VUELO,ID_COMPANIA,ID_TIPO_CABINA,ID_ESTACION_ORIGEN,ID_ESTACION_DESTINO,STATUS,USUARIO_CREO,FECHA_CREO,USUARIO_MODIFICO,FECHA_MODIFICO) VALUES (633,2,6,36,96,1,'amxsab.system@gmail.com',CURRENT_TIMESTAMP,'amxsab.system@gmail.com',CURRENT_TIMESTAMP);
INSERT INTO VUELO (NUMERO_VUELO,ID_COMPANIA,ID_TIPO_CABINA,ID_ESTACION_ORIGEN,ID_ESTACION_DESTINO,STATUS,USUARIO_CREO,FECHA_CREO,USUARIO_MODIFICO,FECHA_MODIFICO) VALUES (647,2,6,96,70,1,'amxsab.system@gmail.com',CURRENT_TIMESTAMP,'amxsab.system@gmail.com',CURRENT_TIMESTAMP);
INSERT INTO VUELO (NUMERO_VUELO,ID_COMPANIA,ID_TIPO_CABINA,ID_ESTACION_ORIGEN,ID_ESTACION_DESTINO,STATUS,USUARIO_CREO,FECHA_CREO,USUARIO_MODIFICO,FECHA_MODIFICO) VALUES (650,2,6,96,26,1,'amxsab.system@gmail.com',CURRENT_TIMESTAMP,'amxsab.system@gmail.com',CURRENT_TIMESTAMP);
INSERT INTO VUELO (NUMERO_VUELO,ID_COMPANIA,ID_TIPO_CABINA,ID_ESTACION_ORIGEN,ID_ESTACION_DESTINO,STATUS,USUARIO_CREO,FECHA_CREO,USUARIO_MODIFICO,FECHA_MODIFICO) VALUES (651,2,6,26,96,1,'amxsab.system@gmail.com',CURRENT_TIMESTAMP,'amxsab.system@gmail.com',CURRENT_TIMESTAMP);
INSERT INTO VUELO (NUMERO_VUELO,ID_COMPANIA,ID_TIPO_CABINA,ID_ESTACION_ORIGEN,ID_ESTACION_DESTINO,STATUS,USUARIO_CREO,FECHA_CREO,USUARIO_MODIFICO,FECHA_MODIFICO) VALUES (654,2,6,96,38,1,'amxsab.system@gmail.com',CURRENT_TIMESTAMP,'amxsab.system@gmail.com',CURRENT_TIMESTAMP);
INSERT INTO VUELO (NUMERO_VUELO,ID_COMPANIA,ID_TIPO_CABINA,ID_ESTACION_ORIGEN,ID_ESTACION_DESTINO,STATUS,USUARIO_CREO,FECHA_CREO,USUARIO_MODIFICO,FECHA_MODIFICO) VALUES (655,2,6,38,96,1,'amxsab.system@gmail.com',CURRENT_TIMESTAMP,'amxsab.system@gmail.com',CURRENT_TIMESTAMP);
INSERT INTO VUELO (NUMERO_VUELO,ID_COMPANIA,ID_TIPO_CABINA,ID_ESTACION_ORIGEN,ID_ESTACION_DESTINO,STATUS,USUARIO_CREO,FECHA_CREO,USUARIO_MODIFICO,FECHA_MODIFICO) VALUES (670,2,6,96,13,1,'amxsab.system@gmail.com',CURRENT_TIMESTAMP,'amxsab.system@gmail.com',CURRENT_TIMESTAMP);
INSERT INTO VUELO (NUMERO_VUELO,ID_COMPANIA,ID_TIPO_CABINA,ID_ESTACION_ORIGEN,ID_ESTACION_DESTINO,STATUS,USUARIO_CREO,FECHA_CREO,USUARIO_MODIFICO,FECHA_MODIFICO) VALUES (671,2,6,13,96,1,'amxsab.system@gmail.com',CURRENT_TIMESTAMP,'amxsab.system@gmail.com',CURRENT_TIMESTAMP);
INSERT INTO VUELO (NUMERO_VUELO,ID_COMPANIA,ID_TIPO_CABINA,ID_ESTACION_ORIGEN,ID_ESTACION_DESTINO,STATUS,USUARIO_CREO,FECHA_CREO,USUARIO_MODIFICO,FECHA_MODIFICO) VALUES (672,2,6,96,13,1,'amxsab.system@gmail.com',CURRENT_TIMESTAMP,'amxsab.system@gmail.com',CURRENT_TIMESTAMP);
INSERT INTO VUELO (NUMERO_VUELO,ID_COMPANIA,ID_TIPO_CABINA,ID_ESTACION_ORIGEN,ID_ESTACION_DESTINO,STATUS,USUARIO_CREO,FECHA_CREO,USUARIO_MODIFICO,FECHA_MODIFICO) VALUES (673,2,6,13,96,1,'amxsab.system@gmail.com',CURRENT_TIMESTAMP,'amxsab.system@gmail.com',CURRENT_TIMESTAMP);
INSERT INTO VUELO (NUMERO_VUELO,ID_COMPANIA,ID_TIPO_CABINA,ID_ESTACION_ORIGEN,ID_ESTACION_DESTINO,STATUS,USUARIO_CREO,FECHA_CREO,USUARIO_MODIFICO,FECHA_MODIFICO) VALUES (674,2,6,96,35,1,'amxsab.system@gmail.com',CURRENT_TIMESTAMP,'amxsab.system@gmail.com',CURRENT_TIMESTAMP);
INSERT INTO VUELO (NUMERO_VUELO,ID_COMPANIA,ID_TIPO_CABINA,ID_ESTACION_ORIGEN,ID_ESTACION_DESTINO,STATUS,USUARIO_CREO,FECHA_CREO,USUARIO_MODIFICO,FECHA_MODIFICO) VALUES (675,2,6,35,96,1,'amxsab.system@gmail.com',CURRENT_TIMESTAMP,'amxsab.system@gmail.com',CURRENT_TIMESTAMP);
INSERT INTO VUELO (NUMERO_VUELO,ID_COMPANIA,ID_TIPO_CABINA,ID_ESTACION_ORIGEN,ID_ESTACION_DESTINO,STATUS,USUARIO_CREO,FECHA_CREO,USUARIO_MODIFICO,FECHA_MODIFICO) VALUES (676,2,6,96,13,1,'amxsab.system@gmail.com',CURRENT_TIMESTAMP,'amxsab.system@gmail.com',CURRENT_TIMESTAMP);
INSERT INTO VUELO (NUMERO_VUELO,ID_COMPANIA,ID_TIPO_CABINA,ID_ESTACION_ORIGEN,ID_ESTACION_DESTINO,STATUS,USUARIO_CREO,FECHA_CREO,USUARIO_MODIFICO,FECHA_MODIFICO) VALUES (677,2,6,13,96,1,'amxsab.system@gmail.com',CURRENT_TIMESTAMP,'amxsab.system@gmail.com',CURRENT_TIMESTAMP);
INSERT INTO VUELO (NUMERO_VUELO,ID_COMPANIA,ID_TIPO_CABINA,ID_ESTACION_ORIGEN,ID_ESTACION_DESTINO,STATUS,USUARIO_CREO,FECHA_CREO,USUARIO_MODIFICO,FECHA_MODIFICO) VALUES (678,2,6,96,13,1,'amxsab.system@gmail.com',CURRENT_TIMESTAMP,'amxsab.system@gmail.com',CURRENT_TIMESTAMP);
INSERT INTO VUELO (NUMERO_VUELO,ID_COMPANIA,ID_TIPO_CABINA,ID_ESTACION_ORIGEN,ID_ESTACION_DESTINO,STATUS,USUARIO_CREO,FECHA_CREO,USUARIO_MODIFICO,FECHA_MODIFICO) VALUES (679,2,6,13,96,1,'amxsab.system@gmail.com',CURRENT_TIMESTAMP,'amxsab.system@gmail.com',CURRENT_TIMESTAMP);
INSERT INTO VUELO (NUMERO_VUELO,ID_COMPANIA,ID_TIPO_CABINA,ID_ESTACION_ORIGEN,ID_ESTACION_DESTINO,STATUS,USUARIO_CREO,FECHA_CREO,USUARIO_MODIFICO,FECHA_MODIFICO) VALUES (706,2,6,96,65,1,'amxsab.system@gmail.com',CURRENT_TIMESTAMP,'amxsab.system@gmail.com',CURRENT_TIMESTAMP);
INSERT INTO VUELO (NUMERO_VUELO,ID_COMPANIA,ID_TIPO_CABINA,ID_ESTACION_ORIGEN,ID_ESTACION_DESTINO,STATUS,USUARIO_CREO,FECHA_CREO,USUARIO_MODIFICO,FECHA_MODIFICO) VALUES (712,2,6,96,65,1,'amxsab.system@gmail.com',CURRENT_TIMESTAMP,'amxsab.system@gmail.com',CURRENT_TIMESTAMP);
INSERT INTO VUELO (NUMERO_VUELO,ID_COMPANIA,ID_TIPO_CABINA,ID_ESTACION_ORIGEN,ID_ESTACION_DESTINO,STATUS,USUARIO_CREO,FECHA_CREO,USUARIO_MODIFICO,FECHA_MODIFICO) VALUES (713,2,6,65,96,1,'amxsab.system@gmail.com',CURRENT_TIMESTAMP,'amxsab.system@gmail.com',CURRENT_TIMESTAMP);
INSERT INTO VUELO (NUMERO_VUELO,ID_COMPANIA,ID_TIPO_CABINA,ID_ESTACION_ORIGEN,ID_ESTACION_DESTINO,STATUS,USUARIO_CREO,FECHA_CREO,USUARIO_MODIFICO,FECHA_MODIFICO) VALUES (715,2,6,65,96,1,'amxsab.system@gmail.com',CURRENT_TIMESTAMP,'amxsab.system@gmail.com',CURRENT_TIMESTAMP);
INSERT INTO VUELO (NUMERO_VUELO,ID_COMPANIA,ID_TIPO_CABINA,ID_ESTACION_ORIGEN,ID_ESTACION_DESTINO,STATUS,USUARIO_CREO,FECHA_CREO,USUARIO_MODIFICO,FECHA_MODIFICO) VALUES (722,2,6,96,57,1,'amxsab.system@gmail.com',CURRENT_TIMESTAMP,'amxsab.system@gmail.com',CURRENT_TIMESTAMP);
INSERT INTO VUELO (NUMERO_VUELO,ID_COMPANIA,ID_TIPO_CABINA,ID_ESTACION_ORIGEN,ID_ESTACION_DESTINO,STATUS,USUARIO_CREO,FECHA_CREO,USUARIO_MODIFICO,FECHA_MODIFICO) VALUES (723,2,6,57,96,1,'amxsab.system@gmail.com',CURRENT_TIMESTAMP,'amxsab.system@gmail.com',CURRENT_TIMESTAMP);
INSERT INTO VUELO (NUMERO_VUELO,ID_COMPANIA,ID_TIPO_CABINA,ID_ESTACION_ORIGEN,ID_ESTACION_DESTINO,STATUS,USUARIO_CREO,FECHA_CREO,USUARIO_MODIFICO,FECHA_MODIFICO) VALUES (724,1,6,96,57,1,'amxsab.system@gmail.com',CURRENT_TIMESTAMP,'amxsab.system@gmail.com',CURRENT_TIMESTAMP);
INSERT INTO VUELO (NUMERO_VUELO,ID_COMPANIA,ID_TIPO_CABINA,ID_ESTACION_ORIGEN,ID_ESTACION_DESTINO,STATUS,USUARIO_CREO,FECHA_CREO,USUARIO_MODIFICO,FECHA_MODIFICO) VALUES (725,1,6,57,96,1,'amxsab.system@gmail.com',CURRENT_TIMESTAMP,'amxsab.system@gmail.com',CURRENT_TIMESTAMP);
INSERT INTO VUELO (NUMERO_VUELO,ID_COMPANIA,ID_TIPO_CABINA,ID_ESTACION_ORIGEN,ID_ESTACION_DESTINO,STATUS,USUARIO_CREO,FECHA_CREO,USUARIO_MODIFICO,FECHA_MODIFICO) VALUES (900,2,6,96,73,1,'amxsab.system@gmail.com',CURRENT_TIMESTAMP,'amxsab.system@gmail.com',CURRENT_TIMESTAMP);
INSERT INTO VUELO (NUMERO_VUELO,ID_COMPANIA,ID_TIPO_CABINA,ID_ESTACION_ORIGEN,ID_ESTACION_DESTINO,STATUS,USUARIO_CREO,FECHA_CREO,USUARIO_MODIFICO,FECHA_MODIFICO) VALUES (902,2,6,96,73,1,'amxsab.system@gmail.com',CURRENT_TIMESTAMP,'amxsab.system@gmail.com',CURRENT_TIMESTAMP);
INSERT INTO VUELO (NUMERO_VUELO,ID_COMPANIA,ID_TIPO_CABINA,ID_ESTACION_ORIGEN,ID_ESTACION_DESTINO,STATUS,USUARIO_CREO,FECHA_CREO,USUARIO_MODIFICO,FECHA_MODIFICO) VALUES (903,2,6,73,96,1,'amxsab.system@gmail.com',CURRENT_TIMESTAMP,'amxsab.system@gmail.com',CURRENT_TIMESTAMP);
INSERT INTO VUELO (NUMERO_VUELO,ID_COMPANIA,ID_TIPO_CABINA,ID_ESTACION_ORIGEN,ID_ESTACION_DESTINO,STATUS,USUARIO_CREO,FECHA_CREO,USUARIO_MODIFICO,FECHA_MODIFICO) VALUES (909,2,6,73,96,1,'amxsab.system@gmail.com',CURRENT_TIMESTAMP,'amxsab.system@gmail.com',CURRENT_TIMESTAMP);
INSERT INTO VUELO (NUMERO_VUELO,ID_COMPANIA,ID_TIPO_CABINA,ID_ESTACION_ORIGEN,ID_ESTACION_DESTINO,STATUS,USUARIO_CREO,FECHA_CREO,USUARIO_MODIFICO,FECHA_MODIFICO) VALUES (910,2,6,96,73,1,'amxsab.system@gmail.com',CURRENT_TIMESTAMP,'amxsab.system@gmail.com',CURRENT_TIMESTAMP);
INSERT INTO VUELO (NUMERO_VUELO,ID_COMPANIA,ID_TIPO_CABINA,ID_ESTACION_ORIGEN,ID_ESTACION_DESTINO,STATUS,USUARIO_CREO,FECHA_CREO,USUARIO_MODIFICO,FECHA_MODIFICO) VALUES (914,2,6,96,73,1,'amxsab.system@gmail.com',CURRENT_TIMESTAMP,'amxsab.system@gmail.com',CURRENT_TIMESTAMP);
INSERT INTO VUELO (NUMERO_VUELO,ID_COMPANIA,ID_TIPO_CABINA,ID_ESTACION_ORIGEN,ID_ESTACION_DESTINO,STATUS,USUARIO_CREO,FECHA_CREO,USUARIO_MODIFICO,FECHA_MODIFICO) VALUES (917,2,6,73,96,1,'amxsab.system@gmail.com',CURRENT_TIMESTAMP,'amxsab.system@gmail.com',CURRENT_TIMESTAMP);
INSERT INTO VUELO (NUMERO_VUELO,ID_COMPANIA,ID_TIPO_CABINA,ID_ESTACION_ORIGEN,ID_ESTACION_DESTINO,STATUS,USUARIO_CREO,FECHA_CREO,USUARIO_MODIFICO,FECHA_MODIFICO) VALUES (918,2,6,96,73,1,'amxsab.system@gmail.com',CURRENT_TIMESTAMP,'amxsab.system@gmail.com',CURRENT_TIMESTAMP);
INSERT INTO VUELO (NUMERO_VUELO,ID_COMPANIA,ID_TIPO_CABINA,ID_ESTACION_ORIGEN,ID_ESTACION_DESTINO,STATUS,USUARIO_CREO,FECHA_CREO,USUARIO_MODIFICO,FECHA_MODIFICO) VALUES (919,2,6,73,96,1,'amxsab.system@gmail.com',CURRENT_TIMESTAMP,'amxsab.system@gmail.com',CURRENT_TIMESTAMP);
INSERT INTO VUELO (NUMERO_VUELO,ID_COMPANIA,ID_TIPO_CABINA,ID_ESTACION_ORIGEN,ID_ESTACION_DESTINO,STATUS,USUARIO_CREO,FECHA_CREO,USUARIO_MODIFICO,FECHA_MODIFICO) VALUES (920,2,6,96,73,1,'amxsab.system@gmail.com',CURRENT_TIMESTAMP,'amxsab.system@gmail.com',CURRENT_TIMESTAMP);
INSERT INTO VUELO (NUMERO_VUELO,ID_COMPANIA,ID_TIPO_CABINA,ID_ESTACION_ORIGEN,ID_ESTACION_DESTINO,STATUS,USUARIO_CREO,FECHA_CREO,USUARIO_MODIFICO,FECHA_MODIFICO) VALUES (921,2,6,73,96,1,'amxsab.system@gmail.com',CURRENT_TIMESTAMP,'amxsab.system@gmail.com',CURRENT_TIMESTAMP);
INSERT INTO VUELO (NUMERO_VUELO,ID_COMPANIA,ID_TIPO_CABINA,ID_ESTACION_ORIGEN,ID_ESTACION_DESTINO,STATUS,USUARIO_CREO,FECHA_CREO,USUARIO_MODIFICO,FECHA_MODIFICO) VALUES (922,2,6,96,73,1,'amxsab.system@gmail.com',CURRENT_TIMESTAMP,'amxsab.system@gmail.com',CURRENT_TIMESTAMP);
INSERT INTO VUELO (NUMERO_VUELO,ID_COMPANIA,ID_TIPO_CABINA,ID_ESTACION_ORIGEN,ID_ESTACION_DESTINO,STATUS,USUARIO_CREO,FECHA_CREO,USUARIO_MODIFICO,FECHA_MODIFICO) VALUES (924,2,6,96,73,1,'amxsab.system@gmail.com',CURRENT_TIMESTAMP,'amxsab.system@gmail.com',CURRENT_TIMESTAMP);
INSERT INTO VUELO (NUMERO_VUELO,ID_COMPANIA,ID_TIPO_CABINA,ID_ESTACION_ORIGEN,ID_ESTACION_DESTINO,STATUS,USUARIO_CREO,FECHA_CREO,USUARIO_MODIFICO,FECHA_MODIFICO) VALUES (927,2,6,73,96,1,'amxsab.system@gmail.com',CURRENT_TIMESTAMP,'amxsab.system@gmail.com',CURRENT_TIMESTAMP);
INSERT INTO VUELO (NUMERO_VUELO,ID_COMPANIA,ID_TIPO_CABINA,ID_ESTACION_ORIGEN,ID_ESTACION_DESTINO,STATUS,USUARIO_CREO,FECHA_CREO,USUARIO_MODIFICO,FECHA_MODIFICO) VALUES (928,2,6,96,73,1,'amxsab.system@gmail.com',CURRENT_TIMESTAMP,'amxsab.system@gmail.com',CURRENT_TIMESTAMP);
INSERT INTO VUELO (NUMERO_VUELO,ID_COMPANIA,ID_TIPO_CABINA,ID_ESTACION_ORIGEN,ID_ESTACION_DESTINO,STATUS,USUARIO_CREO,FECHA_CREO,USUARIO_MODIFICO,FECHA_MODIFICO) VALUES (929,1,6,73,96,1,'amxsab.system@gmail.com',CURRENT_TIMESTAMP,'amxsab.system@gmail.com',CURRENT_TIMESTAMP);
INSERT INTO VUELO (NUMERO_VUELO,ID_COMPANIA,ID_TIPO_CABINA,ID_ESTACION_ORIGEN,ID_ESTACION_DESTINO,STATUS,USUARIO_CREO,FECHA_CREO,USUARIO_MODIFICO,FECHA_MODIFICO) VALUES (930,2,6,96,73,1,'amxsab.system@gmail.com',CURRENT_TIMESTAMP,'amxsab.system@gmail.com',CURRENT_TIMESTAMP);
INSERT INTO VUELO (NUMERO_VUELO,ID_COMPANIA,ID_TIPO_CABINA,ID_ESTACION_ORIGEN,ID_ESTACION_DESTINO,STATUS,USUARIO_CREO,FECHA_CREO,USUARIO_MODIFICO,FECHA_MODIFICO) VALUES (932,2,6,96,73,1,'amxsab.system@gmail.com',CURRENT_TIMESTAMP,'amxsab.system@gmail.com',CURRENT_TIMESTAMP);
INSERT INTO VUELO (NUMERO_VUELO,ID_COMPANIA,ID_TIPO_CABINA,ID_ESTACION_ORIGEN,ID_ESTACION_DESTINO,STATUS,USUARIO_CREO,FECHA_CREO,USUARIO_MODIFICO,FECHA_MODIFICO) VALUES (933,2,6,73,96,1,'amxsab.system@gmail.com',CURRENT_TIMESTAMP,'amxsab.system@gmail.com',CURRENT_TIMESTAMP);
INSERT INTO VUELO (NUMERO_VUELO,ID_COMPANIA,ID_TIPO_CABINA,ID_ESTACION_ORIGEN,ID_ESTACION_DESTINO,STATUS,USUARIO_CREO,FECHA_CREO,USUARIO_MODIFICO,FECHA_MODIFICO) VALUES (935,2,6,73,96,1,'amxsab.system@gmail.com',CURRENT_TIMESTAMP,'amxsab.system@gmail.com',CURRENT_TIMESTAMP);
INSERT INTO VUELO (NUMERO_VUELO,ID_COMPANIA,ID_TIPO_CABINA,ID_ESTACION_ORIGEN,ID_ESTACION_DESTINO,STATUS,USUARIO_CREO,FECHA_CREO,USUARIO_MODIFICO,FECHA_MODIFICO) VALUES (936,2,6,96,73,1,'amxsab.system@gmail.com',CURRENT_TIMESTAMP,'amxsab.system@gmail.com',CURRENT_TIMESTAMP);
INSERT INTO VUELO (NUMERO_VUELO,ID_COMPANIA,ID_TIPO_CABINA,ID_ESTACION_ORIGEN,ID_ESTACION_DESTINO,STATUS,USUARIO_CREO,FECHA_CREO,USUARIO_MODIFICO,FECHA_MODIFICO) VALUES (937,2,6,73,96,1,'amxsab.system@gmail.com',CURRENT_TIMESTAMP,'amxsab.system@gmail.com',CURRENT_TIMESTAMP);
INSERT INTO VUELO (NUMERO_VUELO,ID_COMPANIA,ID_TIPO_CABINA,ID_ESTACION_ORIGEN,ID_ESTACION_DESTINO,STATUS,USUARIO_CREO,FECHA_CREO,USUARIO_MODIFICO,FECHA_MODIFICO) VALUES (940,2,6,96,73,1,'amxsab.system@gmail.com',CURRENT_TIMESTAMP,'amxsab.system@gmail.com',CURRENT_TIMESTAMP);
INSERT INTO VUELO (NUMERO_VUELO,ID_COMPANIA,ID_TIPO_CABINA,ID_ESTACION_ORIGEN,ID_ESTACION_DESTINO,STATUS,USUARIO_CREO,FECHA_CREO,USUARIO_MODIFICO,FECHA_MODIFICO) VALUES (941,2,6,73,96,1,'amxsab.system@gmail.com',CURRENT_TIMESTAMP,'amxsab.system@gmail.com',CURRENT_TIMESTAMP);
INSERT INTO VUELO (NUMERO_VUELO,ID_COMPANIA,ID_TIPO_CABINA,ID_ESTACION_ORIGEN,ID_ESTACION_DESTINO,STATUS,USUARIO_CREO,FECHA_CREO,USUARIO_MODIFICO,FECHA_MODIFICO) VALUES (943,2,6,73,96,1,'amxsab.system@gmail.com',CURRENT_TIMESTAMP,'amxsab.system@gmail.com',CURRENT_TIMESTAMP);
INSERT INTO VUELO (NUMERO_VUELO,ID_COMPANIA,ID_TIPO_CABINA,ID_ESTACION_ORIGEN,ID_ESTACION_DESTINO,STATUS,USUARIO_CREO,FECHA_CREO,USUARIO_MODIFICO,FECHA_MODIFICO) VALUES (953,2,6,73,96,1,'amxsab.system@gmail.com',CURRENT_TIMESTAMP,'amxsab.system@gmail.com',CURRENT_TIMESTAMP);
INSERT INTO VUELO (NUMERO_VUELO,ID_COMPANIA,ID_TIPO_CABINA,ID_ESTACION_ORIGEN,ID_ESTACION_DESTINO,STATUS,USUARIO_CREO,FECHA_CREO,USUARIO_MODIFICO,FECHA_MODIFICO) VALUES (954,2,6,96,73,1,'amxsab.system@gmail.com',CURRENT_TIMESTAMP,'amxsab.system@gmail.com',CURRENT_TIMESTAMP);
INSERT INTO VUELO (NUMERO_VUELO,ID_COMPANIA,ID_TIPO_CABINA,ID_ESTACION_ORIGEN,ID_ESTACION_DESTINO,STATUS,USUARIO_CREO,FECHA_CREO,USUARIO_MODIFICO,FECHA_MODIFICO) VALUES (957,2,6,73,96,1,'amxsab.system@gmail.com',CURRENT_TIMESTAMP,'amxsab.system@gmail.com',CURRENT_TIMESTAMP);
INSERT INTO VUELO (NUMERO_VUELO,ID_COMPANIA,ID_TIPO_CABINA,ID_ESTACION_ORIGEN,ID_ESTACION_DESTINO,STATUS,USUARIO_CREO,FECHA_CREO,USUARIO_MODIFICO,FECHA_MODIFICO) VALUES (958,2,6,96,73,1,'amxsab.system@gmail.com',CURRENT_TIMESTAMP,'amxsab.system@gmail.com',CURRENT_TIMESTAMP);
INSERT INTO VUELO (NUMERO_VUELO,ID_COMPANIA,ID_TIPO_CABINA,ID_ESTACION_ORIGEN,ID_ESTACION_DESTINO,STATUS,USUARIO_CREO,FECHA_CREO,USUARIO_MODIFICO,FECHA_MODIFICO) VALUES (2001,2,6,61,73,1,'amxsab.system@gmail.com',CURRENT_TIMESTAMP,'amxsab.system@gmail.com',CURRENT_TIMESTAMP);
INSERT INTO VUELO (NUMERO_VUELO,ID_COMPANIA,ID_TIPO_CABINA,ID_ESTACION_ORIGEN,ID_ESTACION_DESTINO,STATUS,USUARIO_CREO,FECHA_CREO,USUARIO_MODIFICO,FECHA_MODIFICO) VALUES (2003,2,6,65,73,1,'amxsab.system@gmail.com',CURRENT_TIMESTAMP,'amxsab.system@gmail.com',CURRENT_TIMESTAMP);
INSERT INTO VUELO (NUMERO_VUELO,ID_COMPANIA,ID_TIPO_CABINA,ID_ESTACION_ORIGEN,ID_ESTACION_DESTINO,STATUS,USUARIO_CREO,FECHA_CREO,USUARIO_MODIFICO,FECHA_MODIFICO) VALUES (2005,2,6,73,64,1,'amxsab.system@gmail.com',CURRENT_TIMESTAMP,'amxsab.system@gmail.com',CURRENT_TIMESTAMP);
INSERT INTO VUELO (NUMERO_VUELO,ID_COMPANIA,ID_TIPO_CABINA,ID_ESTACION_ORIGEN,ID_ESTACION_DESTINO,STATUS,USUARIO_CREO,FECHA_CREO,USUARIO_MODIFICO,FECHA_MODIFICO) VALUES (2007,2,6,73,56,1,'amxsab.system@gmail.com',CURRENT_TIMESTAMP,'amxsab.system@gmail.com',CURRENT_TIMESTAMP);
INSERT INTO VUELO (NUMERO_VUELO,ID_COMPANIA,ID_TIPO_CABINA,ID_ESTACION_ORIGEN,ID_ESTACION_DESTINO,STATUS,USUARIO_CREO,FECHA_CREO,USUARIO_MODIFICO,FECHA_MODIFICO) VALUES (2010,2,6,51,73,1,'amxsab.system@gmail.com',CURRENT_TIMESTAMP,'amxsab.system@gmail.com',CURRENT_TIMESTAMP);
INSERT INTO VUELO (NUMERO_VUELO,ID_COMPANIA,ID_TIPO_CABINA,ID_ESTACION_ORIGEN,ID_ESTACION_DESTINO,STATUS,USUARIO_CREO,FECHA_CREO,USUARIO_MODIFICO,FECHA_MODIFICO) VALUES (2013,2,6,56,73,1,'amxsab.system@gmail.com',CURRENT_TIMESTAMP,'amxsab.system@gmail.com',CURRENT_TIMESTAMP);
INSERT INTO VUELO (NUMERO_VUELO,ID_COMPANIA,ID_TIPO_CABINA,ID_ESTACION_ORIGEN,ID_ESTACION_DESTINO,STATUS,USUARIO_CREO,FECHA_CREO,USUARIO_MODIFICO,FECHA_MODIFICO) VALUES (2015,2,6,56,73,1,'amxsab.system@gmail.com',CURRENT_TIMESTAMP,'amxsab.system@gmail.com',CURRENT_TIMESTAMP);
INSERT INTO VUELO (NUMERO_VUELO,ID_COMPANIA,ID_TIPO_CABINA,ID_ESTACION_ORIGEN,ID_ESTACION_DESTINO,STATUS,USUARIO_CREO,FECHA_CREO,USUARIO_MODIFICO,FECHA_MODIFICO) VALUES (2018,2,6,65,73,1,'amxsab.system@gmail.com',CURRENT_TIMESTAMP,'amxsab.system@gmail.com',CURRENT_TIMESTAMP);
INSERT INTO VUELO (NUMERO_VUELO,ID_COMPANIA,ID_TIPO_CABINA,ID_ESTACION_ORIGEN,ID_ESTACION_DESTINO,STATUS,USUARIO_CREO,FECHA_CREO,USUARIO_MODIFICO,FECHA_MODIFICO) VALUES (2019,2,6,73,51,1,'amxsab.system@gmail.com',CURRENT_TIMESTAMP,'amxsab.system@gmail.com',CURRENT_TIMESTAMP);
INSERT INTO VUELO (NUMERO_VUELO,ID_COMPANIA,ID_TIPO_CABINA,ID_ESTACION_ORIGEN,ID_ESTACION_DESTINO,STATUS,USUARIO_CREO,FECHA_CREO,USUARIO_MODIFICO,FECHA_MODIFICO) VALUES (2020,2,6,61,73,1,'amxsab.system@gmail.com',CURRENT_TIMESTAMP,'amxsab.system@gmail.com',CURRENT_TIMESTAMP);
INSERT INTO VUELO (NUMERO_VUELO,ID_COMPANIA,ID_TIPO_CABINA,ID_ESTACION_ORIGEN,ID_ESTACION_DESTINO,STATUS,USUARIO_CREO,FECHA_CREO,USUARIO_MODIFICO,FECHA_MODIFICO) VALUES (2021,2,6,51,73,1,'amxsab.system@gmail.com',CURRENT_TIMESTAMP,'amxsab.system@gmail.com',CURRENT_TIMESTAMP);
INSERT INTO VUELO (NUMERO_VUELO,ID_COMPANIA,ID_TIPO_CABINA,ID_ESTACION_ORIGEN,ID_ESTACION_DESTINO,STATUS,USUARIO_CREO,FECHA_CREO,USUARIO_MODIFICO,FECHA_MODIFICO) VALUES (2022,2,6,73,61,1,'amxsab.system@gmail.com',CURRENT_TIMESTAMP,'amxsab.system@gmail.com',CURRENT_TIMESTAMP);
INSERT INTO VUELO (NUMERO_VUELO,ID_COMPANIA,ID_TIPO_CABINA,ID_ESTACION_ORIGEN,ID_ESTACION_DESTINO,STATUS,USUARIO_CREO,FECHA_CREO,USUARIO_MODIFICO,FECHA_MODIFICO) VALUES (2023,2,6,73,64,1,'amxsab.system@gmail.com',CURRENT_TIMESTAMP,'amxsab.system@gmail.com',CURRENT_TIMESTAMP);
INSERT INTO VUELO (NUMERO_VUELO,ID_COMPANIA,ID_TIPO_CABINA,ID_ESTACION_ORIGEN,ID_ESTACION_DESTINO,STATUS,USUARIO_CREO,FECHA_CREO,USUARIO_MODIFICO,FECHA_MODIFICO) VALUES (2024,2,6,64,73,1,'amxsab.system@gmail.com',CURRENT_TIMESTAMP,'amxsab.system@gmail.com',CURRENT_TIMESTAMP);
INSERT INTO VUELO (NUMERO_VUELO,ID_COMPANIA,ID_TIPO_CABINA,ID_ESTACION_ORIGEN,ID_ESTACION_DESTINO,STATUS,USUARIO_CREO,FECHA_CREO,USUARIO_MODIFICO,FECHA_MODIFICO) VALUES (2025,2,6,64,73,1,'amxsab.system@gmail.com',CURRENT_TIMESTAMP,'amxsab.system@gmail.com',CURRENT_TIMESTAMP);
INSERT INTO VUELO (NUMERO_VUELO,ID_COMPANIA,ID_TIPO_CABINA,ID_ESTACION_ORIGEN,ID_ESTACION_DESTINO,STATUS,USUARIO_CREO,FECHA_CREO,USUARIO_MODIFICO,FECHA_MODIFICO) VALUES (2027,2,6,64,73,1,'amxsab.system@gmail.com',CURRENT_TIMESTAMP,'amxsab.system@gmail.com',CURRENT_TIMESTAMP);
INSERT INTO VUELO (NUMERO_VUELO,ID_COMPANIA,ID_TIPO_CABINA,ID_ESTACION_ORIGEN,ID_ESTACION_DESTINO,STATUS,USUARIO_CREO,FECHA_CREO,USUARIO_MODIFICO,FECHA_MODIFICO) VALUES (2029,2,6,73,64,1,'amxsab.system@gmail.com',CURRENT_TIMESTAMP,'amxsab.system@gmail.com',CURRENT_TIMESTAMP);
INSERT INTO VUELO (NUMERO_VUELO,ID_COMPANIA,ID_TIPO_CABINA,ID_ESTACION_ORIGEN,ID_ESTACION_DESTINO,STATUS,USUARIO_CREO,FECHA_CREO,USUARIO_MODIFICO,FECHA_MODIFICO) VALUES (2030,2,6,73,51,1,'amxsab.system@gmail.com',CURRENT_TIMESTAMP,'amxsab.system@gmail.com',CURRENT_TIMESTAMP);
INSERT INTO VUELO (NUMERO_VUELO,ID_COMPANIA,ID_TIPO_CABINA,ID_ESTACION_ORIGEN,ID_ESTACION_DESTINO,STATUS,USUARIO_CREO,FECHA_CREO,USUARIO_MODIFICO,FECHA_MODIFICO) VALUES (2031,2,6,51,73,1,'amxsab.system@gmail.com',CURRENT_TIMESTAMP,'amxsab.system@gmail.com',CURRENT_TIMESTAMP);
INSERT INTO VUELO (NUMERO_VUELO,ID_COMPANIA,ID_TIPO_CABINA,ID_ESTACION_ORIGEN,ID_ESTACION_DESTINO,STATUS,USUARIO_CREO,FECHA_CREO,USUARIO_MODIFICO,FECHA_MODIFICO) VALUES (2032,2,6,61,73,1,'amxsab.system@gmail.com',CURRENT_TIMESTAMP,'amxsab.system@gmail.com',CURRENT_TIMESTAMP);
INSERT INTO VUELO (NUMERO_VUELO,ID_COMPANIA,ID_TIPO_CABINA,ID_ESTACION_ORIGEN,ID_ESTACION_DESTINO,STATUS,USUARIO_CREO,FECHA_CREO,USUARIO_MODIFICO,FECHA_MODIFICO) VALUES (2036,2,6,96,77,1,'amxsab.system@gmail.com',CURRENT_TIMESTAMP,'amxsab.system@gmail.com',CURRENT_TIMESTAMP);
INSERT INTO VUELO (NUMERO_VUELO,ID_COMPANIA,ID_TIPO_CABINA,ID_ESTACION_ORIGEN,ID_ESTACION_DESTINO,STATUS,USUARIO_CREO,FECHA_CREO,USUARIO_MODIFICO,FECHA_MODIFICO) VALUES (2037,2,6,77,96,1,'amxsab.system@gmail.com',CURRENT_TIMESTAMP,'amxsab.system@gmail.com',CURRENT_TIMESTAMP);
INSERT INTO VUELO (NUMERO_VUELO,ID_COMPANIA,ID_TIPO_CABINA,ID_ESTACION_ORIGEN,ID_ESTACION_DESTINO,STATUS,USUARIO_CREO,FECHA_CREO,USUARIO_MODIFICO,FECHA_MODIFICO) VALUES (2042,2,6,96,57,1,'amxsab.system@gmail.com',CURRENT_TIMESTAMP,'amxsab.system@gmail.com',CURRENT_TIMESTAMP);
INSERT INTO VUELO (NUMERO_VUELO,ID_COMPANIA,ID_TIPO_CABINA,ID_ESTACION_ORIGEN,ID_ESTACION_DESTINO,STATUS,USUARIO_CREO,FECHA_CREO,USUARIO_MODIFICO,FECHA_MODIFICO) VALUES (2043,2,6,57,96,1,'amxsab.system@gmail.com',CURRENT_TIMESTAMP,'amxsab.system@gmail.com',CURRENT_TIMESTAMP);
INSERT INTO VUELO (NUMERO_VUELO,ID_COMPANIA,ID_TIPO_CABINA,ID_ESTACION_ORIGEN,ID_ESTACION_DESTINO,STATUS,USUARIO_CREO,FECHA_CREO,USUARIO_MODIFICO,FECHA_MODIFICO) VALUES (2046,2,6,96,77,1,'amxsab.system@gmail.com',CURRENT_TIMESTAMP,'amxsab.system@gmail.com',CURRENT_TIMESTAMP);
INSERT INTO VUELO (NUMERO_VUELO,ID_COMPANIA,ID_TIPO_CABINA,ID_ESTACION_ORIGEN,ID_ESTACION_DESTINO,STATUS,USUARIO_CREO,FECHA_CREO,USUARIO_MODIFICO,FECHA_MODIFICO) VALUES (2047,2,6,77,96,1,'amxsab.system@gmail.com',CURRENT_TIMESTAMP,'amxsab.system@gmail.com',CURRENT_TIMESTAMP);
INSERT INTO VUELO (NUMERO_VUELO,ID_COMPANIA,ID_TIPO_CABINA,ID_ESTACION_ORIGEN,ID_ESTACION_DESTINO,STATUS,USUARIO_CREO,FECHA_CREO,USUARIO_MODIFICO,FECHA_MODIFICO) VALUES (2048,2,6,96,77,1,'amxsab.system@gmail.com',CURRENT_TIMESTAMP,'amxsab.system@gmail.com',CURRENT_TIMESTAMP);
INSERT INTO VUELO (NUMERO_VUELO,ID_COMPANIA,ID_TIPO_CABINA,ID_ESTACION_ORIGEN,ID_ESTACION_DESTINO,STATUS,USUARIO_CREO,FECHA_CREO,USUARIO_MODIFICO,FECHA_MODIFICO) VALUES (2049,2,6,77,96,1,'amxsab.system@gmail.com',CURRENT_TIMESTAMP,'amxsab.system@gmail.com',CURRENT_TIMESTAMP);
INSERT INTO VUELO (NUMERO_VUELO,ID_COMPANIA,ID_TIPO_CABINA,ID_ESTACION_ORIGEN,ID_ESTACION_DESTINO,STATUS,USUARIO_CREO,FECHA_CREO,USUARIO_MODIFICO,FECHA_MODIFICO) VALUES (2050,2,6,65,73,1,'amxsab.system@gmail.com',CURRENT_TIMESTAMP,'amxsab.system@gmail.com',CURRENT_TIMESTAMP);
INSERT INTO VUELO (NUMERO_VUELO,ID_COMPANIA,ID_TIPO_CABINA,ID_ESTACION_ORIGEN,ID_ESTACION_DESTINO,STATUS,USUARIO_CREO,FECHA_CREO,USUARIO_MODIFICO,FECHA_MODIFICO) VALUES (2051,2,6,73,65,1,'amxsab.system@gmail.com',CURRENT_TIMESTAMP,'amxsab.system@gmail.com',CURRENT_TIMESTAMP);
INSERT INTO VUELO (NUMERO_VUELO,ID_COMPANIA,ID_TIPO_CABINA,ID_ESTACION_ORIGEN,ID_ESTACION_DESTINO,STATUS,USUARIO_CREO,FECHA_CREO,USUARIO_MODIFICO,FECHA_MODIFICO) VALUES (2053,2,6,65,73,1,'amxsab.system@gmail.com',CURRENT_TIMESTAMP,'amxsab.system@gmail.com',CURRENT_TIMESTAMP);
INSERT INTO VUELO (NUMERO_VUELO,ID_COMPANIA,ID_TIPO_CABINA,ID_ESTACION_ORIGEN,ID_ESTACION_DESTINO,STATUS,USUARIO_CREO,FECHA_CREO,USUARIO_MODIFICO,FECHA_MODIFICO) VALUES (2054,2,6,73,65,1,'amxsab.system@gmail.com',CURRENT_TIMESTAMP,'amxsab.system@gmail.com',CURRENT_TIMESTAMP);
INSERT INTO VUELO (NUMERO_VUELO,ID_COMPANIA,ID_TIPO_CABINA,ID_ESTACION_ORIGEN,ID_ESTACION_DESTINO,STATUS,USUARIO_CREO,FECHA_CREO,USUARIO_MODIFICO,FECHA_MODIFICO) VALUES (2062,2,6,96,55,1,'amxsab.system@gmail.com',CURRENT_TIMESTAMP,'amxsab.system@gmail.com',CURRENT_TIMESTAMP);
INSERT INTO VUELO (NUMERO_VUELO,ID_COMPANIA,ID_TIPO_CABINA,ID_ESTACION_ORIGEN,ID_ESTACION_DESTINO,STATUS,USUARIO_CREO,FECHA_CREO,USUARIO_MODIFICO,FECHA_MODIFICO) VALUES (2063,2,6,55,96,1,'amxsab.system@gmail.com',CURRENT_TIMESTAMP,'amxsab.system@gmail.com',CURRENT_TIMESTAMP);
INSERT INTO VUELO (NUMERO_VUELO,ID_COMPANIA,ID_TIPO_CABINA,ID_ESTACION_ORIGEN,ID_ESTACION_DESTINO,STATUS,USUARIO_CREO,FECHA_CREO,USUARIO_MODIFICO,FECHA_MODIFICO) VALUES (2066,2,6,96,55,1,'amxsab.system@gmail.com',CURRENT_TIMESTAMP,'amxsab.system@gmail.com',CURRENT_TIMESTAMP);
INSERT INTO VUELO (NUMERO_VUELO,ID_COMPANIA,ID_TIPO_CABINA,ID_ESTACION_ORIGEN,ID_ESTACION_DESTINO,STATUS,USUARIO_CREO,FECHA_CREO,USUARIO_MODIFICO,FECHA_MODIFICO) VALUES (2067,2,6,55,96,1,'amxsab.system@gmail.com',CURRENT_TIMESTAMP,'amxsab.system@gmail.com',CURRENT_TIMESTAMP);
INSERT INTO VUELO (NUMERO_VUELO,ID_COMPANIA,ID_TIPO_CABINA,ID_ESTACION_ORIGEN,ID_ESTACION_DESTINO,STATUS,USUARIO_CREO,FECHA_CREO,USUARIO_MODIFICO,FECHA_MODIFICO) VALUES (2069,2,6,67,96,1,'amxsab.system@gmail.com',CURRENT_TIMESTAMP,'amxsab.system@gmail.com',CURRENT_TIMESTAMP);
INSERT INTO VUELO (NUMERO_VUELO,ID_COMPANIA,ID_TIPO_CABINA,ID_ESTACION_ORIGEN,ID_ESTACION_DESTINO,STATUS,USUARIO_CREO,FECHA_CREO,USUARIO_MODIFICO,FECHA_MODIFICO) VALUES (2070,2,6,96,67,1,'amxsab.system@gmail.com',CURRENT_TIMESTAMP,'amxsab.system@gmail.com',CURRENT_TIMESTAMP);
INSERT INTO VUELO (NUMERO_VUELO,ID_COMPANIA,ID_TIPO_CABINA,ID_ESTACION_ORIGEN,ID_ESTACION_DESTINO,STATUS,USUARIO_CREO,FECHA_CREO,USUARIO_MODIFICO,FECHA_MODIFICO) VALUES (2071,2,6,67,96,1,'amxsab.system@gmail.com',CURRENT_TIMESTAMP,'amxsab.system@gmail.com',CURRENT_TIMESTAMP);
INSERT INTO VUELO (NUMERO_VUELO,ID_COMPANIA,ID_TIPO_CABINA,ID_ESTACION_ORIGEN,ID_ESTACION_DESTINO,STATUS,USUARIO_CREO,FECHA_CREO,USUARIO_MODIFICO,FECHA_MODIFICO) VALUES (2072,2,6,96,67,1,'amxsab.system@gmail.com',CURRENT_TIMESTAMP,'amxsab.system@gmail.com',CURRENT_TIMESTAMP);
INSERT INTO VUELO (NUMERO_VUELO,ID_COMPANIA,ID_TIPO_CABINA,ID_ESTACION_ORIGEN,ID_ESTACION_DESTINO,STATUS,USUARIO_CREO,FECHA_CREO,USUARIO_MODIFICO,FECHA_MODIFICO) VALUES (2073,2,6,67,96,1,'amxsab.system@gmail.com',CURRENT_TIMESTAMP,'amxsab.system@gmail.com',CURRENT_TIMESTAMP);
INSERT INTO VUELO (NUMERO_VUELO,ID_COMPANIA,ID_TIPO_CABINA,ID_ESTACION_ORIGEN,ID_ESTACION_DESTINO,STATUS,USUARIO_CREO,FECHA_CREO,USUARIO_MODIFICO,FECHA_MODIFICO) VALUES (2074,2,6,96,67,1,'amxsab.system@gmail.com',CURRENT_TIMESTAMP,'amxsab.system@gmail.com',CURRENT_TIMESTAMP);
INSERT INTO VUELO (NUMERO_VUELO,ID_COMPANIA,ID_TIPO_CABINA,ID_ESTACION_ORIGEN,ID_ESTACION_DESTINO,STATUS,USUARIO_CREO,FECHA_CREO,USUARIO_MODIFICO,FECHA_MODIFICO) VALUES (2078,2,6,73,88,1,'amxsab.system@gmail.com',CURRENT_TIMESTAMP,'amxsab.system@gmail.com',CURRENT_TIMESTAMP);
INSERT INTO VUELO (NUMERO_VUELO,ID_COMPANIA,ID_TIPO_CABINA,ID_ESTACION_ORIGEN,ID_ESTACION_DESTINO,STATUS,USUARIO_CREO,FECHA_CREO,USUARIO_MODIFICO,FECHA_MODIFICO) VALUES (2079,2,6,88,73,1,'amxsab.system@gmail.com',CURRENT_TIMESTAMP,'amxsab.system@gmail.com',CURRENT_TIMESTAMP);
INSERT INTO VUELO (NUMERO_VUELO,ID_COMPANIA,ID_TIPO_CABINA,ID_ESTACION_ORIGEN,ID_ESTACION_DESTINO,STATUS,USUARIO_CREO,FECHA_CREO,USUARIO_MODIFICO,FECHA_MODIFICO) VALUES (2080,2,6,96,68,1,'amxsab.system@gmail.com',CURRENT_TIMESTAMP,'amxsab.system@gmail.com',CURRENT_TIMESTAMP);
INSERT INTO VUELO (NUMERO_VUELO,ID_COMPANIA,ID_TIPO_CABINA,ID_ESTACION_ORIGEN,ID_ESTACION_DESTINO,STATUS,USUARIO_CREO,FECHA_CREO,USUARIO_MODIFICO,FECHA_MODIFICO) VALUES (2081,2,6,68,96,1,'amxsab.system@gmail.com',CURRENT_TIMESTAMP,'amxsab.system@gmail.com',CURRENT_TIMESTAMP);
INSERT INTO VUELO (NUMERO_VUELO,ID_COMPANIA,ID_TIPO_CABINA,ID_ESTACION_ORIGEN,ID_ESTACION_DESTINO,STATUS,USUARIO_CREO,FECHA_CREO,USUARIO_MODIFICO,FECHA_MODIFICO) VALUES (2082,2,6,96,68,1,'amxsab.system@gmail.com',CURRENT_TIMESTAMP,'amxsab.system@gmail.com',CURRENT_TIMESTAMP);
INSERT INTO VUELO (NUMERO_VUELO,ID_COMPANIA,ID_TIPO_CABINA,ID_ESTACION_ORIGEN,ID_ESTACION_DESTINO,STATUS,USUARIO_CREO,FECHA_CREO,USUARIO_MODIFICO,FECHA_MODIFICO) VALUES (2083,2,6,68,96,1,'amxsab.system@gmail.com',CURRENT_TIMESTAMP,'amxsab.system@gmail.com',CURRENT_TIMESTAMP);
INSERT INTO VUELO (NUMERO_VUELO,ID_COMPANIA,ID_TIPO_CABINA,ID_ESTACION_ORIGEN,ID_ESTACION_DESTINO,STATUS,USUARIO_CREO,FECHA_CREO,USUARIO_MODIFICO,FECHA_MODIFICO) VALUES (2084,2,6,96,91,1,'amxsab.system@gmail.com',CURRENT_TIMESTAMP,'amxsab.system@gmail.com',CURRENT_TIMESTAMP);
INSERT INTO VUELO (NUMERO_VUELO,ID_COMPANIA,ID_TIPO_CABINA,ID_ESTACION_ORIGEN,ID_ESTACION_DESTINO,STATUS,USUARIO_CREO,FECHA_CREO,USUARIO_MODIFICO,FECHA_MODIFICO) VALUES (2085,2,6,91,96,1,'amxsab.system@gmail.com',CURRENT_TIMESTAMP,'amxsab.system@gmail.com',CURRENT_TIMESTAMP);
INSERT INTO VUELO (NUMERO_VUELO,ID_COMPANIA,ID_TIPO_CABINA,ID_ESTACION_ORIGEN,ID_ESTACION_DESTINO,STATUS,USUARIO_CREO,FECHA_CREO,USUARIO_MODIFICO,FECHA_MODIFICO) VALUES (2086,2,6,96,91,1,'amxsab.system@gmail.com',CURRENT_TIMESTAMP,'amxsab.system@gmail.com',CURRENT_TIMESTAMP);
INSERT INTO VUELO (NUMERO_VUELO,ID_COMPANIA,ID_TIPO_CABINA,ID_ESTACION_ORIGEN,ID_ESTACION_DESTINO,STATUS,USUARIO_CREO,FECHA_CREO,USUARIO_MODIFICO,FECHA_MODIFICO) VALUES (2087,2,6,91,96,1,'amxsab.system@gmail.com',CURRENT_TIMESTAMP,'amxsab.system@gmail.com',CURRENT_TIMESTAMP);
INSERT INTO VUELO (NUMERO_VUELO,ID_COMPANIA,ID_TIPO_CABINA,ID_ESTACION_ORIGEN,ID_ESTACION_DESTINO,STATUS,USUARIO_CREO,FECHA_CREO,USUARIO_MODIFICO,FECHA_MODIFICO) VALUES (2089,2,6,91,96,1,'amxsab.system@gmail.com',CURRENT_TIMESTAMP,'amxsab.system@gmail.com',CURRENT_TIMESTAMP);
INSERT INTO VUELO (NUMERO_VUELO,ID_COMPANIA,ID_TIPO_CABINA,ID_ESTACION_ORIGEN,ID_ESTACION_DESTINO,STATUS,USUARIO_CREO,FECHA_CREO,USUARIO_MODIFICO,FECHA_MODIFICO) VALUES (2091,2,6,91,96,1,'amxsab.system@gmail.com',CURRENT_TIMESTAMP,'amxsab.system@gmail.com',CURRENT_TIMESTAMP);
INSERT INTO VUELO (NUMERO_VUELO,ID_COMPANIA,ID_TIPO_CABINA,ID_ESTACION_ORIGEN,ID_ESTACION_DESTINO,STATUS,USUARIO_CREO,FECHA_CREO,USUARIO_MODIFICO,FECHA_MODIFICO) VALUES (2092,2,6,73,16,1,'amxsab.system@gmail.com',CURRENT_TIMESTAMP,'amxsab.system@gmail.com',CURRENT_TIMESTAMP);
INSERT INTO VUELO (NUMERO_VUELO,ID_COMPANIA,ID_TIPO_CABINA,ID_ESTACION_ORIGEN,ID_ESTACION_DESTINO,STATUS,USUARIO_CREO,FECHA_CREO,USUARIO_MODIFICO,FECHA_MODIFICO) VALUES (2093,2,6,16,73,1,'amxsab.system@gmail.com',CURRENT_TIMESTAMP,'amxsab.system@gmail.com',CURRENT_TIMESTAMP);
INSERT INTO VUELO (NUMERO_VUELO,ID_COMPANIA,ID_TIPO_CABINA,ID_ESTACION_ORIGEN,ID_ESTACION_DESTINO,STATUS,USUARIO_CREO,FECHA_CREO,USUARIO_MODIFICO,FECHA_MODIFICO) VALUES (2098,2,6,96,77,1,'amxsab.system@gmail.com',CURRENT_TIMESTAMP,'amxsab.system@gmail.com',CURRENT_TIMESTAMP);
INSERT INTO VUELO (NUMERO_VUELO,ID_COMPANIA,ID_TIPO_CABINA,ID_ESTACION_ORIGEN,ID_ESTACION_DESTINO,STATUS,USUARIO_CREO,FECHA_CREO,USUARIO_MODIFICO,FECHA_MODIFICO) VALUES (2099,2,6,77,96,1,'amxsab.system@gmail.com',CURRENT_TIMESTAMP,'amxsab.system@gmail.com',CURRENT_TIMESTAMP);
INSERT INTO VUELO (NUMERO_VUELO,ID_COMPANIA,ID_TIPO_CABINA,ID_ESTACION_ORIGEN,ID_ESTACION_DESTINO,STATUS,USUARIO_CREO,FECHA_CREO,USUARIO_MODIFICO,FECHA_MODIFICO) VALUES (2109,2,6,73,51,1,'amxsab.system@gmail.com',CURRENT_TIMESTAMP,'amxsab.system@gmail.com',CURRENT_TIMESTAMP);
INSERT INTO VUELO (NUMERO_VUELO,ID_COMPANIA,ID_TIPO_CABINA,ID_ESTACION_ORIGEN,ID_ESTACION_DESTINO,STATUS,USUARIO_CREO,FECHA_CREO,USUARIO_MODIFICO,FECHA_MODIFICO) VALUES (2110,2,6,51,73,1,'amxsab.system@gmail.com',CURRENT_TIMESTAMP,'amxsab.system@gmail.com',CURRENT_TIMESTAMP);
INSERT INTO VUELO (NUMERO_VUELO,ID_COMPANIA,ID_TIPO_CABINA,ID_ESTACION_ORIGEN,ID_ESTACION_DESTINO,STATUS,USUARIO_CREO,FECHA_CREO,USUARIO_MODIFICO,FECHA_MODIFICO) VALUES (2111,2,6,74,65,1,'amxsab.system@gmail.com',CURRENT_TIMESTAMP,'amxsab.system@gmail.com',CURRENT_TIMESTAMP);
INSERT INTO VUELO (NUMERO_VUELO,ID_COMPANIA,ID_TIPO_CABINA,ID_ESTACION_ORIGEN,ID_ESTACION_DESTINO,STATUS,USUARIO_CREO,FECHA_CREO,USUARIO_MODIFICO,FECHA_MODIFICO) VALUES (2114,2,6,59,65,1,'amxsab.system@gmail.com',CURRENT_TIMESTAMP,'amxsab.system@gmail.com',CURRENT_TIMESTAMP);
INSERT INTO VUELO (NUMERO_VUELO,ID_COMPANIA,ID_TIPO_CABINA,ID_ESTACION_ORIGEN,ID_ESTACION_DESTINO,STATUS,USUARIO_CREO,FECHA_CREO,USUARIO_MODIFICO,FECHA_MODIFICO) VALUES (2120,2,6,59,65,1,'amxsab.system@gmail.com',CURRENT_TIMESTAMP,'amxsab.system@gmail.com',CURRENT_TIMESTAMP);
INSERT INTO VUELO (NUMERO_VUELO,ID_COMPANIA,ID_TIPO_CABINA,ID_ESTACION_ORIGEN,ID_ESTACION_DESTINO,STATUS,USUARIO_CREO,FECHA_CREO,USUARIO_MODIFICO,FECHA_MODIFICO) VALUES (2127,2,6,74,65,1,'amxsab.system@gmail.com',CURRENT_TIMESTAMP,'amxsab.system@gmail.com',CURRENT_TIMESTAMP);
INSERT INTO VUELO (NUMERO_VUELO,ID_COMPANIA,ID_TIPO_CABINA,ID_ESTACION_ORIGEN,ID_ESTACION_DESTINO,STATUS,USUARIO_CREO,FECHA_CREO,USUARIO_MODIFICO,FECHA_MODIFICO) VALUES (2128,2,6,73,59,1,'amxsab.system@gmail.com',CURRENT_TIMESTAMP,'amxsab.system@gmail.com',CURRENT_TIMESTAMP);
INSERT INTO VUELO (NUMERO_VUELO,ID_COMPANIA,ID_TIPO_CABINA,ID_ESTACION_ORIGEN,ID_ESTACION_DESTINO,STATUS,USUARIO_CREO,FECHA_CREO,USUARIO_MODIFICO,FECHA_MODIFICO) VALUES (2129,2,6,74,65,1,'amxsab.system@gmail.com',CURRENT_TIMESTAMP,'amxsab.system@gmail.com',CURRENT_TIMESTAMP);
INSERT INTO VUELO (NUMERO_VUELO,ID_COMPANIA,ID_TIPO_CABINA,ID_ESTACION_ORIGEN,ID_ESTACION_DESTINO,STATUS,USUARIO_CREO,FECHA_CREO,USUARIO_MODIFICO,FECHA_MODIFICO) VALUES (2193,2,6,88,56,1,'amxsab.system@gmail.com',CURRENT_TIMESTAMP,'amxsab.system@gmail.com',CURRENT_TIMESTAMP);
INSERT INTO VUELO (NUMERO_VUELO,ID_COMPANIA,ID_TIPO_CABINA,ID_ESTACION_ORIGEN,ID_ESTACION_DESTINO,STATUS,USUARIO_CREO,FECHA_CREO,USUARIO_MODIFICO,FECHA_MODIFICO) VALUES (2200,2,6,65,20,1,'amxsab.system@gmail.com',CURRENT_TIMESTAMP,'amxsab.system@gmail.com',CURRENT_TIMESTAMP);
INSERT INTO VUELO (NUMERO_VUELO,ID_COMPANIA,ID_TIPO_CABINA,ID_ESTACION_ORIGEN,ID_ESTACION_DESTINO,STATUS,USUARIO_CREO,FECHA_CREO,USUARIO_MODIFICO,FECHA_MODIFICO) VALUES (2201,2,6,20,65,1,'amxsab.system@gmail.com',CURRENT_TIMESTAMP,'amxsab.system@gmail.com',CURRENT_TIMESTAMP);
INSERT INTO VUELO (NUMERO_VUELO,ID_COMPANIA,ID_TIPO_CABINA,ID_ESTACION_ORIGEN,ID_ESTACION_DESTINO,STATUS,USUARIO_CREO,FECHA_CREO,USUARIO_MODIFICO,FECHA_MODIFICO) VALUES (2219,2,6,73,61,1,'amxsab.system@gmail.com',CURRENT_TIMESTAMP,'amxsab.system@gmail.com',CURRENT_TIMESTAMP);
INSERT INTO VUELO (NUMERO_VUELO,ID_COMPANIA,ID_TIPO_CABINA,ID_ESTACION_ORIGEN,ID_ESTACION_DESTINO,STATUS,USUARIO_CREO,FECHA_CREO,USUARIO_MODIFICO,FECHA_MODIFICO) VALUES (2225,2,6,73,80,1,'amxsab.system@gmail.com',CURRENT_TIMESTAMP,'amxsab.system@gmail.com',CURRENT_TIMESTAMP);
INSERT INTO VUELO (NUMERO_VUELO,ID_COMPANIA,ID_TIPO_CABINA,ID_ESTACION_ORIGEN,ID_ESTACION_DESTINO,STATUS,USUARIO_CREO,FECHA_CREO,USUARIO_MODIFICO,FECHA_MODIFICO) VALUES (2226,2,6,80,73,1,'amxsab.system@gmail.com',CURRENT_TIMESTAMP,'amxsab.system@gmail.com',CURRENT_TIMESTAMP);
INSERT INTO VUELO (NUMERO_VUELO,ID_COMPANIA,ID_TIPO_CABINA,ID_ESTACION_ORIGEN,ID_ESTACION_DESTINO,STATUS,USUARIO_CREO,FECHA_CREO,USUARIO_MODIFICO,FECHA_MODIFICO) VALUES (2237,2,6,80,73,1,'amxsab.system@gmail.com',CURRENT_TIMESTAMP,'amxsab.system@gmail.com',CURRENT_TIMESTAMP);
INSERT INTO VUELO (NUMERO_VUELO,ID_COMPANIA,ID_TIPO_CABINA,ID_ESTACION_ORIGEN,ID_ESTACION_DESTINO,STATUS,USUARIO_CREO,FECHA_CREO,USUARIO_MODIFICO,FECHA_MODIFICO) VALUES (2238,2,6,73,80,1,'amxsab.system@gmail.com',CURRENT_TIMESTAMP,'amxsab.system@gmail.com',CURRENT_TIMESTAMP);
INSERT INTO VUELO (NUMERO_VUELO,ID_COMPANIA,ID_TIPO_CABINA,ID_ESTACION_ORIGEN,ID_ESTACION_DESTINO,STATUS,USUARIO_CREO,FECHA_CREO,USUARIO_MODIFICO,FECHA_MODIFICO) VALUES (2239,2,6,85,73,1,'amxsab.system@gmail.com',CURRENT_TIMESTAMP,'amxsab.system@gmail.com',CURRENT_TIMESTAMP);
INSERT INTO VUELO (NUMERO_VUELO,ID_COMPANIA,ID_TIPO_CABINA,ID_ESTACION_ORIGEN,ID_ESTACION_DESTINO,STATUS,USUARIO_CREO,FECHA_CREO,USUARIO_MODIFICO,FECHA_MODIFICO) VALUES (2255,2,6,73,78,1,'amxsab.system@gmail.com',CURRENT_TIMESTAMP,'amxsab.system@gmail.com',CURRENT_TIMESTAMP);
INSERT INTO VUELO (NUMERO_VUELO,ID_COMPANIA,ID_TIPO_CABINA,ID_ESTACION_ORIGEN,ID_ESTACION_DESTINO,STATUS,USUARIO_CREO,FECHA_CREO,USUARIO_MODIFICO,FECHA_MODIFICO) VALUES (2256,2,6,78,73,1,'amxsab.system@gmail.com',CURRENT_TIMESTAMP,'amxsab.system@gmail.com',CURRENT_TIMESTAMP);
INSERT INTO VUELO (NUMERO_VUELO,ID_COMPANIA,ID_TIPO_CABINA,ID_ESTACION_ORIGEN,ID_ESTACION_DESTINO,STATUS,USUARIO_CREO,FECHA_CREO,USUARIO_MODIFICO,FECHA_MODIFICO) VALUES (2257,2,6,73,78,1,'amxsab.system@gmail.com',CURRENT_TIMESTAMP,'amxsab.system@gmail.com',CURRENT_TIMESTAMP);
INSERT INTO VUELO (NUMERO_VUELO,ID_COMPANIA,ID_TIPO_CABINA,ID_ESTACION_ORIGEN,ID_ESTACION_DESTINO,STATUS,USUARIO_CREO,FECHA_CREO,USUARIO_MODIFICO,FECHA_MODIFICO) VALUES (2263,2,6,73,80,1,'amxsab.system@gmail.com',CURRENT_TIMESTAMP,'amxsab.system@gmail.com',CURRENT_TIMESTAMP);
INSERT INTO VUELO (NUMERO_VUELO,ID_COMPANIA,ID_TIPO_CABINA,ID_ESTACION_ORIGEN,ID_ESTACION_DESTINO,STATUS,USUARIO_CREO,FECHA_CREO,USUARIO_MODIFICO,FECHA_MODIFICO) VALUES (2264,2,6,80,73,1,'amxsab.system@gmail.com',CURRENT_TIMESTAMP,'amxsab.system@gmail.com',CURRENT_TIMESTAMP);
INSERT INTO VUELO (NUMERO_VUELO,ID_COMPANIA,ID_TIPO_CABINA,ID_ESTACION_ORIGEN,ID_ESTACION_DESTINO,STATUS,USUARIO_CREO,FECHA_CREO,USUARIO_MODIFICO,FECHA_MODIFICO) VALUES (2267,2,6,73,80,1,'amxsab.system@gmail.com',CURRENT_TIMESTAMP,'amxsab.system@gmail.com',CURRENT_TIMESTAMP);
INSERT INTO VUELO (NUMERO_VUELO,ID_COMPANIA,ID_TIPO_CABINA,ID_ESTACION_ORIGEN,ID_ESTACION_DESTINO,STATUS,USUARIO_CREO,FECHA_CREO,USUARIO_MODIFICO,FECHA_MODIFICO) VALUES (2268,2,6,80,73,1,'amxsab.system@gmail.com',CURRENT_TIMESTAMP,'amxsab.system@gmail.com',CURRENT_TIMESTAMP);
INSERT INTO VUELO (NUMERO_VUELO,ID_COMPANIA,ID_TIPO_CABINA,ID_ESTACION_ORIGEN,ID_ESTACION_DESTINO,STATUS,USUARIO_CREO,FECHA_CREO,USUARIO_MODIFICO,FECHA_MODIFICO) VALUES (2270,2,6,64,61,1,'amxsab.system@gmail.com',CURRENT_TIMESTAMP,'amxsab.system@gmail.com',CURRENT_TIMESTAMP);
INSERT INTO VUELO (NUMERO_VUELO,ID_COMPANIA,ID_TIPO_CABINA,ID_ESTACION_ORIGEN,ID_ESTACION_DESTINO,STATUS,USUARIO_CREO,FECHA_CREO,USUARIO_MODIFICO,FECHA_MODIFICO) VALUES (2285,2,6,78,73,1,'amxsab.system@gmail.com',CURRENT_TIMESTAMP,'amxsab.system@gmail.com',CURRENT_TIMESTAMP);
INSERT INTO VUELO (NUMERO_VUELO,ID_COMPANIA,ID_TIPO_CABINA,ID_ESTACION_ORIGEN,ID_ESTACION_DESTINO,STATUS,USUARIO_CREO,FECHA_CREO,USUARIO_MODIFICO,FECHA_MODIFICO) VALUES (2300,2,6,73,36,1,'amxsab.system@gmail.com',CURRENT_TIMESTAMP,'amxsab.system@gmail.com',CURRENT_TIMESTAMP);
INSERT INTO VUELO (NUMERO_VUELO,ID_COMPANIA,ID_TIPO_CABINA,ID_ESTACION_ORIGEN,ID_ESTACION_DESTINO,STATUS,USUARIO_CREO,FECHA_CREO,USUARIO_MODIFICO,FECHA_MODIFICO) VALUES (2301,2,6,36,73,1,'amxsab.system@gmail.com',CURRENT_TIMESTAMP,'amxsab.system@gmail.com',CURRENT_TIMESTAMP);
INSERT INTO VUELO (NUMERO_VUELO,ID_COMPANIA,ID_TIPO_CABINA,ID_ESTACION_ORIGEN,ID_ESTACION_DESTINO,STATUS,USUARIO_CREO,FECHA_CREO,USUARIO_MODIFICO,FECHA_MODIFICO) VALUES (2321,2,6,53,73,1,'amxsab.system@gmail.com',CURRENT_TIMESTAMP,'amxsab.system@gmail.com',CURRENT_TIMESTAMP);
INSERT INTO VUELO (NUMERO_VUELO,ID_COMPANIA,ID_TIPO_CABINA,ID_ESTACION_ORIGEN,ID_ESTACION_DESTINO,STATUS,USUARIO_CREO,FECHA_CREO,USUARIO_MODIFICO,FECHA_MODIFICO) VALUES (2326,2,6,73,83,1,'amxsab.system@gmail.com',CURRENT_TIMESTAMP,'amxsab.system@gmail.com',CURRENT_TIMESTAMP);
INSERT INTO VUELO (NUMERO_VUELO,ID_COMPANIA,ID_TIPO_CABINA,ID_ESTACION_ORIGEN,ID_ESTACION_DESTINO,STATUS,USUARIO_CREO,FECHA_CREO,USUARIO_MODIFICO,FECHA_MODIFICO) VALUES (2332,2,6,73,53,1,'amxsab.system@gmail.com',CURRENT_TIMESTAMP,'amxsab.system@gmail.com',CURRENT_TIMESTAMP);
INSERT INTO VUELO (NUMERO_VUELO,ID_COMPANIA,ID_TIPO_CABINA,ID_ESTACION_ORIGEN,ID_ESTACION_DESTINO,STATUS,USUARIO_CREO,FECHA_CREO,USUARIO_MODIFICO,FECHA_MODIFICO) VALUES (2333,2,6,83,73,1,'amxsab.system@gmail.com',CURRENT_TIMESTAMP,'amxsab.system@gmail.com',CURRENT_TIMESTAMP);
INSERT INTO VUELO (NUMERO_VUELO,ID_COMPANIA,ID_TIPO_CABINA,ID_ESTACION_ORIGEN,ID_ESTACION_DESTINO,STATUS,USUARIO_CREO,FECHA_CREO,USUARIO_MODIFICO,FECHA_MODIFICO) VALUES (2335,2,6,65,61,1,'amxsab.system@gmail.com',CURRENT_TIMESTAMP,'amxsab.system@gmail.com',CURRENT_TIMESTAMP);
INSERT INTO VUELO (NUMERO_VUELO,ID_COMPANIA,ID_TIPO_CABINA,ID_ESTACION_ORIGEN,ID_ESTACION_DESTINO,STATUS,USUARIO_CREO,FECHA_CREO,USUARIO_MODIFICO,FECHA_MODIFICO) VALUES (2339,2,6,88,65,1,'amxsab.system@gmail.com',CURRENT_TIMESTAMP,'amxsab.system@gmail.com',CURRENT_TIMESTAMP);
INSERT INTO VUELO (NUMERO_VUELO,ID_COMPANIA,ID_TIPO_CABINA,ID_ESTACION_ORIGEN,ID_ESTACION_DESTINO,STATUS,USUARIO_CREO,FECHA_CREO,USUARIO_MODIFICO,FECHA_MODIFICO) VALUES (2344,2,6,64,42,1,'amxsab.system@gmail.com',CURRENT_TIMESTAMP,'amxsab.system@gmail.com',CURRENT_TIMESTAMP);
INSERT INTO VUELO (NUMERO_VUELO,ID_COMPANIA,ID_TIPO_CABINA,ID_ESTACION_ORIGEN,ID_ESTACION_DESTINO,STATUS,USUARIO_CREO,FECHA_CREO,USUARIO_MODIFICO,FECHA_MODIFICO) VALUES (2364,2,6,96,91,1,'amxsab.system@gmail.com',CURRENT_TIMESTAMP,'amxsab.system@gmail.com',CURRENT_TIMESTAMP);
INSERT INTO VUELO (NUMERO_VUELO,ID_COMPANIA,ID_TIPO_CABINA,ID_ESTACION_ORIGEN,ID_ESTACION_DESTINO,STATUS,USUARIO_CREO,FECHA_CREO,USUARIO_MODIFICO,FECHA_MODIFICO) VALUES (2366,2,6,73,60,1,'amxsab.system@gmail.com',CURRENT_TIMESTAMP,'amxsab.system@gmail.com',CURRENT_TIMESTAMP);
INSERT INTO VUELO (NUMERO_VUELO,ID_COMPANIA,ID_TIPO_CABINA,ID_ESTACION_ORIGEN,ID_ESTACION_DESTINO,STATUS,USUARIO_CREO,FECHA_CREO,USUARIO_MODIFICO,FECHA_MODIFICO) VALUES (2367,2,6,60,73,1,'amxsab.system@gmail.com',CURRENT_TIMESTAMP,'amxsab.system@gmail.com',CURRENT_TIMESTAMP);
INSERT INTO VUELO (NUMERO_VUELO,ID_COMPANIA,ID_TIPO_CABINA,ID_ESTACION_ORIGEN,ID_ESTACION_DESTINO,STATUS,USUARIO_CREO,FECHA_CREO,USUARIO_MODIFICO,FECHA_MODIFICO) VALUES (2392,2,6,73,79,1,'amxsab.system@gmail.com',CURRENT_TIMESTAMP,'amxsab.system@gmail.com',CURRENT_TIMESTAMP);
INSERT INTO VUELO (NUMERO_VUELO,ID_COMPANIA,ID_TIPO_CABINA,ID_ESTACION_ORIGEN,ID_ESTACION_DESTINO,STATUS,USUARIO_CREO,FECHA_CREO,USUARIO_MODIFICO,FECHA_MODIFICO) VALUES (2393,2,6,79,73,1,'amxsab.system@gmail.com',CURRENT_TIMESTAMP,'amxsab.system@gmail.com',CURRENT_TIMESTAMP);
INSERT INTO VUELO (NUMERO_VUELO,ID_COMPANIA,ID_TIPO_CABINA,ID_ESTACION_ORIGEN,ID_ESTACION_DESTINO,STATUS,USUARIO_CREO,FECHA_CREO,USUARIO_MODIFICO,FECHA_MODIFICO) VALUES (2394,2,6,59,73,1,'amxsab.system@gmail.com',CURRENT_TIMESTAMP,'amxsab.system@gmail.com',CURRENT_TIMESTAMP);
INSERT INTO VUELO (NUMERO_VUELO,ID_COMPANIA,ID_TIPO_CABINA,ID_ESTACION_ORIGEN,ID_ESTACION_DESTINO,STATUS,USUARIO_CREO,FECHA_CREO,USUARIO_MODIFICO,FECHA_MODIFICO) VALUES (2400,2,6,96,91,1,'amxsab.system@gmail.com',CURRENT_TIMESTAMP,'amxsab.system@gmail.com',CURRENT_TIMESTAMP);
INSERT INTO VUELO (NUMERO_VUELO,ID_COMPANIA,ID_TIPO_CABINA,ID_ESTACION_ORIGEN,ID_ESTACION_DESTINO,STATUS,USUARIO_CREO,FECHA_CREO,USUARIO_MODIFICO,FECHA_MODIFICO) VALUES (2401,2,6,91,96,1,'amxsab.system@gmail.com',CURRENT_TIMESTAMP,'amxsab.system@gmail.com',CURRENT_TIMESTAMP);
INSERT INTO VUELO (NUMERO_VUELO,ID_COMPANIA,ID_TIPO_CABINA,ID_ESTACION_ORIGEN,ID_ESTACION_DESTINO,STATUS,USUARIO_CREO,FECHA_CREO,USUARIO_MODIFICO,FECHA_MODIFICO) VALUES (2404,2,6,96,91,1,'amxsab.system@gmail.com',CURRENT_TIMESTAMP,'amxsab.system@gmail.com',CURRENT_TIMESTAMP);
INSERT INTO VUELO (NUMERO_VUELO,ID_COMPANIA,ID_TIPO_CABINA,ID_ESTACION_ORIGEN,ID_ESTACION_DESTINO,STATUS,USUARIO_CREO,FECHA_CREO,USUARIO_MODIFICO,FECHA_MODIFICO) VALUES (2406,2,6,96,91,1,'amxsab.system@gmail.com',CURRENT_TIMESTAMP,'amxsab.system@gmail.com',CURRENT_TIMESTAMP);
INSERT INTO VUELO (NUMERO_VUELO,ID_COMPANIA,ID_TIPO_CABINA,ID_ESTACION_ORIGEN,ID_ESTACION_DESTINO,STATUS,USUARIO_CREO,FECHA_CREO,USUARIO_MODIFICO,FECHA_MODIFICO) VALUES (2407,2,6,77,96,1,'amxsab.system@gmail.com',CURRENT_TIMESTAMP,'amxsab.system@gmail.com',CURRENT_TIMESTAMP);
INSERT INTO VUELO (NUMERO_VUELO,ID_COMPANIA,ID_TIPO_CABINA,ID_ESTACION_ORIGEN,ID_ESTACION_DESTINO,STATUS,USUARIO_CREO,FECHA_CREO,USUARIO_MODIFICO,FECHA_MODIFICO) VALUES (2408,2,6,96,77,1,'amxsab.system@gmail.com',CURRENT_TIMESTAMP,'amxsab.system@gmail.com',CURRENT_TIMESTAMP);
INSERT INTO VUELO (NUMERO_VUELO,ID_COMPANIA,ID_TIPO_CABINA,ID_ESTACION_ORIGEN,ID_ESTACION_DESTINO,STATUS,USUARIO_CREO,FECHA_CREO,USUARIO_MODIFICO,FECHA_MODIFICO) VALUES (2409,2,6,91,96,1,'amxsab.system@gmail.com',CURRENT_TIMESTAMP,'amxsab.system@gmail.com',CURRENT_TIMESTAMP);
INSERT INTO VUELO (NUMERO_VUELO,ID_COMPANIA,ID_TIPO_CABINA,ID_ESTACION_ORIGEN,ID_ESTACION_DESTINO,STATUS,USUARIO_CREO,FECHA_CREO,USUARIO_MODIFICO,FECHA_MODIFICO) VALUES (2410,2,6,96,85,1,'amxsab.system@gmail.com',CURRENT_TIMESTAMP,'amxsab.system@gmail.com',CURRENT_TIMESTAMP);
INSERT INTO VUELO (NUMERO_VUELO,ID_COMPANIA,ID_TIPO_CABINA,ID_ESTACION_ORIGEN,ID_ESTACION_DESTINO,STATUS,USUARIO_CREO,FECHA_CREO,USUARIO_MODIFICO,FECHA_MODIFICO) VALUES (2411,2,6,85,96,1,'amxsab.system@gmail.com',CURRENT_TIMESTAMP,'amxsab.system@gmail.com',CURRENT_TIMESTAMP);
INSERT INTO VUELO (NUMERO_VUELO,ID_COMPANIA,ID_TIPO_CABINA,ID_ESTACION_ORIGEN,ID_ESTACION_DESTINO,STATUS,USUARIO_CREO,FECHA_CREO,USUARIO_MODIFICO,FECHA_MODIFICO) VALUES (2412,2,6,96,85,1,'amxsab.system@gmail.com',CURRENT_TIMESTAMP,'amxsab.system@gmail.com',CURRENT_TIMESTAMP);
INSERT INTO VUELO (NUMERO_VUELO,ID_COMPANIA,ID_TIPO_CABINA,ID_ESTACION_ORIGEN,ID_ESTACION_DESTINO,STATUS,USUARIO_CREO,FECHA_CREO,USUARIO_MODIFICO,FECHA_MODIFICO) VALUES (2413,2,6,85,96,1,'amxsab.system@gmail.com',CURRENT_TIMESTAMP,'amxsab.system@gmail.com',CURRENT_TIMESTAMP);
INSERT INTO VUELO (NUMERO_VUELO,ID_COMPANIA,ID_TIPO_CABINA,ID_ESTACION_ORIGEN,ID_ESTACION_DESTINO,STATUS,USUARIO_CREO,FECHA_CREO,USUARIO_MODIFICO,FECHA_MODIFICO) VALUES (2416,2,6,96,85,1,'amxsab.system@gmail.com',CURRENT_TIMESTAMP,'amxsab.system@gmail.com',CURRENT_TIMESTAMP);
INSERT INTO VUELO (NUMERO_VUELO,ID_COMPANIA,ID_TIPO_CABINA,ID_ESTACION_ORIGEN,ID_ESTACION_DESTINO,STATUS,USUARIO_CREO,FECHA_CREO,USUARIO_MODIFICO,FECHA_MODIFICO) VALUES (2417,2,6,85,96,1,'amxsab.system@gmail.com',CURRENT_TIMESTAMP,'amxsab.system@gmail.com',CURRENT_TIMESTAMP);
INSERT INTO VUELO (NUMERO_VUELO,ID_COMPANIA,ID_TIPO_CABINA,ID_ESTACION_ORIGEN,ID_ESTACION_DESTINO,STATUS,USUARIO_CREO,FECHA_CREO,USUARIO_MODIFICO,FECHA_MODIFICO) VALUES (2418,2,6,96,85,1,'amxsab.system@gmail.com',CURRENT_TIMESTAMP,'amxsab.system@gmail.com',CURRENT_TIMESTAMP);
INSERT INTO VUELO (NUMERO_VUELO,ID_COMPANIA,ID_TIPO_CABINA,ID_ESTACION_ORIGEN,ID_ESTACION_DESTINO,STATUS,USUARIO_CREO,FECHA_CREO,USUARIO_MODIFICO,FECHA_MODIFICO) VALUES (2420,2,6,96,69,1,'amxsab.system@gmail.com',CURRENT_TIMESTAMP,'amxsab.system@gmail.com',CURRENT_TIMESTAMP);
INSERT INTO VUELO (NUMERO_VUELO,ID_COMPANIA,ID_TIPO_CABINA,ID_ESTACION_ORIGEN,ID_ESTACION_DESTINO,STATUS,USUARIO_CREO,FECHA_CREO,USUARIO_MODIFICO,FECHA_MODIFICO) VALUES (2421,2,6,69,96,1,'amxsab.system@gmail.com',CURRENT_TIMESTAMP,'amxsab.system@gmail.com',CURRENT_TIMESTAMP);
INSERT INTO VUELO (NUMERO_VUELO,ID_COMPANIA,ID_TIPO_CABINA,ID_ESTACION_ORIGEN,ID_ESTACION_DESTINO,STATUS,USUARIO_CREO,FECHA_CREO,USUARIO_MODIFICO,FECHA_MODIFICO) VALUES (2424,2,6,96,69,1,'amxsab.system@gmail.com',CURRENT_TIMESTAMP,'amxsab.system@gmail.com',CURRENT_TIMESTAMP);
INSERT INTO VUELO (NUMERO_VUELO,ID_COMPANIA,ID_TIPO_CABINA,ID_ESTACION_ORIGEN,ID_ESTACION_DESTINO,STATUS,USUARIO_CREO,FECHA_CREO,USUARIO_MODIFICO,FECHA_MODIFICO) VALUES (2425,2,6,69,96,1,'amxsab.system@gmail.com',CURRENT_TIMESTAMP,'amxsab.system@gmail.com',CURRENT_TIMESTAMP);
INSERT INTO VUELO (NUMERO_VUELO,ID_COMPANIA,ID_TIPO_CABINA,ID_ESTACION_ORIGEN,ID_ESTACION_DESTINO,STATUS,USUARIO_CREO,FECHA_CREO,USUARIO_MODIFICO,FECHA_MODIFICO) VALUES (2427,2,6,63,96,1,'amxsab.system@gmail.com',CURRENT_TIMESTAMP,'amxsab.system@gmail.com',CURRENT_TIMESTAMP);
INSERT INTO VUELO (NUMERO_VUELO,ID_COMPANIA,ID_TIPO_CABINA,ID_ESTACION_ORIGEN,ID_ESTACION_DESTINO,STATUS,USUARIO_CREO,FECHA_CREO,USUARIO_MODIFICO,FECHA_MODIFICO) VALUES (2428,2,6,96,63,1,'amxsab.system@gmail.com',CURRENT_TIMESTAMP,'amxsab.system@gmail.com',CURRENT_TIMESTAMP);
INSERT INTO VUELO (NUMERO_VUELO,ID_COMPANIA,ID_TIPO_CABINA,ID_ESTACION_ORIGEN,ID_ESTACION_DESTINO,STATUS,USUARIO_CREO,FECHA_CREO,USUARIO_MODIFICO,FECHA_MODIFICO) VALUES (2429,2,6,63,96,1,'amxsab.system@gmail.com',CURRENT_TIMESTAMP,'amxsab.system@gmail.com',CURRENT_TIMESTAMP);
INSERT INTO VUELO (NUMERO_VUELO,ID_COMPANIA,ID_TIPO_CABINA,ID_ESTACION_ORIGEN,ID_ESTACION_DESTINO,STATUS,USUARIO_CREO,FECHA_CREO,USUARIO_MODIFICO,FECHA_MODIFICO) VALUES (2430,2,6,96,63,1,'amxsab.system@gmail.com',CURRENT_TIMESTAMP,'amxsab.system@gmail.com',CURRENT_TIMESTAMP);
INSERT INTO VUELO (NUMERO_VUELO,ID_COMPANIA,ID_TIPO_CABINA,ID_ESTACION_ORIGEN,ID_ESTACION_DESTINO,STATUS,USUARIO_CREO,FECHA_CREO,USUARIO_MODIFICO,FECHA_MODIFICO) VALUES (2431,2,6,63,96,1,'amxsab.system@gmail.com',CURRENT_TIMESTAMP,'amxsab.system@gmail.com',CURRENT_TIMESTAMP);
INSERT INTO VUELO (NUMERO_VUELO,ID_COMPANIA,ID_TIPO_CABINA,ID_ESTACION_ORIGEN,ID_ESTACION_DESTINO,STATUS,USUARIO_CREO,FECHA_CREO,USUARIO_MODIFICO,FECHA_MODIFICO) VALUES (2432,2,6,96,63,1,'amxsab.system@gmail.com',CURRENT_TIMESTAMP,'amxsab.system@gmail.com',CURRENT_TIMESTAMP);
INSERT INTO VUELO (NUMERO_VUELO,ID_COMPANIA,ID_TIPO_CABINA,ID_ESTACION_ORIGEN,ID_ESTACION_DESTINO,STATUS,USUARIO_CREO,FECHA_CREO,USUARIO_MODIFICO,FECHA_MODIFICO) VALUES (2434,2,6,96,69,1,'amxsab.system@gmail.com',CURRENT_TIMESTAMP,'amxsab.system@gmail.com',CURRENT_TIMESTAMP);
INSERT INTO VUELO (NUMERO_VUELO,ID_COMPANIA,ID_TIPO_CABINA,ID_ESTACION_ORIGEN,ID_ESTACION_DESTINO,STATUS,USUARIO_CREO,FECHA_CREO,USUARIO_MODIFICO,FECHA_MODIFICO) VALUES (2435,2,6,69,96,1,'amxsab.system@gmail.com',CURRENT_TIMESTAMP,'amxsab.system@gmail.com',CURRENT_TIMESTAMP);
INSERT INTO VUELO (NUMERO_VUELO,ID_COMPANIA,ID_TIPO_CABINA,ID_ESTACION_ORIGEN,ID_ESTACION_DESTINO,STATUS,USUARIO_CREO,FECHA_CREO,USUARIO_MODIFICO,FECHA_MODIFICO) VALUES (2439,2,6,58,96,1,'amxsab.system@gmail.com',CURRENT_TIMESTAMP,'amxsab.system@gmail.com',CURRENT_TIMESTAMP);
INSERT INTO VUELO (NUMERO_VUELO,ID_COMPANIA,ID_TIPO_CABINA,ID_ESTACION_ORIGEN,ID_ESTACION_DESTINO,STATUS,USUARIO_CREO,FECHA_CREO,USUARIO_MODIFICO,FECHA_MODIFICO) VALUES (2440,2,6,96,58,1,'amxsab.system@gmail.com',CURRENT_TIMESTAMP,'amxsab.system@gmail.com',CURRENT_TIMESTAMP);
INSERT INTO VUELO (NUMERO_VUELO,ID_COMPANIA,ID_TIPO_CABINA,ID_ESTACION_ORIGEN,ID_ESTACION_DESTINO,STATUS,USUARIO_CREO,FECHA_CREO,USUARIO_MODIFICO,FECHA_MODIFICO) VALUES (2441,2,6,58,96,1,'amxsab.system@gmail.com',CURRENT_TIMESTAMP,'amxsab.system@gmail.com',CURRENT_TIMESTAMP);
INSERT INTO VUELO (NUMERO_VUELO,ID_COMPANIA,ID_TIPO_CABINA,ID_ESTACION_ORIGEN,ID_ESTACION_DESTINO,STATUS,USUARIO_CREO,FECHA_CREO,USUARIO_MODIFICO,FECHA_MODIFICO) VALUES (2442,2,6,96,58,1,'amxsab.system@gmail.com',CURRENT_TIMESTAMP,'amxsab.system@gmail.com',CURRENT_TIMESTAMP);
INSERT INTO VUELO (NUMERO_VUELO,ID_COMPANIA,ID_TIPO_CABINA,ID_ESTACION_ORIGEN,ID_ESTACION_DESTINO,STATUS,USUARIO_CREO,FECHA_CREO,USUARIO_MODIFICO,FECHA_MODIFICO) VALUES (2443,2,6,58,96,1,'amxsab.system@gmail.com',CURRENT_TIMESTAMP,'amxsab.system@gmail.com',CURRENT_TIMESTAMP);
INSERT INTO VUELO (NUMERO_VUELO,ID_COMPANIA,ID_TIPO_CABINA,ID_ESTACION_ORIGEN,ID_ESTACION_DESTINO,STATUS,USUARIO_CREO,FECHA_CREO,USUARIO_MODIFICO,FECHA_MODIFICO) VALUES (2444,2,6,96,58,1,'amxsab.system@gmail.com',CURRENT_TIMESTAMP,'amxsab.system@gmail.com',CURRENT_TIMESTAMP);
INSERT INTO VUELO (NUMERO_VUELO,ID_COMPANIA,ID_TIPO_CABINA,ID_ESTACION_ORIGEN,ID_ESTACION_DESTINO,STATUS,USUARIO_CREO,FECHA_CREO,USUARIO_MODIFICO,FECHA_MODIFICO) VALUES (2447,2,6,71,96,1,'amxsab.system@gmail.com',CURRENT_TIMESTAMP,'amxsab.system@gmail.com',CURRENT_TIMESTAMP);
INSERT INTO VUELO (NUMERO_VUELO,ID_COMPANIA,ID_TIPO_CABINA,ID_ESTACION_ORIGEN,ID_ESTACION_DESTINO,STATUS,USUARIO_CREO,FECHA_CREO,USUARIO_MODIFICO,FECHA_MODIFICO) VALUES (2448,2,6,96,71,1,'amxsab.system@gmail.com',CURRENT_TIMESTAMP,'amxsab.system@gmail.com',CURRENT_TIMESTAMP);
INSERT INTO VUELO (NUMERO_VUELO,ID_COMPANIA,ID_TIPO_CABINA,ID_ESTACION_ORIGEN,ID_ESTACION_DESTINO,STATUS,USUARIO_CREO,FECHA_CREO,USUARIO_MODIFICO,FECHA_MODIFICO) VALUES (2449,2,6,71,96,1,'amxsab.system@gmail.com',CURRENT_TIMESTAMP,'amxsab.system@gmail.com',CURRENT_TIMESTAMP);
INSERT INTO VUELO (NUMERO_VUELO,ID_COMPANIA,ID_TIPO_CABINA,ID_ESTACION_ORIGEN,ID_ESTACION_DESTINO,STATUS,USUARIO_CREO,FECHA_CREO,USUARIO_MODIFICO,FECHA_MODIFICO) VALUES (2450,2,6,96,62,1,'amxsab.system@gmail.com',CURRENT_TIMESTAMP,'amxsab.system@gmail.com',CURRENT_TIMESTAMP);
INSERT INTO VUELO (NUMERO_VUELO,ID_COMPANIA,ID_TIPO_CABINA,ID_ESTACION_ORIGEN,ID_ESTACION_DESTINO,STATUS,USUARIO_CREO,FECHA_CREO,USUARIO_MODIFICO,FECHA_MODIFICO) VALUES (2451,2,6,62,96,1,'amxsab.system@gmail.com',CURRENT_TIMESTAMP,'amxsab.system@gmail.com',CURRENT_TIMESTAMP);
INSERT INTO VUELO (NUMERO_VUELO,ID_COMPANIA,ID_TIPO_CABINA,ID_ESTACION_ORIGEN,ID_ESTACION_DESTINO,STATUS,USUARIO_CREO,FECHA_CREO,USUARIO_MODIFICO,FECHA_MODIFICO) VALUES (2452,2,6,96,71,1,'amxsab.system@gmail.com',CURRENT_TIMESTAMP,'amxsab.system@gmail.com',CURRENT_TIMESTAMP);
INSERT INTO VUELO (NUMERO_VUELO,ID_COMPANIA,ID_TIPO_CABINA,ID_ESTACION_ORIGEN,ID_ESTACION_DESTINO,STATUS,USUARIO_CREO,FECHA_CREO,USUARIO_MODIFICO,FECHA_MODIFICO) VALUES (2454,2,6,96,94,1,'amxsab.system@gmail.com',CURRENT_TIMESTAMP,'amxsab.system@gmail.com',CURRENT_TIMESTAMP);
INSERT INTO VUELO (NUMERO_VUELO,ID_COMPANIA,ID_TIPO_CABINA,ID_ESTACION_ORIGEN,ID_ESTACION_DESTINO,STATUS,USUARIO_CREO,FECHA_CREO,USUARIO_MODIFICO,FECHA_MODIFICO) VALUES (2455,2,6,94,96,1,'amxsab.system@gmail.com',CURRENT_TIMESTAMP,'amxsab.system@gmail.com',CURRENT_TIMESTAMP);
INSERT INTO VUELO (NUMERO_VUELO,ID_COMPANIA,ID_TIPO_CABINA,ID_ESTACION_ORIGEN,ID_ESTACION_DESTINO,STATUS,USUARIO_CREO,FECHA_CREO,USUARIO_MODIFICO,FECHA_MODIFICO) VALUES (2456,2,6,96,94,1,'amxsab.system@gmail.com',CURRENT_TIMESTAMP,'amxsab.system@gmail.com',CURRENT_TIMESTAMP);
INSERT INTO VUELO (NUMERO_VUELO,ID_COMPANIA,ID_TIPO_CABINA,ID_ESTACION_ORIGEN,ID_ESTACION_DESTINO,STATUS,USUARIO_CREO,FECHA_CREO,USUARIO_MODIFICO,FECHA_MODIFICO) VALUES (2457,2,6,94,96,1,'amxsab.system@gmail.com',CURRENT_TIMESTAMP,'amxsab.system@gmail.com',CURRENT_TIMESTAMP);
INSERT INTO VUELO (NUMERO_VUELO,ID_COMPANIA,ID_TIPO_CABINA,ID_ESTACION_ORIGEN,ID_ESTACION_DESTINO,STATUS,USUARIO_CREO,FECHA_CREO,USUARIO_MODIFICO,FECHA_MODIFICO) VALUES (2458,2,6,96,94,1,'amxsab.system@gmail.com',CURRENT_TIMESTAMP,'amxsab.system@gmail.com',CURRENT_TIMESTAMP);
INSERT INTO VUELO (NUMERO_VUELO,ID_COMPANIA,ID_TIPO_CABINA,ID_ESTACION_ORIGEN,ID_ESTACION_DESTINO,STATUS,USUARIO_CREO,FECHA_CREO,USUARIO_MODIFICO,FECHA_MODIFICO) VALUES (2459,2,6,94,96,1,'amxsab.system@gmail.com',CURRENT_TIMESTAMP,'amxsab.system@gmail.com',CURRENT_TIMESTAMP);
INSERT INTO VUELO (NUMERO_VUELO,ID_COMPANIA,ID_TIPO_CABINA,ID_ESTACION_ORIGEN,ID_ESTACION_DESTINO,STATUS,USUARIO_CREO,FECHA_CREO,USUARIO_MODIFICO,FECHA_MODIFICO) VALUES (2460,2,6,96,80,1,'amxsab.system@gmail.com',CURRENT_TIMESTAMP,'amxsab.system@gmail.com',CURRENT_TIMESTAMP);
INSERT INTO VUELO (NUMERO_VUELO,ID_COMPANIA,ID_TIPO_CABINA,ID_ESTACION_ORIGEN,ID_ESTACION_DESTINO,STATUS,USUARIO_CREO,FECHA_CREO,USUARIO_MODIFICO,FECHA_MODIFICO) VALUES (2461,2,6,80,96,1,'amxsab.system@gmail.com',CURRENT_TIMESTAMP,'amxsab.system@gmail.com',CURRENT_TIMESTAMP);
INSERT INTO VUELO (NUMERO_VUELO,ID_COMPANIA,ID_TIPO_CABINA,ID_ESTACION_ORIGEN,ID_ESTACION_DESTINO,STATUS,USUARIO_CREO,FECHA_CREO,USUARIO_MODIFICO,FECHA_MODIFICO) VALUES (2462,2,6,96,80,1,'amxsab.system@gmail.com',CURRENT_TIMESTAMP,'amxsab.system@gmail.com',CURRENT_TIMESTAMP);
INSERT INTO VUELO (NUMERO_VUELO,ID_COMPANIA,ID_TIPO_CABINA,ID_ESTACION_ORIGEN,ID_ESTACION_DESTINO,STATUS,USUARIO_CREO,FECHA_CREO,USUARIO_MODIFICO,FECHA_MODIFICO) VALUES (2463,2,6,80,96,1,'amxsab.system@gmail.com',CURRENT_TIMESTAMP,'amxsab.system@gmail.com',CURRENT_TIMESTAMP);
INSERT INTO VUELO (NUMERO_VUELO,ID_COMPANIA,ID_TIPO_CABINA,ID_ESTACION_ORIGEN,ID_ESTACION_DESTINO,STATUS,USUARIO_CREO,FECHA_CREO,USUARIO_MODIFICO,FECHA_MODIFICO) VALUES (2466,2,6,64,73,1,'amxsab.system@gmail.com',CURRENT_TIMESTAMP,'amxsab.system@gmail.com',CURRENT_TIMESTAMP);
INSERT INTO VUELO (NUMERO_VUELO,ID_COMPANIA,ID_TIPO_CABINA,ID_ESTACION_ORIGEN,ID_ESTACION_DESTINO,STATUS,USUARIO_CREO,FECHA_CREO,USUARIO_MODIFICO,FECHA_MODIFICO) VALUES (2470,2,6,96,76,1,'amxsab.system@gmail.com',CURRENT_TIMESTAMP,'amxsab.system@gmail.com',CURRENT_TIMESTAMP);
INSERT INTO VUELO (NUMERO_VUELO,ID_COMPANIA,ID_TIPO_CABINA,ID_ESTACION_ORIGEN,ID_ESTACION_DESTINO,STATUS,USUARIO_CREO,FECHA_CREO,USUARIO_MODIFICO,FECHA_MODIFICO) VALUES (2471,2,6,76,96,1,'amxsab.system@gmail.com',CURRENT_TIMESTAMP,'amxsab.system@gmail.com',CURRENT_TIMESTAMP);
INSERT INTO VUELO (NUMERO_VUELO,ID_COMPANIA,ID_TIPO_CABINA,ID_ESTACION_ORIGEN,ID_ESTACION_DESTINO,STATUS,USUARIO_CREO,FECHA_CREO,USUARIO_MODIFICO,FECHA_MODIFICO) VALUES (2474,2,6,96,76,1,'amxsab.system@gmail.com',CURRENT_TIMESTAMP,'amxsab.system@gmail.com',CURRENT_TIMESTAMP);
INSERT INTO VUELO (NUMERO_VUELO,ID_COMPANIA,ID_TIPO_CABINA,ID_ESTACION_ORIGEN,ID_ESTACION_DESTINO,STATUS,USUARIO_CREO,FECHA_CREO,USUARIO_MODIFICO,FECHA_MODIFICO) VALUES (2475,2,6,76,96,1,'amxsab.system@gmail.com',CURRENT_TIMESTAMP,'amxsab.system@gmail.com',CURRENT_TIMESTAMP);
INSERT INTO VUELO (NUMERO_VUELO,ID_COMPANIA,ID_TIPO_CABINA,ID_ESTACION_ORIGEN,ID_ESTACION_DESTINO,STATUS,USUARIO_CREO,FECHA_CREO,USUARIO_MODIFICO,FECHA_MODIFICO) VALUES (2495,2,6,81,96,1,'amxsab.system@gmail.com',CURRENT_TIMESTAMP,'amxsab.system@gmail.com',CURRENT_TIMESTAMP);
INSERT INTO VUELO (NUMERO_VUELO,ID_COMPANIA,ID_TIPO_CABINA,ID_ESTACION_ORIGEN,ID_ESTACION_DESTINO,STATUS,USUARIO_CREO,FECHA_CREO,USUARIO_MODIFICO,FECHA_MODIFICO) VALUES (2496,2,6,96,81,1,'amxsab.system@gmail.com',CURRENT_TIMESTAMP,'amxsab.system@gmail.com',CURRENT_TIMESTAMP);
INSERT INTO VUELO (NUMERO_VUELO,ID_COMPANIA,ID_TIPO_CABINA,ID_ESTACION_ORIGEN,ID_ESTACION_DESTINO,STATUS,USUARIO_CREO,FECHA_CREO,USUARIO_MODIFICO,FECHA_MODIFICO) VALUES (2498,2,6,96,81,1,'amxsab.system@gmail.com',CURRENT_TIMESTAMP,'amxsab.system@gmail.com',CURRENT_TIMESTAMP);
INSERT INTO VUELO (NUMERO_VUELO,ID_COMPANIA,ID_TIPO_CABINA,ID_ESTACION_ORIGEN,ID_ESTACION_DESTINO,STATUS,USUARIO_CREO,FECHA_CREO,USUARIO_MODIFICO,FECHA_MODIFICO) VALUES (2499,2,6,81,96,1,'amxsab.system@gmail.com',CURRENT_TIMESTAMP,'amxsab.system@gmail.com',CURRENT_TIMESTAMP);
INSERT INTO VUELO (NUMERO_VUELO,ID_COMPANIA,ID_TIPO_CABINA,ID_ESTACION_ORIGEN,ID_ESTACION_DESTINO,STATUS,USUARIO_CREO,FECHA_CREO,USUARIO_MODIFICO,FECHA_MODIFICO) VALUES (2520,2,6,96,72,1,'amxsab.system@gmail.com',CURRENT_TIMESTAMP,'amxsab.system@gmail.com',CURRENT_TIMESTAMP);
INSERT INTO VUELO (NUMERO_VUELO,ID_COMPANIA,ID_TIPO_CABINA,ID_ESTACION_ORIGEN,ID_ESTACION_DESTINO,STATUS,USUARIO_CREO,FECHA_CREO,USUARIO_MODIFICO,FECHA_MODIFICO) VALUES (2521,2,6,72,96,1,'amxsab.system@gmail.com',CURRENT_TIMESTAMP,'amxsab.system@gmail.com',CURRENT_TIMESTAMP);
INSERT INTO VUELO (NUMERO_VUELO,ID_COMPANIA,ID_TIPO_CABINA,ID_ESTACION_ORIGEN,ID_ESTACION_DESTINO,STATUS,USUARIO_CREO,FECHA_CREO,USUARIO_MODIFICO,FECHA_MODIFICO) VALUES (2522,2,6,96,72,1,'amxsab.system@gmail.com',CURRENT_TIMESTAMP,'amxsab.system@gmail.com',CURRENT_TIMESTAMP);
INSERT INTO VUELO (NUMERO_VUELO,ID_COMPANIA,ID_TIPO_CABINA,ID_ESTACION_ORIGEN,ID_ESTACION_DESTINO,STATUS,USUARIO_CREO,FECHA_CREO,USUARIO_MODIFICO,FECHA_MODIFICO) VALUES (2523,2,6,72,96,1,'amxsab.system@gmail.com',CURRENT_TIMESTAMP,'amxsab.system@gmail.com',CURRENT_TIMESTAMP);
INSERT INTO VUELO (NUMERO_VUELO,ID_COMPANIA,ID_TIPO_CABINA,ID_ESTACION_ORIGEN,ID_ESTACION_DESTINO,STATUS,USUARIO_CREO,FECHA_CREO,USUARIO_MODIFICO,FECHA_MODIFICO) VALUES (2524,2,6,96,72,1,'amxsab.system@gmail.com',CURRENT_TIMESTAMP,'amxsab.system@gmail.com',CURRENT_TIMESTAMP);
INSERT INTO VUELO (NUMERO_VUELO,ID_COMPANIA,ID_TIPO_CABINA,ID_ESTACION_ORIGEN,ID_ESTACION_DESTINO,STATUS,USUARIO_CREO,FECHA_CREO,USUARIO_MODIFICO,FECHA_MODIFICO) VALUES (2525,2,6,72,96,1,'amxsab.system@gmail.com',CURRENT_TIMESTAMP,'amxsab.system@gmail.com',CURRENT_TIMESTAMP);
INSERT INTO VUELO (NUMERO_VUELO,ID_COMPANIA,ID_TIPO_CABINA,ID_ESTACION_ORIGEN,ID_ESTACION_DESTINO,STATUS,USUARIO_CREO,FECHA_CREO,USUARIO_MODIFICO,FECHA_MODIFICO) VALUES (2528,2,6,96,72,1,'amxsab.system@gmail.com',CURRENT_TIMESTAMP,'amxsab.system@gmail.com',CURRENT_TIMESTAMP);
INSERT INTO VUELO (NUMERO_VUELO,ID_COMPANIA,ID_TIPO_CABINA,ID_ESTACION_ORIGEN,ID_ESTACION_DESTINO,STATUS,USUARIO_CREO,FECHA_CREO,USUARIO_MODIFICO,FECHA_MODIFICO) VALUES (2529,2,6,72,96,1,'amxsab.system@gmail.com',CURRENT_TIMESTAMP,'amxsab.system@gmail.com',CURRENT_TIMESTAMP);
INSERT INTO VUELO (NUMERO_VUELO,ID_COMPANIA,ID_TIPO_CABINA,ID_ESTACION_ORIGEN,ID_ESTACION_DESTINO,STATUS,USUARIO_CREO,FECHA_CREO,USUARIO_MODIFICO,FECHA_MODIFICO) VALUES (2532,2,6,96,83,1,'amxsab.system@gmail.com',CURRENT_TIMESTAMP,'amxsab.system@gmail.com',CURRENT_TIMESTAMP);
INSERT INTO VUELO (NUMERO_VUELO,ID_COMPANIA,ID_TIPO_CABINA,ID_ESTACION_ORIGEN,ID_ESTACION_DESTINO,STATUS,USUARIO_CREO,FECHA_CREO,USUARIO_MODIFICO,FECHA_MODIFICO) VALUES (2533,2,6,83,96,1,'amxsab.system@gmail.com',CURRENT_TIMESTAMP,'amxsab.system@gmail.com',CURRENT_TIMESTAMP);
INSERT INTO VUELO (NUMERO_VUELO,ID_COMPANIA,ID_TIPO_CABINA,ID_ESTACION_ORIGEN,ID_ESTACION_DESTINO,STATUS,USUARIO_CREO,FECHA_CREO,USUARIO_MODIFICO,FECHA_MODIFICO) VALUES (2536,2,6,96,83,1,'amxsab.system@gmail.com',CURRENT_TIMESTAMP,'amxsab.system@gmail.com',CURRENT_TIMESTAMP);
INSERT INTO VUELO (NUMERO_VUELO,ID_COMPANIA,ID_TIPO_CABINA,ID_ESTACION_ORIGEN,ID_ESTACION_DESTINO,STATUS,USUARIO_CREO,FECHA_CREO,USUARIO_MODIFICO,FECHA_MODIFICO) VALUES (2537,2,6,83,96,1,'amxsab.system@gmail.com',CURRENT_TIMESTAMP,'amxsab.system@gmail.com',CURRENT_TIMESTAMP);
INSERT INTO VUELO (NUMERO_VUELO,ID_COMPANIA,ID_TIPO_CABINA,ID_ESTACION_ORIGEN,ID_ESTACION_DESTINO,STATUS,USUARIO_CREO,FECHA_CREO,USUARIO_MODIFICO,FECHA_MODIFICO) VALUES (2538,2,6,96,83,1,'amxsab.system@gmail.com',CURRENT_TIMESTAMP,'amxsab.system@gmail.com',CURRENT_TIMESTAMP);
INSERT INTO VUELO (NUMERO_VUELO,ID_COMPANIA,ID_TIPO_CABINA,ID_ESTACION_ORIGEN,ID_ESTACION_DESTINO,STATUS,USUARIO_CREO,FECHA_CREO,USUARIO_MODIFICO,FECHA_MODIFICO) VALUES (2539,2,6,83,96,1,'amxsab.system@gmail.com',CURRENT_TIMESTAMP,'amxsab.system@gmail.com',CURRENT_TIMESTAMP);
INSERT INTO VUELO (NUMERO_VUELO,ID_COMPANIA,ID_TIPO_CABINA,ID_ESTACION_ORIGEN,ID_ESTACION_DESTINO,STATUS,USUARIO_CREO,FECHA_CREO,USUARIO_MODIFICO,FECHA_MODIFICO) VALUES (2550,2,6,96,66,1,'amxsab.system@gmail.com',CURRENT_TIMESTAMP,'amxsab.system@gmail.com',CURRENT_TIMESTAMP);
INSERT INTO VUELO (NUMERO_VUELO,ID_COMPANIA,ID_TIPO_CABINA,ID_ESTACION_ORIGEN,ID_ESTACION_DESTINO,STATUS,USUARIO_CREO,FECHA_CREO,USUARIO_MODIFICO,FECHA_MODIFICO) VALUES (2551,2,6,66,96,1,'amxsab.system@gmail.com',CURRENT_TIMESTAMP,'amxsab.system@gmail.com',CURRENT_TIMESTAMP);
INSERT INTO VUELO (NUMERO_VUELO,ID_COMPANIA,ID_TIPO_CABINA,ID_ESTACION_ORIGEN,ID_ESTACION_DESTINO,STATUS,USUARIO_CREO,FECHA_CREO,USUARIO_MODIFICO,FECHA_MODIFICO) VALUES (2564,2,6,96,95,1,'amxsab.system@gmail.com',CURRENT_TIMESTAMP,'amxsab.system@gmail.com',CURRENT_TIMESTAMP);
INSERT INTO VUELO (NUMERO_VUELO,ID_COMPANIA,ID_TIPO_CABINA,ID_ESTACION_ORIGEN,ID_ESTACION_DESTINO,STATUS,USUARIO_CREO,FECHA_CREO,USUARIO_MODIFICO,FECHA_MODIFICO) VALUES (2565,2,6,95,96,1,'amxsab.system@gmail.com',CURRENT_TIMESTAMP,'amxsab.system@gmail.com',CURRENT_TIMESTAMP);
INSERT INTO VUELO (NUMERO_VUELO,ID_COMPANIA,ID_TIPO_CABINA,ID_ESTACION_ORIGEN,ID_ESTACION_DESTINO,STATUS,USUARIO_CREO,FECHA_CREO,USUARIO_MODIFICO,FECHA_MODIFICO) VALUES (2568,2,6,96,95,1,'amxsab.system@gmail.com',CURRENT_TIMESTAMP,'amxsab.system@gmail.com',CURRENT_TIMESTAMP);
INSERT INTO VUELO (NUMERO_VUELO,ID_COMPANIA,ID_TIPO_CABINA,ID_ESTACION_ORIGEN,ID_ESTACION_DESTINO,STATUS,USUARIO_CREO,FECHA_CREO,USUARIO_MODIFICO,FECHA_MODIFICO) VALUES (2569,2,6,95,96,1,'amxsab.system@gmail.com',CURRENT_TIMESTAMP,'amxsab.system@gmail.com',CURRENT_TIMESTAMP);
INSERT INTO VUELO (NUMERO_VUELO,ID_COMPANIA,ID_TIPO_CABINA,ID_ESTACION_ORIGEN,ID_ESTACION_DESTINO,STATUS,USUARIO_CREO,FECHA_CREO,USUARIO_MODIFICO,FECHA_MODIFICO) VALUES (2584,2,6,96,53,1,'amxsab.system@gmail.com',CURRENT_TIMESTAMP,'amxsab.system@gmail.com',CURRENT_TIMESTAMP);
INSERT INTO VUELO (NUMERO_VUELO,ID_COMPANIA,ID_TIPO_CABINA,ID_ESTACION_ORIGEN,ID_ESTACION_DESTINO,STATUS,USUARIO_CREO,FECHA_CREO,USUARIO_MODIFICO,FECHA_MODIFICO) VALUES (2585,2,6,53,96,1,'amxsab.system@gmail.com',CURRENT_TIMESTAMP,'amxsab.system@gmail.com',CURRENT_TIMESTAMP);
INSERT INTO VUELO (NUMERO_VUELO,ID_COMPANIA,ID_TIPO_CABINA,ID_ESTACION_ORIGEN,ID_ESTACION_DESTINO,STATUS,USUARIO_CREO,FECHA_CREO,USUARIO_MODIFICO,FECHA_MODIFICO) VALUES (2587,2,6,85,96,1,'amxsab.system@gmail.com',CURRENT_TIMESTAMP,'amxsab.system@gmail.com',CURRENT_TIMESTAMP);
INSERT INTO VUELO (NUMERO_VUELO,ID_COMPANIA,ID_TIPO_CABINA,ID_ESTACION_ORIGEN,ID_ESTACION_DESTINO,STATUS,USUARIO_CREO,FECHA_CREO,USUARIO_MODIFICO,FECHA_MODIFICO) VALUES (2598,2,6,96,81,1,'amxsab.system@gmail.com',CURRENT_TIMESTAMP,'amxsab.system@gmail.com',CURRENT_TIMESTAMP);
INSERT INTO VUELO (NUMERO_VUELO,ID_COMPANIA,ID_TIPO_CABINA,ID_ESTACION_ORIGEN,ID_ESTACION_DESTINO,STATUS,USUARIO_CREO,FECHA_CREO,USUARIO_MODIFICO,FECHA_MODIFICO) VALUES (2599,2,6,81,96,1,'amxsab.system@gmail.com',CURRENT_TIMESTAMP,'amxsab.system@gmail.com',CURRENT_TIMESTAMP);
INSERT INTO VUELO (NUMERO_VUELO,ID_COMPANIA,ID_TIPO_CABINA,ID_ESTACION_ORIGEN,ID_ESTACION_DESTINO,STATUS,USUARIO_CREO,FECHA_CREO,USUARIO_MODIFICO,FECHA_MODIFICO) VALUES (2600,2,6,96,63,1,'amxsab.system@gmail.com',CURRENT_TIMESTAMP,'amxsab.system@gmail.com',CURRENT_TIMESTAMP);
INSERT INTO VUELO (NUMERO_VUELO,ID_COMPANIA,ID_TIPO_CABINA,ID_ESTACION_ORIGEN,ID_ESTACION_DESTINO,STATUS,USUARIO_CREO,FECHA_CREO,USUARIO_MODIFICO,FECHA_MODIFICO) VALUES (2601,2,6,63,96,1,'amxsab.system@gmail.com',CURRENT_TIMESTAMP,'amxsab.system@gmail.com',CURRENT_TIMESTAMP);
INSERT INTO VUELO (NUMERO_VUELO,ID_COMPANIA,ID_TIPO_CABINA,ID_ESTACION_ORIGEN,ID_ESTACION_DESTINO,STATUS,USUARIO_CREO,FECHA_CREO,USUARIO_MODIFICO,FECHA_MODIFICO) VALUES (2612,2,6,73,89,1,'amxsab.system@gmail.com',CURRENT_TIMESTAMP,'amxsab.system@gmail.com',CURRENT_TIMESTAMP);
INSERT INTO VUELO (NUMERO_VUELO,ID_COMPANIA,ID_TIPO_CABINA,ID_ESTACION_ORIGEN,ID_ESTACION_DESTINO,STATUS,USUARIO_CREO,FECHA_CREO,USUARIO_MODIFICO,FECHA_MODIFICO) VALUES (2613,2,6,89,73,1,'amxsab.system@gmail.com',CURRENT_TIMESTAMP,'amxsab.system@gmail.com',CURRENT_TIMESTAMP);
INSERT INTO VUELO (NUMERO_VUELO,ID_COMPANIA,ID_TIPO_CABINA,ID_ESTACION_ORIGEN,ID_ESTACION_DESTINO,STATUS,USUARIO_CREO,FECHA_CREO,USUARIO_MODIFICO,FECHA_MODIFICO) VALUES (2618,2,6,73,89,1,'amxsab.system@gmail.com',CURRENT_TIMESTAMP,'amxsab.system@gmail.com',CURRENT_TIMESTAMP);
INSERT INTO VUELO (NUMERO_VUELO,ID_COMPANIA,ID_TIPO_CABINA,ID_ESTACION_ORIGEN,ID_ESTACION_DESTINO,STATUS,USUARIO_CREO,FECHA_CREO,USUARIO_MODIFICO,FECHA_MODIFICO) VALUES (2619,2,6,89,73,1,'amxsab.system@gmail.com',CURRENT_TIMESTAMP,'amxsab.system@gmail.com',CURRENT_TIMESTAMP);
INSERT INTO VUELO (NUMERO_VUELO,ID_COMPANIA,ID_TIPO_CABINA,ID_ESTACION_ORIGEN,ID_ESTACION_DESTINO,STATUS,USUARIO_CREO,FECHA_CREO,USUARIO_MODIFICO,FECHA_MODIFICO) VALUES (2620,2,6,64,89,1,'amxsab.system@gmail.com',CURRENT_TIMESTAMP,'amxsab.system@gmail.com',CURRENT_TIMESTAMP);
INSERT INTO VUELO (NUMERO_VUELO,ID_COMPANIA,ID_TIPO_CABINA,ID_ESTACION_ORIGEN,ID_ESTACION_DESTINO,STATUS,USUARIO_CREO,FECHA_CREO,USUARIO_MODIFICO,FECHA_MODIFICO) VALUES (2621,2,6,89,64,1,'amxsab.system@gmail.com',CURRENT_TIMESTAMP,'amxsab.system@gmail.com',CURRENT_TIMESTAMP);
INSERT INTO VUELO (NUMERO_VUELO,ID_COMPANIA,ID_TIPO_CABINA,ID_ESTACION_ORIGEN,ID_ESTACION_DESTINO,STATUS,USUARIO_CREO,FECHA_CREO,USUARIO_MODIFICO,FECHA_MODIFICO) VALUES (2624,2,6,64,89,1,'amxsab.system@gmail.com',CURRENT_TIMESTAMP,'amxsab.system@gmail.com',CURRENT_TIMESTAMP);
INSERT INTO VUELO (NUMERO_VUELO,ID_COMPANIA,ID_TIPO_CABINA,ID_ESTACION_ORIGEN,ID_ESTACION_DESTINO,STATUS,USUARIO_CREO,FECHA_CREO,USUARIO_MODIFICO,FECHA_MODIFICO) VALUES (2625,2,6,89,64,1,'amxsab.system@gmail.com',CURRENT_TIMESTAMP,'amxsab.system@gmail.com',CURRENT_TIMESTAMP);
INSERT INTO VUELO (NUMERO_VUELO,ID_COMPANIA,ID_TIPO_CABINA,ID_ESTACION_ORIGEN,ID_ESTACION_DESTINO,STATUS,USUARIO_CREO,FECHA_CREO,USUARIO_MODIFICO,FECHA_MODIFICO) VALUES (2628,2,6,96,53,1,'amxsab.system@gmail.com',CURRENT_TIMESTAMP,'amxsab.system@gmail.com',CURRENT_TIMESTAMP);
INSERT INTO VUELO (NUMERO_VUELO,ID_COMPANIA,ID_TIPO_CABINA,ID_ESTACION_ORIGEN,ID_ESTACION_DESTINO,STATUS,USUARIO_CREO,FECHA_CREO,USUARIO_MODIFICO,FECHA_MODIFICO) VALUES (2629,2,6,53,96,1,'amxsab.system@gmail.com',CURRENT_TIMESTAMP,'amxsab.system@gmail.com',CURRENT_TIMESTAMP);
INSERT INTO VUELO (NUMERO_VUELO,ID_COMPANIA,ID_TIPO_CABINA,ID_ESTACION_ORIGEN,ID_ESTACION_DESTINO,STATUS,USUARIO_CREO,FECHA_CREO,USUARIO_MODIFICO,FECHA_MODIFICO) VALUES (2631,2,6,53,96,1,'amxsab.system@gmail.com',CURRENT_TIMESTAMP,'amxsab.system@gmail.com',CURRENT_TIMESTAMP);
INSERT INTO VUELO (NUMERO_VUELO,ID_COMPANIA,ID_TIPO_CABINA,ID_ESTACION_ORIGEN,ID_ESTACION_DESTINO,STATUS,USUARIO_CREO,FECHA_CREO,USUARIO_MODIFICO,FECHA_MODIFICO) VALUES (2632,2,6,96,53,1,'amxsab.system@gmail.com',CURRENT_TIMESTAMP,'amxsab.system@gmail.com',CURRENT_TIMESTAMP);
INSERT INTO VUELO (NUMERO_VUELO,ID_COMPANIA,ID_TIPO_CABINA,ID_ESTACION_ORIGEN,ID_ESTACION_DESTINO,STATUS,USUARIO_CREO,FECHA_CREO,USUARIO_MODIFICO,FECHA_MODIFICO) VALUES (2633,2,6,53,96,1,'amxsab.system@gmail.com',CURRENT_TIMESTAMP,'amxsab.system@gmail.com',CURRENT_TIMESTAMP);
INSERT INTO VUELO (NUMERO_VUELO,ID_COMPANIA,ID_TIPO_CABINA,ID_ESTACION_ORIGEN,ID_ESTACION_DESTINO,STATUS,USUARIO_CREO,FECHA_CREO,USUARIO_MODIFICO,FECHA_MODIFICO) VALUES (2634,2,6,96,53,1,'amxsab.system@gmail.com',CURRENT_TIMESTAMP,'amxsab.system@gmail.com',CURRENT_TIMESTAMP);
INSERT INTO VUELO (NUMERO_VUELO,ID_COMPANIA,ID_TIPO_CABINA,ID_ESTACION_ORIGEN,ID_ESTACION_DESTINO,STATUS,USUARIO_CREO,FECHA_CREO,USUARIO_MODIFICO,FECHA_MODIFICO) VALUES (2635,2,6,53,96,1,'amxsab.system@gmail.com',CURRENT_TIMESTAMP,'amxsab.system@gmail.com',CURRENT_TIMESTAMP);
INSERT INTO VUELO (NUMERO_VUELO,ID_COMPANIA,ID_TIPO_CABINA,ID_ESTACION_ORIGEN,ID_ESTACION_DESTINO,STATUS,USUARIO_CREO,FECHA_CREO,USUARIO_MODIFICO,FECHA_MODIFICO) VALUES (2636,2,6,96,53,1,'amxsab.system@gmail.com',CURRENT_TIMESTAMP,'amxsab.system@gmail.com',CURRENT_TIMESTAMP);
INSERT INTO VUELO (NUMERO_VUELO,ID_COMPANIA,ID_TIPO_CABINA,ID_ESTACION_ORIGEN,ID_ESTACION_DESTINO,STATUS,USUARIO_CREO,FECHA_CREO,USUARIO_MODIFICO,FECHA_MODIFICO) VALUES (2637,2,6,53,96,1,'amxsab.system@gmail.com',CURRENT_TIMESTAMP,'amxsab.system@gmail.com',CURRENT_TIMESTAMP);
INSERT INTO VUELO (NUMERO_VUELO,ID_COMPANIA,ID_TIPO_CABINA,ID_ESTACION_ORIGEN,ID_ESTACION_DESTINO,STATUS,USUARIO_CREO,FECHA_CREO,USUARIO_MODIFICO,FECHA_MODIFICO) VALUES (2640,2,6,96,53,1,'amxsab.system@gmail.com',CURRENT_TIMESTAMP,'amxsab.system@gmail.com',CURRENT_TIMESTAMP);
INSERT INTO VUELO (NUMERO_VUELO,ID_COMPANIA,ID_TIPO_CABINA,ID_ESTACION_ORIGEN,ID_ESTACION_DESTINO,STATUS,USUARIO_CREO,FECHA_CREO,USUARIO_MODIFICO,FECHA_MODIFICO) VALUES (2642,2,6,96,93,1,'amxsab.system@gmail.com',CURRENT_TIMESTAMP,'amxsab.system@gmail.com',CURRENT_TIMESTAMP);
INSERT INTO VUELO (NUMERO_VUELO,ID_COMPANIA,ID_TIPO_CABINA,ID_ESTACION_ORIGEN,ID_ESTACION_DESTINO,STATUS,USUARIO_CREO,FECHA_CREO,USUARIO_MODIFICO,FECHA_MODIFICO) VALUES (2643,2,6,93,96,1,'amxsab.system@gmail.com',CURRENT_TIMESTAMP,'amxsab.system@gmail.com',CURRENT_TIMESTAMP);
INSERT INTO VUELO (NUMERO_VUELO,ID_COMPANIA,ID_TIPO_CABINA,ID_ESTACION_ORIGEN,ID_ESTACION_DESTINO,STATUS,USUARIO_CREO,FECHA_CREO,USUARIO_MODIFICO,FECHA_MODIFICO) VALUES (2646,2,6,96,93,1,'amxsab.system@gmail.com',CURRENT_TIMESTAMP,'amxsab.system@gmail.com',CURRENT_TIMESTAMP);
INSERT INTO VUELO (NUMERO_VUELO,ID_COMPANIA,ID_TIPO_CABINA,ID_ESTACION_ORIGEN,ID_ESTACION_DESTINO,STATUS,USUARIO_CREO,FECHA_CREO,USUARIO_MODIFICO,FECHA_MODIFICO) VALUES (2647,2,6,93,96,1,'amxsab.system@gmail.com',CURRENT_TIMESTAMP,'amxsab.system@gmail.com',CURRENT_TIMESTAMP);
INSERT INTO VUELO (NUMERO_VUELO,ID_COMPANIA,ID_TIPO_CABINA,ID_ESTACION_ORIGEN,ID_ESTACION_DESTINO,STATUS,USUARIO_CREO,FECHA_CREO,USUARIO_MODIFICO,FECHA_MODIFICO) VALUES (2648,2,6,96,93,1,'amxsab.system@gmail.com',CURRENT_TIMESTAMP,'amxsab.system@gmail.com',CURRENT_TIMESTAMP);
INSERT INTO VUELO (NUMERO_VUELO,ID_COMPANIA,ID_TIPO_CABINA,ID_ESTACION_ORIGEN,ID_ESTACION_DESTINO,STATUS,USUARIO_CREO,FECHA_CREO,USUARIO_MODIFICO,FECHA_MODIFICO) VALUES (2649,2,6,93,96,1,'amxsab.system@gmail.com',CURRENT_TIMESTAMP,'amxsab.system@gmail.com',CURRENT_TIMESTAMP);
INSERT INTO VUELO (NUMERO_VUELO,ID_COMPANIA,ID_TIPO_CABINA,ID_ESTACION_ORIGEN,ID_ESTACION_DESTINO,STATUS,USUARIO_CREO,FECHA_CREO,USUARIO_MODIFICO,FECHA_MODIFICO) VALUES (2674,2,6,64,55,1,'amxsab.system@gmail.com',CURRENT_TIMESTAMP,'amxsab.system@gmail.com',CURRENT_TIMESTAMP);
INSERT INTO VUELO (NUMERO_VUELO,ID_COMPANIA,ID_TIPO_CABINA,ID_ESTACION_ORIGEN,ID_ESTACION_DESTINO,STATUS,USUARIO_CREO,FECHA_CREO,USUARIO_MODIFICO,FECHA_MODIFICO) VALUES (2675,2,6,55,64,1,'amxsab.system@gmail.com',CURRENT_TIMESTAMP,'amxsab.system@gmail.com',CURRENT_TIMESTAMP);
INSERT INTO VUELO (NUMERO_VUELO,ID_COMPANIA,ID_TIPO_CABINA,ID_ESTACION_ORIGEN,ID_ESTACION_DESTINO,STATUS,USUARIO_CREO,FECHA_CREO,USUARIO_MODIFICO,FECHA_MODIFICO) VALUES (2682,2,6,96,8,1,'amxsab.system@gmail.com',CURRENT_TIMESTAMP,'amxsab.system@gmail.com',CURRENT_TIMESTAMP);
INSERT INTO VUELO (NUMERO_VUELO,ID_COMPANIA,ID_TIPO_CABINA,ID_ESTACION_ORIGEN,ID_ESTACION_DESTINO,STATUS,USUARIO_CREO,FECHA_CREO,USUARIO_MODIFICO,FECHA_MODIFICO) VALUES (2683,2,6,8,96,1,'amxsab.system@gmail.com',CURRENT_TIMESTAMP,'amxsab.system@gmail.com',CURRENT_TIMESTAMP);
INSERT INTO VUELO (NUMERO_VUELO,ID_COMPANIA,ID_TIPO_CABINA,ID_ESTACION_ORIGEN,ID_ESTACION_DESTINO,STATUS,USUARIO_CREO,FECHA_CREO,USUARIO_MODIFICO,FECHA_MODIFICO) VALUES (2688,2,6,96,8,1,'amxsab.system@gmail.com',CURRENT_TIMESTAMP,'amxsab.system@gmail.com',CURRENT_TIMESTAMP);
INSERT INTO VUELO (NUMERO_VUELO,ID_COMPANIA,ID_TIPO_CABINA,ID_ESTACION_ORIGEN,ID_ESTACION_DESTINO,STATUS,USUARIO_CREO,FECHA_CREO,USUARIO_MODIFICO,FECHA_MODIFICO) VALUES (2689,2,6,8,96,1,'amxsab.system@gmail.com',CURRENT_TIMESTAMP,'amxsab.system@gmail.com',CURRENT_TIMESTAMP);
INSERT INTO VUELO (NUMERO_VUELO,ID_COMPANIA,ID_TIPO_CABINA,ID_ESTACION_ORIGEN,ID_ESTACION_DESTINO,STATUS,USUARIO_CREO,FECHA_CREO,USUARIO_MODIFICO,FECHA_MODIFICO) VALUES (2776,2,6,96,86,1,'amxsab.system@gmail.com',CURRENT_TIMESTAMP,'amxsab.system@gmail.com',CURRENT_TIMESTAMP);
INSERT INTO VUELO (NUMERO_VUELO,ID_COMPANIA,ID_TIPO_CABINA,ID_ESTACION_ORIGEN,ID_ESTACION_DESTINO,STATUS,USUARIO_CREO,FECHA_CREO,USUARIO_MODIFICO,FECHA_MODIFICO) VALUES (2777,2,6,86,96,1,'amxsab.system@gmail.com',CURRENT_TIMESTAMP,'amxsab.system@gmail.com',CURRENT_TIMESTAMP);
INSERT INTO VUELO (NUMERO_VUELO,ID_COMPANIA,ID_TIPO_CABINA,ID_ESTACION_ORIGEN,ID_ESTACION_DESTINO,STATUS,USUARIO_CREO,FECHA_CREO,USUARIO_MODIFICO,FECHA_MODIFICO) VALUES (2801,2,6,73,61,1,'amxsab.system@gmail.com',CURRENT_TIMESTAMP,'amxsab.system@gmail.com',CURRENT_TIMESTAMP);
INSERT INTO VUELO (NUMERO_VUELO,ID_COMPANIA,ID_TIPO_CABINA,ID_ESTACION_ORIGEN,ID_ESTACION_DESTINO,STATUS,USUARIO_CREO,FECHA_CREO,USUARIO_MODIFICO,FECHA_MODIFICO) VALUES (2811,2,6,73,51,1,'amxsab.system@gmail.com',CURRENT_TIMESTAMP,'amxsab.system@gmail.com',CURRENT_TIMESTAMP);
INSERT INTO VUELO (NUMERO_VUELO,ID_COMPANIA,ID_TIPO_CABINA,ID_ESTACION_ORIGEN,ID_ESTACION_DESTINO,STATUS,USUARIO_CREO,FECHA_CREO,USUARIO_MODIFICO,FECHA_MODIFICO) VALUES (2816,2,6,73,65,1,'amxsab.system@gmail.com',CURRENT_TIMESTAMP,'amxsab.system@gmail.com',CURRENT_TIMESTAMP);
INSERT INTO VUELO (NUMERO_VUELO,ID_COMPANIA,ID_TIPO_CABINA,ID_ESTACION_ORIGEN,ID_ESTACION_DESTINO,STATUS,USUARIO_CREO,FECHA_CREO,USUARIO_MODIFICO,FECHA_MODIFICO) VALUES (2884,2,6,65,88,1,'amxsab.system@gmail.com',CURRENT_TIMESTAMP,'amxsab.system@gmail.com',CURRENT_TIMESTAMP);
INSERT INTO VUELO (NUMERO_VUELO,ID_COMPANIA,ID_TIPO_CABINA,ID_ESTACION_ORIGEN,ID_ESTACION_DESTINO,STATUS,USUARIO_CREO,FECHA_CREO,USUARIO_MODIFICO,FECHA_MODIFICO) VALUES (3272,2,6,96,82,1,'amxsab.system@gmail.com',CURRENT_TIMESTAMP,'amxsab.system@gmail.com',CURRENT_TIMESTAMP);
INSERT INTO VUELO (NUMERO_VUELO,ID_COMPANIA,ID_TIPO_CABINA,ID_ESTACION_ORIGEN,ID_ESTACION_DESTINO,STATUS,USUARIO_CREO,FECHA_CREO,USUARIO_MODIFICO,FECHA_MODIFICO) VALUES (3273,2,6,82,96,1,'amxsab.system@gmail.com',CURRENT_TIMESTAMP,'amxsab.system@gmail.com',CURRENT_TIMESTAMP);
INSERT INTO VUELO (NUMERO_VUELO,ID_COMPANIA,ID_TIPO_CABINA,ID_ESTACION_ORIGEN,ID_ESTACION_DESTINO,STATUS,USUARIO_CREO,FECHA_CREO,USUARIO_MODIFICO,FECHA_MODIFICO) VALUES (3336,2,6,96,73,1,'amxsab.system@gmail.com',CURRENT_TIMESTAMP,'amxsab.system@gmail.com',CURRENT_TIMESTAMP);
INSERT INTO VUELO (NUMERO_VUELO,ID_COMPANIA,ID_TIPO_CABINA,ID_ESTACION_ORIGEN,ID_ESTACION_DESTINO,STATUS,USUARIO_CREO,FECHA_CREO,USUARIO_MODIFICO,FECHA_MODIFICO) VALUES (3337,2,6,73,96,1,'amxsab.system@gmail.com',CURRENT_TIMESTAMP,'amxsab.system@gmail.com',CURRENT_TIMESTAMP);
INSERT INTO VUELO (NUMERO_VUELO,ID_COMPANIA,ID_TIPO_CABINA,ID_ESTACION_ORIGEN,ID_ESTACION_DESTINO,STATUS,USUARIO_CREO,FECHA_CREO,USUARIO_MODIFICO,FECHA_MODIFICO) VALUES (3544,2,6,60,96,1,'amxsab.system@gmail.com',CURRENT_TIMESTAMP,'amxsab.system@gmail.com',CURRENT_TIMESTAMP);
INSERT INTO VUELO (NUMERO_VUELO,ID_COMPANIA,ID_TIPO_CABINA,ID_ESTACION_ORIGEN,ID_ESTACION_DESTINO,STATUS,USUARIO_CREO,FECHA_CREO,USUARIO_MODIFICO,FECHA_MODIFICO) VALUES (3581,2,6,96,60,1,'amxsab.system@gmail.com',CURRENT_TIMESTAMP,'amxsab.system@gmail.com',CURRENT_TIMESTAMP);
INSERT INTO VUELO (NUMERO_VUELO,ID_COMPANIA,ID_TIPO_CABINA,ID_ESTACION_ORIGEN,ID_ESTACION_DESTINO,STATUS,USUARIO_CREO,FECHA_CREO,USUARIO_MODIFICO,FECHA_MODIFICO) VALUES (3620,2,6,73,89,1,'amxsab.system@gmail.com',CURRENT_TIMESTAMP,'amxsab.system@gmail.com',CURRENT_TIMESTAMP);
INSERT INTO VUELO (NUMERO_VUELO,ID_COMPANIA,ID_TIPO_CABINA,ID_ESTACION_ORIGEN,ID_ESTACION_DESTINO,STATUS,USUARIO_CREO,FECHA_CREO,USUARIO_MODIFICO,FECHA_MODIFICO) VALUES (3621,2,6,89,64,1,'amxsab.system@gmail.com',CURRENT_TIMESTAMP,'amxsab.system@gmail.com',CURRENT_TIMESTAMP);
INSERT INTO VUELO (NUMERO_VUELO,ID_COMPANIA,ID_TIPO_CABINA,ID_ESTACION_ORIGEN,ID_ESTACION_DESTINO,STATUS,USUARIO_CREO,FECHA_CREO,USUARIO_MODIFICO,FECHA_MODIFICO) VALUES (25,1,5,96,1,1,'amxsab.system@gmail.com',CURRENT_TIMESTAMP,'amxsab.system@gmail.com',CURRENT_TIMESTAMP);
INSERT INTO VUELO (NUMERO_VUELO,ID_COMPANIA,ID_TIPO_CABINA,ID_ESTACION_ORIGEN,ID_ESTACION_DESTINO,STATUS,USUARIO_CREO,FECHA_CREO,USUARIO_MODIFICO,FECHA_MODIFICO) VALUES (26,1,5,1,96,1,'amxsab.system@gmail.com',CURRENT_TIMESTAMP,'amxsab.system@gmail.com',CURRENT_TIMESTAMP);
INSERT INTO VUELO (NUMERO_VUELO,ID_COMPANIA,ID_TIPO_CABINA,ID_ESTACION_ORIGEN,ID_ESTACION_DESTINO,STATUS,USUARIO_CREO,FECHA_CREO,USUARIO_MODIFICO,FECHA_MODIFICO) VALUES (174,1,6,96,88,1,'amxsab.system@gmail.com',CURRENT_TIMESTAMP,'amxsab.system@gmail.com',CURRENT_TIMESTAMP);
INSERT INTO VUELO (NUMERO_VUELO,ID_COMPANIA,ID_TIPO_CABINA,ID_ESTACION_ORIGEN,ID_ESTACION_DESTINO,STATUS,USUARIO_CREO,FECHA_CREO,USUARIO_MODIFICO,FECHA_MODIFICO) VALUES (175,1,6,88,96,1,'amxsab.system@gmail.com',CURRENT_TIMESTAMP,'amxsab.system@gmail.com',CURRENT_TIMESTAMP);
INSERT INTO VUELO (NUMERO_VUELO,ID_COMPANIA,ID_TIPO_CABINA,ID_ESTACION_ORIGEN,ID_ESTACION_DESTINO,STATUS,USUARIO_CREO,FECHA_CREO,USUARIO_MODIFICO,FECHA_MODIFICO) VALUES (220,1,6,96,56,1,'amxsab.system@gmail.com',CURRENT_TIMESTAMP,'amxsab.system@gmail.com',CURRENT_TIMESTAMP);
INSERT INTO VUELO (NUMERO_VUELO,ID_COMPANIA,ID_TIPO_CABINA,ID_ESTACION_ORIGEN,ID_ESTACION_DESTINO,STATUS,USUARIO_CREO,FECHA_CREO,USUARIO_MODIFICO,FECHA_MODIFICO) VALUES (259,1,6,56,96,1,'amxsab.system@gmail.com',CURRENT_TIMESTAMP,'amxsab.system@gmail.com',CURRENT_TIMESTAMP);
INSERT INTO VUELO (NUMERO_VUELO,ID_COMPANIA,ID_TIPO_CABINA,ID_ESTACION_ORIGEN,ID_ESTACION_DESTINO,STATUS,USUARIO_CREO,FECHA_CREO,USUARIO_MODIFICO,FECHA_MODIFICO) VALUES (282,1,6,96,82,1,'amxsab.system@gmail.com',CURRENT_TIMESTAMP,'amxsab.system@gmail.com',CURRENT_TIMESTAMP);
INSERT INTO VUELO (NUMERO_VUELO,ID_COMPANIA,ID_TIPO_CABINA,ID_ESTACION_ORIGEN,ID_ESTACION_DESTINO,STATUS,USUARIO_CREO,FECHA_CREO,USUARIO_MODIFICO,FECHA_MODIFICO) VALUES (283,1,6,82,96,1,'amxsab.system@gmail.com',CURRENT_TIMESTAMP,'amxsab.system@gmail.com',CURRENT_TIMESTAMP);
INSERT INTO VUELO (NUMERO_VUELO,ID_COMPANIA,ID_TIPO_CABINA,ID_ESTACION_ORIGEN,ID_ESTACION_DESTINO,STATUS,USUARIO_CREO,FECHA_CREO,USUARIO_MODIFICO,FECHA_MODIFICO) VALUES (426,1,6,60,18,1,'amxsab.system@gmail.com',CURRENT_TIMESTAMP,'amxsab.system@gmail.com',CURRENT_TIMESTAMP);
INSERT INTO VUELO (NUMERO_VUELO,ID_COMPANIA,ID_TIPO_CABINA,ID_ESTACION_ORIGEN,ID_ESTACION_DESTINO,STATUS,USUARIO_CREO,FECHA_CREO,USUARIO_MODIFICO,FECHA_MODIFICO) VALUES (427,1,6,18,60,1,'amxsab.system@gmail.com',CURRENT_TIMESTAMP,'amxsab.system@gmail.com',CURRENT_TIMESTAMP);
INSERT INTO VUELO (NUMERO_VUELO,ID_COMPANIA,ID_TIPO_CABINA,ID_ESTACION_ORIGEN,ID_ESTACION_DESTINO,STATUS,USUARIO_CREO,FECHA_CREO,USUARIO_MODIFICO,FECHA_MODIFICO) VALUES (1445,1,6,96,60,1,'amxsab.system@gmail.com',CURRENT_TIMESTAMP,'amxsab.system@gmail.com',CURRENT_TIMESTAMP);
INSERT INTO VUELO (NUMERO_VUELO,ID_COMPANIA,ID_TIPO_CABINA,ID_ESTACION_ORIGEN,ID_ESTACION_DESTINO,STATUS,USUARIO_CREO,FECHA_CREO,USUARIO_MODIFICO,FECHA_MODIFICO) VALUES (1568,1,6,60,96,1,'amxsab.system@gmail.com',CURRENT_TIMESTAMP,'amxsab.system@gmail.com',CURRENT_TIMESTAMP);
INSERT INTO VUELO (NUMERO_VUELO,ID_COMPANIA,ID_TIPO_CABINA,ID_ESTACION_ORIGEN,ID_ESTACION_DESTINO,STATUS,USUARIO_CREO,FECHA_CREO,USUARIO_MODIFICO,FECHA_MODIFICO) VALUES (1570,1,6,60,96,1,'amxsab.system@gmail.com',CURRENT_TIMESTAMP,'amxsab.system@gmail.com',CURRENT_TIMESTAMP);
INSERT INTO VUELO (NUMERO_VUELO,ID_COMPANIA,ID_TIPO_CABINA,ID_ESTACION_ORIGEN,ID_ESTACION_DESTINO,STATUS,USUARIO_CREO,FECHA_CREO,USUARIO_MODIFICO,FECHA_MODIFICO) VALUES (1571,1,6,96,60,1,'amxsab.system@gmail.com',CURRENT_TIMESTAMP,'amxsab.system@gmail.com',CURRENT_TIMESTAMP);
INSERT INTO VUELO (NUMERO_VUELO,ID_COMPANIA,ID_TIPO_CABINA,ID_ESTACION_ORIGEN,ID_ESTACION_DESTINO,STATUS,USUARIO_CREO,FECHA_CREO,USUARIO_MODIFICO,FECHA_MODIFICO) VALUES (1577,1,6,96,60,1,'amxsab.system@gmail.com',CURRENT_TIMESTAMP,'amxsab.system@gmail.com',CURRENT_TIMESTAMP);
INSERT INTO VUELO (NUMERO_VUELO,ID_COMPANIA,ID_TIPO_CABINA,ID_ESTACION_ORIGEN,ID_ESTACION_DESTINO,STATUS,USUARIO_CREO,FECHA_CREO,USUARIO_MODIFICO,FECHA_MODIFICO) VALUES (1585,1,6,20,96,1,'amxsab.system@gmail.com',CURRENT_TIMESTAMP,'amxsab.system@gmail.com',CURRENT_TIMESTAMP);
INSERT INTO VUELO (NUMERO_VUELO,ID_COMPANIA,ID_TIPO_CABINA,ID_ESTACION_ORIGEN,ID_ESTACION_DESTINO,STATUS,USUARIO_CREO,FECHA_CREO,USUARIO_MODIFICO,FECHA_MODIFICO) VALUES (1586,1,6,60,96,1,'amxsab.system@gmail.com',CURRENT_TIMESTAMP,'amxsab.system@gmail.com',CURRENT_TIMESTAMP);
INSERT INTO VUELO (NUMERO_VUELO,ID_COMPANIA,ID_TIPO_CABINA,ID_ESTACION_ORIGEN,ID_ESTACION_DESTINO,STATUS,USUARIO_CREO,FECHA_CREO,USUARIO_MODIFICO,FECHA_MODIFICO) VALUES (1730,1,6,96,20,1,'amxsab.system@gmail.com',CURRENT_TIMESTAMP,'amxsab.system@gmail.com',CURRENT_TIMESTAMP);
INSERT INTO VUELO (NUMERO_VUELO,ID_COMPANIA,ID_TIPO_CABINA,ID_ESTACION_ORIGEN,ID_ESTACION_DESTINO,STATUS,USUARIO_CREO,FECHA_CREO,USUARIO_MODIFICO,FECHA_MODIFICO) VALUES (160,2,6,96,64,1,'amxsab.system@gmail.com',CURRENT_TIMESTAMP,'amxsab.system@gmail.com',CURRENT_TIMESTAMP);
INSERT INTO VUELO (NUMERO_VUELO,ID_COMPANIA,ID_TIPO_CABINA,ID_ESTACION_ORIGEN,ID_ESTACION_DESTINO,STATUS,USUARIO_CREO,FECHA_CREO,USUARIO_MODIFICO,FECHA_MODIFICO) VALUES (107,2,6,64,96,1,'amxsab.system@gmail.com',CURRENT_TIMESTAMP,'amxsab.system@gmail.com',CURRENT_TIMESTAMP);
INSERT INTO VUELO (NUMERO_VUELO,ID_COMPANIA,ID_TIPO_CABINA,ID_ESTACION_ORIGEN,ID_ESTACION_DESTINO,STATUS,USUARIO_CREO,FECHA_CREO,USUARIO_MODIFICO,FECHA_MODIFICO) VALUES (132,2,6,51,88,1,'amxsab.system@gmail.com',CURRENT_TIMESTAMP,'amxsab.system@gmail.com',CURRENT_TIMESTAMP);
INSERT INTO VUELO (NUMERO_VUELO,ID_COMPANIA,ID_TIPO_CABINA,ID_ESTACION_ORIGEN,ID_ESTACION_DESTINO,STATUS,USUARIO_CREO,FECHA_CREO,USUARIO_MODIFICO,FECHA_MODIFICO) VALUES (133,2,6,51,88,1,'amxsab.system@gmail.com',CURRENT_TIMESTAMP,'amxsab.system@gmail.com',CURRENT_TIMESTAMP);
INSERT INTO VUELO (NUMERO_VUELO,ID_COMPANIA,ID_TIPO_CABINA,ID_ESTACION_ORIGEN,ID_ESTACION_DESTINO,STATUS,USUARIO_CREO,FECHA_CREO,USUARIO_MODIFICO,FECHA_MODIFICO) VALUES (220,2,6,96,56,1,'amxsab.system@gmail.com',CURRENT_TIMESTAMP,'amxsab.system@gmail.com',CURRENT_TIMESTAMP);
INSERT INTO VUELO (NUMERO_VUELO,ID_COMPANIA,ID_TIPO_CABINA,ID_ESTACION_ORIGEN,ID_ESTACION_DESTINO,STATUS,USUARIO_CREO,FECHA_CREO,USUARIO_MODIFICO,FECHA_MODIFICO) VALUES (259,2,6,56,96,1,'amxsab.system@gmail.com',CURRENT_TIMESTAMP,'amxsab.system@gmail.com',CURRENT_TIMESTAMP);
INSERT INTO VUELO (NUMERO_VUELO,ID_COMPANIA,ID_TIPO_CABINA,ID_ESTACION_ORIGEN,ID_ESTACION_DESTINO,STATUS,USUARIO_CREO,FECHA_CREO,USUARIO_MODIFICO,FECHA_MODIFICO) VALUES (276,2,6,96,64,1,'amxsab.system@gmail.com',CURRENT_TIMESTAMP,'amxsab.system@gmail.com',CURRENT_TIMESTAMP);
INSERT INTO VUELO (NUMERO_VUELO,ID_COMPANIA,ID_TIPO_CABINA,ID_ESTACION_ORIGEN,ID_ESTACION_DESTINO,STATUS,USUARIO_CREO,FECHA_CREO,USUARIO_MODIFICO,FECHA_MODIFICO) VALUES (415,2,6,73,64,1,'amxsab.system@gmail.com',CURRENT_TIMESTAMP,'amxsab.system@gmail.com',CURRENT_TIMESTAMP);
INSERT INTO VUELO (NUMERO_VUELO,ID_COMPANIA,ID_TIPO_CABINA,ID_ESTACION_ORIGEN,ID_ESTACION_DESTINO,STATUS,USUARIO_CREO,FECHA_CREO,USUARIO_MODIFICO,FECHA_MODIFICO) VALUES (419,2,6,96,92,1,'amxsab.system@gmail.com',CURRENT_TIMESTAMP,'amxsab.system@gmail.com',CURRENT_TIMESTAMP);
INSERT INTO VUELO (NUMERO_VUELO,ID_COMPANIA,ID_TIPO_CABINA,ID_ESTACION_ORIGEN,ID_ESTACION_DESTINO,STATUS,USUARIO_CREO,FECHA_CREO,USUARIO_MODIFICO,FECHA_MODIFICO) VALUES (420,2,6,70,27,1,'amxsab.system@gmail.com',CURRENT_TIMESTAMP,'amxsab.system@gmail.com',CURRENT_TIMESTAMP);
INSERT INTO VUELO (NUMERO_VUELO,ID_COMPANIA,ID_TIPO_CABINA,ID_ESTACION_ORIGEN,ID_ESTACION_DESTINO,STATUS,USUARIO_CREO,FECHA_CREO,USUARIO_MODIFICO,FECHA_MODIFICO) VALUES (421,2,6,70,96,1,'amxsab.system@gmail.com',CURRENT_TIMESTAMP,'amxsab.system@gmail.com',CURRENT_TIMESTAMP);
INSERT INTO VUELO (NUMERO_VUELO,ID_COMPANIA,ID_TIPO_CABINA,ID_ESTACION_ORIGEN,ID_ESTACION_DESTINO,STATUS,USUARIO_CREO,FECHA_CREO,USUARIO_MODIFICO,FECHA_MODIFICO) VALUES (472,2,6,92,96,1,'amxsab.system@gmail.com',CURRENT_TIMESTAMP,'amxsab.system@gmail.com',CURRENT_TIMESTAMP);
INSERT INTO VUELO (NUMERO_VUELO,ID_COMPANIA,ID_TIPO_CABINA,ID_ESTACION_ORIGEN,ID_ESTACION_DESTINO,STATUS,USUARIO_CREO,FECHA_CREO,USUARIO_MODIFICO,FECHA_MODIFICO) VALUES (538,2,6,60,96,1,'amxsab.system@gmail.com',CURRENT_TIMESTAMP,'amxsab.system@gmail.com',CURRENT_TIMESTAMP);
INSERT INTO VUELO (NUMERO_VUELO,ID_COMPANIA,ID_TIPO_CABINA,ID_ESTACION_ORIGEN,ID_ESTACION_DESTINO,STATUS,USUARIO_CREO,FECHA_CREO,USUARIO_MODIFICO,FECHA_MODIFICO) VALUES (539,2,6,96,60,1,'amxsab.system@gmail.com',CURRENT_TIMESTAMP,'amxsab.system@gmail.com',CURRENT_TIMESTAMP);
INSERT INTO VUELO (NUMERO_VUELO,ID_COMPANIA,ID_TIPO_CABINA,ID_ESTACION_ORIGEN,ID_ESTACION_DESTINO,STATUS,USUARIO_CREO,FECHA_CREO,USUARIO_MODIFICO,FECHA_MODIFICO) VALUES (540,2,6,60,96,1,'amxsab.system@gmail.com',CURRENT_TIMESTAMP,'amxsab.system@gmail.com',CURRENT_TIMESTAMP);
INSERT INTO VUELO (NUMERO_VUELO,ID_COMPANIA,ID_TIPO_CABINA,ID_ESTACION_ORIGEN,ID_ESTACION_DESTINO,STATUS,USUARIO_CREO,FECHA_CREO,USUARIO_MODIFICO,FECHA_MODIFICO) VALUES (569,2,6,96,60,1,'amxsab.system@gmail.com',CURRENT_TIMESTAMP,'amxsab.system@gmail.com',CURRENT_TIMESTAMP);
INSERT INTO VUELO (NUMERO_VUELO,ID_COMPANIA,ID_TIPO_CABINA,ID_ESTACION_ORIGEN,ID_ESTACION_DESTINO,STATUS,USUARIO_CREO,FECHA_CREO,USUARIO_MODIFICO,FECHA_MODIFICO) VALUES (570,2,6,60,96,1,'amxsab.system@gmail.com',CURRENT_TIMESTAMP,'amxsab.system@gmail.com',CURRENT_TIMESTAMP);
INSERT INTO VUELO (NUMERO_VUELO,ID_COMPANIA,ID_TIPO_CABINA,ID_ESTACION_ORIGEN,ID_ESTACION_DESTINO,STATUS,USUARIO_CREO,FECHA_CREO,USUARIO_MODIFICO,FECHA_MODIFICO) VALUES (571,2,6,96,60,1,'amxsab.system@gmail.com',CURRENT_TIMESTAMP,'amxsab.system@gmail.com',CURRENT_TIMESTAMP);
INSERT INTO VUELO (NUMERO_VUELO,ID_COMPANIA,ID_TIPO_CABINA,ID_ESTACION_ORIGEN,ID_ESTACION_DESTINO,STATUS,USUARIO_CREO,FECHA_CREO,USUARIO_MODIFICO,FECHA_MODIFICO) VALUES (573,2,6,96,60,1,'amxsab.system@gmail.com',CURRENT_TIMESTAMP,'amxsab.system@gmail.com',CURRENT_TIMESTAMP);
INSERT INTO VUELO (NUMERO_VUELO,ID_COMPANIA,ID_TIPO_CABINA,ID_ESTACION_ORIGEN,ID_ESTACION_DESTINO,STATUS,USUARIO_CREO,FECHA_CREO,USUARIO_MODIFICO,FECHA_MODIFICO) VALUES (577,2,6,96,60,1,'amxsab.system@gmail.com',CURRENT_TIMESTAMP,'amxsab.system@gmail.com',CURRENT_TIMESTAMP);
INSERT INTO VUELO (NUMERO_VUELO,ID_COMPANIA,ID_TIPO_CABINA,ID_ESTACION_ORIGEN,ID_ESTACION_DESTINO,STATUS,USUARIO_CREO,FECHA_CREO,USUARIO_MODIFICO,FECHA_MODIFICO) VALUES (580,2,6,60,96,1,'amxsab.system@gmail.com',CURRENT_TIMESTAMP,'amxsab.system@gmail.com',CURRENT_TIMESTAMP);
INSERT INTO VUELO (NUMERO_VUELO,ID_COMPANIA,ID_TIPO_CABINA,ID_ESTACION_ORIGEN,ID_ESTACION_DESTINO,STATUS,USUARIO_CREO,FECHA_CREO,USUARIO_MODIFICO,FECHA_MODIFICO) VALUES (583,2,6,96,60,1,'amxsab.system@gmail.com',CURRENT_TIMESTAMP,'amxsab.system@gmail.com',CURRENT_TIMESTAMP);
INSERT INTO VUELO (NUMERO_VUELO,ID_COMPANIA,ID_TIPO_CABINA,ID_ESTACION_ORIGEN,ID_ESTACION_DESTINO,STATUS,USUARIO_CREO,FECHA_CREO,USUARIO_MODIFICO,FECHA_MODIFICO) VALUES (594,2,6,60,96,1,'amxsab.system@gmail.com',CURRENT_TIMESTAMP,'amxsab.system@gmail.com',CURRENT_TIMESTAMP);
INSERT INTO VUELO (NUMERO_VUELO,ID_COMPANIA,ID_TIPO_CABINA,ID_ESTACION_ORIGEN,ID_ESTACION_DESTINO,STATUS,USUARIO_CREO,FECHA_CREO,USUARIO_MODIFICO,FECHA_MODIFICO) VALUES (634,2,6,96,36,1,'amxsab.system@gmail.com',CURRENT_TIMESTAMP,'amxsab.system@gmail.com',CURRENT_TIMESTAMP);
INSERT INTO VUELO (NUMERO_VUELO,ID_COMPANIA,ID_TIPO_CABINA,ID_ESTACION_ORIGEN,ID_ESTACION_DESTINO,STATUS,USUARIO_CREO,FECHA_CREO,USUARIO_MODIFICO,FECHA_MODIFICO) VALUES (635,2,6,96,36,1,'amxsab.system@gmail.com',CURRENT_TIMESTAMP,'amxsab.system@gmail.com',CURRENT_TIMESTAMP);
INSERT INTO VUELO (NUMERO_VUELO,ID_COMPANIA,ID_TIPO_CABINA,ID_ESTACION_ORIGEN,ID_ESTACION_DESTINO,STATUS,USUARIO_CREO,FECHA_CREO,USUARIO_MODIFICO,FECHA_MODIFICO) VALUES (905,2,6,73,96,1,'amxsab.system@gmail.com',CURRENT_TIMESTAMP,'amxsab.system@gmail.com',CURRENT_TIMESTAMP);
INSERT INTO VUELO (NUMERO_VUELO,ID_COMPANIA,ID_TIPO_CABINA,ID_ESTACION_ORIGEN,ID_ESTACION_DESTINO,STATUS,USUARIO_CREO,FECHA_CREO,USUARIO_MODIFICO,FECHA_MODIFICO) VALUES (907,2,6,73,96,1,'amxsab.system@gmail.com',CURRENT_TIMESTAMP,'amxsab.system@gmail.com',CURRENT_TIMESTAMP);
INSERT INTO VUELO (NUMERO_VUELO,ID_COMPANIA,ID_TIPO_CABINA,ID_ESTACION_ORIGEN,ID_ESTACION_DESTINO,STATUS,USUARIO_CREO,FECHA_CREO,USUARIO_MODIFICO,FECHA_MODIFICO) VALUES (934,2,6,96,73,1,'amxsab.system@gmail.com',CURRENT_TIMESTAMP,'amxsab.system@gmail.com',CURRENT_TIMESTAMP);
INSERT INTO VUELO (NUMERO_VUELO,ID_COMPANIA,ID_TIPO_CABINA,ID_ESTACION_ORIGEN,ID_ESTACION_DESTINO,STATUS,USUARIO_CREO,FECHA_CREO,USUARIO_MODIFICO,FECHA_MODIFICO) VALUES (939,2,6,73,96,1,'amxsab.system@gmail.com',CURRENT_TIMESTAMP,'amxsab.system@gmail.com',CURRENT_TIMESTAMP);
INSERT INTO VUELO (NUMERO_VUELO,ID_COMPANIA,ID_TIPO_CABINA,ID_ESTACION_ORIGEN,ID_ESTACION_DESTINO,STATUS,USUARIO_CREO,FECHA_CREO,USUARIO_MODIFICO,FECHA_MODIFICO) VALUES (944,2,6,96,73,1,'amxsab.system@gmail.com',CURRENT_TIMESTAMP,'amxsab.system@gmail.com',CURRENT_TIMESTAMP);
INSERT INTO VUELO (NUMERO_VUELO,ID_COMPANIA,ID_TIPO_CABINA,ID_ESTACION_ORIGEN,ID_ESTACION_DESTINO,STATUS,USUARIO_CREO,FECHA_CREO,USUARIO_MODIFICO,FECHA_MODIFICO) VALUES (956,2,6,96,73,1,'amxsab.system@gmail.com',CURRENT_TIMESTAMP,'amxsab.system@gmail.com',CURRENT_TIMESTAMP);
INSERT INTO VUELO (NUMERO_VUELO,ID_COMPANIA,ID_TIPO_CABINA,ID_ESTACION_ORIGEN,ID_ESTACION_DESTINO,STATUS,USUARIO_CREO,FECHA_CREO,USUARIO_MODIFICO,FECHA_MODIFICO) VALUES (1570,2,6,60,96,1,'amxsab.system@gmail.com',CURRENT_TIMESTAMP,'amxsab.system@gmail.com',CURRENT_TIMESTAMP);
INSERT INTO VUELO (NUMERO_VUELO,ID_COMPANIA,ID_TIPO_CABINA,ID_ESTACION_ORIGEN,ID_ESTACION_DESTINO,STATUS,USUARIO_CREO,FECHA_CREO,USUARIO_MODIFICO,FECHA_MODIFICO) VALUES (1571,2,6,96,60,1,'amxsab.system@gmail.com',CURRENT_TIMESTAMP,'amxsab.system@gmail.com',CURRENT_TIMESTAMP);
INSERT INTO VUELO (NUMERO_VUELO,ID_COMPANIA,ID_TIPO_CABINA,ID_ESTACION_ORIGEN,ID_ESTACION_DESTINO,STATUS,USUARIO_CREO,FECHA_CREO,USUARIO_MODIFICO,FECHA_MODIFICO) VALUES (1576,2,6,60,96,1,'amxsab.system@gmail.com',CURRENT_TIMESTAMP,'amxsab.system@gmail.com',CURRENT_TIMESTAMP);
INSERT INTO VUELO (NUMERO_VUELO,ID_COMPANIA,ID_TIPO_CABINA,ID_ESTACION_ORIGEN,ID_ESTACION_DESTINO,STATUS,USUARIO_CREO,FECHA_CREO,USUARIO_MODIFICO,FECHA_MODIFICO) VALUES (2432,2,6,63,88,1,'amxsab.system@gmail.com',CURRENT_TIMESTAMP,'amxsab.system@gmail.com',CURRENT_TIMESTAMP);
INSERT INTO VUELO (NUMERO_VUELO,ID_COMPANIA,ID_TIPO_CABINA,ID_ESTACION_ORIGEN,ID_ESTACION_DESTINO,STATUS,USUARIO_CREO,FECHA_CREO,USUARIO_MODIFICO,FECHA_MODIFICO) VALUES (3474,2,6,96,76,1,'amxsab.system@gmail.com',CURRENT_TIMESTAMP,'amxsab.system@gmail.com',CURRENT_TIMESTAMP);
INSERT INTO VUELO (NUMERO_VUELO,ID_COMPANIA,ID_TIPO_CABINA,ID_ESTACION_ORIGEN,ID_ESTACION_DESTINO,STATUS,USUARIO_CREO,FECHA_CREO,USUARIO_MODIFICO,FECHA_MODIFICO) VALUES (3475,2,6,76,96,1,'amxsab.system@gmail.com',CURRENT_TIMESTAMP,'amxsab.system@gmail.com',CURRENT_TIMESTAMP);
INSERT INTO VUELO (NUMERO_VUELO,ID_COMPANIA,ID_TIPO_CABINA,ID_ESTACION_ORIGEN,ID_ESTACION_DESTINO,STATUS,USUARIO_CREO,FECHA_CREO,USUARIO_MODIFICO,FECHA_MODIFICO) VALUES (3483,2,6,63,96,1,'amxsab.system@gmail.com',CURRENT_TIMESTAMP,'amxsab.system@gmail.com',CURRENT_TIMESTAMP);
INSERT INTO VUELO (NUMERO_VUELO,ID_COMPANIA,ID_TIPO_CABINA,ID_ESTACION_ORIGEN,ID_ESTACION_DESTINO,STATUS,USUARIO_CREO,FECHA_CREO,USUARIO_MODIFICO,FECHA_MODIFICO) VALUES (3483,2,6,88,63,1,'amxsab.system@gmail.com',CURRENT_TIMESTAMP,'amxsab.system@gmail.com',CURRENT_TIMESTAMP);
INSERT INTO VUELO (NUMERO_VUELO,ID_COMPANIA,ID_TIPO_CABINA,ID_ESTACION_ORIGEN,ID_ESTACION_DESTINO,STATUS,USUARIO_CREO,FECHA_CREO,USUARIO_MODIFICO,FECHA_MODIFICO) VALUES (2464,2,6,96,80,1,'amxsab.system@gmail.com',CURRENT_TIMESTAMP,'amxsab.system@gmail.com',CURRENT_TIMESTAMP);
INSERT INTO VUELO (NUMERO_VUELO,ID_COMPANIA,ID_TIPO_CABINA,ID_ESTACION_ORIGEN,ID_ESTACION_DESTINO,STATUS,USUARIO_CREO,FECHA_CREO,USUARIO_MODIFICO,FECHA_MODIFICO) VALUES (2465,2,6,80,96,1,'amxsab.system@gmail.com',CURRENT_TIMESTAMP,'amxsab.system@gmail.com',CURRENT_TIMESTAMP);
INSERT INTO VUELO (NUMERO_VUELO,ID_COMPANIA,ID_TIPO_CABINA,ID_ESTACION_ORIGEN,ID_ESTACION_DESTINO,STATUS,USUARIO_CREO,FECHA_CREO,USUARIO_MODIFICO,FECHA_MODIFICO) VALUES (3485,2,6,89,64,1,'amxsab.system@gmail.com',CURRENT_TIMESTAMP,'amxsab.system@gmail.com',CURRENT_TIMESTAMP);
INSERT INTO VUELO (NUMERO_VUELO,ID_COMPANIA,ID_TIPO_CABINA,ID_ESTACION_ORIGEN,ID_ESTACION_DESTINO,STATUS,USUARIO_CREO,FECHA_CREO,USUARIO_MODIFICO,FECHA_MODIFICO) VALUES (3490,2,6,96,71,1,'amxsab.system@gmail.com',CURRENT_TIMESTAMP,'amxsab.system@gmail.com',CURRENT_TIMESTAMP);
INSERT INTO VUELO (NUMERO_VUELO,ID_COMPANIA,ID_TIPO_CABINA,ID_ESTACION_ORIGEN,ID_ESTACION_DESTINO,STATUS,USUARIO_CREO,FECHA_CREO,USUARIO_MODIFICO,FECHA_MODIFICO) VALUES (3491,2,6,71,96,1,'amxsab.system@gmail.com',CURRENT_TIMESTAMP,'amxsab.system@gmail.com',CURRENT_TIMESTAMP);
INSERT INTO VUELO (NUMERO_VUELO,ID_COMPANIA,ID_TIPO_CABINA,ID_ESTACION_ORIGEN,ID_ESTACION_DESTINO,STATUS,USUARIO_CREO,FECHA_CREO,USUARIO_MODIFICO,FECHA_MODIFICO) VALUES (790,1,6,96,41,1,'amxsab.system@gmail.com',CURRENT_TIMESTAMP,'amxsab.system@gmail.com',CURRENT_TIMESTAMP);
INSERT INTO VUELO (NUMERO_VUELO,ID_COMPANIA,ID_TIPO_CABINA,ID_ESTACION_ORIGEN,ID_ESTACION_DESTINO,STATUS,USUARIO_CREO,FECHA_CREO,USUARIO_MODIFICO,FECHA_MODIFICO) VALUES (791,1,6,41,96,1,'amxsab.system@gmail.com',CURRENT_TIMESTAMP,'amxsab.system@gmail.com',CURRENT_TIMESTAMP);
INSERT INTO VUELO (NUMERO_VUELO,ID_COMPANIA,ID_TIPO_CABINA,ID_ESTACION_ORIGEN,ID_ESTACION_DESTINO,STATUS,USUARIO_CREO,FECHA_CREO,USUARIO_MODIFICO,FECHA_MODIFICO) VALUES (146,1,6,96,79,1,'amxsab.system@gmail.com',CURRENT_TIMESTAMP,'amxsab.system@gmail.com',CURRENT_TIMESTAMP);
INSERT INTO VUELO (NUMERO_VUELO,ID_COMPANIA,ID_TIPO_CABINA,ID_ESTACION_ORIGEN,ID_ESTACION_DESTINO,STATUS,USUARIO_CREO,FECHA_CREO,USUARIO_MODIFICO,FECHA_MODIFICO) VALUES (147,1,6,79,96,1,'amxsab.system@gmail.com',CURRENT_TIMESTAMP,'amxsab.system@gmail.com',CURRENT_TIMESTAMP);
INSERT INTO VUELO (NUMERO_VUELO,ID_COMPANIA,ID_TIPO_CABINA,ID_ESTACION_ORIGEN,ID_ESTACION_DESTINO,STATUS,USUARIO_CREO,FECHA_CREO,USUARIO_MODIFICO,FECHA_MODIFICO) VALUES (178,1,6,64,88,1,'amxsab.system@gmail.com',CURRENT_TIMESTAMP,'amxsab.system@gmail.com',CURRENT_TIMESTAMP);
INSERT INTO VUELO (NUMERO_VUELO,ID_COMPANIA,ID_TIPO_CABINA,ID_ESTACION_ORIGEN,ID_ESTACION_DESTINO,STATUS,USUARIO_CREO,FECHA_CREO,USUARIO_MODIFICO,FECHA_MODIFICO) VALUES (179,1,6,88,64,1,'amxsab.system@gmail.com',CURRENT_TIMESTAMP,'amxsab.system@gmail.com',CURRENT_TIMESTAMP);
INSERT INTO VUELO (NUMERO_VUELO,ID_COMPANIA,ID_TIPO_CABINA,ID_ESTACION_ORIGEN,ID_ESTACION_DESTINO,STATUS,USUARIO_CREO,FECHA_CREO,USUARIO_MODIFICO,FECHA_MODIFICO) VALUES (694,1,6,96,44,1,'amxsab.system@gmail.com',CURRENT_TIMESTAMP,'amxsab.system@gmail.com',CURRENT_TIMESTAMP);
INSERT INTO VUELO (NUMERO_VUELO,ID_COMPANIA,ID_TIPO_CABINA,ID_ESTACION_ORIGEN,ID_ESTACION_DESTINO,STATUS,USUARIO_CREO,FECHA_CREO,USUARIO_MODIFICO,FECHA_MODIFICO) VALUES (10,1,5,96,37,1,'amxsab.system@gmail.com',CURRENT_TIMESTAMP,'amxsab.system@gmail.com',CURRENT_TIMESTAMP);
INSERT INTO VUELO (NUMERO_VUELO,ID_COMPANIA,ID_TIPO_CABINA,ID_ESTACION_ORIGEN,ID_ESTACION_DESTINO,STATUS,USUARIO_CREO,FECHA_CREO,USUARIO_MODIFICO,FECHA_MODIFICO) VALUES (636,1,6,96,43,1,'amxsab.system@gmail.com',CURRENT_TIMESTAMP,'amxsab.system@gmail.com',CURRENT_TIMESTAMP);
INSERT INTO VUELO (NUMERO_VUELO,ID_COMPANIA,ID_TIPO_CABINA,ID_ESTACION_ORIGEN,ID_ESTACION_DESTINO,STATUS,USUARIO_CREO,FECHA_CREO,USUARIO_MODIFICO,FECHA_MODIFICO) VALUES (637,1,6,43,96,1,'amxsab.system@gmail.com',CURRENT_TIMESTAMP,'amxsab.system@gmail.com',CURRENT_TIMESTAMP);
INSERT INTO VUELO (NUMERO_VUELO,ID_COMPANIA,ID_TIPO_CABINA,ID_ESTACION_ORIGEN,ID_ESTACION_DESTINO,STATUS,USUARIO_CREO,FECHA_CREO,USUARIO_MODIFICO,FECHA_MODIFICO) VALUES (616,1,6,96,46,1,'amxsab.system@gmail.com',CURRENT_TIMESTAMP,'amxsab.system@gmail.com',CURRENT_TIMESTAMP);
INSERT INTO VUELO (NUMERO_VUELO,ID_COMPANIA,ID_TIPO_CABINA,ID_ESTACION_ORIGEN,ID_ESTACION_DESTINO,STATUS,USUARIO_CREO,FECHA_CREO,USUARIO_MODIFICO,FECHA_MODIFICO) VALUES (97,1,5,33,96,1,'amxsab.system@gmail.com',CURRENT_TIMESTAMP,'amxsab.system@gmail.com',CURRENT_TIMESTAMP);
INSERT INTO VUELO (NUMERO_VUELO,ID_COMPANIA,ID_TIPO_CABINA,ID_ESTACION_ORIGEN,ID_ESTACION_DESTINO,STATUS,USUARIO_CREO,FECHA_CREO,USUARIO_MODIFICO,FECHA_MODIFICO) VALUES (96,1,5,96,88,1,'amxsab.system@gmail.com',CURRENT_TIMESTAMP,'amxsab.system@gmail.com',CURRENT_TIMESTAMP);
INSERT INTO VUELO (NUMERO_VUELO,ID_COMPANIA,ID_TIPO_CABINA,ID_ESTACION_ORIGEN,ID_ESTACION_DESTINO,STATUS,USUARIO_CREO,FECHA_CREO,USUARIO_MODIFICO,FECHA_MODIFICO) VALUES (96,1,5,88,33,1,'amxsab.system@gmail.com',CURRENT_TIMESTAMP,'amxsab.system@gmail.com',CURRENT_TIMESTAMP);
INSERT INTO VUELO (NUMERO_VUELO,ID_COMPANIA,ID_TIPO_CABINA,ID_ESTACION_ORIGEN,ID_ESTACION_DESTINO,STATUS,USUARIO_CREO,FECHA_CREO,USUARIO_MODIFICO,FECHA_MODIFICO) VALUES (226,1,6,96,56,1,'amxsab.system@gmail.com',CURRENT_TIMESTAMP,'amxsab.system@gmail.com',CURRENT_TIMESTAMP);
INSERT INTO VUELO (NUMERO_VUELO,ID_COMPANIA,ID_TIPO_CABINA,ID_ESTACION_ORIGEN,ID_ESTACION_DESTINO,STATUS,USUARIO_CREO,FECHA_CREO,USUARIO_MODIFICO,FECHA_MODIFICO) VALUES (227,1,6,56,96,1,'amxsab.system@gmail.com',CURRENT_TIMESTAMP,'amxsab.system@gmail.com',CURRENT_TIMESTAMP);
INSERT INTO VUELO (NUMERO_VUELO,ID_COMPANIA,ID_TIPO_CABINA,ID_ESTACION_ORIGEN,ID_ESTACION_DESTINO,STATUS,USUARIO_CREO,FECHA_CREO,USUARIO_MODIFICO,FECHA_MODIFICO) VALUES (221,1,6,56,96,1,'amxsab.system@gmail.com',CURRENT_TIMESTAMP,'amxsab.system@gmail.com',CURRENT_TIMESTAMP);
INSERT INTO VUELO (NUMERO_VUELO,ID_COMPANIA,ID_TIPO_CABINA,ID_ESTACION_ORIGEN,ID_ESTACION_DESTINO,STATUS,USUARIO_CREO,FECHA_CREO,USUARIO_MODIFICO,FECHA_MODIFICO) VALUES (278,1,6,96,56,1,'amxsab.system@gmail.com',CURRENT_TIMESTAMP,'amxsab.system@gmail.com',CURRENT_TIMESTAMP);
INSERT INTO VUELO (NUMERO_VUELO,ID_COMPANIA,ID_TIPO_CABINA,ID_ESTACION_ORIGEN,ID_ESTACION_DESTINO,STATUS,USUARIO_CREO,FECHA_CREO,USUARIO_MODIFICO,FECHA_MODIFICO) VALUES (278,1,6,96,56,1,'amxsab.system@gmail.com',CURRENT_TIMESTAMP,'amxsab.system@gmail.com',CURRENT_TIMESTAMP);
INSERT INTO VUELO (NUMERO_VUELO,ID_COMPANIA,ID_TIPO_CABINA,ID_ESTACION_ORIGEN,ID_ESTACION_DESTINO,STATUS,USUARIO_CREO,FECHA_CREO,USUARIO_MODIFICO,FECHA_MODIFICO) VALUES (171,1,6,88,96,1,'amxsab.system@gmail.com',CURRENT_TIMESTAMP,'amxsab.system@gmail.com',CURRENT_TIMESTAMP);
INSERT INTO VUELO (NUMERO_VUELO,ID_COMPANIA,ID_TIPO_CABINA,ID_ESTACION_ORIGEN,ID_ESTACION_DESTINO,STATUS,USUARIO_CREO,FECHA_CREO,USUARIO_MODIFICO,FECHA_MODIFICO) VALUES (172,1,6,96,88,1,'amxsab.system@gmail.com',CURRENT_TIMESTAMP,'amxsab.system@gmail.com',CURRENT_TIMESTAMP);
INSERT INTO VUELO (NUMERO_VUELO,ID_COMPANIA,ID_TIPO_CABINA,ID_ESTACION_ORIGEN,ID_ESTACION_DESTINO,STATUS,USUARIO_CREO,FECHA_CREO,USUARIO_MODIFICO,FECHA_MODIFICO) VALUES (447,1,6,64,60,1,'amxsab.system@gmail.com',CURRENT_TIMESTAMP,'amxsab.system@gmail.com',CURRENT_TIMESTAMP);
INSERT INTO VUELO (NUMERO_VUELO,ID_COMPANIA,ID_TIPO_CABINA,ID_ESTACION_ORIGEN,ID_ESTACION_DESTINO,STATUS,USUARIO_CREO,FECHA_CREO,USUARIO_MODIFICO,FECHA_MODIFICO) VALUES (578,1,6,60,96,1,'amxsab.system@gmail.com',CURRENT_TIMESTAMP,'amxsab.system@gmail.com',CURRENT_TIMESTAMP);
INSERT INTO VUELO (NUMERO_VUELO,ID_COMPANIA,ID_TIPO_CABINA,ID_ESTACION_ORIGEN,ID_ESTACION_DESTINO,STATUS,USUARIO_CREO,FECHA_CREO,USUARIO_MODIFICO,FECHA_MODIFICO) VALUES (565,1,6,96,60,1,'amxsab.system@gmail.com',CURRENT_TIMESTAMP,'amxsab.system@gmail.com',CURRENT_TIMESTAMP);
INSERT INTO VUELO (NUMERO_VUELO,ID_COMPANIA,ID_TIPO_CABINA,ID_ESTACION_ORIGEN,ID_ESTACION_DESTINO,STATUS,USUARIO_CREO,FECHA_CREO,USUARIO_MODIFICO,FECHA_MODIFICO) VALUES (566,1,6,60,96,1,'amxsab.system@gmail.com',CURRENT_TIMESTAMP,'amxsab.system@gmail.com',CURRENT_TIMESTAMP);
INSERT INTO VUELO (NUMERO_VUELO,ID_COMPANIA,ID_TIPO_CABINA,ID_ESTACION_ORIGEN,ID_ESTACION_DESTINO,STATUS,USUARIO_CREO,FECHA_CREO,USUARIO_MODIFICO,FECHA_MODIFICO) VALUES (612,1,6,96,45,1,'amxsab.system@gmail.com',CURRENT_TIMESTAMP,'amxsab.system@gmail.com',CURRENT_TIMESTAMP);
INSERT INTO VUELO (NUMERO_VUELO,ID_COMPANIA,ID_TIPO_CABINA,ID_ESTACION_ORIGEN,ID_ESTACION_DESTINO,STATUS,USUARIO_CREO,FECHA_CREO,USUARIO_MODIFICO,FECHA_MODIFICO) VALUES (613,1,6,45,96,1,'amxsab.system@gmail.com',CURRENT_TIMESTAMP,'amxsab.system@gmail.com',CURRENT_TIMESTAMP);
INSERT INTO VUELO (NUMERO_VUELO,ID_COMPANIA,ID_TIPO_CABINA,ID_ESTACION_ORIGEN,ID_ESTACION_DESTINO,STATUS,USUARIO_CREO,FECHA_CREO,USUARIO_MODIFICO,FECHA_MODIFICO) VALUES (46,1,6,96,22,1,'amxsab.system@gmail.com',CURRENT_TIMESTAMP,'amxsab.system@gmail.com',CURRENT_TIMESTAMP);
INSERT INTO VUELO (NUMERO_VUELO,ID_COMPANIA,ID_TIPO_CABINA,ID_ESTACION_ORIGEN,ID_ESTACION_DESTINO,STATUS,USUARIO_CREO,FECHA_CREO,USUARIO_MODIFICO,FECHA_MODIFICO) VALUES (47,1,6,22,96,1,'amxsab.system@gmail.com',CURRENT_TIMESTAMP,'amxsab.system@gmail.com',CURRENT_TIMESTAMP);
INSERT INTO VUELO (NUMERO_VUELO,ID_COMPANIA,ID_TIPO_CABINA,ID_ESTACION_ORIGEN,ID_ESTACION_DESTINO,STATUS,USUARIO_CREO,FECHA_CREO,USUARIO_MODIFICO,FECHA_MODIFICO) VALUES (162,1,6,96,59,1,'amxsab.system@gmail.com',CURRENT_TIMESTAMP,'amxsab.system@gmail.com',CURRENT_TIMESTAMP);
INSERT INTO VUELO (NUMERO_VUELO,ID_COMPANIA,ID_TIPO_CABINA,ID_ESTACION_ORIGEN,ID_ESTACION_DESTINO,STATUS,USUARIO_CREO,FECHA_CREO,USUARIO_MODIFICO,FECHA_MODIFICO) VALUES (217,1,6,61,96,1,'amxsab.system@gmail.com',CURRENT_TIMESTAMP,'amxsab.system@gmail.com',CURRENT_TIMESTAMP);
INSERT INTO VUELO (NUMERO_VUELO,ID_COMPANIA,ID_TIPO_CABINA,ID_ESTACION_ORIGEN,ID_ESTACION_DESTINO,STATUS,USUARIO_CREO,FECHA_CREO,USUARIO_MODIFICO,FECHA_MODIFICO) VALUES (222,1,6,96,61,1,'amxsab.system@gmail.com',CURRENT_TIMESTAMP,'amxsab.system@gmail.com',CURRENT_TIMESTAMP);
INSERT INTO VUELO (NUMERO_VUELO,ID_COMPANIA,ID_TIPO_CABINA,ID_ESTACION_ORIGEN,ID_ESTACION_DESTINO,STATUS,USUARIO_CREO,FECHA_CREO,USUARIO_MODIFICO,FECHA_MODIFICO) VALUES (440,1,6,96,24,1,'amxsab.system@gmail.com',CURRENT_TIMESTAMP,'amxsab.system@gmail.com',CURRENT_TIMESTAMP);
INSERT INTO VUELO (NUMERO_VUELO,ID_COMPANIA,ID_TIPO_CABINA,ID_ESTACION_ORIGEN,ID_ESTACION_DESTINO,STATUS,USUARIO_CREO,FECHA_CREO,USUARIO_MODIFICO,FECHA_MODIFICO) VALUES (441,1,6,24,96,1,'amxsab.system@gmail.com',CURRENT_TIMESTAMP,'amxsab.system@gmail.com',CURRENT_TIMESTAMP);
INSERT INTO VUELO (NUMERO_VUELO,ID_COMPANIA,ID_TIPO_CABINA,ID_ESTACION_ORIGEN,ID_ESTACION_DESTINO,STATUS,USUARIO_CREO,FECHA_CREO,USUARIO_MODIFICO,FECHA_MODIFICO) VALUES (509,1,6,96,70,1,'amxsab.system@gmail.com',CURRENT_TIMESTAMP,'amxsab.system@gmail.com',CURRENT_TIMESTAMP);
INSERT INTO VUELO (NUMERO_VUELO,ID_COMPANIA,ID_TIPO_CABINA,ID_ESTACION_ORIGEN,ID_ESTACION_DESTINO,STATUS,USUARIO_CREO,FECHA_CREO,USUARIO_MODIFICO,FECHA_MODIFICO) VALUES (514,1,6,70,96,1,'amxsab.system@gmail.com',CURRENT_TIMESTAMP,'amxsab.system@gmail.com',CURRENT_TIMESTAMP);
INSERT INTO VUELO (NUMERO_VUELO,ID_COMPANIA,ID_TIPO_CABINA,ID_ESTACION_ORIGEN,ID_ESTACION_DESTINO,STATUS,USUARIO_CREO,FECHA_CREO,USUARIO_MODIFICO,FECHA_MODIFICO) VALUES (703,1,6,65,96,1,'amxsab.system@gmail.com',CURRENT_TIMESTAMP,'amxsab.system@gmail.com',CURRENT_TIMESTAMP);
INSERT INTO VUELO (NUMERO_VUELO,ID_COMPANIA,ID_TIPO_CABINA,ID_ESTACION_ORIGEN,ID_ESTACION_DESTINO,STATUS,USUARIO_CREO,FECHA_CREO,USUARIO_MODIFICO,FECHA_MODIFICO) VALUES (704,1,6,96,65,1,'amxsab.system@gmail.com',CURRENT_TIMESTAMP,'amxsab.system@gmail.com',CURRENT_TIMESTAMP);
INSERT INTO VUELO (NUMERO_VUELO,ID_COMPANIA,ID_TIPO_CABINA,ID_ESTACION_ORIGEN,ID_ESTACION_DESTINO,STATUS,USUARIO_CREO,FECHA_CREO,USUARIO_MODIFICO,FECHA_MODIFICO) VALUES (1139,1,6,79,96,1,'amxsab.system@gmail.com',CURRENT_TIMESTAMP,'amxsab.system@gmail.com',CURRENT_TIMESTAMP);
INSERT INTO VUELO (NUMERO_VUELO,ID_COMPANIA,ID_TIPO_CABINA,ID_ESTACION_ORIGEN,ID_ESTACION_DESTINO,STATUS,USUARIO_CREO,FECHA_CREO,USUARIO_MODIFICO,FECHA_MODIFICO) VALUES (1146,1,6,96,79,1,'amxsab.system@gmail.com',CURRENT_TIMESTAMP,'amxsab.system@gmail.com',CURRENT_TIMESTAMP);
INSERT INTO VUELO (NUMERO_VUELO,ID_COMPANIA,ID_TIPO_CABINA,ID_ESTACION_ORIGEN,ID_ESTACION_DESTINO,STATUS,USUARIO_CREO,FECHA_CREO,USUARIO_MODIFICO,FECHA_MODIFICO) VALUES (1192,1,6,96,79,1,'amxsab.system@gmail.com',CURRENT_TIMESTAMP,'amxsab.system@gmail.com',CURRENT_TIMESTAMP);
INSERT INTO VUELO (NUMERO_VUELO,ID_COMPANIA,ID_TIPO_CABINA,ID_ESTACION_ORIGEN,ID_ESTACION_DESTINO,STATUS,USUARIO_CREO,FECHA_CREO,USUARIO_MODIFICO,FECHA_MODIFICO) VALUES (1193,1,6,79,96,1,'amxsab.system@gmail.com',CURRENT_TIMESTAMP,'amxsab.system@gmail.com',CURRENT_TIMESTAMP);
INSERT INTO VUELO (NUMERO_VUELO,ID_COMPANIA,ID_TIPO_CABINA,ID_ESTACION_ORIGEN,ID_ESTACION_DESTINO,STATUS,USUARIO_CREO,FECHA_CREO,USUARIO_MODIFICO,FECHA_MODIFICO) VALUES (1428,1,6,60,96,1,'amxsab.system@gmail.com',CURRENT_TIMESTAMP,'amxsab.system@gmail.com',CURRENT_TIMESTAMP);
INSERT INTO VUELO (NUMERO_VUELO,ID_COMPANIA,ID_TIPO_CABINA,ID_ESTACION_ORIGEN,ID_ESTACION_DESTINO,STATUS,USUARIO_CREO,FECHA_CREO,USUARIO_MODIFICO,FECHA_MODIFICO) VALUES (1429,1,6,96,60,1,'amxsab.system@gmail.com',CURRENT_TIMESTAMP,'amxsab.system@gmail.com',CURRENT_TIMESTAMP);
INSERT INTO VUELO (NUMERO_VUELO,ID_COMPANIA,ID_TIPO_CABINA,ID_ESTACION_ORIGEN,ID_ESTACION_DESTINO,STATUS,USUARIO_CREO,FECHA_CREO,USUARIO_MODIFICO,FECHA_MODIFICO) VALUES (1455,1,6,94,96,1,'amxsab.system@gmail.com',CURRENT_TIMESTAMP,'amxsab.system@gmail.com',CURRENT_TIMESTAMP);
INSERT INTO VUELO (NUMERO_VUELO,ID_COMPANIA,ID_TIPO_CABINA,ID_ESTACION_ORIGEN,ID_ESTACION_DESTINO,STATUS,USUARIO_CREO,FECHA_CREO,USUARIO_MODIFICO,FECHA_MODIFICO) VALUES (1524,1,6,96,72,1,'amxsab.system@gmail.com',CURRENT_TIMESTAMP,'amxsab.system@gmail.com',CURRENT_TIMESTAMP);
INSERT INTO VUELO (NUMERO_VUELO,ID_COMPANIA,ID_TIPO_CABINA,ID_ESTACION_ORIGEN,ID_ESTACION_DESTINO,STATUS,USUARIO_CREO,FECHA_CREO,USUARIO_MODIFICO,FECHA_MODIFICO) VALUES (1540,1,6,60,96,1,'amxsab.system@gmail.com',CURRENT_TIMESTAMP,'amxsab.system@gmail.com',CURRENT_TIMESTAMP);
INSERT INTO VUELO (NUMERO_VUELO,ID_COMPANIA,ID_TIPO_CABINA,ID_ESTACION_ORIGEN,ID_ESTACION_DESTINO,STATUS,USUARIO_CREO,FECHA_CREO,USUARIO_MODIFICO,FECHA_MODIFICO) VALUES (1544,1,6,60,96,1,'amxsab.system@gmail.com',CURRENT_TIMESTAMP,'amxsab.system@gmail.com',CURRENT_TIMESTAMP);
INSERT INTO VUELO (NUMERO_VUELO,ID_COMPANIA,ID_TIPO_CABINA,ID_ESTACION_ORIGEN,ID_ESTACION_DESTINO,STATUS,USUARIO_CREO,FECHA_CREO,USUARIO_MODIFICO,FECHA_MODIFICO) VALUES (1547,1,6,64,60,1,'amxsab.system@gmail.com',CURRENT_TIMESTAMP,'amxsab.system@gmail.com',CURRENT_TIMESTAMP);
INSERT INTO VUELO (NUMERO_VUELO,ID_COMPANIA,ID_TIPO_CABINA,ID_ESTACION_ORIGEN,ID_ESTACION_DESTINO,STATUS,USUARIO_CREO,FECHA_CREO,USUARIO_MODIFICO,FECHA_MODIFICO) VALUES (1548,1,6,60,64,1,'amxsab.system@gmail.com',CURRENT_TIMESTAMP,'amxsab.system@gmail.com',CURRENT_TIMESTAMP);
INSERT INTO VUELO (NUMERO_VUELO,ID_COMPANIA,ID_TIPO_CABINA,ID_ESTACION_ORIGEN,ID_ESTACION_DESTINO,STATUS,USUARIO_CREO,FECHA_CREO,USUARIO_MODIFICO,FECHA_MODIFICO) VALUES (1569,1,6,96,60,1,'amxsab.system@gmail.com',CURRENT_TIMESTAMP,'amxsab.system@gmail.com',CURRENT_TIMESTAMP);
INSERT INTO VUELO (NUMERO_VUELO,ID_COMPANIA,ID_TIPO_CABINA,ID_ESTACION_ORIGEN,ID_ESTACION_DESTINO,STATUS,USUARIO_CREO,FECHA_CREO,USUARIO_MODIFICO,FECHA_MODIFICO) VALUES (1573,1,6,96,60,1,'amxsab.system@gmail.com',CURRENT_TIMESTAMP,'amxsab.system@gmail.com',CURRENT_TIMESTAMP);
INSERT INTO VUELO (NUMERO_VUELO,ID_COMPANIA,ID_TIPO_CABINA,ID_ESTACION_ORIGEN,ID_ESTACION_DESTINO,STATUS,USUARIO_CREO,FECHA_CREO,USUARIO_MODIFICO,FECHA_MODIFICO) VALUES (1577,1,6,96,60,1,'amxsab.system@gmail.com',CURRENT_TIMESTAMP,'amxsab.system@gmail.com',CURRENT_TIMESTAMP);
INSERT INTO VUELO (NUMERO_VUELO,ID_COMPANIA,ID_TIPO_CABINA,ID_ESTACION_ORIGEN,ID_ESTACION_DESTINO,STATUS,USUARIO_CREO,FECHA_CREO,USUARIO_MODIFICO,FECHA_MODIFICO) VALUES (1664,1,6,96,39,1,'amxsab.system@gmail.com',CURRENT_TIMESTAMP,'amxsab.system@gmail.com',CURRENT_TIMESTAMP);
INSERT INTO VUELO (NUMERO_VUELO,ID_COMPANIA,ID_TIPO_CABINA,ID_ESTACION_ORIGEN,ID_ESTACION_DESTINO,STATUS,USUARIO_CREO,FECHA_CREO,USUARIO_MODIFICO,FECHA_MODIFICO) VALUES (1665,1,6,39,96,1,'amxsab.system@gmail.com',CURRENT_TIMESTAMP,'amxsab.system@gmail.com',CURRENT_TIMESTAMP);
INSERT INTO VUELO (NUMERO_VUELO,ID_COMPANIA,ID_TIPO_CABINA,ID_ESTACION_ORIGEN,ID_ESTACION_DESTINO,STATUS,USUARIO_CREO,FECHA_CREO,USUARIO_MODIFICO,FECHA_MODIFICO) VALUES (90,1,5,96,73,1,'amxsab.system@gmail.com',CURRENT_TIMESTAMP,'amxsab.system@gmail.com',CURRENT_TIMESTAMP);
INSERT INTO VUELO (NUMERO_VUELO,ID_COMPANIA,ID_TIPO_CABINA,ID_ESTACION_ORIGEN,ID_ESTACION_DESTINO,STATUS,USUARIO_CREO,FECHA_CREO,USUARIO_MODIFICO,FECHA_MODIFICO) VALUES (90,1,5,73,17,1,'amxsab.system@gmail.com',CURRENT_TIMESTAMP,'amxsab.system@gmail.com',CURRENT_TIMESTAMP);
INSERT INTO VUELO (NUMERO_VUELO,ID_COMPANIA,ID_TIPO_CABINA,ID_ESTACION_ORIGEN,ID_ESTACION_DESTINO,STATUS,USUARIO_CREO,FECHA_CREO,USUARIO_MODIFICO,FECHA_MODIFICO) VALUES (91,1,5,17,96,1,'amxsab.system@gmail.com',CURRENT_TIMESTAMP,'amxsab.system@gmail.com',CURRENT_TIMESTAMP);
INSERT INTO VUELO (NUMERO_VUELO,ID_COMPANIA,ID_TIPO_CABINA,ID_ESTACION_ORIGEN,ID_ESTACION_DESTINO,STATUS,USUARIO_CREO,FECHA_CREO,USUARIO_MODIFICO,FECHA_MODIFICO) VALUES (953,1,6,73,96,1,'amxsab.system@gmail.com',CURRENT_TIMESTAMP,'amxsab.system@gmail.com',CURRENT_TIMESTAMP);
INSERT INTO VUELO (NUMERO_VUELO,ID_COMPANIA,ID_TIPO_CABINA,ID_ESTACION_ORIGEN,ID_ESTACION_DESTINO,STATUS,USUARIO_CREO,FECHA_CREO,USUARIO_MODIFICO,FECHA_MODIFICO) VALUES (717,1,6,96,3,1,'amxsab.system@gmail.com',CURRENT_TIMESTAMP,'amxsab.system@gmail.com',CURRENT_TIMESTAMP);
INSERT INTO VUELO (NUMERO_VUELO,ID_COMPANIA,ID_TIPO_CABINA,ID_ESTACION_ORIGEN,ID_ESTACION_DESTINO,STATUS,USUARIO_CREO,FECHA_CREO,USUARIO_MODIFICO,FECHA_MODIFICO) VALUES (718,1,6,3,96,1,'amxsab.system@gmail.com',CURRENT_TIMESTAMP,'amxsab.system@gmail.com',CURRENT_TIMESTAMP);
INSERT INTO VUELO (NUMERO_VUELO,ID_COMPANIA,ID_TIPO_CABINA,ID_ESTACION_ORIGEN,ID_ESTACION_DESTINO,STATUS,USUARIO_CREO,FECHA_CREO,USUARIO_MODIFICO,FECHA_MODIFICO) VALUES (270,1,6,96,82,1,'amxsab.system@gmail.com',CURRENT_TIMESTAMP,'amxsab.system@gmail.com',CURRENT_TIMESTAMP);
INSERT INTO VUELO (NUMERO_VUELO,ID_COMPANIA,ID_TIPO_CABINA,ID_ESTACION_ORIGEN,ID_ESTACION_DESTINO,STATUS,USUARIO_CREO,FECHA_CREO,USUARIO_MODIFICO,FECHA_MODIFICO) VALUES (271,1,6,82,96,1,'amxsab.system@gmail.com',CURRENT_TIMESTAMP,'amxsab.system@gmail.com',CURRENT_TIMESTAMP);
INSERT INTO VUELO (NUMERO_VUELO,ID_COMPANIA,ID_TIPO_CABINA,ID_ESTACION_ORIGEN,ID_ESTACION_DESTINO,STATUS,USUARIO_CREO,FECHA_CREO,USUARIO_MODIFICO,FECHA_MODIFICO) VALUES (430,1,6,96,9,1,'amxsab.system@gmail.com',CURRENT_TIMESTAMP,'amxsab.system@gmail.com',CURRENT_TIMESTAMP);
INSERT INTO VUELO (NUMERO_VUELO,ID_COMPANIA,ID_TIPO_CABINA,ID_ESTACION_ORIGEN,ID_ESTACION_DESTINO,STATUS,USUARIO_CREO,FECHA_CREO,USUARIO_MODIFICO,FECHA_MODIFICO) VALUES (431,1,6,9,96,1,'amxsab.system@gmail.com',CURRENT_TIMESTAMP,'amxsab.system@gmail.com',CURRENT_TIMESTAMP);
INSERT INTO VUELO (NUMERO_VUELO,ID_COMPANIA,ID_TIPO_CABINA,ID_ESTACION_ORIGEN,ID_ESTACION_DESTINO,STATUS,USUARIO_CREO,FECHA_CREO,USUARIO_MODIFICO,FECHA_MODIFICO) VALUES (652,1,6,64,31,1,'amxsab.system@gmail.com',CURRENT_TIMESTAMP,'amxsab.system@gmail.com',CURRENT_TIMESTAMP);
INSERT INTO VUELO (NUMERO_VUELO,ID_COMPANIA,ID_TIPO_CABINA,ID_ESTACION_ORIGEN,ID_ESTACION_DESTINO,STATUS,USUARIO_CREO,FECHA_CREO,USUARIO_MODIFICO,FECHA_MODIFICO) VALUES (929,2,6,73,96,1,'amxsab.system@gmail.com',CURRENT_TIMESTAMP,'amxsab.system@gmail.com',CURRENT_TIMESTAMP);
INSERT INTO VUELO (NUMERO_VUELO,ID_COMPANIA,ID_TIPO_CABINA,ID_ESTACION_ORIGEN,ID_ESTACION_DESTINO,STATUS,USUARIO_CREO,FECHA_CREO,USUARIO_MODIFICO,FECHA_MODIFICO) VALUES (790,1,6,96,41,1,'amxsab.system@gmail.com',CURRENT_TIMESTAMP,'amxsab.system@gmail.com',CURRENT_TIMESTAMP);
INSERT INTO VUELO (NUMERO_VUELO,ID_COMPANIA,ID_TIPO_CABINA,ID_ESTACION_ORIGEN,ID_ESTACION_DESTINO,STATUS,USUARIO_CREO,FECHA_CREO,USUARIO_MODIFICO,FECHA_MODIFICO) VALUES (791,1,6,41,96,1,'amxsab.system@gmail.com',CURRENT_TIMESTAMP,'amxsab.system@gmail.com',CURRENT_TIMESTAMP);
INSERT INTO VUELO (NUMERO_VUELO,ID_COMPANIA,ID_TIPO_CABINA,ID_ESTACION_ORIGEN,ID_ESTACION_DESTINO,STATUS,USUARIO_CREO,FECHA_CREO,USUARIO_MODIFICO,FECHA_MODIFICO) VALUES (614,1,6,96,7,1,'amxsab.system@gmail.com',CURRENT_TIMESTAMP,'amxsab.system@gmail.com',CURRENT_TIMESTAMP);
INSERT INTO VUELO (NUMERO_VUELO,ID_COMPANIA,ID_TIPO_CABINA,ID_ESTACION_ORIGEN,ID_ESTACION_DESTINO,STATUS,USUARIO_CREO,FECHA_CREO,USUARIO_MODIFICO,FECHA_MODIFICO) VALUES (615,1,6,7,96,1,'amxsab.system@gmail.com',CURRENT_TIMESTAMP,'amxsab.system@gmail.com',CURRENT_TIMESTAMP);
INSERT INTO VUELO (NUMERO_VUELO,ID_COMPANIA,ID_TIPO_CABINA,ID_ESTACION_ORIGEN,ID_ESTACION_DESTINO,STATUS,USUARIO_CREO,FECHA_CREO,USUARIO_MODIFICO,FECHA_MODIFICO) VALUES (487,1,6,37,96,1,'amxsab.system@gmail.com',CURRENT_TIMESTAMP,'amxsab.system@gmail.com',CURRENT_TIMESTAMP);
INSERT INTO VUELO (NUMERO_VUELO,ID_COMPANIA,ID_TIPO_CABINA,ID_ESTACION_ORIGEN,ID_ESTACION_DESTINO,STATUS,USUARIO_CREO,FECHA_CREO,USUARIO_MODIFICO,FECHA_MODIFICO) VALUES (442,1,6,96,24,1,'amxsab.system@gmail.com',CURRENT_TIMESTAMP,'amxsab.system@gmail.com',CURRENT_TIMESTAMP);
INSERT INTO VUELO (NUMERO_VUELO,ID_COMPANIA,ID_TIPO_CABINA,ID_ESTACION_ORIGEN,ID_ESTACION_DESTINO,STATUS,USUARIO_CREO,FECHA_CREO,USUARIO_MODIFICO,FECHA_MODIFICO) VALUES (443,1,6,24,96,1,'amxsab.system@gmail.com',CURRENT_TIMESTAMP,'amxsab.system@gmail.com',CURRENT_TIMESTAMP);
INSERT INTO VUELO (NUMERO_VUELO,ID_COMPANIA,ID_TIPO_CABINA,ID_ESTACION_ORIGEN,ID_ESTACION_DESTINO,STATUS,USUARIO_CREO,FECHA_CREO,USUARIO_MODIFICO,FECHA_MODIFICO) VALUES (476,1,6,96,16,1,'amxsab.system@gmail.com',CURRENT_TIMESTAMP,'amxsab.system@gmail.com',CURRENT_TIMESTAMP);
INSERT INTO VUELO (NUMERO_VUELO,ID_COMPANIA,ID_TIPO_CABINA,ID_ESTACION_ORIGEN,ID_ESTACION_DESTINO,STATUS,USUARIO_CREO,FECHA_CREO,USUARIO_MODIFICO,FECHA_MODIFICO) VALUES (477,1,6,16,96,1,'amxsab.system@gmail.com',CURRENT_TIMESTAMP,'amxsab.system@gmail.com',CURRENT_TIMESTAMP);
INSERT INTO VUELO (NUMERO_VUELO,ID_COMPANIA,ID_TIPO_CABINA,ID_ESTACION_ORIGEN,ID_ESTACION_DESTINO,STATUS,USUARIO_CREO,FECHA_CREO,USUARIO_MODIFICO,FECHA_MODIFICO) VALUES (617,1,6,46,96,1,'amxsab.system@gmail.com',CURRENT_TIMESTAMP,'amxsab.system@gmail.com',CURRENT_TIMESTAMP);
INSERT INTO VUELO (NUMERO_VUELO,ID_COMPANIA,ID_TIPO_CABINA,ID_ESTACION_ORIGEN,ID_ESTACION_DESTINO,STATUS,USUARIO_CREO,FECHA_CREO,USUARIO_MODIFICO,FECHA_MODIFICO) VALUES (920,1,6,96,73,1,'amxsab.system@gmail.com',CURRENT_TIMESTAMP,'amxsab.system@gmail.com',CURRENT_TIMESTAMP);
INSERT INTO VUELO (NUMERO_VUELO,ID_COMPANIA,ID_TIPO_CABINA,ID_ESTACION_ORIGEN,ID_ESTACION_DESTINO,STATUS,USUARIO_CREO,FECHA_CREO,USUARIO_MODIFICO,FECHA_MODIFICO) VALUES (599,1,6,60,96,1,'amxsab.system@gmail.com',CURRENT_TIMESTAMP,'amxsab.system@gmail.com',CURRENT_TIMESTAMP);
INSERT INTO VUELO (NUMERO_VUELO,ID_COMPANIA,ID_TIPO_CABINA,ID_ESTACION_ORIGEN,ID_ESTACION_DESTINO,STATUS,USUARIO_CREO,FECHA_CREO,USUARIO_MODIFICO,FECHA_MODIFICO) VALUES (618,2,6,96,34,1,'amxsab.system@gmail.com',CURRENT_TIMESTAMP,'amxsab.system@gmail.com',CURRENT_TIMESTAMP);
INSERT INTO VUELO (NUMERO_VUELO,ID_COMPANIA,ID_TIPO_CABINA,ID_ESTACION_ORIGEN,ID_ESTACION_DESTINO,STATUS,USUARIO_CREO,FECHA_CREO,USUARIO_MODIFICO,FECHA_MODIFICO) VALUES (628,2,6,96,34,1,'amxsab.system@gmail.com',CURRENT_TIMESTAMP,'amxsab.system@gmail.com',CURRENT_TIMESTAMP);
INSERT INTO VUELO (NUMERO_VUELO,ID_COMPANIA,ID_TIPO_CABINA,ID_ESTACION_ORIGEN,ID_ESTACION_DESTINO,STATUS,USUARIO_CREO,FECHA_CREO,USUARIO_MODIFICO,FECHA_MODIFICO) VALUES (670,2,6,96,13,1,'amxsab.system@gmail.com',CURRENT_TIMESTAMP,'amxsab.system@gmail.com',CURRENT_TIMESTAMP);
INSERT INTO VUELO (NUMERO_VUELO,ID_COMPANIA,ID_TIPO_CABINA,ID_ESTACION_ORIGEN,ID_ESTACION_DESTINO,STATUS,USUARIO_CREO,FECHA_CREO,USUARIO_MODIFICO,FECHA_MODIFICO) VALUES (676,2,6,96,13,1,'amxsab.system@gmail.com',CURRENT_TIMESTAMP,'amxsab.system@gmail.com',CURRENT_TIMESTAMP);
INSERT INTO VUELO (NUMERO_VUELO,ID_COMPANIA,ID_TIPO_CABINA,ID_ESTACION_ORIGEN,ID_ESTACION_DESTINO,STATUS,USUARIO_CREO,FECHA_CREO,USUARIO_MODIFICO,FECHA_MODIFICO) VALUES (678,2,6,96,13,1,'amxsab.system@gmail.com',CURRENT_TIMESTAMP,'amxsab.system@gmail.com',CURRENT_TIMESTAMP);

INSERT INTO TIPO_PRODUCTO_REPORTE (DESCRIPCION,ESTATUS) VALUES('Bar' ,72);
INSERT INTO TIPO_PRODUCTO_REPORTE (DESCRIPCION,ESTATUS) VALUES('Líquidos' ,72);
INSERT INTO TIPO_PRODUCTO_REPORTE (DESCRIPCION,ESTATUS) VALUES('Limpieza' ,72);
INSERT INTO TIPO_PRODUCTO_REPORTE (DESCRIPCION,ESTATUS) VALUES('Confort' ,72);
INSERT INTO TIPO_PRODUCTO_REPORTE (DESCRIPCION,ESTATUS) VALUES('Misceláneos' ,72);
INSERT INTO TIPO_PRODUCTO_REPORTE (DESCRIPCION,ESTATUS) VALUES('Entretenimiento' ,72);
INSERT INTO TIPO_PRODUCTO_REPORTE (DESCRIPCION,ESTATUS) VALUES('Equipo' ,72);
INSERT INTO TIPO_PRODUCTO_REPORTE (DESCRIPCION,ESTATUS) VALUES('Seguridad' ,72);
INSERT INTO TIPO_PRODUCTO_REPORTE (DESCRIPCION,ESTATUS) VALUES('Guías de Servicio' ,72);
INSERT INTO TIPO_PRODUCTO_REPORTE (DESCRIPCION,ESTATUS) VALUES('Formas' ,72);
INSERT INTO TIPO_PRODUCTO_REPORTE (DESCRIPCION,ESTATUS) VALUES('Procedimiento' ,72);
INSERT INTO TIPO_PRODUCTO_REPORTE (DESCRIPCION,ESTATUS) VALUES('Alimentos' ,72);
INSERT INTO TIPO_PRODUCTO_REPORTE (DESCRIPCION,ESTATUS) VALUES('Menús Impresos' ,72);

INSERT INTO TIPO_IRREGULARIDAD (DESCRIPCION,ESTATUS) VALUES('Sabor' ,72);
INSERT INTO TIPO_IRREGULARIDAD (DESCRIPCION,ESTATUS) VALUES('Cantidad' ,72);
INSERT INTO TIPO_IRREGULARIDAD (DESCRIPCION,ESTATUS) VALUES('Acomodo' ,72);
INSERT INTO TIPO_IRREGULARIDAD (DESCRIPCION,ESTATUS) VALUES('Estado' ,72);
INSERT INTO TIPO_IRREGULARIDAD (DESCRIPCION,ESTATUS) VALUES('Presentación' ,72);
INSERT INTO TIPO_IRREGULARIDAD (DESCRIPCION,ESTATUS) VALUES('Apego a Especificaciones' ,72);

INSERT INTO CRITERIO_IRREGULARIDAD (DESCRIPCION,ESTATUS) VALUES('Malo' ,72);
INSERT INTO CRITERIO_IRREGULARIDAD (DESCRIPCION,ESTATUS) VALUES('Bueno' ,72);
INSERT INTO CRITERIO_IRREGULARIDAD (DESCRIPCION,ESTATUS) VALUES('Excelente' ,72);
INSERT INTO CRITERIO_IRREGULARIDAD (DESCRIPCION,ESTATUS) VALUES('Insuficiente' ,72);
INSERT INTO CRITERIO_IRREGULARIDAD (DESCRIPCION,ESTATUS) VALUES('Desagradable' ,72);
INSERT INTO CRITERIO_IRREGULARIDAD (DESCRIPCION,ESTATUS) VALUES('Sin abordar' ,72);
INSERT INTO CRITERIO_IRREGULARIDAD (DESCRIPCION,ESTATUS) VALUES('Mal' ,72);
INSERT INTO CRITERIO_IRREGULARIDAD (DESCRIPCION,ESTATUS) VALUES('Sucio' ,72);
INSERT INTO CRITERIO_IRREGULARIDAD (DESCRIPCION,ESTATUS) VALUES('Objeto Extraño' ,72);
INSERT INTO CRITERIO_IRREGULARIDAD (DESCRIPCION,ESTATUS) VALUES('Caduco' ,72);
INSERT INTO CRITERIO_IRREGULARIDAD (DESCRIPCION,ESTATUS) VALUES('Mal aplicado' ,72);
INSERT INTO CRITERIO_IRREGULARIDAD (DESCRIPCION,ESTATUS) VALUES('Equivocado' ,72);
INSERT INTO CRITERIO_IRREGULARIDAD (DESCRIPCION,ESTATUS) VALUES('Crudo' ,72);
INSERT INTO CRITERIO_IRREGULARIDAD (DESCRIPCION,ESTATUS) VALUES('Sobrecocido' ,72);

INSERT INTO CONFIGURACION_REPORTE (ID_TIPO_PRODUCTO_REPORTE, ID_TIPO_IRREGULARIDAD, ID_CRITERIO_IRREGULARIDAD,STATUS) VALUES(1, 1, 1,1);
INSERT INTO CONFIGURACION_REPORTE (ID_TIPO_PRODUCTO_REPORTE, ID_TIPO_IRREGULARIDAD, ID_CRITERIO_IRREGULARIDAD,STATUS) VALUES(1, 1, 2,1);
INSERT INTO CONFIGURACION_REPORTE (ID_TIPO_PRODUCTO_REPORTE, ID_TIPO_IRREGULARIDAD, ID_CRITERIO_IRREGULARIDAD,STATUS) VALUES(1, 1, 3,1);
INSERT INTO CONFIGURACION_REPORTE (ID_TIPO_PRODUCTO_REPORTE, ID_TIPO_IRREGULARIDAD, ID_CRITERIO_IRREGULARIDAD,STATUS) VALUES(1, 2, 4,1);
INSERT INTO CONFIGURACION_REPORTE (ID_TIPO_PRODUCTO_REPORTE, ID_TIPO_IRREGULARIDAD, ID_CRITERIO_IRREGULARIDAD,STATUS) VALUES(1, 2, 6,1);
INSERT INTO CONFIGURACION_REPORTE (ID_TIPO_PRODUCTO_REPORTE, ID_TIPO_IRREGULARIDAD, ID_CRITERIO_IRREGULARIDAD,STATUS) VALUES(1, 4, 1,1);
INSERT INTO CONFIGURACION_REPORTE (ID_TIPO_PRODUCTO_REPORTE, ID_TIPO_IRREGULARIDAD, ID_CRITERIO_IRREGULARIDAD,STATUS) VALUES(1, 4, 10,1);
INSERT INTO CONFIGURACION_REPORTE (ID_TIPO_PRODUCTO_REPORTE, ID_TIPO_IRREGULARIDAD, ID_CRITERIO_IRREGULARIDAD,STATUS) VALUES(12, 1, 5,1);
INSERT INTO CONFIGURACION_REPORTE (ID_TIPO_PRODUCTO_REPORTE, ID_TIPO_IRREGULARIDAD, ID_CRITERIO_IRREGULARIDAD,STATUS) VALUES(12, 2, 4,1);
INSERT INTO CONFIGURACION_REPORTE (ID_TIPO_PRODUCTO_REPORTE, ID_TIPO_IRREGULARIDAD, ID_CRITERIO_IRREGULARIDAD,STATUS) VALUES(12, 2, 6,1);
INSERT INTO CONFIGURACION_REPORTE (ID_TIPO_PRODUCTO_REPORTE, ID_TIPO_IRREGULARIDAD, ID_CRITERIO_IRREGULARIDAD,STATUS) VALUES(12, 3, 7,1);
INSERT INTO CONFIGURACION_REPORTE (ID_TIPO_PRODUCTO_REPORTE, ID_TIPO_IRREGULARIDAD, ID_CRITERIO_IRREGULARIDAD,STATUS) VALUES(12, 4, 1,1);
INSERT INTO CONFIGURACION_REPORTE (ID_TIPO_PRODUCTO_REPORTE, ID_TIPO_IRREGULARIDAD, ID_CRITERIO_IRREGULARIDAD,STATUS) VALUES(12, 4, 10,1);
INSERT INTO CONFIGURACION_REPORTE (ID_TIPO_PRODUCTO_REPORTE, ID_TIPO_IRREGULARIDAD, ID_CRITERIO_IRREGULARIDAD,STATUS) VALUES(12, 5, 1,1);
INSERT INTO CONFIGURACION_REPORTE (ID_TIPO_PRODUCTO_REPORTE, ID_TIPO_IRREGULARIDAD, ID_CRITERIO_IRREGULARIDAD,STATUS) VALUES(12, 5, 9,1);
INSERT INTO CONFIGURACION_REPORTE (ID_TIPO_PRODUCTO_REPORTE, ID_TIPO_IRREGULARIDAD, ID_CRITERIO_IRREGULARIDAD,STATUS) VALUES(12, 6, 11,1);
INSERT INTO CONFIGURACION_REPORTE (ID_TIPO_PRODUCTO_REPORTE, ID_TIPO_IRREGULARIDAD, ID_CRITERIO_IRREGULARIDAD,STATUS) VALUES(12, 6, 12,1);

INSERT INTO PROVEEDOR (CLAVE_PROVEEDOR,NOMBRE,RAZON_SOCIAL,STATUS,USUARIO_CREO,FECHA_CREO,USUARIO_MODIFICO,FECHA_MODIFICO) VALUES('AER', 'Aerocafe', 'Aerocafe',1,'amxsab.system@gmail.com',CURRENT_TIMESTAMP,'amxsab.system@gmail.com',CURRENT_TIMESTAMP);
INSERT INTO PROVEEDOR (CLAVE_PROVEEDOR,NOMBRE,RAZON_SOCIAL,STATUS,USUARIO_CREO,FECHA_CREO,USUARIO_MODIFICO,FECHA_MODIFICO) VALUES('F&F', 'FLYING FOOD', 'FLYING FOOD',1,'amxsab.system@gmail.com',CURRENT_TIMESTAMP,'amxsab.system@gmail.com',CURRENT_TIMESTAMP);
INSERT INTO PROVEEDOR (CLAVE_PROVEEDOR,NOMBRE,RAZON_SOCIAL,STATUS,USUARIO_CREO,FECHA_CREO,USUARIO_MODIFICO,FECHA_MODIFICO) VALUES('LSA', 'LSG & ACO', 'LSG & ACO',1,'amxsab.system@gmail.com',CURRENT_TIMESTAMP,'amxsab.system@gmail.com',CURRENT_TIMESTAMP);
INSERT INTO PROVEEDOR (CLAVE_PROVEEDOR,NOMBRE,RAZON_SOCIAL,STATUS,USUARIO_CREO,FECHA_CREO,USUARIO_MODIFICO,FECHA_MODIFICO) VALUES('TFK', 'Tokio Flight Kitchen', 'Tokio Flight Kitchen',1,'amxsab.system@gmail.com',CURRENT_TIMESTAMP,'amxsab.system@gmail.com',CURRENT_TIMESTAMP);
INSERT INTO PROVEEDOR (CLAVE_PROVEEDOR,NOMBRE,RAZON_SOCIAL,STATUS,USUARIO_CREO,FECHA_CREO,USUARIO_MODIFICO,FECHA_MODIFICO) VALUES('CAR', 'Camino Real', 'Camino Real',1,'amxsab.system@gmail.com',CURRENT_TIMESTAMP,'amxsab.system@gmail.com',CURRENT_TIMESTAMP);
INSERT INTO PROVEEDOR (CLAVE_PROVEEDOR,NOMBRE,RAZON_SOCIAL,STATUS,USUARIO_CREO,FECHA_CREO,USUARIO_MODIFICO,FECHA_MODIFICO) VALUES('GG', 'Gategourmet', 'Gategourmet',1,'amxsab.system@gmail.com',CURRENT_TIMESTAMP,'amxsab.system@gmail.com',CURRENT_TIMESTAMP);
INSERT INTO PROVEEDOR (CLAVE_PROVEEDOR,NOMBRE,RAZON_SOCIAL,STATUS,USUARIO_CREO,FECHA_CREO,USUARIO_MODIFICO,FECHA_MODIFICO) VALUES('GOD', 'Goddard', 'Goddard',1,'amxsab.system@gmail.com',CURRENT_TIMESTAMP,'amxsab.system@gmail.com',CURRENT_TIMESTAMP);
INSERT INTO PROVEEDOR (CLAVE_PROVEEDOR,NOMBRE,RAZON_SOCIAL,STATUS,USUARIO_CREO,FECHA_CREO,USUARIO_MODIFICO,FECHA_MODIFICO) VALUES('JJR', 'JJ Roca', 'JJ Roca',1,'amxsab.system@gmail.com',CURRENT_TIMESTAMP,'amxsab.system@gmail.com',CURRENT_TIMESTAMP);
INSERT INTO PROVEEDOR (CLAVE_PROVEEDOR,NOMBRE,RAZON_SOCIAL,STATUS,USUARIO_CREO,FECHA_CREO,USUARIO_MODIFICO,FECHA_MODIFICO) VALUES('LSG', 'Sky Chefs', 'Sky Chefs',1,'amxsab.system@gmail.com',CURRENT_TIMESTAMP,'amxsab.system@gmail.com',CURRENT_TIMESTAMP);
INSERT INTO PROVEEDOR (CLAVE_PROVEEDOR,NOMBRE,RAZON_SOCIAL,STATUS,USUARIO_CREO,FECHA_CREO,USUARIO_MODIFICO,FECHA_MODIFICO) VALUES('NEW', 'Newrest', 'Newrest',1,'amxsab.system@gmail.com',CURRENT_TIMESTAMP,'amxsab.system@gmail.com',CURRENT_TIMESTAMP);
INSERT INTO PROVEEDOR (CLAVE_PROVEEDOR,NOMBRE,RAZON_SOCIAL,STATUS,USUARIO_CREO,FECHA_CREO,USUARIO_MODIFICO,FECHA_MODIFICO) VALUES('SER', 'Servair', 'Servair',1,'amxsab.system@gmail.com',CURRENT_TIMESTAMP,'amxsab.system@gmail.com',CURRENT_TIMESTAMP);
INSERT INTO PROVEEDOR (CLAVE_PROVEEDOR,NOMBRE,RAZON_SOCIAL,STATUS,USUARIO_CREO,FECHA_CREO,USUARIO_MODIFICO,FECHA_MODIFICO) VALUES('S/P', 'SIN PROVEEDOR', 'SIN PROVEEDOR',1,'amxsab.system@gmail.com',CURRENT_TIMESTAMP,'amxsab.system@gmail.com',CURRENT_TIMESTAMP);

INSERT INTO PROVEEDOR_REGION (CLAVE_PROVEEDOR,ID_REGION) VALUES('GG', 7);
INSERT INTO PROVEEDOR_REGION (CLAVE_PROVEEDOR,ID_REGION) VALUES('GG', 4);
INSERT INTO PROVEEDOR_REGION (CLAVE_PROVEEDOR,ID_REGION) VALUES('GG', 6);
INSERT INTO PROVEEDOR_REGION (CLAVE_PROVEEDOR,ID_REGION) VALUES('GG', 5);
INSERT INTO PROVEEDOR_REGION (CLAVE_PROVEEDOR,ID_REGION) VALUES('GG', 1);
INSERT INTO PROVEEDOR_REGION (CLAVE_PROVEEDOR,ID_REGION) VALUES('LSG', 1);
INSERT INTO PROVEEDOR_REGION (CLAVE_PROVEEDOR,ID_REGION) VALUES('LSG', 5);
INSERT INTO PROVEEDOR_REGION (CLAVE_PROVEEDOR,ID_REGION) VALUES('LSA', 6);
INSERT INTO PROVEEDOR_REGION (CLAVE_PROVEEDOR,ID_REGION) VALUES('TFK', 1);
INSERT INTO PROVEEDOR_REGION (CLAVE_PROVEEDOR,ID_REGION) VALUES('GOD', 3);
INSERT INTO PROVEEDOR_REGION (CLAVE_PROVEEDOR,ID_REGION) VALUES('LSG', 4);
INSERT INTO PROVEEDOR_REGION (CLAVE_PROVEEDOR,ID_REGION) VALUES('LSG', 2);
INSERT INTO PROVEEDOR_REGION (CLAVE_PROVEEDOR,ID_REGION) VALUES('GG', 2);

INSERT INTO PROVEEDOR_ESTACION (ID_ESTACION,CLAVE_PROVEEDOR,CLAVE_PROVEEDOR_ESTACION,RAZON_SOCIAL,STATUS,USUARIO_CREO,FECHA_CREO,USUARIO_MODIFICO,FECHA_MODIFICO) VALUES(8, 'GG', 'GGDFW','GGDFW',1,'amxsab.system@gmail.com',CURRENT_TIMESTAMP,'amxsab.system@gmail.com',CURRENT_TIMESTAMP);
INSERT INTO PROVEEDOR_ESTACION (ID_ESTACION,CLAVE_PROVEEDOR,CLAVE_PROVEEDOR_ESTACION,RAZON_SOCIAL,STATUS,USUARIO_CREO,FECHA_CREO,USUARIO_MODIFICO,FECHA_MODIFICO) VALUES(7, 'LSG', 'LSGDEN','LSGDEN',1,'amxsab.system@gmail.com',CURRENT_TIMESTAMP,'amxsab.system@gmail.com',CURRENT_TIMESTAMP);
INSERT INTO PROVEEDOR_ESTACION (ID_ESTACION,CLAVE_PROVEEDOR,CLAVE_PROVEEDOR_ESTACION,RAZON_SOCIAL,STATUS,USUARIO_CREO,FECHA_CREO,USUARIO_MODIFICO,FECHA_MODIFICO) VALUES(9, 'LSG', 'LSGDTW','LSGDTW',1,'amxsab.system@gmail.com',CURRENT_TIMESTAMP,'amxsab.system@gmail.com',CURRENT_TIMESTAMP);
INSERT INTO PROVEEDOR_ESTACION (ID_ESTACION,CLAVE_PROVEEDOR,CLAVE_PROVEEDOR_ESTACION,RAZON_SOCIAL,STATUS,USUARIO_CREO,FECHA_CREO,USUARIO_MODIFICO,FECHA_MODIFICO) VALUES(11, 'S/P', 'S/PFAT','S/PFAT',1,'amxsab.system@gmail.com',CURRENT_TIMESTAMP,'amxsab.system@gmail.com',CURRENT_TIMESTAMP);
INSERT INTO PROVEEDOR_ESTACION (ID_ESTACION,CLAVE_PROVEEDOR,CLAVE_PROVEEDOR_ESTACION,RAZON_SOCIAL,STATUS,USUARIO_CREO,FECHA_CREO,USUARIO_MODIFICO,FECHA_MODIFICO) VALUES(15, 'LSG', 'LSGIAD','LSGIAD',1,'amxsab.system@gmail.com',CURRENT_TIMESTAMP,'amxsab.system@gmail.com',CURRENT_TIMESTAMP);
INSERT INTO PROVEEDOR_ESTACION (ID_ESTACION,CLAVE_PROVEEDOR,CLAVE_PROVEEDOR_ESTACION,RAZON_SOCIAL,STATUS,USUARIO_CREO,FECHA_CREO,USUARIO_MODIFICO,FECHA_MODIFICO) VALUES(16, 'LSG', 'LSGIAH','LSGIAH',1,'amxsab.system@gmail.com',CURRENT_TIMESTAMP,'amxsab.system@gmail.com',CURRENT_TIMESTAMP);
INSERT INTO PROVEEDOR_ESTACION (ID_ESTACION,CLAVE_PROVEEDOR,CLAVE_PROVEEDOR_ESTACION,RAZON_SOCIAL,STATUS,USUARIO_CREO,FECHA_CREO,USUARIO_MODIFICO,FECHA_MODIFICO) VALUES(18, 'GG', 'GGJFK','GGJFK',1,'amxsab.system@gmail.com',CURRENT_TIMESTAMP,'amxsab.system@gmail.com',CURRENT_TIMESTAMP);
INSERT INTO PROVEEDOR_ESTACION (ID_ESTACION,CLAVE_PROVEEDOR,CLAVE_PROVEEDOR_ESTACION,RAZON_SOCIAL,STATUS,USUARIO_CREO,FECHA_CREO,USUARIO_MODIFICO,FECHA_MODIFICO) VALUES(19, 'GG', 'GGLAS','GGLAS',1,'amxsab.system@gmail.com',CURRENT_TIMESTAMP,'amxsab.system@gmail.com',CURRENT_TIMESTAMP);
INSERT INTO PROVEEDOR_ESTACION (ID_ESTACION,CLAVE_PROVEEDOR,CLAVE_PROVEEDOR_ESTACION,RAZON_SOCIAL,STATUS,USUARIO_CREO,FECHA_CREO,USUARIO_MODIFICO,FECHA_MODIFICO) VALUES(20, 'LSG', 'LSGLAX','LSGLAX',1,'amxsab.system@gmail.com',CURRENT_TIMESTAMP,'amxsab.system@gmail.com',CURRENT_TIMESTAMP);
INSERT INTO PROVEEDOR_ESTACION (ID_ESTACION,CLAVE_PROVEEDOR,CLAVE_PROVEEDOR_ESTACION,RAZON_SOCIAL,STATUS,USUARIO_CREO,FECHA_CREO,USUARIO_MODIFICO,FECHA_MODIFICO) VALUES(24, 'F&F', 'F&FMCO','F&FMCO',1,'amxsab.system@gmail.com',CURRENT_TIMESTAMP,'amxsab.system@gmail.com',CURRENT_TIMESTAMP);
INSERT INTO PROVEEDOR_ESTACION (ID_ESTACION,CLAVE_PROVEEDOR,CLAVE_PROVEEDOR_ESTACION,RAZON_SOCIAL,STATUS,USUARIO_CREO,FECHA_CREO,USUARIO_MODIFICO,FECHA_MODIFICO) VALUES(27, 'F&F', 'F&FMIA','F&FMIA',1,'amxsab.system@gmail.com',CURRENT_TIMESTAMP,'amxsab.system@gmail.com',CURRENT_TIMESTAMP);
INSERT INTO PROVEEDOR_ESTACION (ID_ESTACION,CLAVE_PROVEEDOR,CLAVE_PROVEEDOR_ESTACION,RAZON_SOCIAL,STATUS,USUARIO_CREO,FECHA_CREO,USUARIO_MODIFICO,FECHA_MODIFICO) VALUES(30, 'LSG', 'LSGONT','LSGONT',1,'amxsab.system@gmail.com',CURRENT_TIMESTAMP,'amxsab.system@gmail.com',CURRENT_TIMESTAMP);
INSERT INTO PROVEEDOR_ESTACION (ID_ESTACION,CLAVE_PROVEEDOR,CLAVE_PROVEEDOR_ESTACION,RAZON_SOCIAL,STATUS,USUARIO_CREO,FECHA_CREO,USUARIO_MODIFICO,FECHA_MODIFICO) VALUES(31, 'F&F', 'F&FORD','F&FORD',1,'amxsab.system@gmail.com',CURRENT_TIMESTAMP,'amxsab.system@gmail.com',CURRENT_TIMESTAMP);
INSERT INTO PROVEEDOR_ESTACION (ID_ESTACION,CLAVE_PROVEEDOR,CLAVE_PROVEEDOR_ESTACION,RAZON_SOCIAL,STATUS,USUARIO_CREO,FECHA_CREO,USUARIO_MODIFICO,FECHA_MODIFICO) VALUES(36, 'GG', 'GGSAT','GGSAT',1,'amxsab.system@gmail.com',CURRENT_TIMESTAMP,'amxsab.system@gmail.com',CURRENT_TIMESTAMP);
INSERT INTO PROVEEDOR_ESTACION (ID_ESTACION,CLAVE_PROVEEDOR,CLAVE_PROVEEDOR_ESTACION,RAZON_SOCIAL,STATUS,USUARIO_CREO,FECHA_CREO,USUARIO_MODIFICO,FECHA_MODIFICO) VALUES(39, 'LSG', 'LSGSFO','LSGSFO',1,'amxsab.system@gmail.com',CURRENT_TIMESTAMP,'amxsab.system@gmail.com',CURRENT_TIMESTAMP);
INSERT INTO PROVEEDOR_ESTACION (ID_ESTACION,CLAVE_PROVEEDOR,CLAVE_PROVEEDOR_ESTACION,RAZON_SOCIAL,STATUS,USUARIO_CREO,FECHA_CREO,USUARIO_MODIFICO,FECHA_MODIFICO) VALUES(47, 'LSG', 'LSGSJC','LSGSJC',1,'amxsab.system@gmail.com',CURRENT_TIMESTAMP,'amxsab.system@gmail.com',CURRENT_TIMESTAMP);
INSERT INTO PROVEEDOR_ESTACION (ID_ESTACION,CLAVE_PROVEEDOR,CLAVE_PROVEEDOR_ESTACION,RAZON_SOCIAL,STATUS,USUARIO_CREO,FECHA_CREO,USUARIO_MODIFICO,FECHA_MODIFICO) VALUES(41, 'LSG', 'LSGSMF','LSGSMF',1,'amxsab.system@gmail.com',CURRENT_TIMESTAMP,'amxsab.system@gmail.com',CURRENT_TIMESTAMP);
INSERT INTO PROVEEDOR_ESTACION (ID_ESTACION,CLAVE_PROVEEDOR,CLAVE_PROVEEDOR_ESTACION,RAZON_SOCIAL,STATUS,USUARIO_CREO,FECHA_CREO,USUARIO_MODIFICO,FECHA_MODIFICO) VALUES(2, 'LSG', 'LSGAUS','LSGAUS',1,'amxsab.system@gmail.com',CURRENT_TIMESTAMP,'amxsab.system@gmail.com',CURRENT_TIMESTAMP);
INSERT INTO PROVEEDOR_ESTACION (ID_ESTACION,CLAVE_PROVEEDOR,CLAVE_PROVEEDOR_ESTACION,RAZON_SOCIAL,STATUS,USUARIO_CREO,FECHA_CREO,USUARIO_MODIFICO,FECHA_MODIFICO) VALUES(50, 'LSG', 'LSGATL','LSGATL',1,'amxsab.system@gmail.com',CURRENT_TIMESTAMP,'amxsab.system@gmail.com',CURRENT_TIMESTAMP);
INSERT INTO PROVEEDOR_ESTACION (ID_ESTACION,CLAVE_PROVEEDOR,CLAVE_PROVEEDOR_ESTACION,RAZON_SOCIAL,STATUS,USUARIO_CREO,FECHA_CREO,USUARIO_MODIFICO,FECHA_MODIFICO) VALUES(97, 'LSG', 'LSGSEA','LSGSEA',1,'amxsab.system@gmail.com',CURRENT_TIMESTAMP,'amxsab.system@gmail.com',CURRENT_TIMESTAMP);
INSERT INTO PROVEEDOR_ESTACION (ID_ESTACION,CLAVE_PROVEEDOR,CLAVE_PROVEEDOR_ESTACION,RAZON_SOCIAL,STATUS,USUARIO_CREO,FECHA_CREO,USUARIO_MODIFICO,FECHA_MODIFICO) VALUES(98, 'LSG', 'LSGPDX','LSGPDX',1,'amxsab.system@gmail.com',CURRENT_TIMESTAMP,'amxsab.system@gmail.com',CURRENT_TIMESTAMP);
INSERT INTO PROVEEDOR_ESTACION (ID_ESTACION,CLAVE_PROVEEDOR,CLAVE_PROVEEDOR_ESTACION,RAZON_SOCIAL,STATUS,USUARIO_CREO,FECHA_CREO,USUARIO_MODIFICO,FECHA_MODIFICO) VALUES(13, 'GOD', 'GODGUA','GODGUA',1,'amxsab.system@gmail.com',CURRENT_TIMESTAMP,'amxsab.system@gmail.com',CURRENT_TIMESTAMP);
INSERT INTO PROVEEDOR_ESTACION (ID_ESTACION,CLAVE_PROVEEDOR,CLAVE_PROVEEDOR_ESTACION,RAZON_SOCIAL,STATUS,USUARIO_CREO,FECHA_CREO,USUARIO_MODIFICO,FECHA_MODIFICO) VALUES(26, 'CAR', 'CARMGA','CARMGA',1,'amxsab.system@gmail.com',CURRENT_TIMESTAMP,'amxsab.system@gmail.com',CURRENT_TIMESTAMP);
INSERT INTO PROVEEDOR_ESTACION (ID_ESTACION,CLAVE_PROVEEDOR,CLAVE_PROVEEDOR_ESTACION,RAZON_SOCIAL,STATUS,USUARIO_CREO,FECHA_CREO,USUARIO_MODIFICO,FECHA_MODIFICO) VALUES(34, 'GOD', 'GODSAL','GODSAL',1,'amxsab.system@gmail.com',CURRENT_TIMESTAMP,'amxsab.system@gmail.com',CURRENT_TIMESTAMP);
INSERT INTO PROVEEDOR_ESTACION (ID_ESTACION,CLAVE_PROVEEDOR,CLAVE_PROVEEDOR_ESTACION,RAZON_SOCIAL,STATUS,USUARIO_CREO,FECHA_CREO,USUARIO_MODIFICO,FECHA_MODIFICO) VALUES(35, 'GOD', 'GODSAP','GODSAP',1,'amxsab.system@gmail.com',CURRENT_TIMESTAMP,'amxsab.system@gmail.com',CURRENT_TIMESTAMP);
INSERT INTO PROVEEDOR_ESTACION (ID_ESTACION,CLAVE_PROVEEDOR,CLAVE_PROVEEDOR_ESTACION,RAZON_SOCIAL,STATUS,USUARIO_CREO,FECHA_CREO,USUARIO_MODIFICO,FECHA_MODIFICO) VALUES(40, 'NEW', 'NEWSJO','NEWSJO',1,'amxsab.system@gmail.com',CURRENT_TIMESTAMP,'amxsab.system@gmail.com',CURRENT_TIMESTAMP);
INSERT INTO PROVEEDOR_ESTACION (ID_ESTACION,CLAVE_PROVEEDOR,CLAVE_PROVEEDOR_ESTACION,RAZON_SOCIAL,STATUS,USUARIO_CREO,FECHA_CREO,USUARIO_MODIFICO,FECHA_MODIFICO) VALUES(38, 'JJR', 'JJRSDQ','JJRSDQ',1,'amxsab.system@gmail.com',CURRENT_TIMESTAMP,'amxsab.system@gmail.com',CURRENT_TIMESTAMP);
INSERT INTO PROVEEDOR_ESTACION (ID_ESTACION,CLAVE_PROVEEDOR,CLAVE_PROVEEDOR_ESTACION,RAZON_SOCIAL,STATUS,USUARIO_CREO,FECHA_CREO,USUARIO_MODIFICO,FECHA_MODIFICO) VALUES(32, 'LSG', 'LSGPTY','LSGPTY',1,'amxsab.system@gmail.com',CURRENT_TIMESTAMP,'amxsab.system@gmail.com',CURRENT_TIMESTAMP);
INSERT INTO PROVEEDOR_ESTACION (ID_ESTACION,CLAVE_PROVEEDOR,CLAVE_PROVEEDOR_ESTACION,RAZON_SOCIAL,STATUS,USUARIO_CREO,FECHA_CREO,USUARIO_MODIFICO,FECHA_MODIFICO) VALUES(3, 'GG', 'GGBOG','GGBOG',1,'amxsab.system@gmail.com',CURRENT_TIMESTAMP,'amxsab.system@gmail.com',CURRENT_TIMESTAMP);
INSERT INTO PROVEEDOR_ESTACION (ID_ESTACION,CLAVE_PROVEEDOR,CLAVE_PROVEEDOR_ESTACION,RAZON_SOCIAL,STATUS,USUARIO_CREO,FECHA_CREO,USUARIO_MODIFICO,FECHA_MODIFICO) VALUES(25, 'LSG', 'LSGMDE','LSGMDE',1,'amxsab.system@gmail.com',CURRENT_TIMESTAMP,'amxsab.system@gmail.com',CURRENT_TIMESTAMP);
INSERT INTO PROVEEDOR_ESTACION (ID_ESTACION,CLAVE_PROVEEDOR,CLAVE_PROVEEDOR_ESTACION,RAZON_SOCIAL,STATUS,USUARIO_CREO,FECHA_CREO,USUARIO_MODIFICO,FECHA_MODIFICO) VALUES(48, 'GOD', 'GODUIO','GODUIO',1,'amxsab.system@gmail.com',CURRENT_TIMESTAMP,'amxsab.system@gmail.com',CURRENT_TIMESTAMP);
INSERT INTO PROVEEDOR_ESTACION (ID_ESTACION,CLAVE_PROVEEDOR,CLAVE_PROVEEDOR_ESTACION,RAZON_SOCIAL,STATUS,USUARIO_CREO,FECHA_CREO,USUARIO_MODIFICO,FECHA_MODIFICO) VALUES(22, 'GG', 'GGLIM','GGLIM',1,'amxsab.system@gmail.com',CURRENT_TIMESTAMP,'amxsab.system@gmail.com',CURRENT_TIMESTAMP);
INSERT INTO PROVEEDOR_ESTACION (ID_ESTACION,CLAVE_PROVEEDOR,CLAVE_PROVEEDOR_ESTACION,RAZON_SOCIAL,STATUS,USUARIO_CREO,FECHA_CREO,USUARIO_MODIFICO,FECHA_MODIFICO) VALUES(12, 'GG', 'GGGRU','GGGRU',1,'amxsab.system@gmail.com',CURRENT_TIMESTAMP,'amxsab.system@gmail.com',CURRENT_TIMESTAMP);
INSERT INTO PROVEEDOR_ESTACION (ID_ESTACION,CLAVE_PROVEEDOR,CLAVE_PROVEEDOR_ESTACION,RAZON_SOCIAL,STATUS,USUARIO_CREO,FECHA_CREO,USUARIO_MODIFICO,FECHA_MODIFICO) VALUES(37, 'GG', 'GGSCL','GGSCL',1,'amxsab.system@gmail.com',CURRENT_TIMESTAMP,'amxsab.system@gmail.com',CURRENT_TIMESTAMP);
INSERT INTO PROVEEDOR_ESTACION (ID_ESTACION,CLAVE_PROVEEDOR,CLAVE_PROVEEDOR_ESTACION,RAZON_SOCIAL,STATUS,USUARIO_CREO,FECHA_CREO,USUARIO_MODIFICO,FECHA_MODIFICO) VALUES(10, 'GG', 'GGEZE','GGEZE',1,'amxsab.system@gmail.com',CURRENT_TIMESTAMP,'amxsab.system@gmail.com',CURRENT_TIMESTAMP);
INSERT INTO PROVEEDOR_ESTACION (ID_ESTACION,CLAVE_PROVEEDOR,CLAVE_PROVEEDOR_ESTACION,RAZON_SOCIAL,STATUS,USUARIO_CREO,FECHA_CREO,USUARIO_MODIFICO,FECHA_MODIFICO) VALUES(1, 'GG', 'GGAMS','GGAMS',1,'amxsab.system@gmail.com',CURRENT_TIMESTAMP,'amxsab.system@gmail.com',CURRENT_TIMESTAMP);
INSERT INTO PROVEEDOR_ESTACION (ID_ESTACION,CLAVE_PROVEEDOR,CLAVE_PROVEEDOR_ESTACION,RAZON_SOCIAL,STATUS,USUARIO_CREO,FECHA_CREO,USUARIO_MODIFICO,FECHA_MODIFICO) VALUES(5, 'SER', 'SERCDG','SERCDG',1,'amxsab.system@gmail.com',CURRENT_TIMESTAMP,'amxsab.system@gmail.com',CURRENT_TIMESTAMP);
INSERT INTO PROVEEDOR_ESTACION (ID_ESTACION,CLAVE_PROVEEDOR,CLAVE_PROVEEDOR_ESTACION,RAZON_SOCIAL,STATUS,USUARIO_CREO,FECHA_CREO,USUARIO_MODIFICO,FECHA_MODIFICO) VALUES(21, 'LSG', 'LSGLHR','LSGLHR',1,'amxsab.system@gmail.com',CURRENT_TIMESTAMP,'amxsab.system@gmail.com',CURRENT_TIMESTAMP);
INSERT INTO PROVEEDOR_ESTACION (ID_ESTACION,CLAVE_PROVEEDOR,CLAVE_PROVEEDOR_ESTACION,RAZON_SOCIAL,STATUS,USUARIO_CREO,FECHA_CREO,USUARIO_MODIFICO,FECHA_MODIFICO) VALUES(23, 'NEW', 'NEWMAD','NEWMAD',1,'amxsab.system@gmail.com',CURRENT_TIMESTAMP,'amxsab.system@gmail.com',CURRENT_TIMESTAMP);
INSERT INTO PROVEEDOR_ESTACION (ID_ESTACION,CLAVE_PROVEEDOR,CLAVE_PROVEEDOR_ESTACION,RAZON_SOCIAL,STATUS,USUARIO_CREO,FECHA_CREO,USUARIO_MODIFICO,FECHA_MODIFICO) VALUES(29, 'TFK', 'TFKNRT','TFKNRT',1,'amxsab.system@gmail.com',CURRENT_TIMESTAMP,'amxsab.system@gmail.com',CURRENT_TIMESTAMP);
INSERT INTO PROVEEDOR_ESTACION (ID_ESTACION,CLAVE_PROVEEDOR,CLAVE_PROVEEDOR_ESTACION,RAZON_SOCIAL,STATUS,USUARIO_CREO,FECHA_CREO,USUARIO_MODIFICO,FECHA_MODIFICO) VALUES(33, 'GG', 'GGPVG','GGPVG',1,'amxsab.system@gmail.com',CURRENT_TIMESTAMP,'amxsab.system@gmail.com',CURRENT_TIMESTAMP);
INSERT INTO PROVEEDOR_ESTACION (ID_ESTACION,CLAVE_PROVEEDOR,CLAVE_PROVEEDOR_ESTACION,RAZON_SOCIAL,STATUS,USUARIO_CREO,FECHA_CREO,USUARIO_MODIFICO,FECHA_MODIFICO) VALUES(17, 'LSG', 'LSGICN','LSGICN',1,'amxsab.system@gmail.com',CURRENT_TIMESTAMP,'amxsab.system@gmail.com',CURRENT_TIMESTAMP);
INSERT INTO PROVEEDOR_ESTACION (ID_ESTACION,CLAVE_PROVEEDOR,CLAVE_PROVEEDOR_ESTACION,RAZON_SOCIAL,STATUS,USUARIO_CREO,FECHA_CREO,USUARIO_MODIFICO,FECHA_MODIFICO) VALUES(6, 'GG', 'GGCUN','GGCUN',1,'amxsab.system@gmail.com',CURRENT_TIMESTAMP,'amxsab.system@gmail.com',CURRENT_TIMESTAMP);
INSERT INTO PROVEEDOR_ESTACION (ID_ESTACION,CLAVE_PROVEEDOR,CLAVE_PROVEEDOR_ESTACION,RAZON_SOCIAL,STATUS,USUARIO_CREO,FECHA_CREO,USUARIO_MODIFICO,FECHA_MODIFICO) VALUES(96, 'GG', 'GGMEX','GGMEX',1,'amxsab.system@gmail.com',CURRENT_TIMESTAMP,'amxsab.system@gmail.com',CURRENT_TIMESTAMP);
INSERT INTO PROVEEDOR_ESTACION (ID_ESTACION,CLAVE_PROVEEDOR,CLAVE_PROVEEDOR_ESTACION,RAZON_SOCIAL,STATUS,USUARIO_CREO,FECHA_CREO,USUARIO_MODIFICO,FECHA_MODIFICO) VALUES(96, 'LSA', 'LSAMEX','LSAMEX',1,'amxsab.system@gmail.com',CURRENT_TIMESTAMP,'amxsab.system@gmail.com',CURRENT_TIMESTAMP);
INSERT INTO PROVEEDOR_ESTACION (ID_ESTACION,CLAVE_PROVEEDOR,CLAVE_PROVEEDOR_ESTACION,RAZON_SOCIAL,STATUS,USUARIO_CREO,FECHA_CREO,USUARIO_MODIFICO,FECHA_MODIFICO) VALUES(28, 'GG', 'GGMTY','GGMTY',1,'amxsab.system@gmail.com',CURRENT_TIMESTAMP,'amxsab.system@gmail.com',CURRENT_TIMESTAMP);
INSERT INTO PROVEEDOR_ESTACION (ID_ESTACION,CLAVE_PROVEEDOR,CLAVE_PROVEEDOR_ESTACION,RAZON_SOCIAL,STATUS,USUARIO_CREO,FECHA_CREO,USUARIO_MODIFICO,FECHA_MODIFICO) VALUES(88, 'LSA', 'LSATIJ','LSATIJ',1,'amxsab.system@gmail.com',CURRENT_TIMESTAMP,'amxsab.system@gmail.com',CURRENT_TIMESTAMP);
INSERT INTO PROVEEDOR_ESTACION (ID_ESTACION,CLAVE_PROVEEDOR,CLAVE_PROVEEDOR_ESTACION,RAZON_SOCIAL,STATUS,USUARIO_CREO,FECHA_CREO,USUARIO_MODIFICO,FECHA_MODIFICO) VALUES(59, 'AER', 'AERCUL','AERCUL',1,'amxsab.system@gmail.com',CURRENT_TIMESTAMP,'amxsab.system@gmail.com',CURRENT_TIMESTAMP);
INSERT INTO PROVEEDOR_ESTACION (ID_ESTACION,CLAVE_PROVEEDOR,CLAVE_PROVEEDOR_ESTACION,RAZON_SOCIAL,STATUS,USUARIO_CREO,FECHA_CREO,USUARIO_MODIFICO,FECHA_MODIFICO) VALUES(42, 'AER', 'AERTRC','AERTRC',1,'amxsab.system@gmail.com',CURRENT_TIMESTAMP,'amxsab.system@gmail.com',CURRENT_TIMESTAMP);

INSERT INTO MATRIZ (CVE_KIT_MASTER,ID_PRODUCTO, ID_TIPO_EQUIPO_AVION,CANTIDAD_CJ,CANTIDAD_CY, TOTAL_CANTIDAD_CJ_CY ,STATUS,USUARIO_CREO,FECHA_CREO,USUARIO_MODIFICO,FECHA_MODIFICO) VALUES('JAR0302', 1, 1,2, 5, 7,1,'amxsab.system@gmail.com',CURRENT_TIMESTAMP,'amxsab.system@gmail.com',CURRENT_TIMESTAMP);
INSERT INTO MATRIZ (CVE_KIT_MASTER,ID_PRODUCTO, ID_TIPO_EQUIPO_AVION,CANTIDAD_CJ,CANTIDAD_CY, TOTAL_CANTIDAD_CJ_CY ,STATUS,USUARIO_CREO,FECHA_CREO,USUARIO_MODIFICO,FECHA_MODIFICO) VALUES('JAR0302', 3, 2,2, 2, 4,1,'amxsab.system@gmail.com',CURRENT_TIMESTAMP,'amxsab.system@gmail.com',CURRENT_TIMESTAMP);
INSERT INTO MATRIZ (CVE_KIT_MASTER,ID_PRODUCTO, ID_TIPO_EQUIPO_AVION,CANTIDAD_CJ,CANTIDAD_CY, TOTAL_CANTIDAD_CJ_CY ,STATUS,USUARIO_CREO,FECHA_CREO,USUARIO_MODIFICO,FECHA_MODIFICO) VALUES('BOT0999', 4, 2,5, 4, 9,1,'amxsab.system@gmail.com',CURRENT_TIMESTAMP,'amxsab.system@gmail.com',CURRENT_TIMESTAMP);

INSERT INTO MATRIZ_DETALLE (ID_MATRIZ,NUMERO_PARTE,TOTAL_CANTIDAD_CJ, TOTAL_CANTIDAD_CY ,STATUS,USUARIO_CREO,FECHA_CREO,USUARIO_MODIFICO,FECHA_MODIFICO) VALUES(1, 'JAR0302',2,5,1,'amxsab.system@gmail.com',CURRENT_TIMESTAMP,'amxsab.system@gmail.com',CURRENT_TIMESTAMP);
INSERT INTO MATRIZ_DETALLE (ID_MATRIZ,NUMERO_PARTE,TOTAL_CANTIDAD_CJ, TOTAL_CANTIDAD_CY ,STATUS,USUARIO_CREO,FECHA_CREO,USUARIO_MODIFICO,FECHA_MODIFICO) VALUES(2, 'DUL0409',2,2,1,'amxsab.system@gmail.com',CURRENT_TIMESTAMP,'amxsab.system@gmail.com',CURRENT_TIMESTAMP);
INSERT INTO MATRIZ_DETALLE (ID_MATRIZ,NUMERO_PARTE,TOTAL_CANTIDAD_CJ, TOTAL_CANTIDAD_CY ,STATUS,USUARIO_CREO,FECHA_CREO,USUARIO_MODIFICO,FECHA_MODIFICO) VALUES(3, 'BOL0603',10,8,1,'amxsab.system@gmail.com',CURRENT_TIMESTAMP,'amxsab.system@gmail.com',CURRENT_TIMESTAMP);
INSERT INTO MATRIZ_DETALLE (ID_MATRIZ,NUMERO_PARTE,TOTAL_CANTIDAD_CJ, TOTAL_CANTIDAD_CY ,STATUS,USUARIO_CREO,FECHA_CREO,USUARIO_MODIFICO,FECHA_MODIFICO) VALUES(3, 'GAV1316',15,12,1,'amxsab.system@gmail.com',CURRENT_TIMESTAMP,'amxsab.system@gmail.com',CURRENT_TIMESTAMP);
INSERT INTO MATRIZ_DETALLE (ID_MATRIZ,NUMERO_PARTE,TOTAL_CANTIDAD_CJ, TOTAL_CANTIDAD_CY ,STATUS,USUARIO_CREO,FECHA_CREO,USUARIO_MODIFICO,FECHA_MODIFICO) VALUES(3, 'GAV1321',20,16,1,'amxsab.system@gmail.com',CURRENT_TIMESTAMP,'amxsab.system@gmail.com',CURRENT_TIMESTAMP);

INSERT INTO TIPO_PROVEEDOR (NOMBRE_ES,NOMBRE_EN,STATUS,USUARIO_CREO,FECHA_CREO,USUARIO_MODIFICO,FECHA_MODIFICO) VALUES('COMIDA', 'FOOD',1,'amxsab.system@gmail.com',CURRENT_TIMESTAMP,'amxsab.system@gmail.com',CURRENT_TIMESTAMP);
INSERT INTO TIPO_PROVEEDOR (NOMBRE_ES,NOMBRE_EN,STATUS,USUARIO_CREO,FECHA_CREO,USUARIO_MODIFICO,FECHA_MODIFICO) VALUES('BEBIDAS', 'DRINKS',1,'amxsab.system@gmail.com',CURRENT_TIMESTAMP,'amxsab.system@gmail.com',CURRENT_TIMESTAMP);
INSERT INTO TIPO_PROVEEDOR (NOMBRE_ES,NOMBRE_EN,STATUS,USUARIO_CREO,FECHA_CREO,USUARIO_MODIFICO,FECHA_MODIFICO) VALUES('UTENCILIOS', 'UTILITIES',1,'amxsab.system@gmail.com',CURRENT_TIMESTAMP,'amxsab.system@gmail.com',CURRENT_TIMESTAMP);
INSERT INTO TIPO_PROVEEDOR (NOMBRE_ES,NOMBRE_EN,STATUS,USUARIO_CREO,FECHA_CREO,USUARIO_MODIFICO,FECHA_MODIFICO) VALUES('INSUMOS', 'SUPPLIES',1,'amxsab.system@gmail.com',CURRENT_TIMESTAMP,'amxsab.system@gmail.com',CURRENT_TIMESTAMP);

INSERT INTO AVION(ID_TIPO_EQUIPO_AVION,ID_CONECTIVIDAD,MATRICULA,MATRICULA_CORTA,STATUS,USUARIO_CREO,FECHA_CREO,USUARIO_MODIFICO,FECHA_MODIFICO) VALUES (3,57,'N858AM','858',1,'amxsab.system@gmail.com',CURRENT_TIMESTAMP,'amxsab.system@gmail.com',CURRENT_TIMESTAMP);
INSERT INTO AVION(ID_TIPO_EQUIPO_AVION,ID_CONECTIVIDAD,MATRICULA,MATRICULA_CORTA,STATUS,USUARIO_CREO,FECHA_CREO,USUARIO_MODIFICO,FECHA_MODIFICO) VALUES (1,57,'XA-AAM','AAM',1,'amxsab.system@gmail.com',CURRENT_TIMESTAMP,'amxsab.system@gmail.com',CURRENT_TIMESTAMP);
INSERT INTO AVION(ID_TIPO_EQUIPO_AVION,ID_CONECTIVIDAD,MATRICULA,MATRICULA_CORTA,STATUS,USUARIO_CREO,FECHA_CREO,USUARIO_MODIFICO,FECHA_MODIFICO) VALUES (4,57,'XA-ADL','ADL',1,'amxsab.system@gmail.com',CURRENT_TIMESTAMP,'amxsab.system@gmail.com',CURRENT_TIMESTAMP);

INSERT INTO CICLO (ID_ORIGENVUELO,ID_REGION,ID_ESTACION,CLAVE_PROVEEDOR,ID_TIPOCICLO,DOBLE_ABASTECIDO,STATUS,USUARIO_CREO,FECHA_CREO,USUARIO_MODIFICO,FECHA_MODIFICO) VALUES(14, 6, 96,'GG',10,0,1,'amxsab.system@gmail.com',CURRENT_TIMESTAMP,'amxsab.system@gmail.com',CURRENT_TIMESTAMP);
INSERT INTO CICLO (ID_ORIGENVUELO,ID_REGION,ID_ESTACION,CLAVE_PROVEEDOR,ID_TIPOCICLO,DOBLE_ABASTECIDO,STATUS,USUARIO_CREO,FECHA_CREO,USUARIO_MODIFICO,FECHA_MODIFICO) VALUES(14, 6, 73,'GG',10,0,1,'amxsab.system@gmail.com',CURRENT_TIMESTAMP,'amxsab.system@gmail.com',CURRENT_TIMESTAMP);

-- ================ CONTACTO_PROVEEDOR_ESTACION ==================
-- jlopez@gmail.com / qwerty123456;
INSERT INTO USUARIO(EMAIL_USUARIO,CONTRASENIA,NOMBRE,APELLIDO_PATERNO,APELLIDO_MATERNO,TIPO,STATUS,USUARIO_CREO,FECHA_CREO,USUARIO_MODIFICO,FECHA_MODIFICO)VALUES('jlopez@gmail.com','OldFoF+H3e4dtoshfcBDv6IG0ceqod0KfddrhSpzNZc=','JUAN','LOPEZ','PEREZ','I',1,'amxsab.system@gmail.com',CURRENT_TIMESTAMP,'amxsab.system@gmail.com',CURRENT_TIMESTAMP);
INSERT INTO PERFIL_USUARIO(PERFIL,EMAIL_USUARIO) VALUES('PORTAL_BASICUSER','jlopez@gmail.com');
INSERT INTO PERFIL_USUARIO(PERFIL,EMAIL_USUARIO) VALUES('SUPPLIER','jlopez@gmail.com');
INSERT INTO CONTACTO_PROVEEDOR_ESTACION(NOMBRE,APELLIDO_PATERNO,APELLIDO_MATERNO,EMAIL_USUARIO,CLAVE_PROVEEDOR,ID_ESTACION,ID_PROVEEDOR_ESTACION,TELEFONO,EXTENSION,PUESTO_AREA_EN,PUESTO_AREA_ES,DIRECTORIO_PAB,STATUS,USUARIO_CREO,FECHA_CREO,USUARIO_MODIFICO,FECHA_MODIFICO) VALUES('JUAN','LOPEZ','PEREZ','jlopez@gmail.com','LSG',7,2,'5556581111','','JEFE','CHIEF',1,1,'amxsab.system@gmail.com',CURRENT_TIMESTAMP,'amxsab.system@gmail.com',CURRENT_TIMESTAMP);
-- mrodirguez@gmail.com / qwerty123456;
INSERT INTO USUARIO(EMAIL_USUARIO,CONTRASENIA,NOMBRE,APELLIDO_PATERNO,APELLIDO_MATERNO,TIPO,STATUS,USUARIO_CREO,FECHA_CREO,USUARIO_MODIFICO,FECHA_MODIFICO)VALUES('mrodirguez@gmail.com','OldFoF+H3e4dtoshfcBDv6IG0ceqod0KfddrhSpzNZc=','MICHELL','RODRIGUEZ','HERNANDEZ','I',1,'amxsab.system@gmail.com',CURRENT_TIMESTAMP,'amxsab.system@gmail.com',CURRENT_TIMESTAMP);
INSERT INTO PERFIL_USUARIO(PERFIL,EMAIL_USUARIO) VALUES('PORTAL_BASICUSER','mrodirguez@gmail.com');
INSERT INTO PERFIL_USUARIO(PERFIL,EMAIL_USUARIO) VALUES('SUPPLIER','mrodirguez@gmail.com');
INSERT INTO CONTACTO_PROVEEDOR_ESTACION(NOMBRE,APELLIDO_PATERNO,APELLIDO_MATERNO,EMAIL_USUARIO,CLAVE_PROVEEDOR,ID_ESTACION,ID_PROVEEDOR_ESTACION,TELEFONO,EXTENSION,PUESTO_AREA_EN,PUESTO_AREA_ES,DIRECTORIO_PAB,STATUS,USUARIO_CREO,FECHA_CREO,USUARIO_MODIFICO,FECHA_MODIFICO) VALUES('MICHELL','RODRIGUEZ','HERNANDEZ','mrodirguez@gmail.com','GG',8,1,'5556978309','4567','EJECUTIVO DE CUENTA','ACCOUNT MANAGER',1,1,'amxsab.system@gmail.com',CURRENT_TIMESTAMP,'amxsab.system@gmail.com',CURRENT_TIMESTAMP);
-- jmartineza@gmail.com / qwerty123456;
INSERT INTO USUARIO(EMAIL_USUARIO,CONTRASENIA,NOMBRE,APELLIDO_PATERNO,APELLIDO_MATERNO,TIPO,STATUS,USUARIO_CREO,FECHA_CREO,USUARIO_MODIFICO,FECHA_MODIFICO)VALUES('jmartineza@gmail.com','OldFoF+H3e4dtoshfcBDv6IG0ceqod0KfddrhSpzNZc=','JONATHAN','MARTINEZ','ALCAZAR','I',1,'amxsab.system@gmail.com',CURRENT_TIMESTAMP,'amxsab.system@gmail.com',CURRENT_TIMESTAMP);
INSERT INTO PERFIL_USUARIO(PERFIL,EMAIL_USUARIO) VALUES('PORTAL_BASICUSER','jmartineza@gmail.com');
INSERT INTO PERFIL_USUARIO(PERFIL,EMAIL_USUARIO) VALUES('SUPPLIER','jmartineza@gmail.com');
INSERT INTO CONTACTO_PROVEEDOR_ESTACION(NOMBRE,APELLIDO_PATERNO,APELLIDO_MATERNO,EMAIL_USUARIO,CLAVE_PROVEEDOR,ID_ESTACION,ID_PROVEEDOR_ESTACION,TELEFONO,EXTENSION,PUESTO_AREA_EN,PUESTO_AREA_ES,DIRECTORIO_PAB,STATUS,USUARIO_CREO,FECHA_CREO,USUARIO_MODIFICO,FECHA_MODIFICO) VALUES('JONATHAN','MARTINEZ','ALCAZAR','jmartineza@gmail.com','GG',18,7,'57560523','1232','EJECUTIVO DE CUENTA','ACCOUNT MANAGER',1,1,'amxsab.system@gmail.com',CURRENT_TIMESTAMP,'amxsab.system@gmail.com',CURRENT_TIMESTAMP);
-- msilva@gmail.com / qwerty123456;
INSERT INTO USUARIO(EMAIL_USUARIO,CONTRASENIA,NOMBRE,APELLIDO_PATERNO,APELLIDO_MATERNO,TIPO,STATUS,USUARIO_CREO,FECHA_CREO,USUARIO_MODIFICO,FECHA_MODIFICO)VALUES('msilva@gmail.com','OldFoF+H3e4dtoshfcBDv6IG0ceqod0KfddrhSpzNZc=','MARIANA','SILVA','MENDIVIL','I',1,'amxsab.system@gmail.com',CURRENT_TIMESTAMP,'amxsab.system@gmail.com',CURRENT_TIMESTAMP);
INSERT INTO PERFIL_USUARIO(PERFIL,EMAIL_USUARIO) VALUES('PORTAL_BASICUSER','msilva@gmail.com');
INSERT INTO PERFIL_USUARIO(PERFIL,EMAIL_USUARIO) VALUES('SUPPLIER','msilva@gmail.com');
INSERT INTO CONTACTO_PROVEEDOR_ESTACION(NOMBRE,APELLIDO_PATERNO,APELLIDO_MATERNO,EMAIL_USUARIO,CLAVE_PROVEEDOR,ID_ESTACION,ID_PROVEEDOR_ESTACION,TELEFONO,EXTENSION,PUESTO_AREA_EN,PUESTO_AREA_ES,DIRECTORIO_PAB,STATUS,USUARIO_CREO,FECHA_CREO,USUARIO_MODIFICO,FECHA_MODIFICO) VALUES('MARIANA','SILVA','MENDIVIL','msilva@gmail.com','F&F',24,10,'5512328567','','JEFE','CHIEF',1,1,'amxsab.system@gmail.com',CURRENT_TIMESTAMP,'amxsab.system@gmail.com',CURRENT_TIMESTAMP);
-- ansuarez@gmail.com / qwerty123456;
INSERT INTO USUARIO(EMAIL_USUARIO,CONTRASENIA,NOMBRE,APELLIDO_PATERNO,APELLIDO_MATERNO,TIPO,STATUS,USUARIO_CREO,FECHA_CREO,USUARIO_MODIFICO,FECHA_MODIFICO)VALUES('ansuarez@gmail.com','OldFoF+H3e4dtoshfcBDv6IG0ceqod0KfddrhSpzNZc=','ANA ','SUAREZ','ROCA','I',1,'amxsab.system@gmail.com',CURRENT_TIMESTAMP,'amxsab.system@gmail.com',CURRENT_TIMESTAMP);
INSERT INTO PERFIL_USUARIO(PERFIL,EMAIL_USUARIO) VALUES('PORTAL_BASICUSER','ansuarez@gmail.com');
INSERT INTO PERFIL_USUARIO(PERFIL,EMAIL_USUARIO) VALUES('SUPPLIER','ansuarez@gmail.com');
INSERT INTO CONTACTO_PROVEEDOR_ESTACION(NOMBRE,APELLIDO_PATERNO,APELLIDO_MATERNO,EMAIL_USUARIO,CLAVE_PROVEEDOR,ID_ESTACION,ID_PROVEEDOR_ESTACION,TELEFONO,EXTENSION,PUESTO_AREA_EN,PUESTO_AREA_ES,DIRECTORIO_PAB,STATUS,USUARIO_CREO,FECHA_CREO,USUARIO_MODIFICO,FECHA_MODIFICO) VALUES('ANA ','SUAREZ','ROCA','ansuarez@gmail.com','LSG',2,18,'5555442210','1234','EJECUTIVO DE CUENTA','ACCOUNT MANAGER',1,1,'amxsab.system@gmail.com',CURRENT_TIMESTAMP,'amxsab.system@gmail.com',CURRENT_TIMESTAMP);
-- svilla@gmail.com / qwerty123456;
INSERT INTO USUARIO(EMAIL_USUARIO,CONTRASENIA,NOMBRE,APELLIDO_PATERNO,APELLIDO_MATERNO,TIPO,STATUS,USUARIO_CREO,FECHA_CREO,USUARIO_MODIFICO,FECHA_MODIFICO)VALUES('svilla@gmail.com','OldFoF+H3e4dtoshfcBDv6IG0ceqod0KfddrhSpzNZc=','SEBASTIAN','VILLA','VELAZQUEZ','I',1,'amxsab.system@gmail.com',CURRENT_TIMESTAMP,'amxsab.system@gmail.com',CURRENT_TIMESTAMP);
INSERT INTO PERFIL_USUARIO(PERFIL,EMAIL_USUARIO) VALUES('PORTAL_BASICUSER','svilla@gmail.com');
INSERT INTO PERFIL_USUARIO(PERFIL,EMAIL_USUARIO) VALUES('SUPPLIER','svilla@gmail.com');
INSERT INTO CONTACTO_PROVEEDOR_ESTACION(NOMBRE,APELLIDO_PATERNO,APELLIDO_MATERNO,EMAIL_USUARIO,CLAVE_PROVEEDOR,ID_ESTACION,ID_PROVEEDOR_ESTACION,TELEFONO,EXTENSION,PUESTO_AREA_EN,PUESTO_AREA_ES,DIRECTORIO_PAB,STATUS,USUARIO_CREO,FECHA_CREO,USUARIO_MODIFICO,FECHA_MODIFICO) VALUES('SEBASTIAN','VILLA','VELAZQUEZ','svilla@gmail.com','GG',36,14,'5500222330','','EJECUTIVO DE CUENTA','ACCOUNT MANAGER',1,1,'amxsab.system@gmail.com',CURRENT_TIMESTAMP,'amxsab.system@gmail.com',CURRENT_TIMESTAMP);
-- cesparciga@gmail.com / qwerty123456;
INSERT INTO USUARIO(EMAIL_USUARIO,CONTRASENIA,NOMBRE,APELLIDO_PATERNO,APELLIDO_MATERNO,TIPO,STATUS,USUARIO_CREO,FECHA_CREO,USUARIO_MODIFICO,FECHA_MODIFICO)VALUES('cesparciga@gmail.com','OldFoF+H3e4dtoshfcBDv6IG0ceqod0KfddrhSpzNZc=','CAROLINA','ESPARCIGA','ACOSTA','I',1,'amxsab.system@gmail.com',CURRENT_TIMESTAMP,'amxsab.system@gmail.com',CURRENT_TIMESTAMP);
INSERT INTO PERFIL_USUARIO(PERFIL,EMAIL_USUARIO) VALUES('PORTAL_BASICUSER','cesparciga@gmail.com');
INSERT INTO PERFIL_USUARIO(PERFIL,EMAIL_USUARIO) VALUES('SUPPLIER','cesparciga@gmail.com');
INSERT INTO CONTACTO_PROVEEDOR_ESTACION(NOMBRE,APELLIDO_PATERNO,APELLIDO_MATERNO,EMAIL_USUARIO,CLAVE_PROVEEDOR,ID_ESTACION,ID_PROVEEDOR_ESTACION,TELEFONO,EXTENSION,PUESTO_AREA_EN,PUESTO_AREA_ES,DIRECTORIO_PAB,STATUS,USUARIO_CREO,FECHA_CREO,USUARIO_MODIFICO,FECHA_MODIFICO) VALUES('CAROLINA','ESPARCIGA','ACOSTA','cesparciga@gmail.com','GOD',13,22,'5566134289','','EJECUTIVO DE CUENTA','ACCOUNT MANAGER',1,1,'amxsab.system@gmail.com',CURRENT_TIMESTAMP,'amxsab.system@gmail.com',CURRENT_TIMESTAMP);
-- goble@gmail.com / qwerty123456;
INSERT INTO USUARIO(EMAIL_USUARIO,CONTRASENIA,NOMBRE,APELLIDO_PATERNO,APELLIDO_MATERNO,TIPO,STATUS,USUARIO_CREO,FECHA_CREO,USUARIO_MODIFICO,FECHA_MODIFICO)VALUES('goble@gmail.com','OldFoF+H3e4dtoshfcBDv6IG0ceqod0KfddrhSpzNZc=','GERARDO','OBLE','MURCIA','I',1,'amxsab.system@gmail.com',CURRENT_TIMESTAMP,'amxsab.system@gmail.com',CURRENT_TIMESTAMP);
INSERT INTO PERFIL_USUARIO(PERFIL,EMAIL_USUARIO) VALUES('PORTAL_BASICUSER','goble@gmail.com');
INSERT INTO PERFIL_USUARIO(PERFIL,EMAIL_USUARIO) VALUES('SUPPLIER','goble@gmail.com');
INSERT INTO CONTACTO_PROVEEDOR_ESTACION(NOMBRE,APELLIDO_PATERNO,APELLIDO_MATERNO,EMAIL_USUARIO,CLAVE_PROVEEDOR,ID_ESTACION,ID_PROVEEDOR_ESTACION,TELEFONO,EXTENSION,PUESTO_AREA_EN,PUESTO_AREA_ES,DIRECTORIO_PAB,STATUS,USUARIO_CREO,FECHA_CREO,USUARIO_MODIFICO,FECHA_MODIFICO) VALUES('GERARDO','OBLE','MURCIA','goble@gmail.com','CAR',26,23,'5556581111','','EJECUTIVO DE CUENTA','ACCOUNT MANAGER',1,1,'amxsab.system@gmail.com',CURRENT_TIMESTAMP,'amxsab.system@gmail.com',CURRENT_TIMESTAMP);
-- dsalazar@gmail.com / qwerty123456;
INSERT INTO USUARIO(EMAIL_USUARIO,CONTRASENIA,NOMBRE,APELLIDO_PATERNO,APELLIDO_MATERNO,TIPO,STATUS,USUARIO_CREO,FECHA_CREO,USUARIO_MODIFICO,FECHA_MODIFICO)VALUES('dsalazar@gmail.com','OldFoF+H3e4dtoshfcBDv6IG0ceqod0KfddrhSpzNZc=','DANIEL','SALAZAR','PRADO','I',1,'amxsab.system@gmail.com',CURRENT_TIMESTAMP,'amxsab.system@gmail.com',CURRENT_TIMESTAMP);
INSERT INTO PERFIL_USUARIO(PERFIL,EMAIL_USUARIO) VALUES('PORTAL_BASICUSER','dsalazar@gmail.com');
INSERT INTO PERFIL_USUARIO(PERFIL,EMAIL_USUARIO) VALUES('SUPPLIER','dsalazar@gmail.com');
INSERT INTO CONTACTO_PROVEEDOR_ESTACION(NOMBRE,APELLIDO_PATERNO,APELLIDO_MATERNO,EMAIL_USUARIO,CLAVE_PROVEEDOR,ID_ESTACION,ID_PROVEEDOR_ESTACION,TELEFONO,EXTENSION,PUESTO_AREA_EN,PUESTO_AREA_ES,DIRECTORIO_PAB,STATUS,USUARIO_CREO,FECHA_CREO,USUARIO_MODIFICO,FECHA_MODIFICO) VALUES('DANIEL','SALAZAR','PRADO','dsalazar@gmail.com','NEW',40,26,'5556945309','','EJECUTIVO DE CUENTA','ACCOUNT MANAGER',1,1,'amxsab.system@gmail.com',CURRENT_TIMESTAMP,'amxsab.system@gmail.com',CURRENT_TIMESTAMP);
-- mgonzaleze@gmail.com / qwerty123456;
INSERT INTO USUARIO(EMAIL_USUARIO,CONTRASENIA,NOMBRE,APELLIDO_PATERNO,APELLIDO_MATERNO,TIPO,STATUS,USUARIO_CREO,FECHA_CREO,USUARIO_MODIFICO,FECHA_MODIFICO)VALUES('mgonzaleze@gmail.com','OldFoF+H3e4dtoshfcBDv6IG0ceqod0KfddrhSpzNZc=','MIRIAM','GONZALEZ','ESTRADA','I',1,'amxsab.system@gmail.com',CURRENT_TIMESTAMP,'amxsab.system@gmail.com',CURRENT_TIMESTAMP);
INSERT INTO PERFIL_USUARIO(PERFIL,EMAIL_USUARIO) VALUES('PORTAL_BASICUSER','mgonzaleze@gmail.com');
INSERT INTO PERFIL_USUARIO(PERFIL,EMAIL_USUARIO) VALUES('SUPPLIER','mgonzaleze@gmail.com');
INSERT INTO CONTACTO_PROVEEDOR_ESTACION(NOMBRE,APELLIDO_PATERNO,APELLIDO_MATERNO,EMAIL_USUARIO,CLAVE_PROVEEDOR,ID_ESTACION,ID_PROVEEDOR_ESTACION,TELEFONO,EXTENSION,PUESTO_AREA_EN,PUESTO_AREA_ES,DIRECTORIO_PAB,STATUS,USUARIO_CREO,FECHA_CREO,USUARIO_MODIFICO,FECHA_MODIFICO) VALUES('MIRIAM','GONZALEZ','ESTRADA','mgonzaleze@gmail.com','JJR',38,27,'5556583650','2345','EJECUTIVO DE CUENTA','ACCOUNT MANAGER',1,1,'amxsab.system@gmail.com',CURRENT_TIMESTAMP,'amxsab.system@gmail.com',CURRENT_TIMESTAMP);
-- nmolinaper@gmail.com / qwerty123456;
INSERT INTO USUARIO(EMAIL_USUARIO,CONTRASENIA,NOMBRE,APELLIDO_PATERNO,APELLIDO_MATERNO,TIPO,STATUS,USUARIO_CREO,FECHA_CREO,USUARIO_MODIFICO,FECHA_MODIFICO)VALUES('nmolinaper@gmail.com','OldFoF+H3e4dtoshfcBDv6IG0ceqod0KfddrhSpzNZc=','NATALIA','MOLINA','PEREYRA','I',1,'amxsab.system@gmail.com',CURRENT_TIMESTAMP,'amxsab.system@gmail.com',CURRENT_TIMESTAMP);
INSERT INTO PERFIL_USUARIO(PERFIL,EMAIL_USUARIO) VALUES('PORTAL_BASICUSER','nmolinaper@gmail.com');
INSERT INTO PERFIL_USUARIO(PERFIL,EMAIL_USUARIO) VALUES('SUPPLIER','nmolinaper@gmail.com');
INSERT INTO CONTACTO_PROVEEDOR_ESTACION(NOMBRE,APELLIDO_PATERNO,APELLIDO_MATERNO,EMAIL_USUARIO,CLAVE_PROVEEDOR,ID_ESTACION,ID_PROVEEDOR_ESTACION,TELEFONO,EXTENSION,PUESTO_AREA_EN,PUESTO_AREA_ES,DIRECTORIO_PAB,STATUS,USUARIO_CREO,FECHA_CREO,USUARIO_MODIFICO,FECHA_MODIFICO) VALUES('NATALIA','MOLINA','PEREYRA','nmolinaper@gmail.com','TFK',29,40,'5525778309','','EJECUTIVO DE CUENTA','ACCOUNT MANAGER',1,1,'amxsab.system@gmail.com',CURRENT_TIMESTAMP,'amxsab.system@gmail.com',CURRENT_TIMESTAMP);
-- mfuentesc@gmail.com / qwerty123456;
INSERT INTO USUARIO(EMAIL_USUARIO,CONTRASENIA,NOMBRE,APELLIDO_PATERNO,APELLIDO_MATERNO,TIPO,STATUS,USUARIO_CREO,FECHA_CREO,USUARIO_MODIFICO,FECHA_MODIFICO)VALUES('mfuentesc@gmail.com','OldFoF+H3e4dtoshfcBDv6IG0ceqod0KfddrhSpzNZc=','NESTOR','FUENTES','DE LA CRUZ','I',1,'amxsab.system@gmail.com',CURRENT_TIMESTAMP,'amxsab.system@gmail.com',CURRENT_TIMESTAMP);
INSERT INTO PERFIL_USUARIO(PERFIL,EMAIL_USUARIO) VALUES('PORTAL_BASICUSER','mfuentesc@gmail.com');
INSERT INTO PERFIL_USUARIO(PERFIL,EMAIL_USUARIO) VALUES('SUPPLIER','mfuentesc@gmail.com');
INSERT INTO CONTACTO_PROVEEDOR_ESTACION(NOMBRE,APELLIDO_PATERNO,APELLIDO_MATERNO,EMAIL_USUARIO,CLAVE_PROVEEDOR,ID_ESTACION,ID_PROVEEDOR_ESTACION,TELEFONO,EXTENSION,PUESTO_AREA_EN,PUESTO_AREA_ES,DIRECTORIO_PAB,STATUS,USUARIO_CREO,FECHA_CREO,USUARIO_MODIFICO,FECHA_MODIFICO) VALUES('NESTOR','FUENTES','DE LA CRUZ','mfuentesc@gmail.com','LSA',96,45,'5556523001','','EJECUTIVO DE CUENTA','ACCOUNT MANAGER',1,1,'amxsab.system@gmail.com',CURRENT_TIMESTAMP,'amxsab.system@gmail.com',CURRENT_TIMESTAMP);
-- aperezl@gmail.com / qwerty123456;
INSERT INTO USUARIO(EMAIL_USUARIO,CONTRASENIA,NOMBRE,APELLIDO_PATERNO,APELLIDO_MATERNO,TIPO,STATUS,USUARIO_CREO,FECHA_CREO,USUARIO_MODIFICO,FECHA_MODIFICO)VALUES('aperezl@gmail.com','OldFoF+H3e4dtoshfcBDv6IG0ceqod0KfddrhSpzNZc=','ANTONIO','PEREZ','LOPEZ','I',1,'amxsab.system@gmail.com',CURRENT_TIMESTAMP,'amxsab.system@gmail.com',CURRENT_TIMESTAMP);
INSERT INTO PERFIL_USUARIO(PERFIL,EMAIL_USUARIO) VALUES('PORTAL_BASICUSER','aperezl@gmail.com');
INSERT INTO PERFIL_USUARIO(PERFIL,EMAIL_USUARIO) VALUES('SUPPLIER','aperezl@gmail.com');
INSERT INTO CONTACTO_PROVEEDOR_ESTACION(NOMBRE,APELLIDO_PATERNO,APELLIDO_MATERNO,EMAIL_USUARIO,CLAVE_PROVEEDOR,ID_ESTACION,ID_PROVEEDOR_ESTACION,TELEFONO,EXTENSION,PUESTO_AREA_EN,PUESTO_AREA_ES,DIRECTORIO_PAB,STATUS,USUARIO_CREO,FECHA_CREO,USUARIO_MODIFICO,FECHA_MODIFICO) VALUES('ANTONIO','PEREZ','LOPEZ','aperezl@gmail.com','LSA',88,47,'5556978234','','EJECUTIVO DE CUENTA','ACCOUNT MANAGER',1,1,'amxsab.system@gmail.com',CURRENT_TIMESTAMP,'amxsab.system@gmail.com',CURRENT_TIMESTAMP);
-- icastillom@gmail.com / qwerty123456;
INSERT INTO USUARIO(EMAIL_USUARIO,CONTRASENIA,NOMBRE,APELLIDO_PATERNO,APELLIDO_MATERNO,TIPO,STATUS,USUARIO_CREO,FECHA_CREO,USUARIO_MODIFICO,FECHA_MODIFICO)VALUES('icastillom@gmail.com','OldFoF+H3e4dtoshfcBDv6IG0ceqod0KfddrhSpzNZc=','IXTCHEL','CASTILLO','MOLINA','I',1,'amxsab.system@gmail.com',CURRENT_TIMESTAMP,'amxsab.system@gmail.com',CURRENT_TIMESTAMP);
INSERT INTO PERFIL_USUARIO(PERFIL,EMAIL_USUARIO) VALUES('PORTAL_BASICUSER','icastillom@gmail.com');
INSERT INTO PERFIL_USUARIO(PERFIL,EMAIL_USUARIO) VALUES('SUPPLIER','icastillom@gmail.com');
INSERT INTO CONTACTO_PROVEEDOR_ESTACION(NOMBRE,APELLIDO_PATERNO,APELLIDO_MATERNO,EMAIL_USUARIO,CLAVE_PROVEEDOR,ID_ESTACION,ID_PROVEEDOR_ESTACION,TELEFONO,EXTENSION,PUESTO_AREA_EN,PUESTO_AREA_ES,DIRECTORIO_PAB,STATUS,USUARIO_CREO,FECHA_CREO,USUARIO_MODIFICO,FECHA_MODIFICO) VALUES('IXTCHEL','CASTILLO','MOLINA','icastillom@gmail.com','AER',59,48,'5501123330','4567','EJECUTIVO DE CUENTA','ACCOUNT MANAGER',1,1,'amxsab.system@gmail.com',CURRENT_TIMESTAMP,'amxsab.system@gmail.com',CURRENT_TIMESTAMP);
-- rramirezor@gmail.com / qwerty123456;
INSERT INTO USUARIO(EMAIL_USUARIO,CONTRASENIA,NOMBRE,APELLIDO_PATERNO,APELLIDO_MATERNO,TIPO,STATUS,USUARIO_CREO,FECHA_CREO,USUARIO_MODIFICO,FECHA_MODIFICO)VALUES('rramirezor@gmail.com','OldFoF+H3e4dtoshfcBDv6IG0ceqod0KfddrhSpzNZc=','RICARDO','RAMIREZ','ORTEGA','I',1,'amxsab.system@gmail.com',CURRENT_TIMESTAMP,'amxsab.system@gmail.com',CURRENT_TIMESTAMP);
INSERT INTO PERFIL_USUARIO(PERFIL,EMAIL_USUARIO) VALUES('PORTAL_BASICUSER','rramirezor@gmail.com');
INSERT INTO PERFIL_USUARIO(PERFIL,EMAIL_USUARIO) VALUES('SUPPLIER','rramirezor@gmail.com');
INSERT INTO CONTACTO_PROVEEDOR_ESTACION(NOMBRE,APELLIDO_PATERNO,APELLIDO_MATERNO,EMAIL_USUARIO,CLAVE_PROVEEDOR,ID_ESTACION,ID_PROVEEDOR_ESTACION,TELEFONO,EXTENSION,PUESTO_AREA_EN,PUESTO_AREA_ES,DIRECTORIO_PAB,STATUS,USUARIO_CREO,FECHA_CREO,USUARIO_MODIFICO,FECHA_MODIFICO) VALUES('RICARDO','RAMIREZ','ORTEGA','rramirezor@gmail.com','AER',42,49,'5556245655','','EJECUTIVO DE CUENTA','ACCOUNT MANAGER',1,1,'amxsab.system@gmail.com',CURRENT_TIMESTAMP,'amxsab.system@gmail.com',CURRENT_TIMESTAMP);

INSERT INTO TSU (CVE_TSU,ID_REVISION,ID_CLASE,ID_IDIOMA,ID_MULTIMEDIO,NOTAS,FECHA_VIGENCIA_INICIO,STATUS,USUARIO_CREO,FECHA_CREO,USUARIO_MODIFICO,FECHA_MODIFICO) VALUES('TSUY01', 16, 2, 1, 1, '                           CUBIERTOS Nota: * La utilización de los cubiertos y elementos extras, quedará definida en los Potenciales de acuerdo al servicio de alimentos asignado. ** Solamente se utilizará un tipo de cubiertos por cada TSU', '2017-11-11',1,'amxsab.system@gmail.com','2017-11-11 00:00:00','amxsab.system@gmail.com','2017-11-11 00:00:00');
INSERT INTO TSU (CVE_TSU,ID_REVISION,ID_CLASE,ID_IDIOMA,ID_MULTIMEDIO,NOTAS,FECHA_VIGENCIA_INICIO,STATUS,USUARIO_CREO,FECHA_CREO,USUARIO_MODIFICO,FECHA_MODIFICO) VALUES('TSUJ01', 16, 1, 1, 1, 'Nota: * El Plato principal se abordará en el horno o en la charola dependiendo el tipo de servicio. • Materiales que deben enviarse a granel (Según instrucción de acomodos de alimentos Premier).', '2017-11-12',1,'amxsab.system@gmail.com','2017-11-12 00:00:00','amxsab.system@gmail.com','2017-11-12 00:00:00');
INSERT INTO TSU (CVE_TSU,ID_REVISION,ID_CLASE,ID_IDIOMA,ID_MULTIMEDIO,NOTAS,FECHA_VIGENCIA_INICIO,STATUS,USUARIO_CREO,FECHA_CREO,USUARIO_MODIFICO,FECHA_MODIFICO) VALUES('TSUJ02', 17, 1, 2, 1, 'TSU prueba', '2017-11-12',1,'amxsab.system@gmail.com','2017-11-12 00:00:00','amxsab.system@gmail.com','2017-11-12 00:00:00');
INSERT INTO TSU (CVE_TSU,ID_REVISION,ID_CLASE,ID_IDIOMA,ID_MULTIMEDIO,NOTAS,FECHA_VIGENCIA_INICIO,STATUS,USUARIO_CREO,FECHA_CREO,USUARIO_MODIFICO,FECHA_MODIFICO) VALUES('TSUY03', 19, 2, 2, 1, 'TSU Prueba', '2017-11-12',1,'amxsab.system@gmail.com','2017-11-12 00:00:00','amxsab.system@gmail.com','2017-11-12 00:00:00');
INSERT INTO TSU (CVE_TSU,ID_REVISION,ID_CLASE,ID_IDIOMA,ID_MULTIMEDIO,NOTAS,FECHA_VIGENCIA_INICIO,STATUS,USUARIO_CREO,FECHA_CREO,USUARIO_MODIFICO,FECHA_MODIFICO) VALUES('TSUJ99', 16, 1, 1, 1, 'prueba tsu manual', '2017-11-12',1,'amxsab.system@gmail.com','2017-11-12 00:00:00','amxsab.system@gmail.com','2017-11-12 00:00:00');

INSERT INTO MATERIAL_TSU (NUMERO_PARTE,ID_TSU,CANTIDAD,STATUS,USUARIO_CREO,FECHA_CREO,USUARIO_MODIFICO,FECHA_MODIFICO) VALUES('ANT0504', 1,1,1,'amxsab.system@gmail.com',CURRENT_TIMESTAMP,'amxsab.system@gmail.com',CURRENT_TIMESTAMP);
INSERT INTO MATERIAL_TSU (NUMERO_PARTE,ID_TSU,CANTIDAD,STATUS,USUARIO_CREO,FECHA_CREO,USUARIO_MODIFICO,FECHA_MODIFICO) VALUES('PLA0216', 1,1,1,'amxsab.system@gmail.com',CURRENT_TIMESTAMP,'amxsab.system@gmail.com',CURRENT_TIMESTAMP);
INSERT INTO MATERIAL_TSU (NUMERO_PARTE,ID_TSU,CANTIDAD,STATUS,USUARIO_CREO,FECHA_CREO,USUARIO_MODIFICO,FECHA_MODIFICO) VALUES('PLA0217', 1,1,1,'amxsab.system@gmail.com',CURRENT_TIMESTAMP,'amxsab.system@gmail.com',CURRENT_TIMESTAMP);
INSERT INTO MATERIAL_TSU (NUMERO_PARTE,ID_TSU,CANTIDAD,STATUS,USUARIO_CREO,FECHA_CREO,USUARIO_MODIFICO,FECHA_MODIFICO) VALUES('SAMCHAR', 1,1,1,'amxsab.system@gmail.com',CURRENT_TIMESTAMP,'amxsab.system@gmail.com',CURRENT_TIMESTAMP);
INSERT INTO MATERIAL_TSU (NUMERO_PARTE,ID_TSU,CANTIDAD,STATUS,USUARIO_CREO,FECHA_CREO,USUARIO_MODIFICO,FECHA_MODIFICO) VALUES('PLA0219', 2,1,1,'amxsab.system@gmail.com',CURRENT_TIMESTAMP,'amxsab.system@gmail.com',CURRENT_TIMESTAMP);
INSERT INTO MATERIAL_TSU (NUMERO_PARTE,ID_TSU,CANTIDAD,STATUS,USUARIO_CREO,FECHA_CREO,USUARIO_MODIFICO,FECHA_MODIFICO) VALUES('PLA0220', 2,1,1,'amxsab.system@gmail.com',CURRENT_TIMESTAMP,'amxsab.system@gmail.com',CURRENT_TIMESTAMP);
INSERT INTO MATERIAL_TSU (NUMERO_PARTE,ID_TSU,CANTIDAD,STATUS,USUARIO_CREO,FECHA_CREO,USUARIO_MODIFICO,FECHA_MODIFICO) VALUES('PLA0229', 2,1,1,'amxsab.system@gmail.com',CURRENT_TIMESTAMP,'amxsab.system@gmail.com',CURRENT_TIMESTAMP);
INSERT INTO MATERIAL_TSU (NUMERO_PARTE,ID_TSU,CANTIDAD,STATUS,USUARIO_CREO,FECHA_CREO,USUARIO_MODIFICO,FECHA_MODIFICO) VALUES('PLA0237', 2,2,1,'amxsab.system@gmail.com',CURRENT_TIMESTAMP,'amxsab.system@gmail.com',CURRENT_TIMESTAMP);
INSERT INTO MATERIAL_TSU (NUMERO_PARTE,ID_TSU,CANTIDAD,STATUS,USUARIO_CREO,FECHA_CREO,USUARIO_MODIFICO,FECHA_MODIFICO) VALUES('POR0506', 2,1,1,'amxsab.system@gmail.com',CURRENT_TIMESTAMP,'amxsab.system@gmail.com',CURRENT_TIMESTAMP);
INSERT INTO MATERIAL_TSU (NUMERO_PARTE,ID_TSU,CANTIDAD,STATUS,USUARIO_CREO,FECHA_CREO,USUARIO_MODIFICO,FECHA_MODIFICO) VALUES('TAP1403', 2,1,1,'amxsab.system@gmail.com',CURRENT_TIMESTAMP,'amxsab.system@gmail.com',CURRENT_TIMESTAMP);
INSERT INTO MATERIAL_TSU (NUMERO_PARTE,ID_TSU,CANTIDAD,STATUS,USUARIO_CREO,FECHA_CREO,USUARIO_MODIFICO,FECHA_MODIFICO) VALUES('SAMCHAR', 3,1,1,'amxsab.system@gmail.com',CURRENT_TIMESTAMP,'amxsab.system@gmail.com',CURRENT_TIMESTAMP);
INSERT INTO MATERIAL_TSU (NUMERO_PARTE,ID_TSU,CANTIDAD,STATUS,USUARIO_CREO,FECHA_CREO,USUARIO_MODIFICO,FECHA_MODIFICO) VALUES('PLA0219', 3,2,1,'amxsab.system@gmail.com',CURRENT_TIMESTAMP,'amxsab.system@gmail.com',CURRENT_TIMESTAMP);
INSERT INTO MATERIAL_TSU (NUMERO_PARTE,ID_TSU,CANTIDAD,STATUS,USUARIO_CREO,FECHA_CREO,USUARIO_MODIFICO,FECHA_MODIFICO) VALUES('PLA0217', 3,1,1,'amxsab.system@gmail.com',CURRENT_TIMESTAMP,'amxsab.system@gmail.com',CURRENT_TIMESTAMP);
INSERT INTO MATERIAL_TSU (NUMERO_PARTE,ID_TSU,CANTIDAD,STATUS,USUARIO_CREO,FECHA_CREO,USUARIO_MODIFICO,FECHA_MODIFICO) VALUES('PLA0229', 4,2,1,'amxsab.system@gmail.com',CURRENT_TIMESTAMP,'amxsab.system@gmail.com',CURRENT_TIMESTAMP);
INSERT INTO MATERIAL_TSU (NUMERO_PARTE,ID_TSU,CANTIDAD,STATUS,USUARIO_CREO,FECHA_CREO,USUARIO_MODIFICO,FECHA_MODIFICO) VALUES('PLA0229', 4,1,1,'amxsab.system@gmail.com',CURRENT_TIMESTAMP,'amxsab.system@gmail.com',CURRENT_TIMESTAMP);
INSERT INTO MATERIAL_TSU (NUMERO_PARTE,ID_TSU,CANTIDAD,STATUS,USUARIO_CREO,FECHA_CREO,USUARIO_MODIFICO,FECHA_MODIFICO) VALUES('AGU0809', 5,4,1,'amxsab.system@gmail.com',CURRENT_TIMESTAMP,'amxsab.system@gmail.com',CURRENT_TIMESTAMP);
INSERT INTO MATERIAL_TSU (NUMERO_PARTE,ID_TSU,CANTIDAD,STATUS,USUARIO_CREO,FECHA_CREO,USUARIO_MODIFICO,FECHA_MODIFICO) VALUES('AGU0810', 5,3,1,'amxsab.system@gmail.com',CURRENT_TIMESTAMP,'amxsab.system@gmail.com',CURRENT_TIMESTAMP);
INSERT INTO MATERIAL_TSU (NUMERO_PARTE,ID_TSU,CANTIDAD,STATUS,USUARIO_CREO,FECHA_CREO,USUARIO_MODIFICO,FECHA_MODIFICO) VALUES('AGU0811', 5,1,1,'amxsab.system@gmail.com',CURRENT_TIMESTAMP,'amxsab.system@gmail.com',CURRENT_TIMESTAMP);

INSERT INTO KIT_TSU (CVE_KIT_MASTER,ID_TSU,CANTIDAD,STATUS,USUARIO_CREO,FECHA_CREO,USUARIO_MODIFICO,FECHA_MODIFICO) VALUES('BOT0439', 1, 1,1,'amxsab.system@gmail.com',CURRENT_TIMESTAMP,'amxsab.system@gmail.com',CURRENT_TIMESTAMP);
INSERT INTO KIT_TSU (CVE_KIT_MASTER,ID_TSU,CANTIDAD,STATUS,USUARIO_CREO,FECHA_CREO,USUARIO_MODIFICO,FECHA_MODIFICO) VALUES('JAR0302', 1, 1,1,'amxsab.system@gmail.com',CURRENT_TIMESTAMP,'amxsab.system@gmail.com',CURRENT_TIMESTAMP);
INSERT INTO KIT_TSU (CVE_KIT_MASTER,ID_TSU,CANTIDAD,STATUS,USUARIO_CREO,FECHA_CREO,USUARIO_MODIFICO,FECHA_MODIFICO) VALUES('BOT0999', 2, 1,1,'amxsab.system@gmail.com',CURRENT_TIMESTAMP,'amxsab.system@gmail.com',CURRENT_TIMESTAMP);
INSERT INTO KIT_TSU (CVE_KIT_MASTER,ID_TSU,CANTIDAD,STATUS,USUARIO_CREO,FECHA_CREO,USUARIO_MODIFICO,FECHA_MODIFICO) VALUES('HIESER02', 2, 1,1,'amxsab.system@gmail.com',CURRENT_TIMESTAMP,'amxsab.system@gmail.com',CURRENT_TIMESTAMP);
INSERT INTO KIT_TSU (CVE_KIT_MASTER,ID_TSU,CANTIDAD,STATUS,USUARIO_CREO,FECHA_CREO,USUARIO_MODIFICO,FECHA_MODIFICO) VALUES('JAR0302', 3, 1,1,'amxsab.system@gmail.com',CURRENT_TIMESTAMP,'amxsab.system@gmail.com',CURRENT_TIMESTAMP);
INSERT INTO KIT_TSU (CVE_KIT_MASTER,ID_TSU,CANTIDAD,STATUS,USUARIO_CREO,FECHA_CREO,USUARIO_MODIFICO,FECHA_MODIFICO) VALUES('BOT0999', 4, 2,1,'amxsab.system@gmail.com',CURRENT_TIMESTAMP,'amxsab.system@gmail.com',CURRENT_TIMESTAMP);
INSERT INTO KIT_TSU (CVE_KIT_MASTER,ID_TSU,CANTIDAD,STATUS,USUARIO_CREO,FECHA_CREO,USUARIO_MODIFICO,FECHA_MODIFICO) VALUES('BOT0439', 5, 3,1,'amxsab.system@gmail.com',CURRENT_TIMESTAMP,'amxsab.system@gmail.com',CURRENT_TIMESTAMP);
INSERT INTO KIT_TSU (CVE_KIT_MASTER,ID_TSU,CANTIDAD,STATUS,USUARIO_CREO,FECHA_CREO,USUARIO_MODIFICO,FECHA_MODIFICO) VALUES('JAR0302', 5, 4,1,'amxsab.system@gmail.com',CURRENT_TIMESTAMP,'amxsab.system@gmail.com',CURRENT_TIMESTAMP);

INSERT INTO RESPONSABLE_ESTACION (ID_EMPLEADO,ID_ESTACION,ID_AREA,ID_EMPLEADO_JEFE) VALUES(11, 8,2, 17);
INSERT INTO RESPONSABLE_ESTACION (ID_EMPLEADO,ID_ESTACION,ID_AREA,ID_EMPLEADO_JEFE) VALUES(11, 9,2, 17);
INSERT INTO RESPONSABLE_ESTACION (ID_EMPLEADO,ID_ESTACION,ID_AREA,ID_EMPLEADO_JEFE) VALUES(11, 11,2, 17);
INSERT INTO RESPONSABLE_ESTACION (ID_EMPLEADO,ID_ESTACION,ID_AREA,ID_EMPLEADO_JEFE) VALUES(11, 15,2, 17);
INSERT INTO RESPONSABLE_ESTACION (ID_EMPLEADO,ID_ESTACION,ID_AREA,ID_EMPLEADO_JEFE) VALUES(11, 16,2, 17);
INSERT INTO RESPONSABLE_ESTACION (ID_EMPLEADO,ID_ESTACION,ID_AREA,ID_EMPLEADO_JEFE) VALUES(11, 20,2, 17);
INSERT INTO RESPONSABLE_ESTACION (ID_EMPLEADO,ID_ESTACION,ID_AREA,ID_EMPLEADO_JEFE) VALUES(11, 24,2, 17);
INSERT INTO RESPONSABLE_ESTACION (ID_EMPLEADO,ID_ESTACION,ID_AREA,ID_EMPLEADO_JEFE) VALUES(11, 27,2, 17);
INSERT INTO RESPONSABLE_ESTACION (ID_EMPLEADO,ID_ESTACION,ID_AREA,ID_EMPLEADO_JEFE) VALUES(11, 30,2, 17);
INSERT INTO RESPONSABLE_ESTACION (ID_EMPLEADO,ID_ESTACION,ID_AREA,ID_EMPLEADO_JEFE) VALUES(11, 97,2, 17);
INSERT INTO RESPONSABLE_ESTACION (ID_EMPLEADO,ID_ESTACION,ID_AREA,ID_EMPLEADO_JEFE) VALUES(11, 39,2, 17);
INSERT INTO RESPONSABLE_ESTACION (ID_EMPLEADO,ID_ESTACION,ID_AREA,ID_EMPLEADO_JEFE) VALUES(22, 43,3, 17);
INSERT INTO RESPONSABLE_ESTACION (ID_EMPLEADO,ID_ESTACION,ID_AREA,ID_EMPLEADO_JEFE) VALUES(22, 44,3, 17);
INSERT INTO RESPONSABLE_ESTACION (ID_EMPLEADO,ID_ESTACION,ID_AREA,ID_EMPLEADO_JEFE) VALUES(22, 45,3, 17);
INSERT INTO RESPONSABLE_ESTACION (ID_EMPLEADO,ID_ESTACION,ID_AREA,ID_EMPLEADO_JEFE) VALUES(22, 46,3, 17);
INSERT INTO RESPONSABLE_ESTACION (ID_EMPLEADO,ID_ESTACION,ID_AREA,ID_EMPLEADO_JEFE) VALUES(22, 3,3, 17);
INSERT INTO RESPONSABLE_ESTACION (ID_EMPLEADO,ID_ESTACION,ID_AREA,ID_EMPLEADO_JEFE) VALUES(22, 25,3, 17);
INSERT INTO RESPONSABLE_ESTACION (ID_EMPLEADO,ID_ESTACION,ID_AREA,ID_EMPLEADO_JEFE) VALUES(22, 48,3, 17);
INSERT INTO RESPONSABLE_ESTACION (ID_EMPLEADO,ID_ESTACION,ID_AREA,ID_EMPLEADO_JEFE) VALUES(22, 22,3, 17);
INSERT INTO RESPONSABLE_ESTACION (ID_EMPLEADO,ID_ESTACION,ID_AREA,ID_EMPLEADO_JEFE) VALUES(22, 12,3, 17);
INSERT INTO RESPONSABLE_ESTACION (ID_EMPLEADO,ID_ESTACION,ID_AREA,ID_EMPLEADO_JEFE) VALUES(22, 37,3, 17);
INSERT INTO RESPONSABLE_ESTACION (ID_EMPLEADO,ID_ESTACION,ID_AREA,ID_EMPLEADO_JEFE) VALUES(22, 10,3, 17);
INSERT INTO RESPONSABLE_ESTACION (ID_EMPLEADO,ID_ESTACION,ID_AREA,ID_EMPLEADO_JEFE) VALUES(20, 13,3, 17);
INSERT INTO RESPONSABLE_ESTACION (ID_EMPLEADO,ID_ESTACION,ID_AREA,ID_EMPLEADO_JEFE) VALUES(20, 26,3, 17);
INSERT INTO RESPONSABLE_ESTACION (ID_EMPLEADO,ID_ESTACION,ID_AREA,ID_EMPLEADO_JEFE) VALUES(20, 34,3, 17);
INSERT INTO RESPONSABLE_ESTACION (ID_EMPLEADO,ID_ESTACION,ID_AREA,ID_EMPLEADO_JEFE) VALUES(20, 35,3, 17);
INSERT INTO RESPONSABLE_ESTACION (ID_EMPLEADO,ID_ESTACION,ID_AREA,ID_EMPLEADO_JEFE) VALUES(20, 40,3, 17);
INSERT INTO RESPONSABLE_ESTACION (ID_EMPLEADO,ID_ESTACION,ID_AREA,ID_EMPLEADO_JEFE) VALUES(20, 38,3, 17);
INSERT INTO RESPONSABLE_ESTACION (ID_EMPLEADO,ID_ESTACION,ID_AREA,ID_EMPLEADO_JEFE) VALUES(20, 32,3, 17);
INSERT INTO RESPONSABLE_ESTACION (ID_EMPLEADO,ID_ESTACION,ID_AREA,ID_EMPLEADO_JEFE) VALUES(20, 51,3, 17);
INSERT INTO RESPONSABLE_ESTACION (ID_EMPLEADO,ID_ESTACION,ID_AREA,ID_EMPLEADO_JEFE) VALUES(20, 59,3, 17);
INSERT INTO RESPONSABLE_ESTACION (ID_EMPLEADO,ID_ESTACION,ID_AREA,ID_EMPLEADO_JEFE) VALUES(20, 6,3, 17);
INSERT INTO RESPONSABLE_ESTACION (ID_EMPLEADO,ID_ESTACION,ID_AREA,ID_EMPLEADO_JEFE) VALUES(20, 49,3, 17);
INSERT INTO RESPONSABLE_ESTACION (ID_EMPLEADO,ID_ESTACION,ID_AREA,ID_EMPLEADO_JEFE) VALUES(20, 28,3, 17);
INSERT INTO RESPONSABLE_ESTACION (ID_EMPLEADO,ID_ESTACION,ID_AREA,ID_EMPLEADO_JEFE) VALUES(20, 88,3, 17);
INSERT INTO RESPONSABLE_ESTACION (ID_EMPLEADO,ID_ESTACION,ID_AREA,ID_EMPLEADO_JEFE) VALUES(20, 90,3, 17);
INSERT INTO RESPONSABLE_ESTACION (ID_EMPLEADO,ID_ESTACION,ID_AREA,ID_EMPLEADO_JEFE) VALUES(10, 1,2, 17);
INSERT INTO RESPONSABLE_ESTACION (ID_EMPLEADO,ID_ESTACION,ID_AREA,ID_EMPLEADO_JEFE) VALUES(10, 5,2, 17);
INSERT INTO RESPONSABLE_ESTACION (ID_EMPLEADO,ID_ESTACION,ID_AREA,ID_EMPLEADO_JEFE) VALUES(10, 21,2, 17);
INSERT INTO RESPONSABLE_ESTACION (ID_EMPLEADO,ID_ESTACION,ID_AREA,ID_EMPLEADO_JEFE) VALUES(10, 23,2, 17);
INSERT INTO RESPONSABLE_ESTACION (ID_EMPLEADO,ID_ESTACION,ID_AREA,ID_EMPLEADO_JEFE) VALUES(10, 29,2, 17);
INSERT INTO RESPONSABLE_ESTACION (ID_EMPLEADO,ID_ESTACION,ID_AREA,ID_EMPLEADO_JEFE) VALUES(10, 33,2, 17);
INSERT INTO RESPONSABLE_ESTACION (ID_EMPLEADO,ID_ESTACION,ID_AREA,ID_EMPLEADO_JEFE) VALUES(10, 17,2, 17);
INSERT INTO RESPONSABLE_ESTACION (ID_EMPLEADO,ID_ESTACION,ID_AREA,ID_EMPLEADO_JEFE) VALUES(4, 96,4, 7);
INSERT INTO RESPONSABLE_ESTACION (ID_EMPLEADO,ID_ESTACION,ID_AREA,ID_EMPLEADO_JEFE) VALUES(13, 96,3, 23);
INSERT INTO RESPONSABLE_ESTACION (ID_EMPLEADO,ID_ESTACION,ID_AREA,ID_EMPLEADO_JEFE) VALUES(12, 96,2, 23);
INSERT INTO RESPONSABLE_ESTACION (ID_EMPLEADO,ID_ESTACION,ID_AREA,ID_EMPLEADO_JEFE) VALUES(2, 96,1, 8);
INSERT INTO RESPONSABLE_ESTACION (ID_EMPLEADO,ID_ESTACION,ID_AREA,ID_EMPLEADO_JEFE) VALUES(2, 1,1, 8);
INSERT INTO RESPONSABLE_ESTACION (ID_EMPLEADO,ID_ESTACION,ID_AREA,ID_EMPLEADO_JEFE) VALUES(2, 2,1, 8);
INSERT INTO RESPONSABLE_ESTACION (ID_EMPLEADO,ID_ESTACION,ID_AREA,ID_EMPLEADO_JEFE) VALUES(2, 3,1, 8);
INSERT INTO RESPONSABLE_ESTACION (ID_EMPLEADO,ID_ESTACION,ID_AREA,ID_EMPLEADO_JEFE) VALUES(2, 4,1, 8);
INSERT INTO RESPONSABLE_ESTACION (ID_EMPLEADO,ID_ESTACION,ID_AREA,ID_EMPLEADO_JEFE) VALUES(2, 5,1, 8);
INSERT INTO RESPONSABLE_ESTACION (ID_EMPLEADO,ID_ESTACION,ID_AREA,ID_EMPLEADO_JEFE) VALUES(2, 6,1, 8);
INSERT INTO RESPONSABLE_ESTACION (ID_EMPLEADO,ID_ESTACION,ID_AREA,ID_EMPLEADO_JEFE) VALUES(2, 7,1, 8);
INSERT INTO RESPONSABLE_ESTACION (ID_EMPLEADO,ID_ESTACION,ID_AREA,ID_EMPLEADO_JEFE) VALUES(2, 8,1, 8);
INSERT INTO RESPONSABLE_ESTACION (ID_EMPLEADO,ID_ESTACION,ID_AREA,ID_EMPLEADO_JEFE) VALUES(2, 9,1, 8);
INSERT INTO RESPONSABLE_ESTACION (ID_EMPLEADO,ID_ESTACION,ID_AREA,ID_EMPLEADO_JEFE) VALUES(2, 10,1, 8);
INSERT INTO RESPONSABLE_ESTACION (ID_EMPLEADO,ID_ESTACION,ID_AREA,ID_EMPLEADO_JEFE) VALUES(2, 11,1, 8);
INSERT INTO RESPONSABLE_ESTACION (ID_EMPLEADO,ID_ESTACION,ID_AREA,ID_EMPLEADO_JEFE) VALUES(2, 12,1, 8);
INSERT INTO RESPONSABLE_ESTACION (ID_EMPLEADO,ID_ESTACION,ID_AREA,ID_EMPLEADO_JEFE) VALUES(2, 13,1, 8);
INSERT INTO RESPONSABLE_ESTACION (ID_EMPLEADO,ID_ESTACION,ID_AREA,ID_EMPLEADO_JEFE) VALUES(2, 14,1, 8);
INSERT INTO RESPONSABLE_ESTACION (ID_EMPLEADO,ID_ESTACION,ID_AREA,ID_EMPLEADO_JEFE) VALUES(2, 15,1, 8);
INSERT INTO RESPONSABLE_ESTACION (ID_EMPLEADO,ID_ESTACION,ID_AREA,ID_EMPLEADO_JEFE) VALUES(2, 16,1, 8);
INSERT INTO RESPONSABLE_ESTACION (ID_EMPLEADO,ID_ESTACION,ID_AREA,ID_EMPLEADO_JEFE) VALUES(2, 17,1, 8);
INSERT INTO RESPONSABLE_ESTACION (ID_EMPLEADO,ID_ESTACION,ID_AREA,ID_EMPLEADO_JEFE) VALUES(2, 18,1, 8);
INSERT INTO RESPONSABLE_ESTACION (ID_EMPLEADO,ID_ESTACION,ID_AREA,ID_EMPLEADO_JEFE) VALUES(2, 19,1, 8);
INSERT INTO RESPONSABLE_ESTACION (ID_EMPLEADO,ID_ESTACION,ID_AREA,ID_EMPLEADO_JEFE) VALUES(2, 20,1, 8);
INSERT INTO RESPONSABLE_ESTACION (ID_EMPLEADO,ID_ESTACION,ID_AREA,ID_EMPLEADO_JEFE) VALUES(2, 21,1, 8);
INSERT INTO RESPONSABLE_ESTACION (ID_EMPLEADO,ID_ESTACION,ID_AREA,ID_EMPLEADO_JEFE) VALUES(2, 22,1, 8);
INSERT INTO RESPONSABLE_ESTACION (ID_EMPLEADO,ID_ESTACION,ID_AREA,ID_EMPLEADO_JEFE) VALUES(2, 23,1, 8);
INSERT INTO RESPONSABLE_ESTACION (ID_EMPLEADO,ID_ESTACION,ID_AREA,ID_EMPLEADO_JEFE) VALUES(2, 24,1, 8);
INSERT INTO RESPONSABLE_ESTACION (ID_EMPLEADO,ID_ESTACION,ID_AREA,ID_EMPLEADO_JEFE) VALUES(2, 25,1, 8);
INSERT INTO RESPONSABLE_ESTACION (ID_EMPLEADO,ID_ESTACION,ID_AREA,ID_EMPLEADO_JEFE) VALUES(2, 26,1, 8);
INSERT INTO RESPONSABLE_ESTACION (ID_EMPLEADO,ID_ESTACION,ID_AREA,ID_EMPLEADO_JEFE) VALUES(2, 27,1, 8);
INSERT INTO RESPONSABLE_ESTACION (ID_EMPLEADO,ID_ESTACION,ID_AREA,ID_EMPLEADO_JEFE) VALUES(2, 28,1, 8);
INSERT INTO RESPONSABLE_ESTACION (ID_EMPLEADO,ID_ESTACION,ID_AREA,ID_EMPLEADO_JEFE) VALUES(2, 29,1, 8);
INSERT INTO RESPONSABLE_ESTACION (ID_EMPLEADO,ID_ESTACION,ID_AREA,ID_EMPLEADO_JEFE) VALUES(2, 30,1, 8);
INSERT INTO RESPONSABLE_ESTACION (ID_EMPLEADO,ID_ESTACION,ID_AREA,ID_EMPLEADO_JEFE) VALUES(2, 31,1, 8);
INSERT INTO RESPONSABLE_ESTACION (ID_EMPLEADO,ID_ESTACION,ID_AREA,ID_EMPLEADO_JEFE) VALUES(2, 32,1, 8);
INSERT INTO RESPONSABLE_ESTACION (ID_EMPLEADO,ID_ESTACION,ID_AREA,ID_EMPLEADO_JEFE) VALUES(2, 33,1, 8);
INSERT INTO RESPONSABLE_ESTACION (ID_EMPLEADO,ID_ESTACION,ID_AREA,ID_EMPLEADO_JEFE) VALUES(2, 34,1, 8);
INSERT INTO RESPONSABLE_ESTACION (ID_EMPLEADO,ID_ESTACION,ID_AREA,ID_EMPLEADO_JEFE) VALUES(2, 35,1, 8);
INSERT INTO RESPONSABLE_ESTACION (ID_EMPLEADO,ID_ESTACION,ID_AREA,ID_EMPLEADO_JEFE) VALUES(2, 36,1, 8);
INSERT INTO RESPONSABLE_ESTACION (ID_EMPLEADO,ID_ESTACION,ID_AREA,ID_EMPLEADO_JEFE) VALUES(2, 37,1, 8);
INSERT INTO RESPONSABLE_ESTACION (ID_EMPLEADO,ID_ESTACION,ID_AREA,ID_EMPLEADO_JEFE) VALUES(2, 38,1, 8);
INSERT INTO RESPONSABLE_ESTACION (ID_EMPLEADO,ID_ESTACION,ID_AREA,ID_EMPLEADO_JEFE) VALUES(2, 39,1, 8);
INSERT INTO RESPONSABLE_ESTACION (ID_EMPLEADO,ID_ESTACION,ID_AREA,ID_EMPLEADO_JEFE) VALUES(2, 40,1, 8);
INSERT INTO RESPONSABLE_ESTACION (ID_EMPLEADO,ID_ESTACION,ID_AREA,ID_EMPLEADO_JEFE) VALUES(2, 41,1, 8);
INSERT INTO RESPONSABLE_ESTACION (ID_EMPLEADO,ID_ESTACION,ID_AREA,ID_EMPLEADO_JEFE) VALUES(2, 42,1, 8);
INSERT INTO RESPONSABLE_ESTACION (ID_EMPLEADO,ID_ESTACION,ID_AREA,ID_EMPLEADO_JEFE) VALUES(2, 43,1, 8);
INSERT INTO RESPONSABLE_ESTACION (ID_EMPLEADO,ID_ESTACION,ID_AREA,ID_EMPLEADO_JEFE) VALUES(2, 44,1, 8);
INSERT INTO RESPONSABLE_ESTACION (ID_EMPLEADO,ID_ESTACION,ID_AREA,ID_EMPLEADO_JEFE) VALUES(2, 45,1, 8);
INSERT INTO RESPONSABLE_ESTACION (ID_EMPLEADO,ID_ESTACION,ID_AREA,ID_EMPLEADO_JEFE) VALUES(2, 46,1, 8);
INSERT INTO RESPONSABLE_ESTACION (ID_EMPLEADO,ID_ESTACION,ID_AREA,ID_EMPLEADO_JEFE) VALUES(2, 47,1, 8);
INSERT INTO RESPONSABLE_ESTACION (ID_EMPLEADO,ID_ESTACION,ID_AREA,ID_EMPLEADO_JEFE) VALUES(2, 48,1, 8);
INSERT INTO RESPONSABLE_ESTACION (ID_EMPLEADO,ID_ESTACION,ID_AREA,ID_EMPLEADO_JEFE) VALUES(2, 49,1, 8);
INSERT INTO RESPONSABLE_ESTACION (ID_EMPLEADO,ID_ESTACION,ID_AREA,ID_EMPLEADO_JEFE) VALUES(2, 50,1, 8);
INSERT INTO RESPONSABLE_ESTACION (ID_EMPLEADO,ID_ESTACION,ID_AREA,ID_EMPLEADO_JEFE) VALUES(2, 51,1, 8);
INSERT INTO RESPONSABLE_ESTACION (ID_EMPLEADO,ID_ESTACION,ID_AREA,ID_EMPLEADO_JEFE) VALUES(2, 52,1, 8);
INSERT INTO RESPONSABLE_ESTACION (ID_EMPLEADO,ID_ESTACION,ID_AREA,ID_EMPLEADO_JEFE) VALUES(2, 53,1, 8);
INSERT INTO RESPONSABLE_ESTACION (ID_EMPLEADO,ID_ESTACION,ID_AREA,ID_EMPLEADO_JEFE) VALUES(2, 54,1, 8);
INSERT INTO RESPONSABLE_ESTACION (ID_EMPLEADO,ID_ESTACION,ID_AREA,ID_EMPLEADO_JEFE) VALUES(2, 55,1, 8);
INSERT INTO RESPONSABLE_ESTACION (ID_EMPLEADO,ID_ESTACION,ID_AREA,ID_EMPLEADO_JEFE) VALUES(2, 56,1, 8);
INSERT INTO RESPONSABLE_ESTACION (ID_EMPLEADO,ID_ESTACION,ID_AREA,ID_EMPLEADO_JEFE) VALUES(2, 57,1, 8);
INSERT INTO RESPONSABLE_ESTACION (ID_EMPLEADO,ID_ESTACION,ID_AREA,ID_EMPLEADO_JEFE) VALUES(2, 58,1, 8);
INSERT INTO RESPONSABLE_ESTACION (ID_EMPLEADO,ID_ESTACION,ID_AREA,ID_EMPLEADO_JEFE) VALUES(2, 59,1, 8);
INSERT INTO RESPONSABLE_ESTACION (ID_EMPLEADO,ID_ESTACION,ID_AREA,ID_EMPLEADO_JEFE) VALUES(2, 60,1, 8);
INSERT INTO RESPONSABLE_ESTACION (ID_EMPLEADO,ID_ESTACION,ID_AREA,ID_EMPLEADO_JEFE) VALUES(2, 61,1, 8);
INSERT INTO RESPONSABLE_ESTACION (ID_EMPLEADO,ID_ESTACION,ID_AREA,ID_EMPLEADO_JEFE) VALUES(2, 62,1, 8);
INSERT INTO RESPONSABLE_ESTACION (ID_EMPLEADO,ID_ESTACION,ID_AREA,ID_EMPLEADO_JEFE) VALUES(2, 63,1, 8);
INSERT INTO RESPONSABLE_ESTACION (ID_EMPLEADO,ID_ESTACION,ID_AREA,ID_EMPLEADO_JEFE) VALUES(2, 64,1, 8);
INSERT INTO RESPONSABLE_ESTACION (ID_EMPLEADO,ID_ESTACION,ID_AREA,ID_EMPLEADO_JEFE) VALUES(2, 65,1, 8);
INSERT INTO RESPONSABLE_ESTACION (ID_EMPLEADO,ID_ESTACION,ID_AREA,ID_EMPLEADO_JEFE) VALUES(2, 66,1, 8);
INSERT INTO RESPONSABLE_ESTACION (ID_EMPLEADO,ID_ESTACION,ID_AREA,ID_EMPLEADO_JEFE) VALUES(2, 67,1, 8);
INSERT INTO RESPONSABLE_ESTACION (ID_EMPLEADO,ID_ESTACION,ID_AREA,ID_EMPLEADO_JEFE) VALUES(2, 68,1, 8);
INSERT INTO RESPONSABLE_ESTACION (ID_EMPLEADO,ID_ESTACION,ID_AREA,ID_EMPLEADO_JEFE) VALUES(2, 69,1, 8);
INSERT INTO RESPONSABLE_ESTACION (ID_EMPLEADO,ID_ESTACION,ID_AREA,ID_EMPLEADO_JEFE) VALUES(2, 70,1, 8);
INSERT INTO RESPONSABLE_ESTACION (ID_EMPLEADO,ID_ESTACION,ID_AREA,ID_EMPLEADO_JEFE) VALUES(2, 71,1, 8);
INSERT INTO RESPONSABLE_ESTACION (ID_EMPLEADO,ID_ESTACION,ID_AREA,ID_EMPLEADO_JEFE) VALUES(2, 72,1, 8);
INSERT INTO RESPONSABLE_ESTACION (ID_EMPLEADO,ID_ESTACION,ID_AREA,ID_EMPLEADO_JEFE) VALUES(2, 73,1, 8);
INSERT INTO RESPONSABLE_ESTACION (ID_EMPLEADO,ID_ESTACION,ID_AREA,ID_EMPLEADO_JEFE) VALUES(2, 74,1, 8);
INSERT INTO RESPONSABLE_ESTACION (ID_EMPLEADO,ID_ESTACION,ID_AREA,ID_EMPLEADO_JEFE) VALUES(2, 75,1, 8);
INSERT INTO RESPONSABLE_ESTACION (ID_EMPLEADO,ID_ESTACION,ID_AREA,ID_EMPLEADO_JEFE) VALUES(2, 76,1, 8);
INSERT INTO RESPONSABLE_ESTACION (ID_EMPLEADO,ID_ESTACION,ID_AREA,ID_EMPLEADO_JEFE) VALUES(2, 77,1, 8);
INSERT INTO RESPONSABLE_ESTACION (ID_EMPLEADO,ID_ESTACION,ID_AREA,ID_EMPLEADO_JEFE) VALUES(2, 78,1, 8);
INSERT INTO RESPONSABLE_ESTACION (ID_EMPLEADO,ID_ESTACION,ID_AREA,ID_EMPLEADO_JEFE) VALUES(2, 79,1, 8);
INSERT INTO RESPONSABLE_ESTACION (ID_EMPLEADO,ID_ESTACION,ID_AREA,ID_EMPLEADO_JEFE) VALUES(2, 80,1, 8);
INSERT INTO RESPONSABLE_ESTACION (ID_EMPLEADO,ID_ESTACION,ID_AREA,ID_EMPLEADO_JEFE) VALUES(2, 81,1, 8);
INSERT INTO RESPONSABLE_ESTACION (ID_EMPLEADO,ID_ESTACION,ID_AREA,ID_EMPLEADO_JEFE) VALUES(2, 82,1, 8);
INSERT INTO RESPONSABLE_ESTACION (ID_EMPLEADO,ID_ESTACION,ID_AREA,ID_EMPLEADO_JEFE) VALUES(2, 83,1, 8);
INSERT INTO RESPONSABLE_ESTACION (ID_EMPLEADO,ID_ESTACION,ID_AREA,ID_EMPLEADO_JEFE) VALUES(2, 84,1, 8);
INSERT INTO RESPONSABLE_ESTACION (ID_EMPLEADO,ID_ESTACION,ID_AREA,ID_EMPLEADO_JEFE) VALUES(2, 85,1, 8);
INSERT INTO RESPONSABLE_ESTACION (ID_EMPLEADO,ID_ESTACION,ID_AREA,ID_EMPLEADO_JEFE) VALUES(2, 86,1, 8);
INSERT INTO RESPONSABLE_ESTACION (ID_EMPLEADO,ID_ESTACION,ID_AREA,ID_EMPLEADO_JEFE) VALUES(2, 87,1, 8);
INSERT INTO RESPONSABLE_ESTACION (ID_EMPLEADO,ID_ESTACION,ID_AREA,ID_EMPLEADO_JEFE) VALUES(2, 88,1, 8);
INSERT INTO RESPONSABLE_ESTACION (ID_EMPLEADO,ID_ESTACION,ID_AREA,ID_EMPLEADO_JEFE) VALUES(2, 89,1, 8);
INSERT INTO RESPONSABLE_ESTACION (ID_EMPLEADO,ID_ESTACION,ID_AREA,ID_EMPLEADO_JEFE) VALUES(2, 90,1, 8);
INSERT INTO RESPONSABLE_ESTACION (ID_EMPLEADO,ID_ESTACION,ID_AREA,ID_EMPLEADO_JEFE) VALUES(2, 91,1, 8);
INSERT INTO RESPONSABLE_ESTACION (ID_EMPLEADO,ID_ESTACION,ID_AREA,ID_EMPLEADO_JEFE) VALUES(2, 92,1, 8);
INSERT INTO RESPONSABLE_ESTACION (ID_EMPLEADO,ID_ESTACION,ID_AREA,ID_EMPLEADO_JEFE) VALUES(2, 93,1, 8);
INSERT INTO RESPONSABLE_ESTACION (ID_EMPLEADO,ID_ESTACION,ID_AREA,ID_EMPLEADO_JEFE) VALUES(2, 94,1, 8);
INSERT INTO RESPONSABLE_ESTACION (ID_EMPLEADO,ID_ESTACION,ID_AREA,ID_EMPLEADO_JEFE) VALUES(2, 95,1, 8);
INSERT INTO RESPONSABLE_ESTACION (ID_EMPLEADO,ID_ESTACION,ID_AREA,ID_EMPLEADO_JEFE) VALUES(2, 97,1, 8);
INSERT INTO RESPONSABLE_ESTACION (ID_EMPLEADO,ID_ESTACION,ID_AREA,ID_EMPLEADO_JEFE) VALUES(2, 98,1, 8);

INSERT INTO RESPONSABLE_PRODUCTO (ID_RESPONSABLE_ESTACION,ID_TIPO_PRODUCTO_REPORTE) VALUES(1, 1);
INSERT INTO RESPONSABLE_PRODUCTO (ID_RESPONSABLE_ESTACION,ID_TIPO_PRODUCTO_REPORTE) VALUES(1, 2);
INSERT INTO RESPONSABLE_PRODUCTO (ID_RESPONSABLE_ESTACION,ID_TIPO_PRODUCTO_REPORTE) VALUES(1, 5);
INSERT INTO RESPONSABLE_PRODUCTO (ID_RESPONSABLE_ESTACION,ID_TIPO_PRODUCTO_REPORTE) VALUES(1, 7);
INSERT INTO RESPONSABLE_PRODUCTO (ID_RESPONSABLE_ESTACION,ID_TIPO_PRODUCTO_REPORTE) VALUES(1, 8);
INSERT INTO RESPONSABLE_PRODUCTO (ID_RESPONSABLE_ESTACION,ID_TIPO_PRODUCTO_REPORTE) VALUES(1, 10);
INSERT INTO RESPONSABLE_PRODUCTO (ID_RESPONSABLE_ESTACION,ID_TIPO_PRODUCTO_REPORTE) VALUES(1, 11);
INSERT INTO RESPONSABLE_PRODUCTO (ID_RESPONSABLE_ESTACION,ID_TIPO_PRODUCTO_REPORTE) VALUES(1, 12);
INSERT INTO RESPONSABLE_PRODUCTO (ID_RESPONSABLE_ESTACION,ID_TIPO_PRODUCTO_REPORTE) VALUES(1, 13);
INSERT INTO RESPONSABLE_PRODUCTO (ID_RESPONSABLE_ESTACION,ID_TIPO_PRODUCTO_REPORTE) VALUES(2, 1);
INSERT INTO RESPONSABLE_PRODUCTO (ID_RESPONSABLE_ESTACION,ID_TIPO_PRODUCTO_REPORTE) VALUES(2, 2);
INSERT INTO RESPONSABLE_PRODUCTO (ID_RESPONSABLE_ESTACION,ID_TIPO_PRODUCTO_REPORTE) VALUES(2, 5);
INSERT INTO RESPONSABLE_PRODUCTO (ID_RESPONSABLE_ESTACION,ID_TIPO_PRODUCTO_REPORTE) VALUES(2, 7);
INSERT INTO RESPONSABLE_PRODUCTO (ID_RESPONSABLE_ESTACION,ID_TIPO_PRODUCTO_REPORTE) VALUES(2, 8);
INSERT INTO RESPONSABLE_PRODUCTO (ID_RESPONSABLE_ESTACION,ID_TIPO_PRODUCTO_REPORTE) VALUES(2, 10);
INSERT INTO RESPONSABLE_PRODUCTO (ID_RESPONSABLE_ESTACION,ID_TIPO_PRODUCTO_REPORTE) VALUES(2, 11);
INSERT INTO RESPONSABLE_PRODUCTO (ID_RESPONSABLE_ESTACION,ID_TIPO_PRODUCTO_REPORTE) VALUES(2, 12);
INSERT INTO RESPONSABLE_PRODUCTO (ID_RESPONSABLE_ESTACION,ID_TIPO_PRODUCTO_REPORTE) VALUES(2, 13);
INSERT INTO RESPONSABLE_PRODUCTO (ID_RESPONSABLE_ESTACION,ID_TIPO_PRODUCTO_REPORTE) VALUES(3, 1);
INSERT INTO RESPONSABLE_PRODUCTO (ID_RESPONSABLE_ESTACION,ID_TIPO_PRODUCTO_REPORTE) VALUES(3, 2);
INSERT INTO RESPONSABLE_PRODUCTO (ID_RESPONSABLE_ESTACION,ID_TIPO_PRODUCTO_REPORTE) VALUES(3, 5);
INSERT INTO RESPONSABLE_PRODUCTO (ID_RESPONSABLE_ESTACION,ID_TIPO_PRODUCTO_REPORTE) VALUES(3, 7);
INSERT INTO RESPONSABLE_PRODUCTO (ID_RESPONSABLE_ESTACION,ID_TIPO_PRODUCTO_REPORTE) VALUES(3, 8);
INSERT INTO RESPONSABLE_PRODUCTO (ID_RESPONSABLE_ESTACION,ID_TIPO_PRODUCTO_REPORTE) VALUES(3, 10);
INSERT INTO RESPONSABLE_PRODUCTO (ID_RESPONSABLE_ESTACION,ID_TIPO_PRODUCTO_REPORTE) VALUES(3, 11);
INSERT INTO RESPONSABLE_PRODUCTO (ID_RESPONSABLE_ESTACION,ID_TIPO_PRODUCTO_REPORTE) VALUES(3, 12);
INSERT INTO RESPONSABLE_PRODUCTO (ID_RESPONSABLE_ESTACION,ID_TIPO_PRODUCTO_REPORTE) VALUES(3, 13);
INSERT INTO RESPONSABLE_PRODUCTO (ID_RESPONSABLE_ESTACION,ID_TIPO_PRODUCTO_REPORTE) VALUES(4, 1);
INSERT INTO RESPONSABLE_PRODUCTO (ID_RESPONSABLE_ESTACION,ID_TIPO_PRODUCTO_REPORTE) VALUES(4, 2);
INSERT INTO RESPONSABLE_PRODUCTO (ID_RESPONSABLE_ESTACION,ID_TIPO_PRODUCTO_REPORTE) VALUES(4, 5);
INSERT INTO RESPONSABLE_PRODUCTO (ID_RESPONSABLE_ESTACION,ID_TIPO_PRODUCTO_REPORTE) VALUES(4, 7);
INSERT INTO RESPONSABLE_PRODUCTO (ID_RESPONSABLE_ESTACION,ID_TIPO_PRODUCTO_REPORTE) VALUES(4, 8);
INSERT INTO RESPONSABLE_PRODUCTO (ID_RESPONSABLE_ESTACION,ID_TIPO_PRODUCTO_REPORTE) VALUES(4, 10);
INSERT INTO RESPONSABLE_PRODUCTO (ID_RESPONSABLE_ESTACION,ID_TIPO_PRODUCTO_REPORTE) VALUES(4, 11);
INSERT INTO RESPONSABLE_PRODUCTO (ID_RESPONSABLE_ESTACION,ID_TIPO_PRODUCTO_REPORTE) VALUES(4, 12);
INSERT INTO RESPONSABLE_PRODUCTO (ID_RESPONSABLE_ESTACION,ID_TIPO_PRODUCTO_REPORTE) VALUES(4, 13);
INSERT INTO RESPONSABLE_PRODUCTO (ID_RESPONSABLE_ESTACION,ID_TIPO_PRODUCTO_REPORTE) VALUES(5, 1);
INSERT INTO RESPONSABLE_PRODUCTO (ID_RESPONSABLE_ESTACION,ID_TIPO_PRODUCTO_REPORTE) VALUES(5, 2);
INSERT INTO RESPONSABLE_PRODUCTO (ID_RESPONSABLE_ESTACION,ID_TIPO_PRODUCTO_REPORTE) VALUES(5, 5);
INSERT INTO RESPONSABLE_PRODUCTO (ID_RESPONSABLE_ESTACION,ID_TIPO_PRODUCTO_REPORTE) VALUES(5, 7);
INSERT INTO RESPONSABLE_PRODUCTO (ID_RESPONSABLE_ESTACION,ID_TIPO_PRODUCTO_REPORTE) VALUES(5, 8);
INSERT INTO RESPONSABLE_PRODUCTO (ID_RESPONSABLE_ESTACION,ID_TIPO_PRODUCTO_REPORTE) VALUES(5, 10);
INSERT INTO RESPONSABLE_PRODUCTO (ID_RESPONSABLE_ESTACION,ID_TIPO_PRODUCTO_REPORTE) VALUES(5, 11);
INSERT INTO RESPONSABLE_PRODUCTO (ID_RESPONSABLE_ESTACION,ID_TIPO_PRODUCTO_REPORTE) VALUES(5, 12);
INSERT INTO RESPONSABLE_PRODUCTO (ID_RESPONSABLE_ESTACION,ID_TIPO_PRODUCTO_REPORTE) VALUES(5, 13);
INSERT INTO RESPONSABLE_PRODUCTO (ID_RESPONSABLE_ESTACION,ID_TIPO_PRODUCTO_REPORTE) VALUES(6, 1);
INSERT INTO RESPONSABLE_PRODUCTO (ID_RESPONSABLE_ESTACION,ID_TIPO_PRODUCTO_REPORTE) VALUES(6, 2);
INSERT INTO RESPONSABLE_PRODUCTO (ID_RESPONSABLE_ESTACION,ID_TIPO_PRODUCTO_REPORTE) VALUES(6, 5);
INSERT INTO RESPONSABLE_PRODUCTO (ID_RESPONSABLE_ESTACION,ID_TIPO_PRODUCTO_REPORTE) VALUES(6, 7);
INSERT INTO RESPONSABLE_PRODUCTO (ID_RESPONSABLE_ESTACION,ID_TIPO_PRODUCTO_REPORTE) VALUES(6, 8);
INSERT INTO RESPONSABLE_PRODUCTO (ID_RESPONSABLE_ESTACION,ID_TIPO_PRODUCTO_REPORTE) VALUES(6, 10);
INSERT INTO RESPONSABLE_PRODUCTO (ID_RESPONSABLE_ESTACION,ID_TIPO_PRODUCTO_REPORTE) VALUES(6, 11);
INSERT INTO RESPONSABLE_PRODUCTO (ID_RESPONSABLE_ESTACION,ID_TIPO_PRODUCTO_REPORTE) VALUES(6, 12);
INSERT INTO RESPONSABLE_PRODUCTO (ID_RESPONSABLE_ESTACION,ID_TIPO_PRODUCTO_REPORTE) VALUES(6, 13);
INSERT INTO RESPONSABLE_PRODUCTO (ID_RESPONSABLE_ESTACION,ID_TIPO_PRODUCTO_REPORTE) VALUES(7, 1);
INSERT INTO RESPONSABLE_PRODUCTO (ID_RESPONSABLE_ESTACION,ID_TIPO_PRODUCTO_REPORTE) VALUES(7, 2);
INSERT INTO RESPONSABLE_PRODUCTO (ID_RESPONSABLE_ESTACION,ID_TIPO_PRODUCTO_REPORTE) VALUES(7, 5);
INSERT INTO RESPONSABLE_PRODUCTO (ID_RESPONSABLE_ESTACION,ID_TIPO_PRODUCTO_REPORTE) VALUES(7, 7);
INSERT INTO RESPONSABLE_PRODUCTO (ID_RESPONSABLE_ESTACION,ID_TIPO_PRODUCTO_REPORTE) VALUES(7, 8);
INSERT INTO RESPONSABLE_PRODUCTO (ID_RESPONSABLE_ESTACION,ID_TIPO_PRODUCTO_REPORTE) VALUES(7, 10);
INSERT INTO RESPONSABLE_PRODUCTO (ID_RESPONSABLE_ESTACION,ID_TIPO_PRODUCTO_REPORTE) VALUES(7, 11);
INSERT INTO RESPONSABLE_PRODUCTO (ID_RESPONSABLE_ESTACION,ID_TIPO_PRODUCTO_REPORTE) VALUES(7, 12);
INSERT INTO RESPONSABLE_PRODUCTO (ID_RESPONSABLE_ESTACION,ID_TIPO_PRODUCTO_REPORTE) VALUES(7, 13);
INSERT INTO RESPONSABLE_PRODUCTO (ID_RESPONSABLE_ESTACION,ID_TIPO_PRODUCTO_REPORTE) VALUES(8, 1);
INSERT INTO RESPONSABLE_PRODUCTO (ID_RESPONSABLE_ESTACION,ID_TIPO_PRODUCTO_REPORTE) VALUES(8, 2);
INSERT INTO RESPONSABLE_PRODUCTO (ID_RESPONSABLE_ESTACION,ID_TIPO_PRODUCTO_REPORTE) VALUES(8, 5);
INSERT INTO RESPONSABLE_PRODUCTO (ID_RESPONSABLE_ESTACION,ID_TIPO_PRODUCTO_REPORTE) VALUES(8, 7);
INSERT INTO RESPONSABLE_PRODUCTO (ID_RESPONSABLE_ESTACION,ID_TIPO_PRODUCTO_REPORTE) VALUES(8, 8);
INSERT INTO RESPONSABLE_PRODUCTO (ID_RESPONSABLE_ESTACION,ID_TIPO_PRODUCTO_REPORTE) VALUES(8, 10);
INSERT INTO RESPONSABLE_PRODUCTO (ID_RESPONSABLE_ESTACION,ID_TIPO_PRODUCTO_REPORTE) VALUES(8, 11);
INSERT INTO RESPONSABLE_PRODUCTO (ID_RESPONSABLE_ESTACION,ID_TIPO_PRODUCTO_REPORTE) VALUES(8, 12);
INSERT INTO RESPONSABLE_PRODUCTO (ID_RESPONSABLE_ESTACION,ID_TIPO_PRODUCTO_REPORTE) VALUES(8, 13);
INSERT INTO RESPONSABLE_PRODUCTO (ID_RESPONSABLE_ESTACION,ID_TIPO_PRODUCTO_REPORTE) VALUES(9, 1);
INSERT INTO RESPONSABLE_PRODUCTO (ID_RESPONSABLE_ESTACION,ID_TIPO_PRODUCTO_REPORTE) VALUES(9, 2);
INSERT INTO RESPONSABLE_PRODUCTO (ID_RESPONSABLE_ESTACION,ID_TIPO_PRODUCTO_REPORTE) VALUES(9, 5);
INSERT INTO RESPONSABLE_PRODUCTO (ID_RESPONSABLE_ESTACION,ID_TIPO_PRODUCTO_REPORTE) VALUES(9, 7);
INSERT INTO RESPONSABLE_PRODUCTO (ID_RESPONSABLE_ESTACION,ID_TIPO_PRODUCTO_REPORTE) VALUES(9, 8);
INSERT INTO RESPONSABLE_PRODUCTO (ID_RESPONSABLE_ESTACION,ID_TIPO_PRODUCTO_REPORTE) VALUES(9, 10);
INSERT INTO RESPONSABLE_PRODUCTO (ID_RESPONSABLE_ESTACION,ID_TIPO_PRODUCTO_REPORTE) VALUES(9, 11);
INSERT INTO RESPONSABLE_PRODUCTO (ID_RESPONSABLE_ESTACION,ID_TIPO_PRODUCTO_REPORTE) VALUES(9, 12);
INSERT INTO RESPONSABLE_PRODUCTO (ID_RESPONSABLE_ESTACION,ID_TIPO_PRODUCTO_REPORTE) VALUES(9, 13);
INSERT INTO RESPONSABLE_PRODUCTO (ID_RESPONSABLE_ESTACION,ID_TIPO_PRODUCTO_REPORTE) VALUES(10, 1);
INSERT INTO RESPONSABLE_PRODUCTO (ID_RESPONSABLE_ESTACION,ID_TIPO_PRODUCTO_REPORTE) VALUES(10, 2);
INSERT INTO RESPONSABLE_PRODUCTO (ID_RESPONSABLE_ESTACION,ID_TIPO_PRODUCTO_REPORTE) VALUES(10, 5);
INSERT INTO RESPONSABLE_PRODUCTO (ID_RESPONSABLE_ESTACION,ID_TIPO_PRODUCTO_REPORTE) VALUES(10, 7);
INSERT INTO RESPONSABLE_PRODUCTO (ID_RESPONSABLE_ESTACION,ID_TIPO_PRODUCTO_REPORTE) VALUES(10, 8);
INSERT INTO RESPONSABLE_PRODUCTO (ID_RESPONSABLE_ESTACION,ID_TIPO_PRODUCTO_REPORTE) VALUES(10, 10);
INSERT INTO RESPONSABLE_PRODUCTO (ID_RESPONSABLE_ESTACION,ID_TIPO_PRODUCTO_REPORTE) VALUES(10, 11);
INSERT INTO RESPONSABLE_PRODUCTO (ID_RESPONSABLE_ESTACION,ID_TIPO_PRODUCTO_REPORTE) VALUES(10, 12);
INSERT INTO RESPONSABLE_PRODUCTO (ID_RESPONSABLE_ESTACION,ID_TIPO_PRODUCTO_REPORTE) VALUES(10, 13);
INSERT INTO RESPONSABLE_PRODUCTO (ID_RESPONSABLE_ESTACION,ID_TIPO_PRODUCTO_REPORTE) VALUES(11, 1);
INSERT INTO RESPONSABLE_PRODUCTO (ID_RESPONSABLE_ESTACION,ID_TIPO_PRODUCTO_REPORTE) VALUES(11, 2);
INSERT INTO RESPONSABLE_PRODUCTO (ID_RESPONSABLE_ESTACION,ID_TIPO_PRODUCTO_REPORTE) VALUES(11, 5);
INSERT INTO RESPONSABLE_PRODUCTO (ID_RESPONSABLE_ESTACION,ID_TIPO_PRODUCTO_REPORTE) VALUES(11, 7);
INSERT INTO RESPONSABLE_PRODUCTO (ID_RESPONSABLE_ESTACION,ID_TIPO_PRODUCTO_REPORTE) VALUES(11, 8);
INSERT INTO RESPONSABLE_PRODUCTO (ID_RESPONSABLE_ESTACION,ID_TIPO_PRODUCTO_REPORTE) VALUES(11, 10);
INSERT INTO RESPONSABLE_PRODUCTO (ID_RESPONSABLE_ESTACION,ID_TIPO_PRODUCTO_REPORTE) VALUES(11, 11);
INSERT INTO RESPONSABLE_PRODUCTO (ID_RESPONSABLE_ESTACION,ID_TIPO_PRODUCTO_REPORTE) VALUES(11, 12);
INSERT INTO RESPONSABLE_PRODUCTO (ID_RESPONSABLE_ESTACION,ID_TIPO_PRODUCTO_REPORTE) VALUES(11, 13);
INSERT INTO RESPONSABLE_PRODUCTO (ID_RESPONSABLE_ESTACION,ID_TIPO_PRODUCTO_REPORTE) VALUES(12, 1);
INSERT INTO RESPONSABLE_PRODUCTO (ID_RESPONSABLE_ESTACION,ID_TIPO_PRODUCTO_REPORTE) VALUES(12, 2);
INSERT INTO RESPONSABLE_PRODUCTO (ID_RESPONSABLE_ESTACION,ID_TIPO_PRODUCTO_REPORTE) VALUES(12, 5);
INSERT INTO RESPONSABLE_PRODUCTO (ID_RESPONSABLE_ESTACION,ID_TIPO_PRODUCTO_REPORTE) VALUES(12, 7);
INSERT INTO RESPONSABLE_PRODUCTO (ID_RESPONSABLE_ESTACION,ID_TIPO_PRODUCTO_REPORTE) VALUES(12, 8);
INSERT INTO RESPONSABLE_PRODUCTO (ID_RESPONSABLE_ESTACION,ID_TIPO_PRODUCTO_REPORTE) VALUES(12, 10);
INSERT INTO RESPONSABLE_PRODUCTO (ID_RESPONSABLE_ESTACION,ID_TIPO_PRODUCTO_REPORTE) VALUES(12, 11);
INSERT INTO RESPONSABLE_PRODUCTO (ID_RESPONSABLE_ESTACION,ID_TIPO_PRODUCTO_REPORTE) VALUES(12, 12);
INSERT INTO RESPONSABLE_PRODUCTO (ID_RESPONSABLE_ESTACION,ID_TIPO_PRODUCTO_REPORTE) VALUES(12, 13);
INSERT INTO RESPONSABLE_PRODUCTO (ID_RESPONSABLE_ESTACION,ID_TIPO_PRODUCTO_REPORTE) VALUES(13, 1);
INSERT INTO RESPONSABLE_PRODUCTO (ID_RESPONSABLE_ESTACION,ID_TIPO_PRODUCTO_REPORTE) VALUES(13, 2);
INSERT INTO RESPONSABLE_PRODUCTO (ID_RESPONSABLE_ESTACION,ID_TIPO_PRODUCTO_REPORTE) VALUES(13, 5);
INSERT INTO RESPONSABLE_PRODUCTO (ID_RESPONSABLE_ESTACION,ID_TIPO_PRODUCTO_REPORTE) VALUES(13, 7);
INSERT INTO RESPONSABLE_PRODUCTO (ID_RESPONSABLE_ESTACION,ID_TIPO_PRODUCTO_REPORTE) VALUES(13, 8);
INSERT INTO RESPONSABLE_PRODUCTO (ID_RESPONSABLE_ESTACION,ID_TIPO_PRODUCTO_REPORTE) VALUES(13, 10);
INSERT INTO RESPONSABLE_PRODUCTO (ID_RESPONSABLE_ESTACION,ID_TIPO_PRODUCTO_REPORTE) VALUES(13, 11);
INSERT INTO RESPONSABLE_PRODUCTO (ID_RESPONSABLE_ESTACION,ID_TIPO_PRODUCTO_REPORTE) VALUES(13, 12);
INSERT INTO RESPONSABLE_PRODUCTO (ID_RESPONSABLE_ESTACION,ID_TIPO_PRODUCTO_REPORTE) VALUES(13, 13);
INSERT INTO RESPONSABLE_PRODUCTO (ID_RESPONSABLE_ESTACION,ID_TIPO_PRODUCTO_REPORTE) VALUES(14, 1);
INSERT INTO RESPONSABLE_PRODUCTO (ID_RESPONSABLE_ESTACION,ID_TIPO_PRODUCTO_REPORTE) VALUES(14, 2);
INSERT INTO RESPONSABLE_PRODUCTO (ID_RESPONSABLE_ESTACION,ID_TIPO_PRODUCTO_REPORTE) VALUES(14, 5);
INSERT INTO RESPONSABLE_PRODUCTO (ID_RESPONSABLE_ESTACION,ID_TIPO_PRODUCTO_REPORTE) VALUES(14, 7);
INSERT INTO RESPONSABLE_PRODUCTO (ID_RESPONSABLE_ESTACION,ID_TIPO_PRODUCTO_REPORTE) VALUES(14, 8);
INSERT INTO RESPONSABLE_PRODUCTO (ID_RESPONSABLE_ESTACION,ID_TIPO_PRODUCTO_REPORTE) VALUES(14, 10);
INSERT INTO RESPONSABLE_PRODUCTO (ID_RESPONSABLE_ESTACION,ID_TIPO_PRODUCTO_REPORTE) VALUES(14, 11);
INSERT INTO RESPONSABLE_PRODUCTO (ID_RESPONSABLE_ESTACION,ID_TIPO_PRODUCTO_REPORTE) VALUES(14, 12);
INSERT INTO RESPONSABLE_PRODUCTO (ID_RESPONSABLE_ESTACION,ID_TIPO_PRODUCTO_REPORTE) VALUES(14, 13);
INSERT INTO RESPONSABLE_PRODUCTO (ID_RESPONSABLE_ESTACION,ID_TIPO_PRODUCTO_REPORTE) VALUES(15, 1);
INSERT INTO RESPONSABLE_PRODUCTO (ID_RESPONSABLE_ESTACION,ID_TIPO_PRODUCTO_REPORTE) VALUES(15, 2);
INSERT INTO RESPONSABLE_PRODUCTO (ID_RESPONSABLE_ESTACION,ID_TIPO_PRODUCTO_REPORTE) VALUES(15, 5);
INSERT INTO RESPONSABLE_PRODUCTO (ID_RESPONSABLE_ESTACION,ID_TIPO_PRODUCTO_REPORTE) VALUES(15, 7);
INSERT INTO RESPONSABLE_PRODUCTO (ID_RESPONSABLE_ESTACION,ID_TIPO_PRODUCTO_REPORTE) VALUES(15, 8);
INSERT INTO RESPONSABLE_PRODUCTO (ID_RESPONSABLE_ESTACION,ID_TIPO_PRODUCTO_REPORTE) VALUES(15, 10);
INSERT INTO RESPONSABLE_PRODUCTO (ID_RESPONSABLE_ESTACION,ID_TIPO_PRODUCTO_REPORTE) VALUES(15, 11);
INSERT INTO RESPONSABLE_PRODUCTO (ID_RESPONSABLE_ESTACION,ID_TIPO_PRODUCTO_REPORTE) VALUES(15, 12);
INSERT INTO RESPONSABLE_PRODUCTO (ID_RESPONSABLE_ESTACION,ID_TIPO_PRODUCTO_REPORTE) VALUES(15, 13);
INSERT INTO RESPONSABLE_PRODUCTO (ID_RESPONSABLE_ESTACION,ID_TIPO_PRODUCTO_REPORTE) VALUES(16, 1);
INSERT INTO RESPONSABLE_PRODUCTO (ID_RESPONSABLE_ESTACION,ID_TIPO_PRODUCTO_REPORTE) VALUES(16, 2);
INSERT INTO RESPONSABLE_PRODUCTO (ID_RESPONSABLE_ESTACION,ID_TIPO_PRODUCTO_REPORTE) VALUES(16, 5);
INSERT INTO RESPONSABLE_PRODUCTO (ID_RESPONSABLE_ESTACION,ID_TIPO_PRODUCTO_REPORTE) VALUES(16, 7);
INSERT INTO RESPONSABLE_PRODUCTO (ID_RESPONSABLE_ESTACION,ID_TIPO_PRODUCTO_REPORTE) VALUES(16, 8);
INSERT INTO RESPONSABLE_PRODUCTO (ID_RESPONSABLE_ESTACION,ID_TIPO_PRODUCTO_REPORTE) VALUES(16, 10);
INSERT INTO RESPONSABLE_PRODUCTO (ID_RESPONSABLE_ESTACION,ID_TIPO_PRODUCTO_REPORTE) VALUES(16, 11);
INSERT INTO RESPONSABLE_PRODUCTO (ID_RESPONSABLE_ESTACION,ID_TIPO_PRODUCTO_REPORTE) VALUES(16, 12);
INSERT INTO RESPONSABLE_PRODUCTO (ID_RESPONSABLE_ESTACION,ID_TIPO_PRODUCTO_REPORTE) VALUES(16, 13);
INSERT INTO RESPONSABLE_PRODUCTO (ID_RESPONSABLE_ESTACION,ID_TIPO_PRODUCTO_REPORTE) VALUES(17, 1);
INSERT INTO RESPONSABLE_PRODUCTO (ID_RESPONSABLE_ESTACION,ID_TIPO_PRODUCTO_REPORTE) VALUES(17, 2);
INSERT INTO RESPONSABLE_PRODUCTO (ID_RESPONSABLE_ESTACION,ID_TIPO_PRODUCTO_REPORTE) VALUES(17, 5);
INSERT INTO RESPONSABLE_PRODUCTO (ID_RESPONSABLE_ESTACION,ID_TIPO_PRODUCTO_REPORTE) VALUES(17, 7);
INSERT INTO RESPONSABLE_PRODUCTO (ID_RESPONSABLE_ESTACION,ID_TIPO_PRODUCTO_REPORTE) VALUES(17, 8);
INSERT INTO RESPONSABLE_PRODUCTO (ID_RESPONSABLE_ESTACION,ID_TIPO_PRODUCTO_REPORTE) VALUES(17, 10);
INSERT INTO RESPONSABLE_PRODUCTO (ID_RESPONSABLE_ESTACION,ID_TIPO_PRODUCTO_REPORTE) VALUES(17, 11);
INSERT INTO RESPONSABLE_PRODUCTO (ID_RESPONSABLE_ESTACION,ID_TIPO_PRODUCTO_REPORTE) VALUES(17, 12);
INSERT INTO RESPONSABLE_PRODUCTO (ID_RESPONSABLE_ESTACION,ID_TIPO_PRODUCTO_REPORTE) VALUES(17, 13);
INSERT INTO RESPONSABLE_PRODUCTO (ID_RESPONSABLE_ESTACION,ID_TIPO_PRODUCTO_REPORTE) VALUES(18, 1);
INSERT INTO RESPONSABLE_PRODUCTO (ID_RESPONSABLE_ESTACION,ID_TIPO_PRODUCTO_REPORTE) VALUES(18, 2);
INSERT INTO RESPONSABLE_PRODUCTO (ID_RESPONSABLE_ESTACION,ID_TIPO_PRODUCTO_REPORTE) VALUES(18, 5);
INSERT INTO RESPONSABLE_PRODUCTO (ID_RESPONSABLE_ESTACION,ID_TIPO_PRODUCTO_REPORTE) VALUES(18, 7);
INSERT INTO RESPONSABLE_PRODUCTO (ID_RESPONSABLE_ESTACION,ID_TIPO_PRODUCTO_REPORTE) VALUES(18, 8);
INSERT INTO RESPONSABLE_PRODUCTO (ID_RESPONSABLE_ESTACION,ID_TIPO_PRODUCTO_REPORTE) VALUES(18, 10);
INSERT INTO RESPONSABLE_PRODUCTO (ID_RESPONSABLE_ESTACION,ID_TIPO_PRODUCTO_REPORTE) VALUES(18, 11);
INSERT INTO RESPONSABLE_PRODUCTO (ID_RESPONSABLE_ESTACION,ID_TIPO_PRODUCTO_REPORTE) VALUES(18, 12);
INSERT INTO RESPONSABLE_PRODUCTO (ID_RESPONSABLE_ESTACION,ID_TIPO_PRODUCTO_REPORTE) VALUES(18, 13);
INSERT INTO RESPONSABLE_PRODUCTO (ID_RESPONSABLE_ESTACION,ID_TIPO_PRODUCTO_REPORTE) VALUES(19, 1);
INSERT INTO RESPONSABLE_PRODUCTO (ID_RESPONSABLE_ESTACION,ID_TIPO_PRODUCTO_REPORTE) VALUES(19, 2);
INSERT INTO RESPONSABLE_PRODUCTO (ID_RESPONSABLE_ESTACION,ID_TIPO_PRODUCTO_REPORTE) VALUES(19, 5);
INSERT INTO RESPONSABLE_PRODUCTO (ID_RESPONSABLE_ESTACION,ID_TIPO_PRODUCTO_REPORTE) VALUES(19, 7);
INSERT INTO RESPONSABLE_PRODUCTO (ID_RESPONSABLE_ESTACION,ID_TIPO_PRODUCTO_REPORTE) VALUES(19, 8);
INSERT INTO RESPONSABLE_PRODUCTO (ID_RESPONSABLE_ESTACION,ID_TIPO_PRODUCTO_REPORTE) VALUES(19, 10);
INSERT INTO RESPONSABLE_PRODUCTO (ID_RESPONSABLE_ESTACION,ID_TIPO_PRODUCTO_REPORTE) VALUES(19, 11);
INSERT INTO RESPONSABLE_PRODUCTO (ID_RESPONSABLE_ESTACION,ID_TIPO_PRODUCTO_REPORTE) VALUES(19, 12);
INSERT INTO RESPONSABLE_PRODUCTO (ID_RESPONSABLE_ESTACION,ID_TIPO_PRODUCTO_REPORTE) VALUES(19, 13);
INSERT INTO RESPONSABLE_PRODUCTO (ID_RESPONSABLE_ESTACION,ID_TIPO_PRODUCTO_REPORTE) VALUES(20, 1);
INSERT INTO RESPONSABLE_PRODUCTO (ID_RESPONSABLE_ESTACION,ID_TIPO_PRODUCTO_REPORTE) VALUES(20, 2);
INSERT INTO RESPONSABLE_PRODUCTO (ID_RESPONSABLE_ESTACION,ID_TIPO_PRODUCTO_REPORTE) VALUES(20, 5);
INSERT INTO RESPONSABLE_PRODUCTO (ID_RESPONSABLE_ESTACION,ID_TIPO_PRODUCTO_REPORTE) VALUES(20, 7);
INSERT INTO RESPONSABLE_PRODUCTO (ID_RESPONSABLE_ESTACION,ID_TIPO_PRODUCTO_REPORTE) VALUES(20, 8);
INSERT INTO RESPONSABLE_PRODUCTO (ID_RESPONSABLE_ESTACION,ID_TIPO_PRODUCTO_REPORTE) VALUES(20, 10);
INSERT INTO RESPONSABLE_PRODUCTO (ID_RESPONSABLE_ESTACION,ID_TIPO_PRODUCTO_REPORTE) VALUES(20, 11);
INSERT INTO RESPONSABLE_PRODUCTO (ID_RESPONSABLE_ESTACION,ID_TIPO_PRODUCTO_REPORTE) VALUES(20, 12);
INSERT INTO RESPONSABLE_PRODUCTO (ID_RESPONSABLE_ESTACION,ID_TIPO_PRODUCTO_REPORTE) VALUES(20, 13);
INSERT INTO RESPONSABLE_PRODUCTO (ID_RESPONSABLE_ESTACION,ID_TIPO_PRODUCTO_REPORTE) VALUES(21, 1);
INSERT INTO RESPONSABLE_PRODUCTO (ID_RESPONSABLE_ESTACION,ID_TIPO_PRODUCTO_REPORTE) VALUES(21, 2);
INSERT INTO RESPONSABLE_PRODUCTO (ID_RESPONSABLE_ESTACION,ID_TIPO_PRODUCTO_REPORTE) VALUES(21, 5);
INSERT INTO RESPONSABLE_PRODUCTO (ID_RESPONSABLE_ESTACION,ID_TIPO_PRODUCTO_REPORTE) VALUES(21, 7);
INSERT INTO RESPONSABLE_PRODUCTO (ID_RESPONSABLE_ESTACION,ID_TIPO_PRODUCTO_REPORTE) VALUES(21, 8);
INSERT INTO RESPONSABLE_PRODUCTO (ID_RESPONSABLE_ESTACION,ID_TIPO_PRODUCTO_REPORTE) VALUES(21, 10);
INSERT INTO RESPONSABLE_PRODUCTO (ID_RESPONSABLE_ESTACION,ID_TIPO_PRODUCTO_REPORTE) VALUES(21, 11);
INSERT INTO RESPONSABLE_PRODUCTO (ID_RESPONSABLE_ESTACION,ID_TIPO_PRODUCTO_REPORTE) VALUES(21, 12);
INSERT INTO RESPONSABLE_PRODUCTO (ID_RESPONSABLE_ESTACION,ID_TIPO_PRODUCTO_REPORTE) VALUES(21, 13);
INSERT INTO RESPONSABLE_PRODUCTO (ID_RESPONSABLE_ESTACION,ID_TIPO_PRODUCTO_REPORTE) VALUES(22, 1);
INSERT INTO RESPONSABLE_PRODUCTO (ID_RESPONSABLE_ESTACION,ID_TIPO_PRODUCTO_REPORTE) VALUES(22, 2);
INSERT INTO RESPONSABLE_PRODUCTO (ID_RESPONSABLE_ESTACION,ID_TIPO_PRODUCTO_REPORTE) VALUES(22, 5);
INSERT INTO RESPONSABLE_PRODUCTO (ID_RESPONSABLE_ESTACION,ID_TIPO_PRODUCTO_REPORTE) VALUES(22, 7);
INSERT INTO RESPONSABLE_PRODUCTO (ID_RESPONSABLE_ESTACION,ID_TIPO_PRODUCTO_REPORTE) VALUES(22, 8);
INSERT INTO RESPONSABLE_PRODUCTO (ID_RESPONSABLE_ESTACION,ID_TIPO_PRODUCTO_REPORTE) VALUES(22, 10);
INSERT INTO RESPONSABLE_PRODUCTO (ID_RESPONSABLE_ESTACION,ID_TIPO_PRODUCTO_REPORTE) VALUES(22, 11);
INSERT INTO RESPONSABLE_PRODUCTO (ID_RESPONSABLE_ESTACION,ID_TIPO_PRODUCTO_REPORTE) VALUES(22, 12);
INSERT INTO RESPONSABLE_PRODUCTO (ID_RESPONSABLE_ESTACION,ID_TIPO_PRODUCTO_REPORTE) VALUES(22, 13);
INSERT INTO RESPONSABLE_PRODUCTO (ID_RESPONSABLE_ESTACION,ID_TIPO_PRODUCTO_REPORTE) VALUES(23, 1);
INSERT INTO RESPONSABLE_PRODUCTO (ID_RESPONSABLE_ESTACION,ID_TIPO_PRODUCTO_REPORTE) VALUES(23, 2);
INSERT INTO RESPONSABLE_PRODUCTO (ID_RESPONSABLE_ESTACION,ID_TIPO_PRODUCTO_REPORTE) VALUES(23, 5);
INSERT INTO RESPONSABLE_PRODUCTO (ID_RESPONSABLE_ESTACION,ID_TIPO_PRODUCTO_REPORTE) VALUES(23, 7);
INSERT INTO RESPONSABLE_PRODUCTO (ID_RESPONSABLE_ESTACION,ID_TIPO_PRODUCTO_REPORTE) VALUES(23, 8);
INSERT INTO RESPONSABLE_PRODUCTO (ID_RESPONSABLE_ESTACION,ID_TIPO_PRODUCTO_REPORTE) VALUES(23, 10);
INSERT INTO RESPONSABLE_PRODUCTO (ID_RESPONSABLE_ESTACION,ID_TIPO_PRODUCTO_REPORTE) VALUES(23, 11);
INSERT INTO RESPONSABLE_PRODUCTO (ID_RESPONSABLE_ESTACION,ID_TIPO_PRODUCTO_REPORTE) VALUES(23, 12);
INSERT INTO RESPONSABLE_PRODUCTO (ID_RESPONSABLE_ESTACION,ID_TIPO_PRODUCTO_REPORTE) VALUES(23, 13);
INSERT INTO RESPONSABLE_PRODUCTO (ID_RESPONSABLE_ESTACION,ID_TIPO_PRODUCTO_REPORTE) VALUES(24, 1);
INSERT INTO RESPONSABLE_PRODUCTO (ID_RESPONSABLE_ESTACION,ID_TIPO_PRODUCTO_REPORTE) VALUES(24, 2);
INSERT INTO RESPONSABLE_PRODUCTO (ID_RESPONSABLE_ESTACION,ID_TIPO_PRODUCTO_REPORTE) VALUES(24, 5);
INSERT INTO RESPONSABLE_PRODUCTO (ID_RESPONSABLE_ESTACION,ID_TIPO_PRODUCTO_REPORTE) VALUES(24, 7);
INSERT INTO RESPONSABLE_PRODUCTO (ID_RESPONSABLE_ESTACION,ID_TIPO_PRODUCTO_REPORTE) VALUES(24, 8);
INSERT INTO RESPONSABLE_PRODUCTO (ID_RESPONSABLE_ESTACION,ID_TIPO_PRODUCTO_REPORTE) VALUES(24, 10);
INSERT INTO RESPONSABLE_PRODUCTO (ID_RESPONSABLE_ESTACION,ID_TIPO_PRODUCTO_REPORTE) VALUES(24, 11);
INSERT INTO RESPONSABLE_PRODUCTO (ID_RESPONSABLE_ESTACION,ID_TIPO_PRODUCTO_REPORTE) VALUES(24, 12);
INSERT INTO RESPONSABLE_PRODUCTO (ID_RESPONSABLE_ESTACION,ID_TIPO_PRODUCTO_REPORTE) VALUES(24, 13);
INSERT INTO RESPONSABLE_PRODUCTO (ID_RESPONSABLE_ESTACION,ID_TIPO_PRODUCTO_REPORTE) VALUES(25, 1);
INSERT INTO RESPONSABLE_PRODUCTO (ID_RESPONSABLE_ESTACION,ID_TIPO_PRODUCTO_REPORTE) VALUES(25, 2);
INSERT INTO RESPONSABLE_PRODUCTO (ID_RESPONSABLE_ESTACION,ID_TIPO_PRODUCTO_REPORTE) VALUES(25, 5);
INSERT INTO RESPONSABLE_PRODUCTO (ID_RESPONSABLE_ESTACION,ID_TIPO_PRODUCTO_REPORTE) VALUES(25, 7);
INSERT INTO RESPONSABLE_PRODUCTO (ID_RESPONSABLE_ESTACION,ID_TIPO_PRODUCTO_REPORTE) VALUES(25, 8);
INSERT INTO RESPONSABLE_PRODUCTO (ID_RESPONSABLE_ESTACION,ID_TIPO_PRODUCTO_REPORTE) VALUES(25, 10);
INSERT INTO RESPONSABLE_PRODUCTO (ID_RESPONSABLE_ESTACION,ID_TIPO_PRODUCTO_REPORTE) VALUES(25, 11);
INSERT INTO RESPONSABLE_PRODUCTO (ID_RESPONSABLE_ESTACION,ID_TIPO_PRODUCTO_REPORTE) VALUES(25, 12);
INSERT INTO RESPONSABLE_PRODUCTO (ID_RESPONSABLE_ESTACION,ID_TIPO_PRODUCTO_REPORTE) VALUES(25, 13);
INSERT INTO RESPONSABLE_PRODUCTO (ID_RESPONSABLE_ESTACION,ID_TIPO_PRODUCTO_REPORTE) VALUES(26, 1);
INSERT INTO RESPONSABLE_PRODUCTO (ID_RESPONSABLE_ESTACION,ID_TIPO_PRODUCTO_REPORTE) VALUES(26, 2);
INSERT INTO RESPONSABLE_PRODUCTO (ID_RESPONSABLE_ESTACION,ID_TIPO_PRODUCTO_REPORTE) VALUES(26, 5);
INSERT INTO RESPONSABLE_PRODUCTO (ID_RESPONSABLE_ESTACION,ID_TIPO_PRODUCTO_REPORTE) VALUES(26, 7);
INSERT INTO RESPONSABLE_PRODUCTO (ID_RESPONSABLE_ESTACION,ID_TIPO_PRODUCTO_REPORTE) VALUES(26, 8);
INSERT INTO RESPONSABLE_PRODUCTO (ID_RESPONSABLE_ESTACION,ID_TIPO_PRODUCTO_REPORTE) VALUES(26, 10);
INSERT INTO RESPONSABLE_PRODUCTO (ID_RESPONSABLE_ESTACION,ID_TIPO_PRODUCTO_REPORTE) VALUES(26, 11);
INSERT INTO RESPONSABLE_PRODUCTO (ID_RESPONSABLE_ESTACION,ID_TIPO_PRODUCTO_REPORTE) VALUES(26, 12);
INSERT INTO RESPONSABLE_PRODUCTO (ID_RESPONSABLE_ESTACION,ID_TIPO_PRODUCTO_REPORTE) VALUES(26, 13);
INSERT INTO RESPONSABLE_PRODUCTO (ID_RESPONSABLE_ESTACION,ID_TIPO_PRODUCTO_REPORTE) VALUES(27, 1);
INSERT INTO RESPONSABLE_PRODUCTO (ID_RESPONSABLE_ESTACION,ID_TIPO_PRODUCTO_REPORTE) VALUES(27, 2);
INSERT INTO RESPONSABLE_PRODUCTO (ID_RESPONSABLE_ESTACION,ID_TIPO_PRODUCTO_REPORTE) VALUES(27, 5);
INSERT INTO RESPONSABLE_PRODUCTO (ID_RESPONSABLE_ESTACION,ID_TIPO_PRODUCTO_REPORTE) VALUES(27, 7);
INSERT INTO RESPONSABLE_PRODUCTO (ID_RESPONSABLE_ESTACION,ID_TIPO_PRODUCTO_REPORTE) VALUES(27, 8);
INSERT INTO RESPONSABLE_PRODUCTO (ID_RESPONSABLE_ESTACION,ID_TIPO_PRODUCTO_REPORTE) VALUES(27, 10);
INSERT INTO RESPONSABLE_PRODUCTO (ID_RESPONSABLE_ESTACION,ID_TIPO_PRODUCTO_REPORTE) VALUES(27, 11);
INSERT INTO RESPONSABLE_PRODUCTO (ID_RESPONSABLE_ESTACION,ID_TIPO_PRODUCTO_REPORTE) VALUES(27, 12);
INSERT INTO RESPONSABLE_PRODUCTO (ID_RESPONSABLE_ESTACION,ID_TIPO_PRODUCTO_REPORTE) VALUES(27, 13);
INSERT INTO RESPONSABLE_PRODUCTO (ID_RESPONSABLE_ESTACION,ID_TIPO_PRODUCTO_REPORTE) VALUES(28, 1);
INSERT INTO RESPONSABLE_PRODUCTO (ID_RESPONSABLE_ESTACION,ID_TIPO_PRODUCTO_REPORTE) VALUES(28, 2);
INSERT INTO RESPONSABLE_PRODUCTO (ID_RESPONSABLE_ESTACION,ID_TIPO_PRODUCTO_REPORTE) VALUES(28, 5);
INSERT INTO RESPONSABLE_PRODUCTO (ID_RESPONSABLE_ESTACION,ID_TIPO_PRODUCTO_REPORTE) VALUES(28, 7);
INSERT INTO RESPONSABLE_PRODUCTO (ID_RESPONSABLE_ESTACION,ID_TIPO_PRODUCTO_REPORTE) VALUES(28, 8);
INSERT INTO RESPONSABLE_PRODUCTO (ID_RESPONSABLE_ESTACION,ID_TIPO_PRODUCTO_REPORTE) VALUES(28, 10);
INSERT INTO RESPONSABLE_PRODUCTO (ID_RESPONSABLE_ESTACION,ID_TIPO_PRODUCTO_REPORTE) VALUES(28, 11);
INSERT INTO RESPONSABLE_PRODUCTO (ID_RESPONSABLE_ESTACION,ID_TIPO_PRODUCTO_REPORTE) VALUES(28, 12);
INSERT INTO RESPONSABLE_PRODUCTO (ID_RESPONSABLE_ESTACION,ID_TIPO_PRODUCTO_REPORTE) VALUES(28, 13);
INSERT INTO RESPONSABLE_PRODUCTO (ID_RESPONSABLE_ESTACION,ID_TIPO_PRODUCTO_REPORTE) VALUES(29, 1);
INSERT INTO RESPONSABLE_PRODUCTO (ID_RESPONSABLE_ESTACION,ID_TIPO_PRODUCTO_REPORTE) VALUES(29, 2);
INSERT INTO RESPONSABLE_PRODUCTO (ID_RESPONSABLE_ESTACION,ID_TIPO_PRODUCTO_REPORTE) VALUES(29, 5);
INSERT INTO RESPONSABLE_PRODUCTO (ID_RESPONSABLE_ESTACION,ID_TIPO_PRODUCTO_REPORTE) VALUES(29, 7);
INSERT INTO RESPONSABLE_PRODUCTO (ID_RESPONSABLE_ESTACION,ID_TIPO_PRODUCTO_REPORTE) VALUES(29, 8);
INSERT INTO RESPONSABLE_PRODUCTO (ID_RESPONSABLE_ESTACION,ID_TIPO_PRODUCTO_REPORTE) VALUES(29, 10);
INSERT INTO RESPONSABLE_PRODUCTO (ID_RESPONSABLE_ESTACION,ID_TIPO_PRODUCTO_REPORTE) VALUES(29, 11);
INSERT INTO RESPONSABLE_PRODUCTO (ID_RESPONSABLE_ESTACION,ID_TIPO_PRODUCTO_REPORTE) VALUES(29, 12);
INSERT INTO RESPONSABLE_PRODUCTO (ID_RESPONSABLE_ESTACION,ID_TIPO_PRODUCTO_REPORTE) VALUES(29, 13);
INSERT INTO RESPONSABLE_PRODUCTO (ID_RESPONSABLE_ESTACION,ID_TIPO_PRODUCTO_REPORTE) VALUES(30, 1);
INSERT INTO RESPONSABLE_PRODUCTO (ID_RESPONSABLE_ESTACION,ID_TIPO_PRODUCTO_REPORTE) VALUES(30, 2);
INSERT INTO RESPONSABLE_PRODUCTO (ID_RESPONSABLE_ESTACION,ID_TIPO_PRODUCTO_REPORTE) VALUES(30, 5);
INSERT INTO RESPONSABLE_PRODUCTO (ID_RESPONSABLE_ESTACION,ID_TIPO_PRODUCTO_REPORTE) VALUES(30, 7);
INSERT INTO RESPONSABLE_PRODUCTO (ID_RESPONSABLE_ESTACION,ID_TIPO_PRODUCTO_REPORTE) VALUES(30, 8);
INSERT INTO RESPONSABLE_PRODUCTO (ID_RESPONSABLE_ESTACION,ID_TIPO_PRODUCTO_REPORTE) VALUES(30, 10);
INSERT INTO RESPONSABLE_PRODUCTO (ID_RESPONSABLE_ESTACION,ID_TIPO_PRODUCTO_REPORTE) VALUES(30, 11);
INSERT INTO RESPONSABLE_PRODUCTO (ID_RESPONSABLE_ESTACION,ID_TIPO_PRODUCTO_REPORTE) VALUES(30, 12);
INSERT INTO RESPONSABLE_PRODUCTO (ID_RESPONSABLE_ESTACION,ID_TIPO_PRODUCTO_REPORTE) VALUES(30, 13);
INSERT INTO RESPONSABLE_PRODUCTO (ID_RESPONSABLE_ESTACION,ID_TIPO_PRODUCTO_REPORTE) VALUES(31, 1);
INSERT INTO RESPONSABLE_PRODUCTO (ID_RESPONSABLE_ESTACION,ID_TIPO_PRODUCTO_REPORTE) VALUES(31, 2);
INSERT INTO RESPONSABLE_PRODUCTO (ID_RESPONSABLE_ESTACION,ID_TIPO_PRODUCTO_REPORTE) VALUES(31, 5);
INSERT INTO RESPONSABLE_PRODUCTO (ID_RESPONSABLE_ESTACION,ID_TIPO_PRODUCTO_REPORTE) VALUES(31, 7);
INSERT INTO RESPONSABLE_PRODUCTO (ID_RESPONSABLE_ESTACION,ID_TIPO_PRODUCTO_REPORTE) VALUES(31, 8);
INSERT INTO RESPONSABLE_PRODUCTO (ID_RESPONSABLE_ESTACION,ID_TIPO_PRODUCTO_REPORTE) VALUES(31, 10);
INSERT INTO RESPONSABLE_PRODUCTO (ID_RESPONSABLE_ESTACION,ID_TIPO_PRODUCTO_REPORTE) VALUES(31, 11);
INSERT INTO RESPONSABLE_PRODUCTO (ID_RESPONSABLE_ESTACION,ID_TIPO_PRODUCTO_REPORTE) VALUES(31, 12);
INSERT INTO RESPONSABLE_PRODUCTO (ID_RESPONSABLE_ESTACION,ID_TIPO_PRODUCTO_REPORTE) VALUES(31, 13);
INSERT INTO RESPONSABLE_PRODUCTO (ID_RESPONSABLE_ESTACION,ID_TIPO_PRODUCTO_REPORTE) VALUES(32, 1);
INSERT INTO RESPONSABLE_PRODUCTO (ID_RESPONSABLE_ESTACION,ID_TIPO_PRODUCTO_REPORTE) VALUES(32, 2);
INSERT INTO RESPONSABLE_PRODUCTO (ID_RESPONSABLE_ESTACION,ID_TIPO_PRODUCTO_REPORTE) VALUES(32, 5);
INSERT INTO RESPONSABLE_PRODUCTO (ID_RESPONSABLE_ESTACION,ID_TIPO_PRODUCTO_REPORTE) VALUES(32, 7);
INSERT INTO RESPONSABLE_PRODUCTO (ID_RESPONSABLE_ESTACION,ID_TIPO_PRODUCTO_REPORTE) VALUES(32, 8);
INSERT INTO RESPONSABLE_PRODUCTO (ID_RESPONSABLE_ESTACION,ID_TIPO_PRODUCTO_REPORTE) VALUES(32, 10);
INSERT INTO RESPONSABLE_PRODUCTO (ID_RESPONSABLE_ESTACION,ID_TIPO_PRODUCTO_REPORTE) VALUES(32, 11);
INSERT INTO RESPONSABLE_PRODUCTO (ID_RESPONSABLE_ESTACION,ID_TIPO_PRODUCTO_REPORTE) VALUES(32, 12);
INSERT INTO RESPONSABLE_PRODUCTO (ID_RESPONSABLE_ESTACION,ID_TIPO_PRODUCTO_REPORTE) VALUES(32, 13);
INSERT INTO RESPONSABLE_PRODUCTO (ID_RESPONSABLE_ESTACION,ID_TIPO_PRODUCTO_REPORTE) VALUES(33, 1);
INSERT INTO RESPONSABLE_PRODUCTO (ID_RESPONSABLE_ESTACION,ID_TIPO_PRODUCTO_REPORTE) VALUES(33, 2);
INSERT INTO RESPONSABLE_PRODUCTO (ID_RESPONSABLE_ESTACION,ID_TIPO_PRODUCTO_REPORTE) VALUES(33, 5);
INSERT INTO RESPONSABLE_PRODUCTO (ID_RESPONSABLE_ESTACION,ID_TIPO_PRODUCTO_REPORTE) VALUES(33, 7);
INSERT INTO RESPONSABLE_PRODUCTO (ID_RESPONSABLE_ESTACION,ID_TIPO_PRODUCTO_REPORTE) VALUES(33, 8);
INSERT INTO RESPONSABLE_PRODUCTO (ID_RESPONSABLE_ESTACION,ID_TIPO_PRODUCTO_REPORTE) VALUES(33, 10);
INSERT INTO RESPONSABLE_PRODUCTO (ID_RESPONSABLE_ESTACION,ID_TIPO_PRODUCTO_REPORTE) VALUES(33, 11);
INSERT INTO RESPONSABLE_PRODUCTO (ID_RESPONSABLE_ESTACION,ID_TIPO_PRODUCTO_REPORTE) VALUES(33, 12);
INSERT INTO RESPONSABLE_PRODUCTO (ID_RESPONSABLE_ESTACION,ID_TIPO_PRODUCTO_REPORTE) VALUES(33, 13);
INSERT INTO RESPONSABLE_PRODUCTO (ID_RESPONSABLE_ESTACION,ID_TIPO_PRODUCTO_REPORTE) VALUES(34, 1);
INSERT INTO RESPONSABLE_PRODUCTO (ID_RESPONSABLE_ESTACION,ID_TIPO_PRODUCTO_REPORTE) VALUES(34, 2);
INSERT INTO RESPONSABLE_PRODUCTO (ID_RESPONSABLE_ESTACION,ID_TIPO_PRODUCTO_REPORTE) VALUES(34, 5);
INSERT INTO RESPONSABLE_PRODUCTO (ID_RESPONSABLE_ESTACION,ID_TIPO_PRODUCTO_REPORTE) VALUES(34, 7);
INSERT INTO RESPONSABLE_PRODUCTO (ID_RESPONSABLE_ESTACION,ID_TIPO_PRODUCTO_REPORTE) VALUES(34, 8);
INSERT INTO RESPONSABLE_PRODUCTO (ID_RESPONSABLE_ESTACION,ID_TIPO_PRODUCTO_REPORTE) VALUES(34, 10);
INSERT INTO RESPONSABLE_PRODUCTO (ID_RESPONSABLE_ESTACION,ID_TIPO_PRODUCTO_REPORTE) VALUES(34, 11);
INSERT INTO RESPONSABLE_PRODUCTO (ID_RESPONSABLE_ESTACION,ID_TIPO_PRODUCTO_REPORTE) VALUES(34, 12);
INSERT INTO RESPONSABLE_PRODUCTO (ID_RESPONSABLE_ESTACION,ID_TIPO_PRODUCTO_REPORTE) VALUES(34, 13);
INSERT INTO RESPONSABLE_PRODUCTO (ID_RESPONSABLE_ESTACION,ID_TIPO_PRODUCTO_REPORTE) VALUES(35, 1);
INSERT INTO RESPONSABLE_PRODUCTO (ID_RESPONSABLE_ESTACION,ID_TIPO_PRODUCTO_REPORTE) VALUES(35, 2);
INSERT INTO RESPONSABLE_PRODUCTO (ID_RESPONSABLE_ESTACION,ID_TIPO_PRODUCTO_REPORTE) VALUES(35, 5);
INSERT INTO RESPONSABLE_PRODUCTO (ID_RESPONSABLE_ESTACION,ID_TIPO_PRODUCTO_REPORTE) VALUES(35, 7);
INSERT INTO RESPONSABLE_PRODUCTO (ID_RESPONSABLE_ESTACION,ID_TIPO_PRODUCTO_REPORTE) VALUES(35, 8);
INSERT INTO RESPONSABLE_PRODUCTO (ID_RESPONSABLE_ESTACION,ID_TIPO_PRODUCTO_REPORTE) VALUES(35, 10);
INSERT INTO RESPONSABLE_PRODUCTO (ID_RESPONSABLE_ESTACION,ID_TIPO_PRODUCTO_REPORTE) VALUES(35, 11);
INSERT INTO RESPONSABLE_PRODUCTO (ID_RESPONSABLE_ESTACION,ID_TIPO_PRODUCTO_REPORTE) VALUES(35, 12);
INSERT INTO RESPONSABLE_PRODUCTO (ID_RESPONSABLE_ESTACION,ID_TIPO_PRODUCTO_REPORTE) VALUES(35, 13);
INSERT INTO RESPONSABLE_PRODUCTO (ID_RESPONSABLE_ESTACION,ID_TIPO_PRODUCTO_REPORTE) VALUES(36, 1);
INSERT INTO RESPONSABLE_PRODUCTO (ID_RESPONSABLE_ESTACION,ID_TIPO_PRODUCTO_REPORTE) VALUES(36, 2);
INSERT INTO RESPONSABLE_PRODUCTO (ID_RESPONSABLE_ESTACION,ID_TIPO_PRODUCTO_REPORTE) VALUES(36, 5);
INSERT INTO RESPONSABLE_PRODUCTO (ID_RESPONSABLE_ESTACION,ID_TIPO_PRODUCTO_REPORTE) VALUES(36, 7);
INSERT INTO RESPONSABLE_PRODUCTO (ID_RESPONSABLE_ESTACION,ID_TIPO_PRODUCTO_REPORTE) VALUES(36, 8);
INSERT INTO RESPONSABLE_PRODUCTO (ID_RESPONSABLE_ESTACION,ID_TIPO_PRODUCTO_REPORTE) VALUES(36, 10);
INSERT INTO RESPONSABLE_PRODUCTO (ID_RESPONSABLE_ESTACION,ID_TIPO_PRODUCTO_REPORTE) VALUES(36, 11);
INSERT INTO RESPONSABLE_PRODUCTO (ID_RESPONSABLE_ESTACION,ID_TIPO_PRODUCTO_REPORTE) VALUES(36, 12);
INSERT INTO RESPONSABLE_PRODUCTO (ID_RESPONSABLE_ESTACION,ID_TIPO_PRODUCTO_REPORTE) VALUES(36, 13);
INSERT INTO RESPONSABLE_PRODUCTO (ID_RESPONSABLE_ESTACION,ID_TIPO_PRODUCTO_REPORTE) VALUES(37, 1);
INSERT INTO RESPONSABLE_PRODUCTO (ID_RESPONSABLE_ESTACION,ID_TIPO_PRODUCTO_REPORTE) VALUES(37, 2);
INSERT INTO RESPONSABLE_PRODUCTO (ID_RESPONSABLE_ESTACION,ID_TIPO_PRODUCTO_REPORTE) VALUES(37, 5);
INSERT INTO RESPONSABLE_PRODUCTO (ID_RESPONSABLE_ESTACION,ID_TIPO_PRODUCTO_REPORTE) VALUES(37, 7);
INSERT INTO RESPONSABLE_PRODUCTO (ID_RESPONSABLE_ESTACION,ID_TIPO_PRODUCTO_REPORTE) VALUES(37, 8);
INSERT INTO RESPONSABLE_PRODUCTO (ID_RESPONSABLE_ESTACION,ID_TIPO_PRODUCTO_REPORTE) VALUES(37, 10);
INSERT INTO RESPONSABLE_PRODUCTO (ID_RESPONSABLE_ESTACION,ID_TIPO_PRODUCTO_REPORTE) VALUES(37, 11);
INSERT INTO RESPONSABLE_PRODUCTO (ID_RESPONSABLE_ESTACION,ID_TIPO_PRODUCTO_REPORTE) VALUES(37, 12);
INSERT INTO RESPONSABLE_PRODUCTO (ID_RESPONSABLE_ESTACION,ID_TIPO_PRODUCTO_REPORTE) VALUES(37, 13);
INSERT INTO RESPONSABLE_PRODUCTO (ID_RESPONSABLE_ESTACION,ID_TIPO_PRODUCTO_REPORTE) VALUES(38, 1);
INSERT INTO RESPONSABLE_PRODUCTO (ID_RESPONSABLE_ESTACION,ID_TIPO_PRODUCTO_REPORTE) VALUES(38, 2);
INSERT INTO RESPONSABLE_PRODUCTO (ID_RESPONSABLE_ESTACION,ID_TIPO_PRODUCTO_REPORTE) VALUES(38, 5);
INSERT INTO RESPONSABLE_PRODUCTO (ID_RESPONSABLE_ESTACION,ID_TIPO_PRODUCTO_REPORTE) VALUES(38, 7);
INSERT INTO RESPONSABLE_PRODUCTO (ID_RESPONSABLE_ESTACION,ID_TIPO_PRODUCTO_REPORTE) VALUES(38, 8);
INSERT INTO RESPONSABLE_PRODUCTO (ID_RESPONSABLE_ESTACION,ID_TIPO_PRODUCTO_REPORTE) VALUES(38, 10);
INSERT INTO RESPONSABLE_PRODUCTO (ID_RESPONSABLE_ESTACION,ID_TIPO_PRODUCTO_REPORTE) VALUES(38, 11);
INSERT INTO RESPONSABLE_PRODUCTO (ID_RESPONSABLE_ESTACION,ID_TIPO_PRODUCTO_REPORTE) VALUES(38, 12);
INSERT INTO RESPONSABLE_PRODUCTO (ID_RESPONSABLE_ESTACION,ID_TIPO_PRODUCTO_REPORTE) VALUES(38, 13);
INSERT INTO RESPONSABLE_PRODUCTO (ID_RESPONSABLE_ESTACION,ID_TIPO_PRODUCTO_REPORTE) VALUES(39, 1);
INSERT INTO RESPONSABLE_PRODUCTO (ID_RESPONSABLE_ESTACION,ID_TIPO_PRODUCTO_REPORTE) VALUES(39, 2);
INSERT INTO RESPONSABLE_PRODUCTO (ID_RESPONSABLE_ESTACION,ID_TIPO_PRODUCTO_REPORTE) VALUES(39, 5);
INSERT INTO RESPONSABLE_PRODUCTO (ID_RESPONSABLE_ESTACION,ID_TIPO_PRODUCTO_REPORTE) VALUES(39, 7);
INSERT INTO RESPONSABLE_PRODUCTO (ID_RESPONSABLE_ESTACION,ID_TIPO_PRODUCTO_REPORTE) VALUES(39, 8);
INSERT INTO RESPONSABLE_PRODUCTO (ID_RESPONSABLE_ESTACION,ID_TIPO_PRODUCTO_REPORTE) VALUES(39, 10);
INSERT INTO RESPONSABLE_PRODUCTO (ID_RESPONSABLE_ESTACION,ID_TIPO_PRODUCTO_REPORTE) VALUES(39, 11);
INSERT INTO RESPONSABLE_PRODUCTO (ID_RESPONSABLE_ESTACION,ID_TIPO_PRODUCTO_REPORTE) VALUES(39, 12);
INSERT INTO RESPONSABLE_PRODUCTO (ID_RESPONSABLE_ESTACION,ID_TIPO_PRODUCTO_REPORTE) VALUES(39, 13);
INSERT INTO RESPONSABLE_PRODUCTO (ID_RESPONSABLE_ESTACION,ID_TIPO_PRODUCTO_REPORTE) VALUES(40, 1);
INSERT INTO RESPONSABLE_PRODUCTO (ID_RESPONSABLE_ESTACION,ID_TIPO_PRODUCTO_REPORTE) VALUES(40, 2);
INSERT INTO RESPONSABLE_PRODUCTO (ID_RESPONSABLE_ESTACION,ID_TIPO_PRODUCTO_REPORTE) VALUES(40, 5);
INSERT INTO RESPONSABLE_PRODUCTO (ID_RESPONSABLE_ESTACION,ID_TIPO_PRODUCTO_REPORTE) VALUES(40, 7);
INSERT INTO RESPONSABLE_PRODUCTO (ID_RESPONSABLE_ESTACION,ID_TIPO_PRODUCTO_REPORTE) VALUES(40, 8);
INSERT INTO RESPONSABLE_PRODUCTO (ID_RESPONSABLE_ESTACION,ID_TIPO_PRODUCTO_REPORTE) VALUES(40, 10);
INSERT INTO RESPONSABLE_PRODUCTO (ID_RESPONSABLE_ESTACION,ID_TIPO_PRODUCTO_REPORTE) VALUES(40, 11);
INSERT INTO RESPONSABLE_PRODUCTO (ID_RESPONSABLE_ESTACION,ID_TIPO_PRODUCTO_REPORTE) VALUES(40, 12);
INSERT INTO RESPONSABLE_PRODUCTO (ID_RESPONSABLE_ESTACION,ID_TIPO_PRODUCTO_REPORTE) VALUES(40, 13);
INSERT INTO RESPONSABLE_PRODUCTO (ID_RESPONSABLE_ESTACION,ID_TIPO_PRODUCTO_REPORTE) VALUES(41, 1);
INSERT INTO RESPONSABLE_PRODUCTO (ID_RESPONSABLE_ESTACION,ID_TIPO_PRODUCTO_REPORTE) VALUES(41, 2);
INSERT INTO RESPONSABLE_PRODUCTO (ID_RESPONSABLE_ESTACION,ID_TIPO_PRODUCTO_REPORTE) VALUES(41, 5);
INSERT INTO RESPONSABLE_PRODUCTO (ID_RESPONSABLE_ESTACION,ID_TIPO_PRODUCTO_REPORTE) VALUES(41, 7);
INSERT INTO RESPONSABLE_PRODUCTO (ID_RESPONSABLE_ESTACION,ID_TIPO_PRODUCTO_REPORTE) VALUES(41, 8);
INSERT INTO RESPONSABLE_PRODUCTO (ID_RESPONSABLE_ESTACION,ID_TIPO_PRODUCTO_REPORTE) VALUES(41, 10);
INSERT INTO RESPONSABLE_PRODUCTO (ID_RESPONSABLE_ESTACION,ID_TIPO_PRODUCTO_REPORTE) VALUES(41, 11);
INSERT INTO RESPONSABLE_PRODUCTO (ID_RESPONSABLE_ESTACION,ID_TIPO_PRODUCTO_REPORTE) VALUES(41, 12);
INSERT INTO RESPONSABLE_PRODUCTO (ID_RESPONSABLE_ESTACION,ID_TIPO_PRODUCTO_REPORTE) VALUES(41, 13);
INSERT INTO RESPONSABLE_PRODUCTO (ID_RESPONSABLE_ESTACION,ID_TIPO_PRODUCTO_REPORTE) VALUES(42, 1);
INSERT INTO RESPONSABLE_PRODUCTO (ID_RESPONSABLE_ESTACION,ID_TIPO_PRODUCTO_REPORTE) VALUES(42, 2);
INSERT INTO RESPONSABLE_PRODUCTO (ID_RESPONSABLE_ESTACION,ID_TIPO_PRODUCTO_REPORTE) VALUES(42, 5);
INSERT INTO RESPONSABLE_PRODUCTO (ID_RESPONSABLE_ESTACION,ID_TIPO_PRODUCTO_REPORTE) VALUES(42, 7);
INSERT INTO RESPONSABLE_PRODUCTO (ID_RESPONSABLE_ESTACION,ID_TIPO_PRODUCTO_REPORTE) VALUES(42, 8);
INSERT INTO RESPONSABLE_PRODUCTO (ID_RESPONSABLE_ESTACION,ID_TIPO_PRODUCTO_REPORTE) VALUES(42, 10);
INSERT INTO RESPONSABLE_PRODUCTO (ID_RESPONSABLE_ESTACION,ID_TIPO_PRODUCTO_REPORTE) VALUES(42, 11);
INSERT INTO RESPONSABLE_PRODUCTO (ID_RESPONSABLE_ESTACION,ID_TIPO_PRODUCTO_REPORTE) VALUES(42, 12);
INSERT INTO RESPONSABLE_PRODUCTO (ID_RESPONSABLE_ESTACION,ID_TIPO_PRODUCTO_REPORTE) VALUES(42, 13);
INSERT INTO RESPONSABLE_PRODUCTO (ID_RESPONSABLE_ESTACION,ID_TIPO_PRODUCTO_REPORTE) VALUES(43, 1);
INSERT INTO RESPONSABLE_PRODUCTO (ID_RESPONSABLE_ESTACION,ID_TIPO_PRODUCTO_REPORTE) VALUES(43, 2);
INSERT INTO RESPONSABLE_PRODUCTO (ID_RESPONSABLE_ESTACION,ID_TIPO_PRODUCTO_REPORTE) VALUES(43, 5);
INSERT INTO RESPONSABLE_PRODUCTO (ID_RESPONSABLE_ESTACION,ID_TIPO_PRODUCTO_REPORTE) VALUES(43, 7);
INSERT INTO RESPONSABLE_PRODUCTO (ID_RESPONSABLE_ESTACION,ID_TIPO_PRODUCTO_REPORTE) VALUES(43, 8);
INSERT INTO RESPONSABLE_PRODUCTO (ID_RESPONSABLE_ESTACION,ID_TIPO_PRODUCTO_REPORTE) VALUES(43, 10);
INSERT INTO RESPONSABLE_PRODUCTO (ID_RESPONSABLE_ESTACION,ID_TIPO_PRODUCTO_REPORTE) VALUES(43, 11);
INSERT INTO RESPONSABLE_PRODUCTO (ID_RESPONSABLE_ESTACION,ID_TIPO_PRODUCTO_REPORTE) VALUES(43, 12);
INSERT INTO RESPONSABLE_PRODUCTO (ID_RESPONSABLE_ESTACION,ID_TIPO_PRODUCTO_REPORTE) VALUES(43, 13);
INSERT INTO RESPONSABLE_PRODUCTO (ID_RESPONSABLE_ESTACION,ID_TIPO_PRODUCTO_REPORTE) VALUES(44, 7);
INSERT INTO RESPONSABLE_PRODUCTO (ID_RESPONSABLE_ESTACION,ID_TIPO_PRODUCTO_REPORTE) VALUES(44, 10);
INSERT INTO RESPONSABLE_PRODUCTO (ID_RESPONSABLE_ESTACION,ID_TIPO_PRODUCTO_REPORTE) VALUES(44, 11);
INSERT INTO RESPONSABLE_PRODUCTO (ID_RESPONSABLE_ESTACION,ID_TIPO_PRODUCTO_REPORTE) VALUES(44, 8);
INSERT INTO RESPONSABLE_PRODUCTO (ID_RESPONSABLE_ESTACION,ID_TIPO_PRODUCTO_REPORTE) VALUES(44, 5);
INSERT INTO RESPONSABLE_PRODUCTO (ID_RESPONSABLE_ESTACION,ID_TIPO_PRODUCTO_REPORTE) VALUES(45, 1);
INSERT INTO RESPONSABLE_PRODUCTO (ID_RESPONSABLE_ESTACION,ID_TIPO_PRODUCTO_REPORTE) VALUES(45, 2);
INSERT INTO RESPONSABLE_PRODUCTO (ID_RESPONSABLE_ESTACION,ID_TIPO_PRODUCTO_REPORTE) VALUES(45, 12);
INSERT INTO RESPONSABLE_PRODUCTO (ID_RESPONSABLE_ESTACION,ID_TIPO_PRODUCTO_REPORTE) VALUES(45, 10);
INSERT INTO RESPONSABLE_PRODUCTO (ID_RESPONSABLE_ESTACION,ID_TIPO_PRODUCTO_REPORTE) VALUES(45, 8);
INSERT INTO RESPONSABLE_PRODUCTO (ID_RESPONSABLE_ESTACION,ID_TIPO_PRODUCTO_REPORTE) VALUES(45, 5);
INSERT INTO RESPONSABLE_PRODUCTO (ID_RESPONSABLE_ESTACION,ID_TIPO_PRODUCTO_REPORTE) VALUES(46, 12);
INSERT INTO RESPONSABLE_PRODUCTO (ID_RESPONSABLE_ESTACION,ID_TIPO_PRODUCTO_REPORTE) VALUES(47, 9);

INSERT INTO REPORTE (ID_TIPO_REPORTE,ID_VUELO,ID_CLASE,ID_TIPO_PRODUCTO_REPORTE,ID_AREA_RESPONSABLE,ID_RESPONSABLE_AMX,ID_RESPONSABLE_FINAL_AMX, ID_RESPONSABLE_PROVEEDOR_ESTACION, ID_RESPONSABLE_PROVEEDOR_ESTACION_FINAL,ID_ESTATUS_REPORTE_ACTUAL,CLAVE_REPORTE,FECHA_VUELO,DESCRIPCION,STATUS,USUARIO_CREO,FECHA_CREO,USUARIO_MODIFICO,FECHA_MODIFICO) VALUES(50, 22, 1, 1, 3, 23, 23, NULL, NULL, 92, 'REP0014','2017-11-12', 'Dos botellas se subieron estrelladas.',1,'amxsab.system@gmail.com','2017-11-12 00:00:00','amxsab.system@gmail.com','2017-11-12 00:00:00');
INSERT INTO REPORTE (ID_TIPO_REPORTE,ID_VUELO,ID_CLASE,ID_TIPO_PRODUCTO_REPORTE,ID_AREA_RESPONSABLE,ID_RESPONSABLE_AMX,ID_RESPONSABLE_FINAL_AMX, ID_RESPONSABLE_PROVEEDOR_ESTACION, ID_RESPONSABLE_PROVEEDOR_ESTACION_FINAL,ID_ESTATUS_REPORTE_ACTUAL,CLAVE_REPORTE,FECHA_VUELO,DESCRIPCION,STATUS,USUARIO_CREO,FECHA_CREO,USUARIO_MODIFICO,FECHA_MODIFICO) VALUES(50, 22, 1, 12, NULL, NULL, NULL, 35, 35, 92, 'REP0032','2017-12-24', 'Alimentos echados a perder en 5 platillos servidos. No estaban frescas las lechugas.',1,'amxsab.system@gmail.com','2017-12-24 00:00:00','amxsab.system@gmail.com','2017-12-24 00:00:00');
INSERT INTO REPORTE (ID_TIPO_REPORTE,ID_VUELO,ID_CLASE,ID_TIPO_PRODUCTO_REPORTE,ID_AREA_RESPONSABLE,ID_RESPONSABLE_AMX,ID_RESPONSABLE_FINAL_AMX, ID_RESPONSABLE_PROVEEDOR_ESTACION, ID_RESPONSABLE_PROVEEDOR_ESTACION_FINAL,ID_ESTATUS_REPORTE_ACTUAL,CLAVE_REPORTE,FECHA_VUELO,DESCRIPCION,STATUS,USUARIO_CREO,FECHA_CREO,USUARIO_MODIFICO,FECHA_MODIFICO) VALUES(50, 17, 2, 1, NULL, NULL, NULL, 45, 45, 93, 'REP0002','2017-12-02', 'Faltaron botellas de Brandy.',1,'amxsab.system@gmail.com','2017-12-02 00:00:00','amxsab.system@gmail.com','2017-12-02 00:00:00');
INSERT INTO REPORTE (ID_TIPO_REPORTE,ID_VUELO,ID_CLASE,ID_TIPO_PRODUCTO_REPORTE,ID_AREA_RESPONSABLE,ID_RESPONSABLE_AMX,ID_RESPONSABLE_FINAL_AMX, ID_RESPONSABLE_PROVEEDOR_ESTACION, ID_RESPONSABLE_PROVEEDOR_ESTACION_FINAL,ID_ESTATUS_REPORTE_ACTUAL,CLAVE_REPORTE,FECHA_VUELO,DESCRIPCION,STATUS,USUARIO_CREO,FECHA_CREO,USUARIO_MODIFICO,FECHA_MODIFICO) VALUES(50, 41, 2, 12, 3, 46, 46, NULL, NULL, 92, 'REP0090','2018-01-04', 'Comida insuficiente.',1,'amxsab.system@gmail.com','2018-01-04 00:00:00','amxsab.system@gmail.com','2018-01-04 00:00:00');
INSERT INTO REPORTE (ID_TIPO_REPORTE,ID_VUELO,ID_CLASE,ID_TIPO_PRODUCTO_REPORTE,ID_AREA_RESPONSABLE,ID_RESPONSABLE_AMX,ID_RESPONSABLE_FINAL_AMX, ID_RESPONSABLE_PROVEEDOR_ESTACION, ID_RESPONSABLE_PROVEEDOR_ESTACION_FINAL,ID_ESTATUS_REPORTE_ACTUAL,CLAVE_REPORTE,FECHA_VUELO,DESCRIPCION,STATUS,USUARIO_CREO,FECHA_CREO,USUARIO_MODIFICO,FECHA_MODIFICO) VALUES(50, 22, 1, 1, 3, 23, 23, NULL, NULL, 92, 'REP0021','2018-01-12', 'Faltaron botellas de vodka oso negro.',1,'amxsab.system@gmail.com','2018-01-12 00:00:00','amxsab.system@gmail.com','2018-01-12 00:00:00');
INSERT INTO REPORTE (ID_TIPO_REPORTE,ID_VUELO,ID_CLASE,ID_TIPO_PRODUCTO_REPORTE,ID_AREA_RESPONSABLE,ID_RESPONSABLE_AMX,ID_RESPONSABLE_FINAL_AMX, ID_RESPONSABLE_PROVEEDOR_ESTACION, ID_RESPONSABLE_PROVEEDOR_ESTACION_FINAL,ID_ESTATUS_REPORTE_ACTUAL,CLAVE_REPORTE,FECHA_VUELO,DESCRIPCION,STATUS,USUARIO_CREO,FECHA_CREO,USUARIO_MODIFICO,FECHA_MODIFICO) VALUES(50, 19, 2, 12, 3, 46, 46, NULL, NULL, 92, 'REP0035','2017-11-14', 'Comida en mal estado, fruta sucia, con cáscaras sin pulpa.',1,'amxsab.system@gmail.com','2017-11-14 00:00:00','amxsab.system@gmail.com','2017-11-14 00:00:00');
INSERT INTO REPORTE (ID_TIPO_REPORTE,ID_VUELO,ID_CLASE,ID_TIPO_PRODUCTO_REPORTE,ID_AREA_RESPONSABLE,ID_RESPONSABLE_AMX,ID_RESPONSABLE_FINAL_AMX, ID_RESPONSABLE_PROVEEDOR_ESTACION, ID_RESPONSABLE_PROVEEDOR_ESTACION_FINAL,ID_ESTATUS_REPORTE_ACTUAL,CLAVE_REPORTE,FECHA_VUELO,DESCRIPCION,STATUS,USUARIO_CREO,FECHA_CREO,USUARIO_MODIFICO,FECHA_MODIFICO) VALUES(50, 15, 1, 5, 4, 45, 45, NULL, NULL, 92, 'REP0098','2018-01-24', 'Errores en la distribución de Misceláneos.',1,'amxsab.system@gmail.com','2018-01-24 00:00:00','amxsab.system@gmail.com','2018-01-24 00:00:00');
INSERT INTO REPORTE (ID_TIPO_REPORTE,ID_VUELO,ID_CLASE,ID_TIPO_PRODUCTO_REPORTE,ID_AREA_RESPONSABLE,ID_RESPONSABLE_AMX,ID_RESPONSABLE_FINAL_AMX, ID_RESPONSABLE_PROVEEDOR_ESTACION, ID_RESPONSABLE_PROVEEDOR_ESTACION_FINAL,ID_ESTATUS_REPORTE_ACTUAL,CLAVE_REPORTE,FECHA_VUELO,DESCRIPCION,STATUS,USUARIO_CREO,FECHA_CREO,USUARIO_MODIFICO,FECHA_MODIFICO) VALUES(50, 76, 1, 12, NULL, NULL, NULL, 47, 47, 93, 'REP0018','2018-01-26', 'Comida echada a perder.',1,'amxsab.system@gmail.com','2018-01-26 00:00:00','amxsab.system@gmail.com','2018-01-26 00:00:00');
INSERT INTO REPORTE (ID_TIPO_REPORTE,ID_VUELO,ID_CLASE,ID_TIPO_PRODUCTO_REPORTE,ID_AREA_RESPONSABLE,ID_RESPONSABLE_AMX,ID_RESPONSABLE_FINAL_AMX, ID_RESPONSABLE_PROVEEDOR_ESTACION, ID_RESPONSABLE_PROVEEDOR_ESTACION_FINAL,ID_ESTATUS_REPORTE_ACTUAL,CLAVE_REPORTE,FECHA_VUELO,DESCRIPCION,STATUS,USUARIO_CREO,FECHA_CREO,USUARIO_MODIFICO,FECHA_MODIFICO) VALUES(50, 73, 1, 9, 1, 48, 48, NULL, NULL, 92, 'REP0005','2018-01-27', 'Guía de Servicios no actualizada.',1,'amxsab.system@gmail.com','2018-01-27 00:00:00','amxsab.system@gmail.com','2018-01-27 00:00:00');
INSERT INTO REPORTE (ID_TIPO_REPORTE,ID_VUELO,ID_CLASE,ID_TIPO_PRODUCTO_REPORTE,ID_AREA_RESPONSABLE,ID_RESPONSABLE_AMX,ID_RESPONSABLE_FINAL_AMX, ID_RESPONSABLE_PROVEEDOR_ESTACION, ID_RESPONSABLE_PROVEEDOR_ESTACION_FINAL,ID_ESTATUS_REPORTE_ACTUAL,CLAVE_REPORTE,FECHA_VUELO,DESCRIPCION,STATUS,USUARIO_CREO,FECHA_CREO,USUARIO_MODIFICO,FECHA_MODIFICO) VALUES(50, 74, 2, 1, 3, 46, 46, NULL, NULL, 93, 'REP0040','2018-02-02', 'La lista de Bar no coincidía con los productos abordados.',1,'amxsab.system@gmail.com','2018-02-02 00:00:00','amxsab.system@gmail.com','2018-02-02 00:00:00');
INSERT INTO REPORTE (ID_TIPO_REPORTE,ID_VUELO,ID_CLASE,ID_TIPO_PRODUCTO_REPORTE,ID_AREA_RESPONSABLE,ID_RESPONSABLE_AMX,ID_RESPONSABLE_FINAL_AMX, ID_RESPONSABLE_PROVEEDOR_ESTACION, ID_RESPONSABLE_PROVEEDOR_ESTACION_FINAL,ID_ESTATUS_REPORTE_ACTUAL,CLAVE_REPORTE,FECHA_VUELO,DESCRIPCION,STATUS,USUARIO_CREO,FECHA_CREO,USUARIO_MODIFICO,FECHA_MODIFICO) VALUES(50, 76, 2, 2, 3, 46, 46, NULL, NULL, 92, 'REP0011','2018-02-13', 'Faltaron 15 botellas de agua.',1,'amxsab.system@gmail.com','2018-02-13 00:00:00','amxsab.system@gmail.com','2018-02-13 00:00:00');
INSERT INTO REPORTE (ID_TIPO_REPORTE,ID_VUELO,ID_CLASE,ID_TIPO_PRODUCTO_REPORTE,ID_AREA_RESPONSABLE,ID_RESPONSABLE_AMX,ID_RESPONSABLE_FINAL_AMX, ID_RESPONSABLE_PROVEEDOR_ESTACION, ID_RESPONSABLE_PROVEEDOR_ESTACION_FINAL,ID_ESTATUS_REPORTE_ACTUAL,CLAVE_REPORTE,FECHA_VUELO,DESCRIPCION,STATUS,USUARIO_CREO,FECHA_CREO,USUARIO_MODIFICO,FECHA_MODIFICO) VALUES(52, 37, 1, NULL, NULL, NULL, NULL, NULL, NULL, 92, 'REP0019','2018-02-13', 'Se sugiere usar otro tipo de bowls',1,'amxsab.system@gmail.com','2018-02-13 00:00:00','amxsab.system@gmail.com','2018-02-13 00:00:00');
INSERT INTO REPORTE (ID_TIPO_REPORTE,ID_VUELO,ID_CLASE,ID_TIPO_PRODUCTO_REPORTE,ID_AREA_RESPONSABLE,ID_RESPONSABLE_AMX,ID_RESPONSABLE_FINAL_AMX, ID_RESPONSABLE_PROVEEDOR_ESTACION, ID_RESPONSABLE_PROVEEDOR_ESTACION_FINAL,ID_ESTATUS_REPORTE_ACTUAL,CLAVE_REPORTE,FECHA_VUELO,DESCRIPCION,STATUS,USUARIO_CREO,FECHA_CREO,USUARIO_MODIFICO,FECHA_MODIFICO) VALUES(51, 3, 1, NULL, NULL, NULL, NULL, NULL, NULL, 92, 'REP0056','2017-12-29', 'Excelente servicio de alimentos y buena selección de películas.',1,'amxsab.system@gmail.com','2017-12-29 00:00:00','amxsab.system@gmail.com','2017-12-29 00:00:00');
INSERT INTO REPORTE (ID_TIPO_REPORTE,ID_VUELO,ID_CLASE,ID_TIPO_PRODUCTO_REPORTE,ID_AREA_RESPONSABLE,ID_RESPONSABLE_AMX,ID_RESPONSABLE_FINAL_AMX, ID_RESPONSABLE_PROVEEDOR_ESTACION, ID_RESPONSABLE_PROVEEDOR_ESTACION_FINAL,ID_ESTATUS_REPORTE_ACTUAL,CLAVE_REPORTE,FECHA_VUELO,DESCRIPCION,STATUS,USUARIO_CREO,FECHA_CREO,USUARIO_MODIFICO,FECHA_MODIFICO) VALUES(51, 5, 2, NULL, NULL, NULL, NULL, NULL, NULL, 92, 'REP0015','2017-12-09', 'Buena selección de películas para niños.',1,'amxsab.system@gmail.com','2017-12-09 00:00:00','amxsab.system@gmail.com','2017-12-09 00:00:00');
INSERT INTO REPORTE (ID_TIPO_REPORTE,ID_VUELO,ID_CLASE,ID_TIPO_PRODUCTO_REPORTE,ID_AREA_RESPONSABLE,ID_RESPONSABLE_AMX,ID_RESPONSABLE_FINAL_AMX, ID_RESPONSABLE_PROVEEDOR_ESTACION, ID_RESPONSABLE_PROVEEDOR_ESTACION_FINAL,ID_ESTATUS_REPORTE_ACTUAL,CLAVE_REPORTE,FECHA_VUELO,DESCRIPCION,STATUS,USUARIO_CREO,FECHA_CREO,USUARIO_MODIFICO,FECHA_MODIFICO) VALUES(52, 40, 1, NULL, NULL, NULL, NULL, NULL, NULL, 92, 'REP0008','2017-12-30', 'Se sugiere comprar nuevas almohadas',1,'amxsab.system@gmail.com','2017-12-30 00:00:00','amxsab.system@gmail.com','2017-12-30 00:00:00');
INSERT INTO REPORTE (ID_TIPO_REPORTE,ID_VUELO,ID_CLASE,ID_TIPO_PRODUCTO_REPORTE,ID_AREA_RESPONSABLE,ID_RESPONSABLE_AMX,ID_RESPONSABLE_FINAL_AMX, ID_RESPONSABLE_PROVEEDOR_ESTACION, ID_RESPONSABLE_PROVEEDOR_ESTACION_FINAL,ID_ESTATUS_REPORTE_ACTUAL,CLAVE_REPORTE,FECHA_VUELO,DESCRIPCION,STATUS,USUARIO_CREO,FECHA_CREO,USUARIO_MODIFICO,FECHA_MODIFICO) VALUES(94, 3, 2, NULL, NULL, NULL, NULL, NULL, NULL, 92, 'REP0033','2018-01-31', 'Se aplicaron los cambios correctamente en los menús.',1,'amxsab.system@gmail.com','2018-01-31 00:00:00','amxsab.system@gmail.com','2018-01-31 00:00:00');
INSERT INTO REPORTE (ID_TIPO_REPORTE,ID_VUELO,ID_CLASE,ID_TIPO_PRODUCTO_REPORTE,ID_AREA_RESPONSABLE,ID_RESPONSABLE_AMX,ID_RESPONSABLE_FINAL_AMX, ID_RESPONSABLE_PROVEEDOR_ESTACION, ID_RESPONSABLE_PROVEEDOR_ESTACION_FINAL,ID_ESTATUS_REPORTE_ACTUAL,CLAVE_REPORTE,FECHA_VUELO,DESCRIPCION,STATUS,USUARIO_CREO,FECHA_CREO,USUARIO_MODIFICO,FECHA_MODIFICO) VALUES(94, 9, 2, NULL, NULL, NULL, NULL, NULL, NULL, 92, 'REP0100','2018-02-16', 'Se entregaron a tiempo los platos faltantes en la planeación.',1,'amxsab.system@gmail.com','2018-02-16 00:00:00','amxsab.system@gmail.com','2018-02-16 00:00:00');
INSERT INTO REPORTE (ID_TIPO_REPORTE,ID_VUELO,ID_CLASE,ID_TIPO_PRODUCTO_REPORTE,ID_AREA_RESPONSABLE,ID_RESPONSABLE_AMX,ID_RESPONSABLE_FINAL_AMX, ID_RESPONSABLE_PROVEEDOR_ESTACION, ID_RESPONSABLE_PROVEEDOR_ESTACION_FINAL,ID_ESTATUS_REPORTE_ACTUAL,CLAVE_REPORTE,FECHA_VUELO,DESCRIPCION,STATUS,USUARIO_CREO,FECHA_CREO,USUARIO_MODIFICO,FECHA_MODIFICO) VALUES(94, 76, 2, NULL, NULL, NULL, NULL, NULL, NULL, 92, 'REP0103','2018-02-20', 'No hizo falta más bebida.',1,'amxsab.system@gmail.com','2018-02-20 00:00:00','amxsab.system@gmail.com','2018-02-20 00:00:00');

INSERT INTO CONFIGURACION_REPORTE_DETALLE (ID_REPORTE,ID_TIPO_PRODUCTO_REPORTE,ID_TIPO_IRREGULARIDAD,ID_CRITERIO_IRREGULARIDAD) VALUES(2, 9, 6, 12);
INSERT INTO CONFIGURACION_REPORTE_DETALLE (ID_REPORTE,ID_TIPO_PRODUCTO_REPORTE,ID_TIPO_IRREGULARIDAD,ID_CRITERIO_IRREGULARIDAD) VALUES(3, 1, 1, 2);
INSERT INTO CONFIGURACION_REPORTE_DETALLE (ID_REPORTE,ID_TIPO_PRODUCTO_REPORTE,ID_TIPO_IRREGULARIDAD,ID_CRITERIO_IRREGULARIDAD) VALUES(4, 12, 4, 10);
INSERT INTO CONFIGURACION_REPORTE_DETALLE (ID_REPORTE,ID_TIPO_PRODUCTO_REPORTE,ID_TIPO_IRREGULARIDAD,ID_CRITERIO_IRREGULARIDAD) VALUES(5, 1, 1, 3);
INSERT INTO CONFIGURACION_REPORTE_DETALLE (ID_REPORTE,ID_TIPO_PRODUCTO_REPORTE,ID_TIPO_IRREGULARIDAD,ID_CRITERIO_IRREGULARIDAD) VALUES(6, 12, 2, 4);
INSERT INTO CONFIGURACION_REPORTE_DETALLE (ID_REPORTE,ID_TIPO_PRODUCTO_REPORTE,ID_TIPO_IRREGULARIDAD,ID_CRITERIO_IRREGULARIDAD) VALUES(7, 1, 2, 4);
INSERT INTO CONFIGURACION_REPORTE_DETALLE (ID_REPORTE,ID_TIPO_PRODUCTO_REPORTE,ID_TIPO_IRREGULARIDAD,ID_CRITERIO_IRREGULARIDAD) VALUES(8, 12, 4, 1);
INSERT INTO CONFIGURACION_REPORTE_DETALLE (ID_REPORTE,ID_TIPO_PRODUCTO_REPORTE,ID_TIPO_IRREGULARIDAD,ID_CRITERIO_IRREGULARIDAD) VALUES(9, 5, 4, 1);
INSERT INTO CONFIGURACION_REPORTE_DETALLE (ID_REPORTE,ID_TIPO_PRODUCTO_REPORTE,ID_TIPO_IRREGULARIDAD,ID_CRITERIO_IRREGULARIDAD) VALUES(10, 12, 4, 10);
INSERT INTO CONFIGURACION_REPORTE_DETALLE (ID_REPORTE,ID_TIPO_PRODUCTO_REPORTE,ID_TIPO_IRREGULARIDAD,ID_CRITERIO_IRREGULARIDAD) VALUES(11, 9, 6, 12);
INSERT INTO CONFIGURACION_REPORTE_DETALLE (ID_REPORTE,ID_TIPO_PRODUCTO_REPORTE,ID_TIPO_IRREGULARIDAD,ID_CRITERIO_IRREGULARIDAD) VALUES(12, 1, 1, 1);
INSERT INTO CONFIGURACION_REPORTE_DETALLE (ID_REPORTE,ID_TIPO_PRODUCTO_REPORTE,ID_TIPO_IRREGULARIDAD,ID_CRITERIO_IRREGULARIDAD) VALUES(13, 2, 2, 4);

INSERT INTO AUDITABLE(STATUS,USUARIO_CREO,FECHA_CREO,USUARIO_MODIFICO,FECHA_MODIFICO) VALUES ( 1,'amxsab.system@gmail.com',CURRENT_TIMESTAMP,'amxsab.system@gmail.com',CURRENT_TIMESTAMP);

-- ========================= FIN DE SCRIPT ==================== --