INSERT INTO PERFIL(PERFIL,DESCRIPCION) VALUES('PORTAL_BASICUSER'               ,'PORTAL_BASICUSER'              );
INSERT INTO PERFIL(PERFIL,DESCRIPCION) VALUES('PORTAL_ADMINISTRATOR'           ,'PORTAL_ADMINISTRATOR'          );
INSERT INTO PERFIL(PERFIL,DESCRIPCION) VALUES('OPERATION_ADMINISTRATOR'        ,'OPERATION_ADMINISTRATOR'       );
INSERT INTO PERFIL(PERFIL,DESCRIPCION) VALUES('DESIGN_ADMINISTRATOR'           ,'DESIGN_ADMINISTRATOR'          );
INSERT INTO PERFIL(PERFIL,DESCRIPCION) VALUES('PLANNING_ADMINISTRATOR'         ,'PLANNING_ADMINISTRATOR'        );
INSERT INTO PERFIL(PERFIL,DESCRIPCION) VALUES('EVALUATION_ADMINISTRATOR'       ,'EVALUATION_ADMINISTRATOR'      );
INSERT INTO PERFIL(PERFIL,DESCRIPCION) VALUES('ONBOARD_STD_ADMINISTRATOR'      ,'ONBOARD_STD_ADMINISTRATOR'     );
INSERT INTO PERFIL(PERFIL,DESCRIPCION) VALUES('FLIGHT_ATTENDANT_ADMINISTRATOR' ,'FLIGHT_ATTENDANT_ADMINISTRATOR');
INSERT INTO PERFIL(PERFIL,DESCRIPCION) VALUES('SUPPLIER'                       ,'SUPPLIER_CONTACT'              );

INSERT INTO PERFIL(PERFIL,DESCRIPCION) VALUES('ROOT'                           ,'SUEPER_ADMINISTRATOR'          );

INSERT INTO USUARIO(EMAIL_USUARIO               ,CONTRASENIA                                                       ,NOMBRE         ,APELLIDO_PATERNO,APELLIDO_MATERNO,STATUS,USUARIO_CREO                ,FECHA_CREO          ,USUARIO_MODIFICO,FECHA_MODIFICO) VALUES('amxsab.system@gmail.com'   ,'OldFoF+H3e4dtoshfcBDv6IG0ceqod0KfddrhSpzNZc='                    ,'AEROMEXICO'   ,'SERVICIOS'     ,'A BORDO'      ,1      ,'amxsab.system@gmail.com'   ,CURRENT_TIMESTAMP   ,'amxsab.system@gmail.com',CURRENT_TIMESTAMP);
-- amxsab.system@gmail.com / qwerty123456#admin
INSERT INTO PERFIL_USUARIO(PERFIL,EMAIL_USUARIO) VALUES('PORTAL_BASICUSER'       ,'amxsab.system@gmail.com');

INSERT INTO USUARIO(EMAIL_USUARIO               ,CONTRASENIA                                                       ,NOMBRE         ,APELLIDO_PATERNO,APELLIDO_MATERNO,STATUS,USUARIO_CREO                ,FECHA_CREO          ,USUARIO_MODIFICO,FECHA_MODIFICO) VALUES('alfredo.estrada@gonet.us'  ,'OldFoF+H3e4dtoshfcBDv6IG0ceqod0KfddrhSpzNZc='                    ,'ALFREDO'      ,'ESTRADA'       ,'GONZALEZ'      ,1      ,'amxsab.system@gmail.com'   ,CURRENT_TIMESTAMP   ,'amxsab.system@gmail.com',CURRENT_TIMESTAMP);
-- alfredo.estrada@gonet.us / qwerty123456
INSERT INTO PERFIL_USUARIO(PERFIL,EMAIL_USUARIO) VALUES('PORTAL_BASICUSER'       ,'alfredo.estrada@gonet.us');
INSERT INTO PERFIL_USUARIO(PERFIL,EMAIL_USUARIO) VALUES('PORTAL_ADMINISTRATOR'   ,'alfredo.estrada@gonet.us');
INSERT INTO PERFIL_USUARIO(PERFIL,EMAIL_USUARIO) VALUES('OPERATION_ADMINISTRATOR','alfredo.estrada@gonet.us');
INSERT INTO PERFIL_USUARIO(PERFIL,EMAIL_USUARIO) VALUES('DESIGN_ADMINISTRATOR'   ,'alfredo.estrada@gonet.us');

INSERT INTO USUARIO(EMAIL_USUARIO               ,CONTRASENIA                                                       ,NOMBRE         ,APELLIDO_PATERNO,APELLIDO_MATERNO,STATUS,USUARIO_CREO                ,FECHA_CREO          ,USUARIO_MODIFICO,FECHA_MODIFICO) VALUES('mirna.arellano@gonet.us'  ,'OldFoF+H3e4dtoshfcBDv6IG0ceqod0KfddrhSpzNZc='                    ,'MIRNA IVETTE'  ,'ARELLANO'      ,'GARCIA'        ,1      ,'amxsab.system@gmail.com'   ,CURRENT_TIMESTAMP   ,'amxsab.system@gmail.com',CURRENT_TIMESTAMP);
-- mirna.arellano@gonet.us / qwerty123456
INSERT INTO PERFIL_USUARIO(PERFIL,EMAIL_USUARIO) VALUES('PORTAL_BASICUSER'       ,'mirna.arellano@gonet.us');
INSERT INTO PERFIL_USUARIO(PERFIL,EMAIL_USUARIO) VALUES('PORTAL_ADMINISTRATOR'   ,'mirna.arellano@gonet.us');
INSERT INTO PERFIL_USUARIO(PERFIL,EMAIL_USUARIO) VALUES('OPERATION_ADMINISTRATOR','mirna.arellano@gonet.us');
INSERT INTO PERFIL_USUARIO(PERFIL,EMAIL_USUARIO) VALUES('DESIGN_ADMINISTRATOR'   ,'mirna.arellano@gonet.us');

INSERT INTO USUARIO(EMAIL_USUARIO               ,CONTRASENIA                                                       ,NOMBRE         ,APELLIDO_PATERNO,APELLIDO_MATERNO,STATUS,USUARIO_CREO                ,FECHA_CREO          ,USUARIO_MODIFICO,FECHA_MODIFICO) VALUES('casandra.nava@gonet.us'    ,'OldFoF+H3e4dtoshfcBDv6IG0ceqod0KfddrhSpzNZc='                   ,'Casandra Estefania'  ,'Nava'      ,'Hernandez'        ,1      ,'amxsab.system@gmail.com'   ,CURRENT_TIMESTAMP   ,'amxsab.system@gmail.com',CURRENT_TIMESTAMP);
-- casandra.nava@gonet.us / qwerty123456
INSERT INTO PERFIL_USUARIO(PERFIL,EMAIL_USUARIO) VALUES('PORTAL_BASICUSER'       ,'casandra.nava@gonet.us');
INSERT INTO PERFIL_USUARIO(PERFIL,EMAIL_USUARIO) VALUES('PORTAL_ADMINISTRATOR'   ,'casandra.nava@gonet.us');
INSERT INTO PERFIL_USUARIO(PERFIL,EMAIL_USUARIO) VALUES('OPERATION_ADMINISTRATOR','casandra.nava@gonet.us');
INSERT INTO PERFIL_USUARIO(PERFIL,EMAIL_USUARIO) VALUES('DESIGN_ADMINISTRATOR'   ,'casandra.nava@gonet.us');

INSERT INTO USUARIO(EMAIL_USUARIO               ,CONTRASENIA                                                       ,NOMBRE         ,APELLIDO_PATERNO,APELLIDO_MATERNO,STATUS,USUARIO_CREO                ,FECHA_CREO          ,USUARIO_MODIFICO,FECHA_MODIFICO) VALUES('erick.diaz@gonet.us'       ,'OldFoF+H3e4dtoshfcBDv6IG0ceqod0KfddrhSpzNZc='                    ,'ERICK'         ,'DIAZ'          ,'LARA'        ,1      ,'amxsab.system@gmail.com'   ,CURRENT_TIMESTAMP   ,'amxsab.system@gmail.com',CURRENT_TIMESTAMP);
-- erick.diaz@gonet.us / qwerty123456
INSERT INTO PERFIL_USUARIO(PERFIL,EMAIL_USUARIO) VALUES('PORTAL_BASICUSER'       ,'erick.diaz@gonet.us');
INSERT INTO PERFIL_USUARIO(PERFIL,EMAIL_USUARIO) VALUES('PORTAL_ADMINISTRATOR'   ,'erick.diaz@gonet.us');
INSERT INTO PERFIL_USUARIO(PERFIL,EMAIL_USUARIO) VALUES('OPERATION_ADMINISTRATOR','erick.diaz@gonet.us');
INSERT INTO PERFIL_USUARIO(PERFIL,EMAIL_USUARIO) VALUES('DESIGN_ADMINISTRATOR'   ,'erick.diaz@gonet.us');

INSERT INTO USUARIO(EMAIL_USUARIO               ,CONTRASENIA                                                       ,NOMBRE         ,APELLIDO_PATERNO,APELLIDO_MATERNO,STATUS,USUARIO_CREO                ,FECHA_CREO          ,USUARIO_MODIFICO,FECHA_MODIFICO)  VALUES('veronica.alpizar@gonet.us' ,'OldFoF+H3e4dtoshfcBDv6IG0ceqod0KfddrhSpzNZc='                   ,'VERONICA PATRICIA'    ,'ALPIZAR'          ,'GONZÁLEZ'        ,1      ,'amxsab.system@gmail.com'   ,CURRENT_TIMESTAMP   ,'amxsab.system@gmail.com',CURRENT_TIMESTAMP);
-- veronica.alpizar@gonet.us / qwerty123456
INSERT INTO PERFIL_USUARIO(PERFIL,EMAIL_USUARIO) VALUES('PORTAL_BASICUSER'       ,'veronica.alpizar@gonet.us');
INSERT INTO PERFIL_USUARIO(PERFIL,EMAIL_USUARIO) VALUES('PORTAL_ADMINISTRATOR'   ,'veronica.alpizar@gonet.us');
INSERT INTO PERFIL_USUARIO(PERFIL,EMAIL_USUARIO) VALUES('OPERATION_ADMINISTRATOR','veronica.alpizar@gonet.us');
INSERT INTO PERFIL_USUARIO(PERFIL,EMAIL_USUARIO) VALUES('DESIGN_ADMINISTRATOR'   ,'veronica.alpizar@gonet.us');

-- 

INSERT INTO PARAMETRO (CLAVE,VALOR_ES,VALOR_EN,STATUS,USUARIO_CREO,FECHA_CREO,USUARIO_MODIFICO,FECHA_MODIFICO) VALUES('idioma','Español','Spanish',1,'amxsab.system@gmail.com',CURRENT_TIMESTAMP,'amxsab.system@gmail.com',CURRENT_TIMESTAMP);
INSERT INTO PARAMETRO (CLAVE,VALOR_ES,VALOR_EN,STATUS,USUARIO_CREO,FECHA_CREO,USUARIO_MODIFICO,FECHA_MODIFICO) VALUES('idioma','Inglés','English',1,'amxsab.system@gmail.com',CURRENT_TIMESTAMP,'amxsab.system@gmail.com',CURRENT_TIMESTAMP);
INSERT INTO PARAMETRO (CLAVE,VALOR_ES,VALOR_EN,STATUS,USUARIO_CREO,FECHA_CREO,USUARIO_MODIFICO,FECHA_MODIFICO) VALUES('fabricante','Embraer','Embraer',1,'amxsab.system@gmail.com',CURRENT_TIMESTAMP,'amxsab.system@gmail.com',CURRENT_TIMESTAMP);
INSERT INTO PARAMETRO (CLAVE,VALOR_ES,VALOR_EN,STATUS,USUARIO_CREO,FECHA_CREO,USUARIO_MODIFICO,FECHA_MODIFICO) VALUES('fabricante','Boeing','Boeing',1,'amxsab.system@gmail.com',CURRENT_TIMESTAMP,'amxsab.system@gmail.com',CURRENT_TIMESTAMP);
INSERT INTO PARAMETRO (CLAVE,VALOR_ES,VALOR_EN,STATUS,USUARIO_CREO,FECHA_CREO,USUARIO_MODIFICO,FECHA_MODIFICO) VALUES('tipoCabina','ancha','wide',1,'amxsab.system@gmail.com',CURRENT_TIMESTAMP,'amxsab.system@gmail.com',CURRENT_TIMESTAMP);
INSERT INTO PARAMETRO (CLAVE,VALOR_ES,VALOR_EN,STATUS,USUARIO_CREO,FECHA_CREO,USUARIO_MODIFICO,FECHA_MODIFICO) VALUES('tipoCabina','angosta','narrow',1,'amxsab.system@gmail.com',CURRENT_TIMESTAMP,'amxsab.system@gmail.com',CURRENT_TIMESTAMP);
INSERT INTO PARAMETRO (CLAVE,VALOR_ES,VALOR_EN,STATUS,USUARIO_CREO,FECHA_CREO,USUARIO_MODIFICO,FECHA_MODIFICO) VALUES('tipoAudifono','1 POLO','1 POLE',1,'amxsab.system@gmail.com',CURRENT_TIMESTAMP,'amxsab.system@gmail.com',CURRENT_TIMESTAMP);
INSERT INTO PARAMETRO (CLAVE,VALOR_ES,VALOR_EN,STATUS,USUARIO_CREO,FECHA_CREO,USUARIO_MODIFICO,FECHA_MODIFICO) VALUES('tipoAudifono','2 POLOS','2 POLE',1,'amxsab.system@gmail.com',CURRENT_TIMESTAMP,'amxsab.system@gmail.com',CURRENT_TIMESTAMP);
INSERT INTO PARAMETRO (CLAVE,VALOR_ES,VALOR_EN,STATUS,USUARIO_CREO,FECHA_CREO,USUARIO_MODIFICO,FECHA_MODIFICO) VALUES('tipoAudifono','1 POLO 32 ohms','1POLE 32ohms',1,'amxsab.system@gmail.com',CURRENT_TIMESTAMP,'amxsab.system@gmail.com',CURRENT_TIMESTAMP);
INSERT INTO PARAMETRO (CLAVE,VALOR_ES,VALOR_EN,STATUS,USUARIO_CREO,FECHA_CREO,USUARIO_MODIFICO,FECHA_MODIFICO) VALUES('tipoCiclo','Numérico','Numeric',1,'amxsab.system@gmail.com',CURRENT_TIMESTAMP,'amxsab.system@gmail.com',CURRENT_TIMESTAMP);
INSERT INTO PARAMETRO (CLAVE,VALOR_ES,VALOR_EN,STATUS,USUARIO_CREO,FECHA_CREO,USUARIO_MODIFICO,FECHA_MODIFICO) VALUES('tipoCiclo','Temporada','Season',1,'amxsab.system@gmail.com',CURRENT_TIMESTAMP,'amxsab.system@gmail.com',CURRENT_TIMESTAMP);
INSERT INTO PARAMETRO (CLAVE,VALOR_ES,VALOR_EN,STATUS,USUARIO_CREO,FECHA_CREO,USUARIO_MODIFICO,FECHA_MODIFICO) VALUES('periodicidad','Mensual','Monthly',1,'amxsab.system@gmail.com',CURRENT_TIMESTAMP,'amxsab.system@gmail.com',CURRENT_TIMESTAMP);
INSERT INTO PARAMETRO (CLAVE,VALOR_ES,VALOR_EN,STATUS,USUARIO_CREO,FECHA_CREO,USUARIO_MODIFICO,FECHA_MODIFICO) VALUES('periodicidad','Quincenal','Biweekly',1,'amxsab.system@gmail.com',CURRENT_TIMESTAMP,'amxsab.system@gmail.com',CURRENT_TIMESTAMP);
INSERT INTO PARAMETRO (CLAVE,VALOR_ES,VALOR_EN,STATUS,USUARIO_CREO,FECHA_CREO,USUARIO_MODIFICO,FECHA_MODIFICO) VALUES('origenVuelo','Desde Mexico','From Mexico',1,'amxsab.system@gmail.com',CURRENT_TIMESTAMP,'amxsab.system@gmail.com',CURRENT_TIMESTAMP);
INSERT INTO PARAMETRO (CLAVE,VALOR_ES,VALOR_EN,STATUS,USUARIO_CREO,FECHA_CREO,USUARIO_MODIFICO,FECHA_MODIFICO) VALUES('origenVuelo','Hacia México','to Mexico',1,'amxsab.system@gmail.com',CURRENT_TIMESTAMP,'amxsab.system@gmail.com',CURRENT_TIMESTAMP);
INSERT INTO PARAMETRO (CLAVE,VALOR_ES,VALOR_EN,STATUS,USUARIO_CREO,FECHA_CREO,USUARIO_MODIFICO,FECHA_MODIFICO) VALUES('revision','1','1',1,'amxsab.system@gmail.com',CURRENT_TIMESTAMP,'amxsab.system@gmail.com',CURRENT_TIMESTAMP);
INSERT INTO PARAMETRO (CLAVE,VALOR_ES,VALOR_EN,STATUS,USUARIO_CREO,FECHA_CREO,USUARIO_MODIFICO,FECHA_MODIFICO) VALUES('revision','2','2',1,'amxsab.system@gmail.com',CURRENT_TIMESTAMP,'amxsab.system@gmail.com',CURRENT_TIMESTAMP);
INSERT INTO PARAMETRO (CLAVE,VALOR_ES,VALOR_EN,STATUS,USUARIO_CREO,FECHA_CREO,USUARIO_MODIFICO,FECHA_MODIFICO) VALUES('revision','3','3',1,'amxsab.system@gmail.com',CURRENT_TIMESTAMP,'amxsab.system@gmail.com',CURRENT_TIMESTAMP);
INSERT INTO PARAMETRO (CLAVE,VALOR_ES,VALOR_EN,STATUS,USUARIO_CREO,FECHA_CREO,USUARIO_MODIFICO,FECHA_MODIFICO) VALUES('revision','4','4',1,'amxsab.system@gmail.com',CURRENT_TIMESTAMP,'amxsab.system@gmail.com',CURRENT_TIMESTAMP);
INSERT INTO PARAMETRO (CLAVE,VALOR_ES,VALOR_EN,STATUS,USUARIO_CREO,FECHA_CREO,USUARIO_MODIFICO,FECHA_MODIFICO) VALUES('tipoKitTSU','Metal','Metal',1,'amxsab.system@gmail.com',CURRENT_TIMESTAMP,'amxsab.system@gmail.com',CURRENT_TIMESTAMP);
INSERT INTO PARAMETRO (CLAVE,VALOR_ES,VALOR_EN,STATUS,USUARIO_CREO,FECHA_CREO,USUARIO_MODIFICO,FECHA_MODIFICO) VALUES('tipoKitTSU','Desechables','Disposables',1,'amxsab.system@gmail.com',CURRENT_TIMESTAMP,'amxsab.system@gmail.com',CURRENT_TIMESTAMP);
INSERT INTO PARAMETRO (CLAVE,VALOR_ES,VALOR_EN,STATUS,USUARIO_CREO,FECHA_CREO,USUARIO_MODIFICO,FECHA_MODIFICO) VALUES('tipoKitTSU','Orientales','eastern',1,'amxsab.system@gmail.com',CURRENT_TIMESTAMP,'amxsab.system@gmail.com',CURRENT_TIMESTAMP);
INSERT INTO PARAMETRO (CLAVE,VALOR_ES,VALOR_EN,STATUS,USUARIO_CREO,FECHA_CREO,USUARIO_MODIFICO,FECHA_MODIFICO) VALUES('tipoKitTSU','Cuchara desechable','disposable spoon',1,'amxsab.system@gmail.com',CURRENT_TIMESTAMP,'amxsab.system@gmail.com',CURRENT_TIMESTAMP);
INSERT INTO PARAMETRO (CLAVE,VALOR_ES,VALOR_EN,STATUS,USUARIO_CREO,FECHA_CREO,USUARIO_MODIFICO,FECHA_MODIFICO) VALUES('um','PZA','PZA',1,'amxsab.system@gmail.com',CURRENT_TIMESTAMP,'amxsab.system@gmail.com',CURRENT_TIMESTAMP);
INSERT INTO PARAMETRO (CLAVE,VALOR_ES,VALOR_EN,STATUS,USUARIO_CREO,FECHA_CREO,USUARIO_MODIFICO,FECHA_MODIFICO) VALUES('um','EA','EA',1,'amxsab.system@gmail.com',CURRENT_TIMESTAMP,'amxsab.system@gmail.com',CURRENT_TIMESTAMP);
INSERT INTO PARAMETRO (CLAVE,VALOR_ES,VALOR_EN,STATUS,USUARIO_CREO,FECHA_CREO,USUARIO_MODIFICO,FECHA_MODIFICO) VALUES('um','GR','GR ',1,'amxsab.system@gmail.com',CURRENT_TIMESTAMP,'amxsab.system@gmail.com',CURRENT_TIMESTAMP);
INSERT INTO PARAMETRO (CLAVE,VALOR_ES,VALOR_EN,STATUS,USUARIO_CREO,FECHA_CREO,USUARIO_MODIFICO,FECHA_MODIFICO) VALUES('um','LT','LT',1,'amxsab.system@gmail.com',CURRENT_TIMESTAMP,'amxsab.system@gmail.com',CURRENT_TIMESTAMP);
INSERT INTO PARAMETRO (CLAVE,VALOR_ES,VALOR_EN,STATUS,USUARIO_CREO,FECHA_CREO,USUARIO_MODIFICO,FECHA_MODIFICO) VALUES('temporada','Invierno','Winter',1,'amxsab.system@gmail.com',CURRENT_TIMESTAMP,'amxsab.system@gmail.com',CURRENT_TIMESTAMP);
INSERT INTO PARAMETRO (CLAVE,VALOR_ES,VALOR_EN,STATUS,USUARIO_CREO,FECHA_CREO,USUARIO_MODIFICO,FECHA_MODIFICO) VALUES('temporada','Primavera','Spring',1,'amxsab.system@gmail.com',CURRENT_TIMESTAMP,'amxsab.system@gmail.com',CURRENT_TIMESTAMP);
INSERT INTO PARAMETRO (CLAVE,VALOR_ES,VALOR_EN,STATUS,USUARIO_CREO,FECHA_CREO,USUARIO_MODIFICO,FECHA_MODIFICO) VALUES('temporada','Verano','Summer',1,'amxsab.system@gmail.com',CURRENT_TIMESTAMP,'amxsab.system@gmail.com',CURRENT_TIMESTAMP);
INSERT INTO PARAMETRO (CLAVE,VALOR_ES,VALOR_EN,STATUS,USUARIO_CREO,FECHA_CREO,USUARIO_MODIFICO,FECHA_MODIFICO) VALUES('temporada','Otoño','Autumn',1,'amxsab.system@gmail.com',CURRENT_TIMESTAMP,'amxsab.system@gmail.com',CURRENT_TIMESTAMP);
INSERT INTO PARAMETRO (CLAVE,VALOR_ES,VALOR_EN,STATUS,USUARIO_CREO,FECHA_CREO,USUARIO_MODIFICO,FECHA_MODIFICO) VALUES('insEstNac','NE','NE',1,'amxsab.system@gmail.com',CURRENT_TIMESTAMP,'amxsab.system@gmail.com',CURRENT_TIMESTAMP);
INSERT INTO PARAMETRO (CLAVE,VALOR_ES,VALOR_EN,STATUS,USUARIO_CREO,FECHA_CREO,USUARIO_MODIFICO,FECHA_MODIFICO) VALUES('insEstNac','LE','LE',1,'amxsab.system@gmail.com',CURRENT_TIMESTAMP,'amxsab.system@gmail.com',CURRENT_TIMESTAMP);
INSERT INTO PARAMETRO (CLAVE,VALOR_ES,VALOR_EN,STATUS,USUARIO_CREO,FECHA_CREO,USUARIO_MODIFICO,FECHA_MODIFICO) VALUES('insEstNac','EX','EX',1,'amxsab.system@gmail.com',CURRENT_TIMESTAMP,'amxsab.system@gmail.com',CURRENT_TIMESTAMP);
INSERT INTO PARAMETRO (CLAVE,VALOR_ES,VALOR_EN,STATUS,USUARIO_CREO,FECHA_CREO,USUARIO_MODIFICO,FECHA_MODIFICO) VALUES('insEstIn','NE','NE',1,'amxsab.system@gmail.com',CURRENT_TIMESTAMP,'amxsab.system@gmail.com',CURRENT_TIMESTAMP);
INSERT INTO PARAMETRO (CLAVE,VALOR_ES,VALOR_EN,STATUS,USUARIO_CREO,FECHA_CREO,USUARIO_MODIFICO,FECHA_MODIFICO) VALUES('insEstIn','LE','LE',1,'amxsab.system@gmail.com',CURRENT_TIMESTAMP,'amxsab.system@gmail.com',CURRENT_TIMESTAMP);
INSERT INTO PARAMETRO (CLAVE,VALOR_ES,VALOR_EN,STATUS,USUARIO_CREO,FECHA_CREO,USUARIO_MODIFICO,FECHA_MODIFICO) VALUES('insEstIn','EX','EX',1,'amxsab.system@gmail.com',CURRENT_TIMESTAMP,'amxsab.system@gmail.com',CURRENT_TIMESTAMP);
INSERT INTO PARAMETRO (CLAVE,VALOR_ES,VALOR_EN,STATUS,USUARIO_CREO,FECHA_CREO,USUARIO_MODIFICO,FECHA_MODIFICO) VALUES('mes','Enero','January',1,'amxsab.system@gmail.com',CURRENT_TIMESTAMP,'amxsab.system@gmail.com',CURRENT_TIMESTAMP);
INSERT INTO PARAMETRO (CLAVE,VALOR_ES,VALOR_EN,STATUS,USUARIO_CREO,FECHA_CREO,USUARIO_MODIFICO,FECHA_MODIFICO) VALUES('mes','Febrero','February',1,'amxsab.system@gmail.com',CURRENT_TIMESTAMP,'amxsab.system@gmail.com',CURRENT_TIMESTAMP);
INSERT INTO PARAMETRO (CLAVE,VALOR_ES,VALOR_EN,STATUS,USUARIO_CREO,FECHA_CREO,USUARIO_MODIFICO,FECHA_MODIFICO) VALUES('mes','Marzo','March',1,'amxsab.system@gmail.com',CURRENT_TIMESTAMP,'amxsab.system@gmail.com',CURRENT_TIMESTAMP);
INSERT INTO PARAMETRO (CLAVE,VALOR_ES,VALOR_EN,STATUS,USUARIO_CREO,FECHA_CREO,USUARIO_MODIFICO,FECHA_MODIFICO) VALUES('mes','Abril','April',1,'amxsab.system@gmail.com',CURRENT_TIMESTAMP,'amxsab.system@gmail.com',CURRENT_TIMESTAMP);
INSERT INTO PARAMETRO (CLAVE,VALOR_ES,VALOR_EN,STATUS,USUARIO_CREO,FECHA_CREO,USUARIO_MODIFICO,FECHA_MODIFICO) VALUES('mes','Mayo','May',1,'amxsab.system@gmail.com',CURRENT_TIMESTAMP,'amxsab.system@gmail.com',CURRENT_TIMESTAMP);
INSERT INTO PARAMETRO (CLAVE,VALOR_ES,VALOR_EN,STATUS,USUARIO_CREO,FECHA_CREO,USUARIO_MODIFICO,FECHA_MODIFICO) VALUES('mes','Junio','June',1,'amxsab.system@gmail.com',CURRENT_TIMESTAMP,'amxsab.system@gmail.com',CURRENT_TIMESTAMP);
INSERT INTO PARAMETRO (CLAVE,VALOR_ES,VALOR_EN,STATUS,USUARIO_CREO,FECHA_CREO,USUARIO_MODIFICO,FECHA_MODIFICO) VALUES('mes','Julio','July',1,'amxsab.system@gmail.com',CURRENT_TIMESTAMP,'amxsab.system@gmail.com',CURRENT_TIMESTAMP);
INSERT INTO PARAMETRO (CLAVE,VALOR_ES,VALOR_EN,STATUS,USUARIO_CREO,FECHA_CREO,USUARIO_MODIFICO,FECHA_MODIFICO) VALUES('mes','Agosto','August',1,'amxsab.system@gmail.com',CURRENT_TIMESTAMP,'amxsab.system@gmail.com',CURRENT_TIMESTAMP);
INSERT INTO PARAMETRO (CLAVE,VALOR_ES,VALOR_EN,STATUS,USUARIO_CREO,FECHA_CREO,USUARIO_MODIFICO,FECHA_MODIFICO) VALUES('mes','Septiembre','September',1,'amxsab.system@gmail.com',CURRENT_TIMESTAMP,'amxsab.system@gmail.com',CURRENT_TIMESTAMP);
INSERT INTO PARAMETRO (CLAVE,VALOR_ES,VALOR_EN,STATUS,USUARIO_CREO,FECHA_CREO,USUARIO_MODIFICO,FECHA_MODIFICO) VALUES('mes','Octubre','October',1,'amxsab.system@gmail.com',CURRENT_TIMESTAMP,'amxsab.system@gmail.com',CURRENT_TIMESTAMP);
INSERT INTO PARAMETRO (CLAVE,VALOR_ES,VALOR_EN,STATUS,USUARIO_CREO,FECHA_CREO,USUARIO_MODIFICO,FECHA_MODIFICO) VALUES('mes','Noviembre','November',1,'amxsab.system@gmail.com',CURRENT_TIMESTAMP,'amxsab.system@gmail.com',CURRENT_TIMESTAMP);
INSERT INTO PARAMETRO (CLAVE,VALOR_ES,VALOR_EN,STATUS,USUARIO_CREO,FECHA_CREO,USUARIO_MODIFICO,FECHA_MODIFICO) VALUES('mes','Diciembre','December',1,'amxsab.system@gmail.com',CURRENT_TIMESTAMP,'amxsab.system@gmail.com',CURRENT_TIMESTAMP);
INSERT INTO PARAMETRO (CLAVE,VALOR_ES,VALOR_EN,STATUS,USUARIO_CREO,FECHA_CREO,USUARIO_MODIFICO,FECHA_MODIFICO) VALUES('tipoReporte','Irregularidad','Irregularity',1,'amxsab.system@gmail.com',CURRENT_TIMESTAMP,'amxsab.system@gmail.com',CURRENT_TIMESTAMP);
INSERT INTO PARAMETRO (CLAVE,VALOR_ES,VALOR_EN,STATUS,USUARIO_CREO,FECHA_CREO,USUARIO_MODIFICO,FECHA_MODIFICO) VALUES('tipoReporte','Felicitacion','Greeting Cards',1,'amxsab.system@gmail.com',CURRENT_TIMESTAMP,'amxsab.system@gmail.com',CURRENT_TIMESTAMP);
INSERT INTO PARAMETRO (CLAVE,VALOR_ES,VALOR_EN,STATUS,USUARIO_CREO,FECHA_CREO,USUARIO_MODIFICO,FECHA_MODIFICO) VALUES('tipoReporte','Sugerencia','Suggestion',1,'amxsab.system@gmail.com',CURRENT_TIMESTAMP,'amxsab.system@gmail.com',CURRENT_TIMESTAMP);
INSERT INTO PARAMETRO (CLAVE,VALOR_ES,VALOR_EN,STATUS,USUARIO_CREO,FECHA_CREO,USUARIO_MODIFICO,FECHA_MODIFICO) VALUES('tipoCodigoServicio','Alimentos','Foods',1,'amxsab.system@gmail.com',CURRENT_TIMESTAMP,'amxsab.system@gmail.com',CURRENT_TIMESTAMP);
INSERT INTO PARAMETRO (CLAVE,VALOR_ES,VALOR_EN,STATUS,USUARIO_CREO,FECHA_CREO,USUARIO_MODIFICO,FECHA_MODIFICO) VALUES('tipoCodigoServicio','Complementarios','Complementarios',1,'amxsab.system@gmail.com',CURRENT_TIMESTAMP,'amxsab.system@gmail.com',CURRENT_TIMESTAMP);
INSERT INTO PARAMETRO (CLAVE,VALOR_ES,VALOR_EN,STATUS,USUARIO_CREO,FECHA_CREO,USUARIO_MODIFICO,FECHA_MODIFICO) VALUES('tipoAbastecimiento','Nacional','National',1,'amxsab.system@gmail.com',CURRENT_TIMESTAMP,'amxsab.system@gmail.com',CURRENT_TIMESTAMP);
INSERT INTO PARAMETRO (CLAVE,VALOR_ES,VALOR_EN,STATUS,USUARIO_CREO,FECHA_CREO,USUARIO_MODIFICO,FECHA_MODIFICO) VALUES('tipoAbastecimiento','Inbond','Inbond',1,'amxsab.system@gmail.com',CURRENT_TIMESTAMP,'amxsab.system@gmail.com',CURRENT_TIMESTAMP);
INSERT INTO PARAMETRO (CLAVE,VALOR_ES,VALOR_EN,STATUS,USUARIO_CREO,FECHA_CREO,USUARIO_MODIFICO,FECHA_MODIFICO) VALUES('tipoConectividad','WIFI','WIFI',1,'amxsab.system@gmail.com',CURRENT_TIMESTAMP,'amxsab.system@gmail.com',CURRENT_TIMESTAMP);
INSERT INTO PARAMETRO (CLAVE,VALOR_ES,VALOR_EN,STATUS,USUARIO_CREO,FECHA_CREO,USUARIO_MODIFICO,FECHA_MODIFICO) VALUES('tipoConectividad','NA','NA',1,'amxsab.system@gmail.com',CURRENT_TIMESTAMP,'amxsab.system@gmail.com',CURRENT_TIMESTAMP);
INSERT INTO PARAMETRO (CLAVE,VALOR_ES,VALOR_EN,STATUS,USUARIO_CREO,FECHA_CREO,USUARIO_MODIFICO,FECHA_MODIFICO) VALUES('tipoKIt','A granel','In bulk',1,'amxsab.system@gmail.com',CURRENT_TIMESTAMP,'amxsab.system@gmail.com',CURRENT_TIMESTAMP);
INSERT INTO PARAMETRO (CLAVE,VALOR_ES,VALOR_EN,STATUS,USUARIO_CREO,FECHA_CREO,USUARIO_MODIFICO,FECHA_MODIFICO) VALUES('tipoKit','Lote','Lot',1,'amxsab.system@gmail.com',CURRENT_TIMESTAMP,'amxsab.system@gmail.com',CURRENT_TIMESTAMP);
INSERT INTO PARAMETRO (CLAVE,VALOR_ES,VALOR_EN,STATUS,USUARIO_CREO,FECHA_CREO,USUARIO_MODIFICO,FECHA_MODIFICO) VALUES('comunicAcciones','Reforzar','Beef up',1,'amxsab.system@gmail.com',CURRENT_TIMESTAMP,'amxsab.system@gmail.com',CURRENT_TIMESTAMP);
INSERT INTO PARAMETRO (CLAVE,VALOR_ES,VALOR_EN,STATUS,USUARIO_CREO,FECHA_CREO,USUARIO_MODIFICO,FECHA_MODIFICO) VALUES('comunicAcciones','Ninguna','Any',1,'amxsab.system@gmail.com',CURRENT_TIMESTAMP,'amxsab.system@gmail.com',CURRENT_TIMESTAMP);
INSERT INTO PARAMETRO (CLAVE,VALOR_ES,VALOR_EN,STATUS,USUARIO_CREO,FECHA_CREO,USUARIO_MODIFICO,FECHA_MODIFICO) VALUES('comunicAcciones','Cancelar','Cancel',1,'amxsab.system@gmail.com',CURRENT_TIMESTAMP,'amxsab.system@gmail.com',CURRENT_TIMESTAMP);
INSERT INTO PARAMETRO (CLAVE,VALOR_ES,VALOR_EN,STATUS,USUARIO_CREO,FECHA_CREO,USUARIO_MODIFICO,FECHA_MODIFICO) VALUES('tipoProceso','Manual','Manual',1,'amxsab.system@gmail.com',CURRENT_TIMESTAMP,'amxsab.system@gmail.com',CURRENT_TIMESTAMP);
INSERT INTO PARAMETRO (CLAVE,VALOR_ES,VALOR_EN,STATUS,USUARIO_CREO,FECHA_CREO,USUARIO_MODIFICO,FECHA_MODIFICO) VALUES('tipoProceso','Procedimiento','Process',1,'amxsab.system@gmail.com',CURRENT_TIMESTAMP,'amxsab.system@gmail.com',CURRENT_TIMESTAMP);
INSERT INTO PARAMETRO (CLAVE,VALOR_ES,VALOR_EN,STATUS,USUARIO_CREO,FECHA_CREO,USUARIO_MODIFICO,FECHA_MODIFICO) VALUES('tipoProceso','Instrucciones','Instructions',1,'amxsab.system@gmail.com',CURRENT_TIMESTAMP,'amxsab.system@gmail.com',CURRENT_TIMESTAMP);
INSERT INTO PARAMETRO (CLAVE,VALOR_ES,VALOR_EN,STATUS,USUARIO_CREO,FECHA_CREO,USUARIO_MODIFICO,FECHA_MODIFICO) VALUES('idioma','Ambos','Both of them',1,'amxsab.system@gmail.com',CURRENT_TIMESTAMP,'amxsab.system@gmail.com',CURRENT_TIMESTAMP);
INSERT INTO PARAMETRO (CLAVE,VALOR_ES,VALOR_EN,STATUS,USUARIO_CREO,FECHA_CREO,USUARIO_MODIFICO,FECHA_MODIFICO) VALUES('noCiclo','1','1',1,'amxsab.system@gmail.com',CURRENT_TIMESTAMP,'amxsab.system@gmail.com',CURRENT_TIMESTAMP);
INSERT INTO PARAMETRO (CLAVE,VALOR_ES,VALOR_EN,STATUS,USUARIO_CREO,FECHA_CREO,USUARIO_MODIFICO,FECHA_MODIFICO) VALUES('noCiclo','2','2',1,'amxsab.system@gmail.com',CURRENT_TIMESTAMP,'amxsab.system@gmail.com',CURRENT_TIMESTAMP);
INSERT INTO PARAMETRO (CLAVE,VALOR_ES,VALOR_EN,STATUS,USUARIO_CREO,FECHA_CREO,USUARIO_MODIFICO,FECHA_MODIFICO) VALUES('noCiclo','3','3',1,'amxsab.system@gmail.com',CURRENT_TIMESTAMP,'amxsab.system@gmail.com',CURRENT_TIMESTAMP);
INSERT INTO PARAMETRO (CLAVE,VALOR_ES,VALOR_EN,STATUS,USUARIO_CREO,FECHA_CREO,USUARIO_MODIFICO,FECHA_MODIFICO) VALUES('noCiclo','4','4',1,'amxsab.system@gmail.com',CURRENT_TIMESTAMP,'amxsab.system@gmail.com',CURRENT_TIMESTAMP);
INSERT INTO PARAMETRO (CLAVE,VALOR_ES,VALOR_EN,STATUS,USUARIO_CREO,FECHA_CREO,USUARIO_MODIFICO,FECHA_MODIFICO) VALUES('estatus','Activo','Active',1,'amxsab.system@gmail.com',CURRENT_TIMESTAMP,'amxsab.system@gmail.com',CURRENT_TIMESTAMP);
INSERT INTO PARAMETRO (CLAVE,VALOR_ES,VALOR_EN,STATUS,USUARIO_CREO,FECHA_CREO,USUARIO_MODIFICO,FECHA_MODIFICO) VALUES('estatus','Inactivo','Inactive',1,'amxsab.system@gmail.com',CURRENT_TIMESTAMP,'amxsab.system@gmail.com',CURRENT_TIMESTAMP);
INSERT INTO PARAMETRO (CLAVE,VALOR_ES,VALOR_EN,STATUS,USUARIO_CREO,FECHA_CREO,USUARIO_MODIFICO,FECHA_MODIFICO) VALUES('estatusPotencial','Vigente','Valid',1,'amxsab.system@gmail.com',CURRENT_TIMESTAMP,'amxsab.system@gmail.com',CURRENT_TIMESTAMP);
INSERT INTO PARAMETRO (CLAVE,VALOR_ES,VALOR_EN,STATUS,USUARIO_CREO,FECHA_CREO,USUARIO_MODIFICO,FECHA_MODIFICO) VALUES('estatusPotencial','Inactivo','Inactive',1,'amxsab.system@gmail.com',CURRENT_TIMESTAMP,'amxsab.system@gmail.com',CURRENT_TIMESTAMP);
INSERT INTO PARAMETRO (CLAVE,VALOR_ES,VALOR_EN,STATUS,USUARIO_CREO,FECHA_CREO,USUARIO_MODIFICO,FECHA_MODIFICO) VALUES('estatusPotencial','Rechazado','Rejected',1,'amxsab.system@gmail.com',CURRENT_TIMESTAMP,'amxsab.system@gmail.com',CURRENT_TIMESTAMP);
INSERT INTO PARAMETRO (CLAVE,VALOR_ES,VALOR_EN,STATUS,USUARIO_CREO,FECHA_CREO,USUARIO_MODIFICO,FECHA_MODIFICO) VALUES('estatusPotencial','Enviado','Sent',1,'amxsab.system@gmail.com',CURRENT_TIMESTAMP,'amxsab.system@gmail.com',CURRENT_TIMESTAMP);
INSERT INTO PARAMETRO (CLAVE,VALOR_ES,VALOR_EN,STATUS,USUARIO_CREO,FECHA_CREO,USUARIO_MODIFICO,FECHA_MODIFICO) VALUES('estatusMaterial','Activo','Active',1,'amxsab.system@gmail.com',CURRENT_TIMESTAMP,'amxsab.system@gmail.com',CURRENT_TIMESTAMP);
INSERT INTO PARAMETRO (CLAVE,VALOR_ES,VALOR_EN,STATUS,USUARIO_CREO,FECHA_CREO,USUARIO_MODIFICO,FECHA_MODIFICO) VALUES('estatusMaterial','Obsoleto','Obsolete',1,'amxsab.system@gmail.com',CURRENT_TIMESTAMP,'amxsab.system@gmail.com',CURRENT_TIMESTAMP);
INSERT INTO PARAMETRO (CLAVE,VALOR_ES,VALOR_EN,STATUS,USUARIO_CREO,FECHA_CREO,USUARIO_MODIFICO,FECHA_MODIFICO) VALUES('UM','K','K',1,'amxsab.system@gmail.com',CURRENT_TIMESTAMP,'amxsab.system@gmail.com',CURRENT_TIMESTAMP);
INSERT INTO PARAMETRO (CLAVE,VALOR_ES,VALOR_EN,STATUS,USUARIO_CREO,FECHA_CREO,USUARIO_MODIFICO,FECHA_MODIFICO) VALUES('UM','PK','PK',1,'amxsab.system@gmail.com',CURRENT_TIMESTAMP,'amxsab.system@gmail.com',CURRENT_TIMESTAMP);
INSERT INTO PARAMETRO (CLAVE,VALOR_ES,VALOR_EN,STATUS,USUARIO_CREO,FECHA_CREO,USUARIO_MODIFICO,FECHA_MODIFICO) VALUES('noCiclo','CU','CU',1,'amxsab.system@gmail.com',CURRENT_TIMESTAMP,'amxsab.system@gmail.com',CURRENT_TIMESTAMP);
INSERT INTO PARAMETRO (CLAVE,VALOR_ES,VALOR_EN,STATUS,USUARIO_CREO,FECHA_CREO,USUARIO_MODIFICO,FECHA_MODIFICO) VALUES('estatusComunicado','Vigente','Valid',1,'amxsab.system@gmail.com',CURRENT_TIMESTAMP,'amxsab.system@gmail.com',CURRENT_TIMESTAMP);
INSERT INTO PARAMETRO (CLAVE,VALOR_ES,VALOR_EN,STATUS,USUARIO_CREO,FECHA_CREO,USUARIO_MODIFICO,FECHA_MODIFICO) VALUES('estatusComunicado','Obsoleto','Obsolete',1,'amxsab.system@gmail.com',CURRENT_TIMESTAMP,'amxsab.system@gmail.com',CURRENT_TIMESTAMP);
INSERT INTO PARAMETRO (CLAVE,VALOR_ES,VALOR_EN,STATUS,USUARIO_CREO,FECHA_CREO,USUARIO_MODIFICO,FECHA_MODIFICO) VALUES('tipoQuincena','1 Quincena','1 Biweekly',1,'amxsab.system@gmail.com',CURRENT_TIMESTAMP,'amxsab.system@gmail.com',CURRENT_TIMESTAMP);
INSERT INTO PARAMETRO (CLAVE,VALOR_ES,VALOR_EN,STATUS,USUARIO_CREO,FECHA_CREO,USUARIO_MODIFICO,FECHA_MODIFICO) VALUES('tipoQuincena','2 Quncenas','2 Biweekly',1,'amxsab.system@gmail.com',CURRENT_TIMESTAMP,'amxsab.system@gmail.com',CURRENT_TIMESTAMP);
INSERT INTO PARAMETRO (CLAVE,VALOR_ES,VALOR_EN,STATUS,USUARIO_CREO,FECHA_CREO,USUARIO_MODIFICO,FECHA_MODIFICO) VALUES('tipoTemporada','inicio','begin',1,'amxsab.system@gmail.com',CURRENT_TIMESTAMP,'amxsab.system@gmail.com',CURRENT_TIMESTAMP);
INSERT INTO PARAMETRO (CLAVE,VALOR_ES,VALOR_EN,STATUS,USUARIO_CREO,FECHA_CREO,USUARIO_MODIFICO,FECHA_MODIFICO) VALUES('tipoTemporada','fin','end',1,'amxsab.system@gmail.com',CURRENT_TIMESTAMP,'amxsab.system@gmail.com',CURRENT_TIMESTAMP);
INSERT INTO PARAMETRO (CLAVE,VALOR_ES,VALOR_EN,STATUS,USUARIO_CREO,FECHA_CREO,USUARIO_MODIFICO,FECHA_MODIFICO) VALUES('UM','KG','KG',1,'amxsab.system@gmail.com',CURRENT_TIMESTAMP,'amxsab.system@gmail.com',CURRENT_TIMESTAMP);

INSERT INTO AREA (CLAVE,NOMBRE_ES,NOMBRE_EN,STATUS,USUARIO_CREO,FECHA_CREO,USUARIO_MODIFICO,FECHA_MODIFICO) VALUES('GK','Planeación','Planning',1,'amxsab.system@gmail.com',CURRENT_TIMESTAMP,'amxsab.system@gmail.com',CURRENT_TIMESTAMP);
INSERT INTO AREA (CLAVE,NOMBRE_ES,NOMBRE_EN,STATUS,USUARIO_CREO,FECHA_CREO,USUARIO_MODIFICO,FECHA_MODIFICO) VALUES('GE','Diseño','Design',1,'amxsab.system@gmail.com',CURRENT_TIMESTAMP,'amxsab.system@gmail.com',CURRENT_TIMESTAMP);

INSERT INTO COMPANIA(CVE_COMPANIA,NOMBRE,STATUS,USUARIO_CREO,FECHA_CREO,USUARIO_MODIFICO,FECHA_MODIFICO) VALUES('AM','AEROMEXICO',1,'amxsab.system@gmail.com',CURRENT_TIMESTAMP,'amxsab.system@gmail.com',CURRENT_TIMESTAMP);
INSERT INTO COMPANIA(CVE_COMPANIA,NOMBRE,STATUS,USUARIO_CREO,FECHA_CREO,USUARIO_MODIFICO,FECHA_MODIFICO) VALUES('5D','CONNECT',1,'amxsab.system@gmail.com',CURRENT_TIMESTAMP,'amxsab.system@gmail.com',CURRENT_TIMESTAMP);

INSERT INTO REGION (NOMBRE,CVE_REGION,STATUS,USUARIO_CREO,FECHA_CREO,USUARIO_MODIFICO,FECHA_MODIFICO) VALUES('Ásia','ASI',1,'amxsab.system@gmail.com',CURRENT_TIMESTAMP,'amxsab.system@gmail.com',CURRENT_TIMESTAMP);
INSERT INTO REGION (NOMBRE,CVE_REGION,STATUS,USUARIO_CREO,FECHA_CREO,USUARIO_MODIFICO,FECHA_MODIFICO) VALUES('Canadá','CAN',1,'amxsab.system@gmail.com',CURRENT_TIMESTAMP,'amxsab.system@gmail.com',CURRENT_TIMESTAMP);
INSERT INTO REGION (NOMBRE,CVE_REGION,STATUS,USUARIO_CREO,FECHA_CREO,USUARIO_MODIFICO,FECHA_MODIFICO) VALUES('Centroamerica','LAT',1,'amxsab.system@gmail.com',CURRENT_TIMESTAMP,'amxsab.system@gmail.com',CURRENT_TIMESTAMP);
INSERT INTO REGION (NOMBRE,CVE_REGION,STATUS,USUARIO_CREO,FECHA_CREO,USUARIO_MODIFICO,FECHA_MODIFICO) VALUES('USA','USA',1,'amxsab.system@gmail.com',CURRENT_TIMESTAMP,'amxsab.system@gmail.com',CURRENT_TIMESTAMP);
INSERT INTO REGION (NOMBRE,CVE_REGION,STATUS,USUARIO_CREO,FECHA_CREO,USUARIO_MODIFICO,FECHA_MODIFICO) VALUES('Europa','EUR',1,'amxsab.system@gmail.com',CURRENT_TIMESTAMP,'amxsab.system@gmail.com',CURRENT_TIMESTAMP);
INSERT INTO REGION (NOMBRE,CVE_REGION,STATUS,USUARIO_CREO,FECHA_CREO,USUARIO_MODIFICO,FECHA_MODIFICO) VALUES('Nacional','NAT',1,'amxsab.system@gmail.com',CURRENT_TIMESTAMP,'amxsab.system@gmail.com',CURRENT_TIMESTAMP);
INSERT INTO REGION (NOMBRE,CVE_REGION,STATUS,USUARIO_CREO,FECHA_CREO,USUARIO_MODIFICO,FECHA_MODIFICO) VALUES('Sudamerica','SAM',1,'amxsab.system@gmail.com',CURRENT_TIMESTAMP,'amxsab.system@gmail.com',CURRENT_TIMESTAMP);

INSERT INTO PAIS (NOMBRE,ID_REGION,STATUS,USUARIO_CREO,FECHA_CREO,USUARIO_MODIFICO,FECHA_MODIFICO) VALUES('Países Bajos',5,1,'amxsab.system@gmail.com',CURRENT_TIMESTAMP,'amxsab.system@gmail.com',CURRENT_TIMESTAMP);
INSERT INTO PAIS (NOMBRE,ID_REGION,STATUS,USUARIO_CREO,FECHA_CREO,USUARIO_MODIFICO,FECHA_MODIFICO) VALUES('USA',4,1,'amxsab.system@gmail.com',CURRENT_TIMESTAMP,'amxsab.system@gmail.com',CURRENT_TIMESTAMP);
INSERT INTO PAIS (NOMBRE,ID_REGION,STATUS,USUARIO_CREO,FECHA_CREO,USUARIO_MODIFICO,FECHA_MODIFICO) VALUES('Colombia',7,1,'amxsab.system@gmail.com',CURRENT_TIMESTAMP,'amxsab.system@gmail.com',CURRENT_TIMESTAMP);
INSERT INTO PAIS (NOMBRE,ID_REGION,STATUS,USUARIO_CREO,FECHA_CREO,USUARIO_MODIFICO,FECHA_MODIFICO) VALUES('Francia',5,1,'amxsab.system@gmail.com',CURRENT_TIMESTAMP,'amxsab.system@gmail.com',CURRENT_TIMESTAMP);
INSERT INTO PAIS (NOMBRE,ID_REGION,STATUS,USUARIO_CREO,FECHA_CREO,USUARIO_MODIFICO,FECHA_MODIFICO) VALUES('México',6,1,'amxsab.system@gmail.com',CURRENT_TIMESTAMP,'amxsab.system@gmail.com',CURRENT_TIMESTAMP);
INSERT INTO PAIS (NOMBRE,ID_REGION,STATUS,USUARIO_CREO,FECHA_CREO,USUARIO_MODIFICO,FECHA_MODIFICO) VALUES('Argentina',7,1,'amxsab.system@gmail.com',CURRENT_TIMESTAMP,'amxsab.system@gmail.com',CURRENT_TIMESTAMP);
INSERT INTO PAIS (NOMBRE,ID_REGION,STATUS,USUARIO_CREO,FECHA_CREO,USUARIO_MODIFICO,FECHA_MODIFICO) VALUES('Brazil',7,1,'amxsab.system@gmail.com',CURRENT_TIMESTAMP,'amxsab.system@gmail.com',CURRENT_TIMESTAMP);
INSERT INTO PAIS (NOMBRE,ID_REGION,STATUS,USUARIO_CREO,FECHA_CREO,USUARIO_MODIFICO,FECHA_MODIFICO) VALUES('Guatemala',3,1,'amxsab.system@gmail.com',CURRENT_TIMESTAMP,'amxsab.system@gmail.com',CURRENT_TIMESTAMP);
INSERT INTO PAIS (NOMBRE,ID_REGION,STATUS,USUARIO_CREO,FECHA_CREO,USUARIO_MODIFICO,FECHA_MODIFICO) VALUES('Cuba',3,1,'amxsab.system@gmail.com',CURRENT_TIMESTAMP,'amxsab.system@gmail.com',CURRENT_TIMESTAMP);
INSERT INTO PAIS (NOMBRE,ID_REGION,STATUS,USUARIO_CREO,FECHA_CREO,USUARIO_MODIFICO,FECHA_MODIFICO) VALUES('Corea del Sur',1,1,'amxsab.system@gmail.com',CURRENT_TIMESTAMP,'amxsab.system@gmail.com',CURRENT_TIMESTAMP);
INSERT INTO PAIS (NOMBRE,ID_REGION,STATUS,USUARIO_CREO,FECHA_CREO,USUARIO_MODIFICO,FECHA_MODIFICO) VALUES('Inglaterra',5,1,'amxsab.system@gmail.com',CURRENT_TIMESTAMP,'amxsab.system@gmail.com',CURRENT_TIMESTAMP);
INSERT INTO PAIS (NOMBRE,ID_REGION,STATUS,USUARIO_CREO,FECHA_CREO,USUARIO_MODIFICO,FECHA_MODIFICO) VALUES('Perú',7,1,'amxsab.system@gmail.com',CURRENT_TIMESTAMP,'amxsab.system@gmail.com',CURRENT_TIMESTAMP);
INSERT INTO PAIS (NOMBRE,ID_REGION,STATUS,USUARIO_CREO,FECHA_CREO,USUARIO_MODIFICO,FECHA_MODIFICO) VALUES('España',5,1,'amxsab.system@gmail.com',CURRENT_TIMESTAMP,'amxsab.system@gmail.com',CURRENT_TIMESTAMP);
INSERT INTO PAIS (NOMBRE,ID_REGION,STATUS,USUARIO_CREO,FECHA_CREO,USUARIO_MODIFICO,FECHA_MODIFICO) VALUES('Nicaragua',3,1,'amxsab.system@gmail.com',CURRENT_TIMESTAMP,'amxsab.system@gmail.com',CURRENT_TIMESTAMP);
INSERT INTO PAIS (NOMBRE,ID_REGION,STATUS,USUARIO_CREO,FECHA_CREO,USUARIO_MODIFICO,FECHA_MODIFICO) VALUES('Japon',1,1,'amxsab.system@gmail.com',CURRENT_TIMESTAMP,'amxsab.system@gmail.com',CURRENT_TIMESTAMP);
INSERT INTO PAIS (NOMBRE,ID_REGION,STATUS,USUARIO_CREO,FECHA_CREO,USUARIO_MODIFICO,FECHA_MODIFICO) VALUES('Panama',3,1,'amxsab.system@gmail.com',CURRENT_TIMESTAMP,'amxsab.system@gmail.com',CURRENT_TIMESTAMP);
INSERT INTO PAIS (NOMBRE,ID_REGION,STATUS,USUARIO_CREO,FECHA_CREO,USUARIO_MODIFICO,FECHA_MODIFICO) VALUES('China',1,1,'amxsab.system@gmail.com',CURRENT_TIMESTAMP,'amxsab.system@gmail.com',CURRENT_TIMESTAMP);
INSERT INTO PAIS (NOMBRE,ID_REGION,STATUS,USUARIO_CREO,FECHA_CREO,USUARIO_MODIFICO,FECHA_MODIFICO) VALUES('El Salvador',3,1,'amxsab.system@gmail.com',CURRENT_TIMESTAMP,'amxsab.system@gmail.com',CURRENT_TIMESTAMP);
INSERT INTO PAIS (NOMBRE,ID_REGION,STATUS,USUARIO_CREO,FECHA_CREO,USUARIO_MODIFICO,FECHA_MODIFICO) VALUES('Honduras',3,1,'amxsab.system@gmail.com',CURRENT_TIMESTAMP,'amxsab.system@gmail.com',CURRENT_TIMESTAMP);
INSERT INTO PAIS (NOMBRE,ID_REGION,STATUS,USUARIO_CREO,FECHA_CREO,USUARIO_MODIFICO,FECHA_MODIFICO) VALUES('Chile',7,1,'amxsab.system@gmail.com',CURRENT_TIMESTAMP,'amxsab.system@gmail.com',CURRENT_TIMESTAMP);
INSERT INTO PAIS (NOMBRE,ID_REGION,STATUS,USUARIO_CREO,FECHA_CREO,USUARIO_MODIFICO,FECHA_MODIFICO) VALUES('República Dominicana',3,1,'amxsab.system@gmail.com',CURRENT_TIMESTAMP,'amxsab.system@gmail.com',CURRENT_TIMESTAMP);
INSERT INTO PAIS (NOMBRE,ID_REGION,STATUS,USUARIO_CREO,FECHA_CREO,USUARIO_MODIFICO,FECHA_MODIFICO) VALUES('Costa Rica',3,1,'amxsab.system@gmail.com',CURRENT_TIMESTAMP,'amxsab.system@gmail.com',CURRENT_TIMESTAMP);
INSERT INTO PAIS (NOMBRE,ID_REGION,STATUS,USUARIO_CREO,FECHA_CREO,USUARIO_MODIFICO,FECHA_MODIFICO) VALUES('Canada',2,1,'amxsab.system@gmail.com',CURRENT_TIMESTAMP,'amxsab.system@gmail.com',CURRENT_TIMESTAMP);
INSERT INTO PAIS (NOMBRE,ID_REGION,STATUS,USUARIO_CREO,FECHA_CREO,USUARIO_MODIFICO,FECHA_MODIFICO) VALUES('Ecuador',3,1,'amxsab.system@gmail.com',CURRENT_TIMESTAMP,'amxsab.system@gmail.com',CURRENT_TIMESTAMP);

INSERT INTO CIUDAD (NOMBRE,ID_PAIS,STATUS,USUARIO_CREO,FECHA_CREO,USUARIO_MODIFICO,FECHA_MODIFICO) VALUES('Ámsterdam',1,1,'amxsab.system@gmail.com',CURRENT_TIMESTAMP,'amxsab.system@gmail.com',CURRENT_TIMESTAMP);
INSERT INTO CIUDAD (NOMBRE,ID_PAIS,STATUS,USUARIO_CREO,FECHA_CREO,USUARIO_MODIFICO,FECHA_MODIFICO) VALUES('Austin',2,1,'amxsab.system@gmail.com',CURRENT_TIMESTAMP,'amxsab.system@gmail.com',CURRENT_TIMESTAMP);
INSERT INTO CIUDAD (NOMBRE,ID_PAIS,STATUS,USUARIO_CREO,FECHA_CREO,USUARIO_MODIFICO,FECHA_MODIFICO) VALUES('Bogota',3,1,'amxsab.system@gmail.com',CURRENT_TIMESTAMP,'amxsab.system@gmail.com',CURRENT_TIMESTAMP);
INSERT INTO CIUDAD (NOMBRE,ID_PAIS,STATUS,USUARIO_CREO,FECHA_CREO,USUARIO_MODIFICO,FECHA_MODIFICO) VALUES('Boston',2,1,'amxsab.system@gmail.com',CURRENT_TIMESTAMP,'amxsab.system@gmail.com',CURRENT_TIMESTAMP);
INSERT INTO CIUDAD (NOMBRE,ID_PAIS,STATUS,USUARIO_CREO,FECHA_CREO,USUARIO_MODIFICO,FECHA_MODIFICO) VALUES('Paris',4,1,'amxsab.system@gmail.com',CURRENT_TIMESTAMP,'amxsab.system@gmail.com',CURRENT_TIMESTAMP);
INSERT INTO CIUDAD (NOMBRE,ID_PAIS,STATUS,USUARIO_CREO,FECHA_CREO,USUARIO_MODIFICO,FECHA_MODIFICO) VALUES('Cancun',5,1,'amxsab.system@gmail.com',CURRENT_TIMESTAMP,'amxsab.system@gmail.com',CURRENT_TIMESTAMP);
INSERT INTO CIUDAD (NOMBRE,ID_PAIS,STATUS,USUARIO_CREO,FECHA_CREO,USUARIO_MODIFICO,FECHA_MODIFICO) VALUES('Denver',2,1,'amxsab.system@gmail.com',CURRENT_TIMESTAMP,'amxsab.system@gmail.com',CURRENT_TIMESTAMP);
INSERT INTO CIUDAD (NOMBRE,ID_PAIS,STATUS,USUARIO_CREO,FECHA_CREO,USUARIO_MODIFICO,FECHA_MODIFICO) VALUES('Dallas',2,1,'amxsab.system@gmail.com',CURRENT_TIMESTAMP,'amxsab.system@gmail.com',CURRENT_TIMESTAMP);
INSERT INTO CIUDAD (NOMBRE,ID_PAIS,STATUS,USUARIO_CREO,FECHA_CREO,USUARIO_MODIFICO,FECHA_MODIFICO) VALUES('Detroit',2,1,'amxsab.system@gmail.com',CURRENT_TIMESTAMP,'amxsab.system@gmail.com',CURRENT_TIMESTAMP);
INSERT INTO CIUDAD (NOMBRE,ID_PAIS,STATUS,USUARIO_CREO,FECHA_CREO,USUARIO_MODIFICO,FECHA_MODIFICO) VALUES('Argentina',6,1,'amxsab.system@gmail.com',CURRENT_TIMESTAMP,'amxsab.system@gmail.com',CURRENT_TIMESTAMP);
INSERT INTO CIUDAD (NOMBRE,ID_PAIS,STATUS,USUARIO_CREO,FECHA_CREO,USUARIO_MODIFICO,FECHA_MODIFICO) VALUES('Fresno',2,1,'amxsab.system@gmail.com',CURRENT_TIMESTAMP,'amxsab.system@gmail.com',CURRENT_TIMESTAMP);
INSERT INTO CIUDAD (NOMBRE,ID_PAIS,STATUS,USUARIO_CREO,FECHA_CREO,USUARIO_MODIFICO,FECHA_MODIFICO) VALUES('Sao Pablo',7,1,'amxsab.system@gmail.com',CURRENT_TIMESTAMP,'amxsab.system@gmail.com',CURRENT_TIMESTAMP);
INSERT INTO CIUDAD (NOMBRE,ID_PAIS,STATUS,USUARIO_CREO,FECHA_CREO,USUARIO_MODIFICO,FECHA_MODIFICO) VALUES('Guatemala',8,1,'amxsab.system@gmail.com',CURRENT_TIMESTAMP,'amxsab.system@gmail.com',CURRENT_TIMESTAMP);
INSERT INTO CIUDAD (NOMBRE,ID_PAIS,STATUS,USUARIO_CREO,FECHA_CREO,USUARIO_MODIFICO,FECHA_MODIFICO) VALUES('Havana',9,1,'amxsab.system@gmail.com',CURRENT_TIMESTAMP,'amxsab.system@gmail.com',CURRENT_TIMESTAMP);
INSERT INTO CIUDAD (NOMBRE,ID_PAIS,STATUS,USUARIO_CREO,FECHA_CREO,USUARIO_MODIFICO,FECHA_MODIFICO) VALUES('Washington',2,1,'amxsab.system@gmail.com',CURRENT_TIMESTAMP,'amxsab.system@gmail.com',CURRENT_TIMESTAMP);
INSERT INTO CIUDAD (NOMBRE,ID_PAIS,STATUS,USUARIO_CREO,FECHA_CREO,USUARIO_MODIFICO,FECHA_MODIFICO) VALUES('Houston',2,1,'amxsab.system@gmail.com',CURRENT_TIMESTAMP,'amxsab.system@gmail.com',CURRENT_TIMESTAMP);
INSERT INTO CIUDAD (NOMBRE,ID_PAIS,STATUS,USUARIO_CREO,FECHA_CREO,USUARIO_MODIFICO,FECHA_MODIFICO) VALUES('Seul',10,1,'amxsab.system@gmail.com',CURRENT_TIMESTAMP,'amxsab.system@gmail.com',CURRENT_TIMESTAMP);
INSERT INTO CIUDAD (NOMBRE,ID_PAIS,STATUS,USUARIO_CREO,FECHA_CREO,USUARIO_MODIFICO,FECHA_MODIFICO) VALUES('New York',2,1,'amxsab.system@gmail.com',CURRENT_TIMESTAMP,'amxsab.system@gmail.com',CURRENT_TIMESTAMP);
INSERT INTO CIUDAD (NOMBRE,ID_PAIS,STATUS,USUARIO_CREO,FECHA_CREO,USUARIO_MODIFICO,FECHA_MODIFICO) VALUES('Las Vegas',2,1,'amxsab.system@gmail.com',CURRENT_TIMESTAMP,'amxsab.system@gmail.com',CURRENT_TIMESTAMP);
INSERT INTO CIUDAD (NOMBRE,ID_PAIS,STATUS,USUARIO_CREO,FECHA_CREO,USUARIO_MODIFICO,FECHA_MODIFICO) VALUES('Los Angeles',2,1,'amxsab.system@gmail.com',CURRENT_TIMESTAMP,'amxsab.system@gmail.com',CURRENT_TIMESTAMP);
INSERT INTO CIUDAD (NOMBRE,ID_PAIS,STATUS,USUARIO_CREO,FECHA_CREO,USUARIO_MODIFICO,FECHA_MODIFICO) VALUES('Londres',11,1,'amxsab.system@gmail.com',CURRENT_TIMESTAMP,'amxsab.system@gmail.com',CURRENT_TIMESTAMP);
INSERT INTO CIUDAD (NOMBRE,ID_PAIS,STATUS,USUARIO_CREO,FECHA_CREO,USUARIO_MODIFICO,FECHA_MODIFICO) VALUES('Lima',12,1,'amxsab.system@gmail.com',CURRENT_TIMESTAMP,'amxsab.system@gmail.com',CURRENT_TIMESTAMP);
INSERT INTO CIUDAD (NOMBRE,ID_PAIS,STATUS,USUARIO_CREO,FECHA_CREO,USUARIO_MODIFICO,FECHA_MODIFICO) VALUES('Madrid',13,1,'amxsab.system@gmail.com',CURRENT_TIMESTAMP,'amxsab.system@gmail.com',CURRENT_TIMESTAMP);
INSERT INTO CIUDAD (NOMBRE,ID_PAIS,STATUS,USUARIO_CREO,FECHA_CREO,USUARIO_MODIFICO,FECHA_MODIFICO) VALUES('Orlando',2,1,'amxsab.system@gmail.com',CURRENT_TIMESTAMP,'amxsab.system@gmail.com',CURRENT_TIMESTAMP);
INSERT INTO CIUDAD (NOMBRE,ID_PAIS,STATUS,USUARIO_CREO,FECHA_CREO,USUARIO_MODIFICO,FECHA_MODIFICO) VALUES('Medellin',3,1,'amxsab.system@gmail.com',CURRENT_TIMESTAMP,'amxsab.system@gmail.com',CURRENT_TIMESTAMP);
INSERT INTO CIUDAD (NOMBRE,ID_PAIS,STATUS,USUARIO_CREO,FECHA_CREO,USUARIO_MODIFICO,FECHA_MODIFICO) VALUES('Managua',14,1,'amxsab.system@gmail.com',CURRENT_TIMESTAMP,'amxsab.system@gmail.com',CURRENT_TIMESTAMP);
INSERT INTO CIUDAD (NOMBRE,ID_PAIS,STATUS,USUARIO_CREO,FECHA_CREO,USUARIO_MODIFICO,FECHA_MODIFICO) VALUES('Miami',2,1,'amxsab.system@gmail.com',CURRENT_TIMESTAMP,'amxsab.system@gmail.com',CURRENT_TIMESTAMP);
INSERT INTO CIUDAD (NOMBRE,ID_PAIS,STATUS,USUARIO_CREO,FECHA_CREO,USUARIO_MODIFICO,FECHA_MODIFICO) VALUES('Monterrey',5,1,'amxsab.system@gmail.com',CURRENT_TIMESTAMP,'amxsab.system@gmail.com',CURRENT_TIMESTAMP);
INSERT INTO CIUDAD (NOMBRE,ID_PAIS,STATUS,USUARIO_CREO,FECHA_CREO,USUARIO_MODIFICO,FECHA_MODIFICO) VALUES('Narita',15,1,'amxsab.system@gmail.com',CURRENT_TIMESTAMP,'amxsab.system@gmail.com',CURRENT_TIMESTAMP);
INSERT INTO CIUDAD (NOMBRE,ID_PAIS,STATUS,USUARIO_CREO,FECHA_CREO,USUARIO_MODIFICO,FECHA_MODIFICO) VALUES('Ontario California',2,1,'amxsab.system@gmail.com',CURRENT_TIMESTAMP,'amxsab.system@gmail.com',CURRENT_TIMESTAMP);
INSERT INTO CIUDAD (NOMBRE,ID_PAIS,STATUS,USUARIO_CREO,FECHA_CREO,USUARIO_MODIFICO,FECHA_MODIFICO) VALUES('Chicago',2,1,'amxsab.system@gmail.com',CURRENT_TIMESTAMP,'amxsab.system@gmail.com',CURRENT_TIMESTAMP);
INSERT INTO CIUDAD (NOMBRE,ID_PAIS,STATUS,USUARIO_CREO,FECHA_CREO,USUARIO_MODIFICO,FECHA_MODIFICO) VALUES('Panama',16,1,'amxsab.system@gmail.com',CURRENT_TIMESTAMP,'amxsab.system@gmail.com',CURRENT_TIMESTAMP);
INSERT INTO CIUDAD (NOMBRE,ID_PAIS,STATUS,USUARIO_CREO,FECHA_CREO,USUARIO_MODIFICO,FECHA_MODIFICO) VALUES('Shanghai',17,1,'amxsab.system@gmail.com',CURRENT_TIMESTAMP,'amxsab.system@gmail.com',CURRENT_TIMESTAMP);
INSERT INTO CIUDAD (NOMBRE,ID_PAIS,STATUS,USUARIO_CREO,FECHA_CREO,USUARIO_MODIFICO,FECHA_MODIFICO) VALUES('El Salvador',18,1,'amxsab.system@gmail.com',CURRENT_TIMESTAMP,'amxsab.system@gmail.com',CURRENT_TIMESTAMP);
INSERT INTO CIUDAD (NOMBRE,ID_PAIS,STATUS,USUARIO_CREO,FECHA_CREO,USUARIO_MODIFICO,FECHA_MODIFICO) VALUES('San Pedro Sula',19,1,'amxsab.system@gmail.com',CURRENT_TIMESTAMP,'amxsab.system@gmail.com',CURRENT_TIMESTAMP);
INSERT INTO CIUDAD (NOMBRE,ID_PAIS,STATUS,USUARIO_CREO,FECHA_CREO,USUARIO_MODIFICO,FECHA_MODIFICO) VALUES('San Antonio',2,1,'amxsab.system@gmail.com',CURRENT_TIMESTAMP,'amxsab.system@gmail.com',CURRENT_TIMESTAMP);
INSERT INTO CIUDAD (NOMBRE,ID_PAIS,STATUS,USUARIO_CREO,FECHA_CREO,USUARIO_MODIFICO,FECHA_MODIFICO) VALUES('Santiago de Chile',20,1,'amxsab.system@gmail.com',CURRENT_TIMESTAMP,'amxsab.system@gmail.com',CURRENT_TIMESTAMP);
INSERT INTO CIUDAD (NOMBRE,ID_PAIS,STATUS,USUARIO_CREO,FECHA_CREO,USUARIO_MODIFICO,FECHA_MODIFICO) VALUES('Santo Domingo',21,1,'amxsab.system@gmail.com',CURRENT_TIMESTAMP,'amxsab.system@gmail.com',CURRENT_TIMESTAMP);
INSERT INTO CIUDAD (NOMBRE,ID_PAIS,STATUS,USUARIO_CREO,FECHA_CREO,USUARIO_MODIFICO,FECHA_MODIFICO) VALUES('San Francsco',2,1,'amxsab.system@gmail.com',CURRENT_TIMESTAMP,'amxsab.system@gmail.com',CURRENT_TIMESTAMP);
INSERT INTO CIUDAD (NOMBRE,ID_PAIS,STATUS,USUARIO_CREO,FECHA_CREO,USUARIO_MODIFICO,FECHA_MODIFICO) VALUES('San Jose Costa Rica',22,1,'amxsab.system@gmail.com',CURRENT_TIMESTAMP,'amxsab.system@gmail.com',CURRENT_TIMESTAMP);
INSERT INTO CIUDAD (NOMBRE,ID_PAIS,STATUS,USUARIO_CREO,FECHA_CREO,USUARIO_MODIFICO,FECHA_MODIFICO) VALUES('Sacramento',2,1,'amxsab.system@gmail.com',CURRENT_TIMESTAMP,'amxsab.system@gmail.com',CURRENT_TIMESTAMP);
INSERT INTO CIUDAD (NOMBRE,ID_PAIS,STATUS,USUARIO_CREO,FECHA_CREO,USUARIO_MODIFICO,FECHA_MODIFICO) VALUES('Torreon',5,1,'amxsab.system@gmail.com',CURRENT_TIMESTAMP,'amxsab.system@gmail.com',CURRENT_TIMESTAMP);
INSERT INTO CIUDAD (NOMBRE,ID_PAIS,STATUS,USUARIO_CREO,FECHA_CREO,USUARIO_MODIFICO,FECHA_MODIFICO) VALUES('Montreal',23,1,'amxsab.system@gmail.com',CURRENT_TIMESTAMP,'amxsab.system@gmail.com',CURRENT_TIMESTAMP);
INSERT INTO CIUDAD (NOMBRE,ID_PAIS,STATUS,USUARIO_CREO,FECHA_CREO,USUARIO_MODIFICO,FECHA_MODIFICO) VALUES('Vancouver',23,1,'amxsab.system@gmail.com',CURRENT_TIMESTAMP,'amxsab.system@gmail.com',CURRENT_TIMESTAMP);
INSERT INTO CIUDAD (NOMBRE,ID_PAIS,STATUS,USUARIO_CREO,FECHA_CREO,USUARIO_MODIFICO,FECHA_MODIFICO) VALUES('Calgary',23,1,'amxsab.system@gmail.com',CURRENT_TIMESTAMP,'amxsab.system@gmail.com',CURRENT_TIMESTAMP);
INSERT INTO CIUDAD (NOMBRE,ID_PAIS,STATUS,USUARIO_CREO,FECHA_CREO,USUARIO_MODIFICO,FECHA_MODIFICO) VALUES('Toronto',23,1,'amxsab.system@gmail.com',CURRENT_TIMESTAMP,'amxsab.system@gmail.com',CURRENT_TIMESTAMP);
INSERT INTO CIUDAD (NOMBRE,ID_PAIS,STATUS,USUARIO_CREO,FECHA_CREO,USUARIO_MODIFICO,FECHA_MODIFICO) VALUES('San Jose California',2,1,'amxsab.system@gmail.com',CURRENT_TIMESTAMP,'amxsab.system@gmail.com',CURRENT_TIMESTAMP);
INSERT INTO CIUDAD (NOMBRE,ID_PAIS,STATUS,USUARIO_CREO,FECHA_CREO,USUARIO_MODIFICO,FECHA_MODIFICO) VALUES('Quito',24,1,'amxsab.system@gmail.com',CURRENT_TIMESTAMP,'amxsab.system@gmail.com',CURRENT_TIMESTAMP);
INSERT INTO CIUDAD (NOMBRE,ID_PAIS,STATUS,USUARIO_CREO,FECHA_CREO,USUARIO_MODIFICO,FECHA_MODIFICO) VALUES('Guadalajara',5,1,'amxsab.system@gmail.com',CURRENT_TIMESTAMP,'amxsab.system@gmail.com',CURRENT_TIMESTAMP);
INSERT INTO CIUDAD (NOMBRE,ID_PAIS,STATUS,USUARIO_CREO,FECHA_CREO,USUARIO_MODIFICO,FECHA_MODIFICO) VALUES('ATLANTA',2,1,'amxsab.system@gmail.com',CURRENT_TIMESTAMP,'amxsab.system@gmail.com',CURRENT_TIMESTAMP);
INSERT INTO CIUDAD (NOMBRE,ID_PAIS,STATUS,USUARIO_CREO,FECHA_CREO,USUARIO_MODIFICO,FECHA_MODIFICO) VALUES('BAJIO',5,1,'amxsab.system@gmail.com',CURRENT_TIMESTAMP,'amxsab.system@gmail.com',CURRENT_TIMESTAMP);
INSERT INTO CIUDAD (NOMBRE,ID_PAIS,STATUS,USUARIO_CREO,FECHA_CREO,USUARIO_MODIFICO,FECHA_MODIFICO) VALUES('ACAPULCO',5,1,'amxsab.system@gmail.com',CURRENT_TIMESTAMP,'amxsab.system@gmail.com',CURRENT_TIMESTAMP);
INSERT INTO CIUDAD (NOMBRE,ID_PAIS,STATUS,USUARIO_CREO,FECHA_CREO,USUARIO_MODIFICO,FECHA_MODIFICO) VALUES('AGUASCALIENTES',5,1,'amxsab.system@gmail.com',CURRENT_TIMESTAMP,'amxsab.system@gmail.com',CURRENT_TIMESTAMP);
INSERT INTO CIUDAD (NOMBRE,ID_PAIS,STATUS,USUARIO_CREO,FECHA_CREO,USUARIO_MODIFICO,FECHA_MODIFICO) VALUES('LEÓN',5,1,'amxsab.system@gmail.com',CURRENT_TIMESTAMP,'amxsab.system@gmail.com',CURRENT_TIMESTAMP);
INSERT INTO CIUDAD (NOMBRE,ID_PAIS,STATUS,USUARIO_CREO,FECHA_CREO,USUARIO_MODIFICO,FECHA_MODIFICO) VALUES('CIUDAD OBREGÓN',5,1,'amxsab.system@gmail.com',CURRENT_TIMESTAMP,'amxsab.system@gmail.com',CURRENT_TIMESTAMP);
INSERT INTO CIUDAD (NOMBRE,ID_PAIS,STATUS,USUARIO_CREO,FECHA_CREO,USUARIO_MODIFICO,FECHA_MODIFICO) VALUES('CIUDAD JUÁREZ',5,1,'amxsab.system@gmail.com',CURRENT_TIMESTAMP,'amxsab.system@gmail.com',CURRENT_TIMESTAMP);
INSERT INTO CIUDAD (NOMBRE,ID_PAIS,STATUS,USUARIO_CREO,FECHA_CREO,USUARIO_MODIFICO,FECHA_MODIFICO) VALUES('CIUDAD DEL CARMEN',5,1,'amxsab.system@gmail.com',CURRENT_TIMESTAMP,'amxsab.system@gmail.com',CURRENT_TIMESTAMP);
INSERT INTO CIUDAD (NOMBRE,ID_PAIS,STATUS,USUARIO_CREO,FECHA_CREO,USUARIO_MODIFICO,FECHA_MODIFICO) VALUES('CAMPECHE',5,1,'amxsab.system@gmail.com',CURRENT_TIMESTAMP,'amxsab.system@gmail.com',CURRENT_TIMESTAMP);
INSERT INTO CIUDAD (NOMBRE,ID_PAIS,STATUS,USUARIO_CREO,FECHA_CREO,USUARIO_MODIFICO,FECHA_MODIFICO) VALUES('CULIACÁN',5,1,'amxsab.system@gmail.com',CURRENT_TIMESTAMP,'amxsab.system@gmail.com',CURRENT_TIMESTAMP);
INSERT INTO CIUDAD (NOMBRE,ID_PAIS,STATUS,USUARIO_CREO,FECHA_CREO,USUARIO_MODIFICO,FECHA_MODIFICO) VALUES('CANCÚN',5,1,'amxsab.system@gmail.com',CURRENT_TIMESTAMP,'amxsab.system@gmail.com',CURRENT_TIMESTAMP);
INSERT INTO CIUDAD (NOMBRE,ID_PAIS,STATUS,USUARIO_CREO,FECHA_CREO,USUARIO_MODIFICO,FECHA_MODIFICO) VALUES('CHIHUAHUA',5,1,'amxsab.system@gmail.com',CURRENT_TIMESTAMP,'amxsab.system@gmail.com',CURRENT_TIMESTAMP);
INSERT INTO CIUDAD (NOMBRE,ID_PAIS,STATUS,USUARIO_CREO,FECHA_CREO,USUARIO_MODIFICO,FECHA_MODIFICO) VALUES('COZUMEL',5,1,'amxsab.system@gmail.com',CURRENT_TIMESTAMP,'amxsab.system@gmail.com',CURRENT_TIMESTAMP);
INSERT INTO CIUDAD (NOMBRE,ID_PAIS,STATUS,USUARIO_CREO,FECHA_CREO,USUARIO_MODIFICO,FECHA_MODIFICO) VALUES('DURANGO',5,1,'amxsab.system@gmail.com',CURRENT_TIMESTAMP,'amxsab.system@gmail.com',CURRENT_TIMESTAMP);
INSERT INTO CIUDAD (NOMBRE,ID_PAIS,STATUS,USUARIO_CREO,FECHA_CREO,USUARIO_MODIFICO,FECHA_MODIFICO) VALUES('GUADALAJARA',5,1,'amxsab.system@gmail.com',CURRENT_TIMESTAMP,'amxsab.system@gmail.com',CURRENT_TIMESTAMP);
INSERT INTO CIUDAD (NOMBRE,ID_PAIS,STATUS,USUARIO_CREO,FECHA_CREO,USUARIO_MODIFICO,FECHA_MODIFICO) VALUES('HERMOSILLO',5,1,'amxsab.system@gmail.com',CURRENT_TIMESTAMP,'amxsab.system@gmail.com',CURRENT_TIMESTAMP);
INSERT INTO CIUDAD (NOMBRE,ID_PAIS,STATUS,USUARIO_CREO,FECHA_CREO,USUARIO_MODIFICO,FECHA_MODIFICO) VALUES('HUATULCO',5,1,'amxsab.system@gmail.com',CURRENT_TIMESTAMP,'amxsab.system@gmail.com',CURRENT_TIMESTAMP);
INSERT INTO CIUDAD (NOMBRE,ID_PAIS,STATUS,USUARIO_CREO,FECHA_CREO,USUARIO_MODIFICO,FECHA_MODIFICO) VALUES('LA PAZ',5,1,'amxsab.system@gmail.com',CURRENT_TIMESTAMP,'amxsab.system@gmail.com',CURRENT_TIMESTAMP);
INSERT INTO CIUDAD (NOMBRE,ID_PAIS,STATUS,USUARIO_CREO,FECHA_CREO,USUARIO_MODIFICO,FECHA_MODIFICO) VALUES('LOS MOCHIS',5,1,'amxsab.system@gmail.com',CURRENT_TIMESTAMP,'amxsab.system@gmail.com',CURRENT_TIMESTAMP);
INSERT INTO CIUDAD (NOMBRE,ID_PAIS,STATUS,USUARIO_CREO,FECHA_CREO,USUARIO_MODIFICO,FECHA_MODIFICO) VALUES('MATAMOROS',5,1,'amxsab.system@gmail.com',CURRENT_TIMESTAMP,'amxsab.system@gmail.com',CURRENT_TIMESTAMP);
INSERT INTO CIUDAD (NOMBRE,ID_PAIS,STATUS,USUARIO_CREO,FECHA_CREO,USUARIO_MODIFICO,FECHA_MODIFICO) VALUES('MÉRIDA',5,1,'amxsab.system@gmail.com',CURRENT_TIMESTAMP,'amxsab.system@gmail.com',CURRENT_TIMESTAMP);
INSERT INTO CIUDAD (NOMBRE,ID_PAIS,STATUS,USUARIO_CREO,FECHA_CREO,USUARIO_MODIFICO,FECHA_MODIFICO) VALUES('MORELIA',5,1,'amxsab.system@gmail.com',CURRENT_TIMESTAMP,'amxsab.system@gmail.com',CURRENT_TIMESTAMP);
INSERT INTO CIUDAD (NOMBRE,ID_PAIS,STATUS,USUARIO_CREO,FECHA_CREO,USUARIO_MODIFICO,FECHA_MODIFICO) VALUES('MINATITLÁN',5,1,'amxsab.system@gmail.com',CURRENT_TIMESTAMP,'amxsab.system@gmail.com',CURRENT_TIMESTAMP);
INSERT INTO CIUDAD (NOMBRE,ID_PAIS,STATUS,USUARIO_CREO,FECHA_CREO,USUARIO_MODIFICO,FECHA_MODIFICO) VALUES('MONTERREY',5,1,'amxsab.system@gmail.com',CURRENT_TIMESTAMP,'amxsab.system@gmail.com',CURRENT_TIMESTAMP);
INSERT INTO CIUDAD (NOMBRE,ID_PAIS,STATUS,USUARIO_CREO,FECHA_CREO,USUARIO_MODIFICO,FECHA_MODIFICO) VALUES('MEXICALI',5,1,'amxsab.system@gmail.com',CURRENT_TIMESTAMP,'amxsab.system@gmail.com',CURRENT_TIMESTAMP);
INSERT INTO CIUDAD (NOMBRE,ID_PAIS,STATUS,USUARIO_CREO,FECHA_CREO,USUARIO_MODIFICO,FECHA_MODIFICO) VALUES('MAZATLÁN',5,1,'amxsab.system@gmail.com',CURRENT_TIMESTAMP,'amxsab.system@gmail.com',CURRENT_TIMESTAMP);
INSERT INTO CIUDAD (NOMBRE,ID_PAIS,STATUS,USUARIO_CREO,FECHA_CREO,USUARIO_MODIFICO,FECHA_MODIFICO) VALUES('NUEVO LAREDO',5,1,'amxsab.system@gmail.com',CURRENT_TIMESTAMP,'amxsab.system@gmail.com',CURRENT_TIMESTAMP);
INSERT INTO CIUDAD (NOMBRE,ID_PAIS,STATUS,USUARIO_CREO,FECHA_CREO,USUARIO_MODIFICO,FECHA_MODIFICO) VALUES('OAXACA',5,1,'amxsab.system@gmail.com',CURRENT_TIMESTAMP,'amxsab.system@gmail.com',CURRENT_TIMESTAMP);
INSERT INTO CIUDAD (NOMBRE,ID_PAIS,STATUS,USUARIO_CREO,FECHA_CREO,USUARIO_MODIFICO,FECHA_MODIFICO) VALUES('PUEBLA',5,1,'amxsab.system@gmail.com',CURRENT_TIMESTAMP,'amxsab.system@gmail.com',CURRENT_TIMESTAMP);
INSERT INTO CIUDAD (NOMBRE,ID_PAIS,STATUS,USUARIO_CREO,FECHA_CREO,USUARIO_MODIFICO,FECHA_MODIFICO) VALUES('PUERTO VALLARTA',5,1,'amxsab.system@gmail.com',CURRENT_TIMESTAMP,'amxsab.system@gmail.com',CURRENT_TIMESTAMP);
INSERT INTO CIUDAD (NOMBRE,ID_PAIS,STATUS,USUARIO_CREO,FECHA_CREO,USUARIO_MODIFICO,FECHA_MODIFICO) VALUES('QUERÉTARO',5,1,'amxsab.system@gmail.com',CURRENT_TIMESTAMP,'amxsab.system@gmail.com',CURRENT_TIMESTAMP);
INSERT INTO CIUDAD (NOMBRE,ID_PAIS,STATUS,USUARIO_CREO,FECHA_CREO,USUARIO_MODIFICO,FECHA_MODIFICO) VALUES('REYNOSA',5,1,'amxsab.system@gmail.com',CURRENT_TIMESTAMP,'amxsab.system@gmail.com',CURRENT_TIMESTAMP);
INSERT INTO CIUDAD (NOMBRE,ID_PAIS,STATUS,USUARIO_CREO,FECHA_CREO,USUARIO_MODIFICO,FECHA_MODIFICO) VALUES('SAN JOSÉ DE CABO',5,1,'amxsab.system@gmail.com',CURRENT_TIMESTAMP,'amxsab.system@gmail.com',CURRENT_TIMESTAMP);
INSERT INTO CIUDAD (NOMBRE,ID_PAIS,STATUS,USUARIO_CREO,FECHA_CREO,USUARIO_MODIFICO,FECHA_MODIFICO) VALUES('SAN LUIS POTOSI',5,1,'amxsab.system@gmail.com',CURRENT_TIMESTAMP,'amxsab.system@gmail.com',CURRENT_TIMESTAMP);
INSERT INTO CIUDAD (NOMBRE,ID_PAIS,STATUS,USUARIO_CREO,FECHA_CREO,USUARIO_MODIFICO,FECHA_MODIFICO) VALUES('SALTILLO',5,1,'amxsab.system@gmail.com',CURRENT_TIMESTAMP,'amxsab.system@gmail.com',CURRENT_TIMESTAMP);
INSERT INTO CIUDAD (NOMBRE,ID_PAIS,STATUS,USUARIO_CREO,FECHA_CREO,USUARIO_MODIFICO,FECHA_MODIFICO) VALUES('TAMPICO',5,1,'amxsab.system@gmail.com',CURRENT_TIMESTAMP,'amxsab.system@gmail.com',CURRENT_TIMESTAMP);
INSERT INTO CIUDAD (NOMBRE,ID_PAIS,STATUS,USUARIO_CREO,FECHA_CREO,USUARIO_MODIFICO,FECHA_MODIFICO) VALUES('TAPACHULA',5,1,'amxsab.system@gmail.com',CURRENT_TIMESTAMP,'amxsab.system@gmail.com',CURRENT_TIMESTAMP);
INSERT INTO CIUDAD (NOMBRE,ID_PAIS,STATUS,USUARIO_CREO,FECHA_CREO,USUARIO_MODIFICO,FECHA_MODIFICO) VALUES('TUXTLA GUTIÉRREZ',5,1,'amxsab.system@gmail.com',CURRENT_TIMESTAMP,'amxsab.system@gmail.com',CURRENT_TIMESTAMP);
INSERT INTO CIUDAD (NOMBRE,ID_PAIS,STATUS,USUARIO_CREO,FECHA_CREO,USUARIO_MODIFICO,FECHA_MODIFICO) VALUES('TIJUANA',5,1,'amxsab.system@gmail.com',CURRENT_TIMESTAMP,'amxsab.system@gmail.com',CURRENT_TIMESTAMP);
INSERT INTO CIUDAD (NOMBRE,ID_PAIS,STATUS,USUARIO_CREO,FECHA_CREO,USUARIO_MODIFICO,FECHA_MODIFICO) VALUES('TOLUCA',5,1,'amxsab.system@gmail.com',CURRENT_TIMESTAMP,'amxsab.system@gmail.com',CURRENT_TIMESTAMP);
INSERT INTO CIUDAD (NOMBRE,ID_PAIS,STATUS,USUARIO_CREO,FECHA_CREO,USUARIO_MODIFICO,FECHA_MODIFICO) VALUES('TORREÓN',5,1,'amxsab.system@gmail.com',CURRENT_TIMESTAMP,'amxsab.system@gmail.com',CURRENT_TIMESTAMP);
INSERT INTO CIUDAD (NOMBRE,ID_PAIS,STATUS,USUARIO_CREO,FECHA_CREO,USUARIO_MODIFICO,FECHA_MODIFICO) VALUES('VERACRUZ',5,1,'amxsab.system@gmail.com',CURRENT_TIMESTAMP,'amxsab.system@gmail.com',CURRENT_TIMESTAMP);
INSERT INTO CIUDAD (NOMBRE,ID_PAIS,STATUS,USUARIO_CREO,FECHA_CREO,USUARIO_MODIFICO,FECHA_MODIFICO) VALUES('VILLAHERMOSA',5,1,'amxsab.system@gmail.com',CURRENT_TIMESTAMP,'amxsab.system@gmail.com',CURRENT_TIMESTAMP);
INSERT INTO CIUDAD (NOMBRE,ID_PAIS,STATUS,USUARIO_CREO,FECHA_CREO,USUARIO_MODIFICO,FECHA_MODIFICO) VALUES('ZACATECAS',5,1,'amxsab.system@gmail.com',CURRENT_TIMESTAMP,'amxsab.system@gmail.com',CURRENT_TIMESTAMP);
INSERT INTO CIUDAD (NOMBRE,ID_PAIS,STATUS,USUARIO_CREO,FECHA_CREO,USUARIO_MODIFICO,FECHA_MODIFICO) VALUES('ZIHUATANEJO',5,1,'amxsab.system@gmail.com',CURRENT_TIMESTAMP,'amxsab.system@gmail.com',CURRENT_TIMESTAMP);
INSERT INTO CIUDAD (NOMBRE,ID_PAIS,STATUS,USUARIO_CREO,FECHA_CREO,USUARIO_MODIFICO,FECHA_MODIFICO) VALUES('MANZANILLO',5,1,'amxsab.system@gmail.com',CURRENT_TIMESTAMP,'amxsab.system@gmail.com',CURRENT_TIMESTAMP);
INSERT INTO CIUDAD (NOMBRE,ID_PAIS,STATUS,USUARIO_CREO,FECHA_CREO,USUARIO_MODIFICO,FECHA_MODIFICO) VALUES('CIUDAD DE MEXICO',5,1,'amxsab.system@gmail.com',CURRENT_TIMESTAMP,'amxsab.system@gmail.com',CURRENT_TIMESTAMP);
INSERT INTO CIUDAD (NOMBRE,ID_PAIS,STATUS,USUARIO_CREO,FECHA_CREO,USUARIO_MODIFICO,FECHA_MODIFICO) VALUES('SEA TAC',2,1,'amxsab.system@gmail.com',CURRENT_TIMESTAMP,'amxsab.system@gmail.com',CURRENT_TIMESTAMP);
INSERT INTO CIUDAD (NOMBRE,ID_PAIS,STATUS,USUARIO_CREO,FECHA_CREO,USUARIO_MODIFICO,FECHA_MODIFICO) VALUES('PORTLAND',2,1,'amxsab.system@gmail.com',CURRENT_TIMESTAMP,'amxsab.system@gmail.com',CURRENT_TIMESTAMP);

INSERT INTO CATEGORIA_MATERIAL (NOMBRE_ES,NOMBRE_EN,STATUS,USUARIO_CREO,FECHA_CREO,USUARIO_MODIFICO,FECHA_MODIFICO) VALUES('LIQUIDOS','LIQUIDS',1,'amxsab.system@gmail.com',CURRENT_TIMESTAMP,'amxsab.system@gmail.com',CURRENT_TIMESTAMP);
INSERT INTO CATEGORIA_MATERIAL (NOMBRE_ES,NOMBRE_EN,STATUS,USUARIO_CREO,FECHA_CREO,USUARIO_MODIFICO,FECHA_MODIFICO) VALUES('MISCELANEOS','MISCELLANEOUS',1,'amxsab.system@gmail.com',CURRENT_TIMESTAMP,'amxsab.system@gmail.com',CURRENT_TIMESTAMP);
INSERT INTO CATEGORIA_MATERIAL (NOMBRE_ES,NOMBRE_EN,STATUS,USUARIO_CREO,FECHA_CREO,USUARIO_MODIFICO,FECHA_MODIFICO) VALUES('REPOSICION DE VAJILLA','REPLENISHMENT OF DISHES',1,'amxsab.system@gmail.com',CURRENT_TIMESTAMP,'amxsab.system@gmail.com',CURRENT_TIMESTAMP);
INSERT INTO CATEGORIA_MATERIAL (NOMBRE_ES,NOMBRE_EN,STATUS,USUARIO_CREO,FECHA_CREO,USUARIO_MODIFICO,FECHA_MODIFICO) VALUES('EQUIPO TECNICO','TECHNICAL EQUIPMENT',1,'amxsab.system@gmail.com',CURRENT_TIMESTAMP,'amxsab.system@gmail.com',CURRENT_TIMESTAMP);
INSERT INTO CATEGORIA_MATERIAL (NOMBRE_ES,NOMBRE_EN,STATUS,USUARIO_CREO,FECHA_CREO,USUARIO_MODIFICO,FECHA_MODIFICO) VALUES('VINOS Y LICORES','WINES AND LIQUORS',1,'amxsab.system@gmail.com',CURRENT_TIMESTAMP,'amxsab.system@gmail.com',CURRENT_TIMESTAMP);
INSERT INTO CATEGORIA_MATERIAL (NOMBRE_ES,NOMBRE_EN,STATUS,USUARIO_CREO,FECHA_CREO,USUARIO_MODIFICO,FECHA_MODIFICO) VALUES('CARROS DE SERVICIO','SERVICE TROLLEYS',1,'amxsab.system@gmail.com',CURRENT_TIMESTAMP,'amxsab.system@gmail.com',CURRENT_TIMESTAMP);
INSERT INTO CATEGORIA_MATERIAL (NOMBRE_ES,NOMBRE_EN,STATUS,USUARIO_CREO,FECHA_CREO,USUARIO_MODIFICO,FECHA_MODIFICO) VALUES('AUDÍFONOS','HEADPHONES',1,'amxsab.system@gmail.com',CURRENT_TIMESTAMP,'amxsab.system@gmail.com',CURRENT_TIMESTAMP);

INSERT INTO MATERIAL (NUMERO_PARTE,DESCRIPCION_ES,DESCRIPCION_EN,ID_CATEGORIA_MATERIAL,TIPO_ABASTECIMIENTO,PESO,STATUS,USUARIO_CREO,FECHA_CREO,USUARIO_MODIFICO,FECHA_MODIFICO) VALUES('ADE0405','SALSA DE SOYA KIKKOMAN','SAUCE OF SOYA IN SACHET 2OZ',2,55,1,1,'amxsab.system@gmail.com',CURRENT_TIMESTAMP,'amxsab.system@gmail.com',CURRENT_TIMESTAMP);
INSERT INTO MATERIAL (NUMERO_PARTE,DESCRIPCION_ES,DESCRIPCION_EN,ID_CATEGORIA_MATERIAL,TIPO_ABASTECIMIENTO,PESO,STATUS,USUARIO_CREO,FECHA_CREO,USUARIO_MODIFICO,FECHA_MODIFICO) VALUES('ADE0410','ADEREZO ITALIANO ABAL','ITALIAN SAUCE ABAL',2,55,1,1,'amxsab.system@gmail.com',CURRENT_TIMESTAMP,'amxsab.system@gmail.com',CURRENT_TIMESTAMP);
INSERT INTO MATERIAL (NUMERO_PARTE,DESCRIPCION_ES,DESCRIPCION_EN,ID_CATEGORIA_MATERIAL,TIPO_ABASTECIMIENTO,PESO,STATUS,USUARIO_CREO,FECHA_CREO,USUARIO_MODIFICO,FECHA_MODIFICO) VALUES('ADE0412','ADEREZO ITALIANO GAVELLE','ADEREZO ITALIANO GAVELLEADEREZO EN SACHET 12GR',2,55,1,1,'amxsab.system@gmail.com',CURRENT_TIMESTAMP,'amxsab.system@gmail.com',CURRENT_TIMESTAMP);
INSERT INTO MATERIAL (NUMERO_PARTE,DESCRIPCION_ES,DESCRIPCION_EN,ID_CATEGORIA_MATERIAL,TIPO_ABASTECIMIENTO,PESO,STATUS,USUARIO_CREO,FECHA_CREO,USUARIO_MODIFICO,FECHA_MODIFICO) VALUES('ADE0413','ADEREZO VINAGRETA','ADEREZO DE OLIVO',2,55,1,1,'amxsab.system@gmail.com',CURRENT_TIMESTAMP,'amxsab.system@gmail.com',CURRENT_TIMESTAMP);
INSERT INTO MATERIAL (NUMERO_PARTE,DESCRIPCION_ES,DESCRIPCION_EN,ID_CATEGORIA_MATERIAL,TIPO_ABASTECIMIENTO,PESO,STATUS,USUARIO_CREO,FECHA_CREO,USUARIO_MODIFICO,FECHA_MODIFICO) VALUES('ADT1001','ADAPTADOR 2-1 PARA PREMIER','ADAPTADOR 2-1 PARA PREMIER',2,55,1,1,'amxsab.system@gmail.com',CURRENT_TIMESTAMP,'amxsab.system@gmail.com',CURRENT_TIMESTAMP);
INSERT INTO MATERIAL (NUMERO_PARTE,DESCRIPCION_ES,DESCRIPCION_EN,ID_CATEGORIA_MATERIAL,TIPO_ABASTECIMIENTO,PESO,STATUS,USUARIO_CREO,FECHA_CREO,USUARIO_MODIFICO,FECHA_MODIFICO) VALUES('ADT1002','ADAPTADOR 1 PIN A DUAL','ADAPTADOR 1 PIN A DUAL',2,55,1,1,'amxsab.system@gmail.com',CURRENT_TIMESTAMP,'amxsab.system@gmail.com',CURRENT_TIMESTAMP);
INSERT INTO MATERIAL (NUMERO_PARTE,DESCRIPCION_ES,DESCRIPCION_EN,ID_CATEGORIA_MATERIAL,TIPO_ABASTECIMIENTO,PESO,STATUS,USUARIO_CREO,FECHA_CREO,USUARIO_MODIFICO,FECHA_MODIFICO) VALUES('AGI0002','AGITADOR PLASTICO PREMIER','PREMIER PLASTIC STIR',2,55,1,1,'amxsab.system@gmail.com',CURRENT_TIMESTAMP,'amxsab.system@gmail.com',CURRENT_TIMESTAMP);
INSERT INTO MATERIAL (NUMERO_PARTE,DESCRIPCION_ES,DESCRIPCION_EN,ID_CATEGORIA_MATERIAL,TIPO_ABASTECIMIENTO,PESO,STATUS,USUARIO_CREO,FECHA_CREO,USUARIO_MODIFICO,FECHA_MODIFICO) VALUES('AGI0003','AGITADOR PLASTICOY','AGITADOR PLASTICOY',2,55,1,1,'amxsab.system@gmail.com',CURRENT_TIMESTAMP,'amxsab.system@gmail.com',CURRENT_TIMESTAMP);
INSERT INTO MATERIAL (NUMERO_PARTE,DESCRIPCION_ES,DESCRIPCION_EN,ID_CATEGORIA_MATERIAL,TIPO_ABASTECIMIENTO,PESO,STATUS,USUARIO_CREO,FECHA_CREO,USUARIO_MODIFICO,FECHA_MODIFICO) VALUES('AGI0004','AGITADOR PLASTICO PREMIER QLTY','AGITADOR PLASTICO PREMIER',2,55,1,1,'amxsab.system@gmail.com',CURRENT_TIMESTAMP,'amxsab.system@gmail.com',CURRENT_TIMESTAMP);
INSERT INTO MATERIAL (NUMERO_PARTE,DESCRIPCION_ES,DESCRIPCION_EN,ID_CATEGORIA_MATERIAL,TIPO_ABASTECIMIENTO,PESO,STATUS,USUARIO_CREO,FECHA_CREO,USUARIO_MODIFICO,FECHA_MODIFICO) VALUES('AGU0804','AGUA QUINA LATA 355ML','TONIC WATER CAN',1,55,1,1,'amxsab.system@gmail.com',CURRENT_TIMESTAMP,'amxsab.system@gmail.com',CURRENT_TIMESTAMP);
INSERT INTO MATERIAL (NUMERO_PARTE,DESCRIPCION_ES,DESCRIPCION_EN,ID_CATEGORIA_MATERIAL,TIPO_ABASTECIMIENTO,PESO,STATUS,USUARIO_CREO,FECHA_CREO,USUARIO_MODIFICO,FECHA_MODIFICO) VALUES('AGU0805','AGUA BONAFONT 1.5 LT','BONAFONT WATER 1.5 LT',1,55,1,1,'amxsab.system@gmail.com',CURRENT_TIMESTAMP,'amxsab.system@gmail.com',CURRENT_TIMESTAMP);
INSERT INTO MATERIAL (NUMERO_PARTE,DESCRIPCION_ES,DESCRIPCION_EN,ID_CATEGORIA_MATERIAL,TIPO_ABASTECIMIENTO,PESO,STATUS,USUARIO_CREO,FECHA_CREO,USUARIO_MODIFICO,FECHA_MODIFICO) VALUES('AGU0806','AGUA BONAFONT 330ML','BONAFONT WATER 330 ML',1,55,1,1,'amxsab.system@gmail.com',CURRENT_TIMESTAMP,'amxsab.system@gmail.com',CURRENT_TIMESTAMP);
INSERT INTO MATERIAL (NUMERO_PARTE,DESCRIPCION_ES,DESCRIPCION_EN,ID_CATEGORIA_MATERIAL,TIPO_ABASTECIMIENTO,PESO,STATUS,USUARIO_CREO,FECHA_CREO,USUARIO_MODIFICO,FECHA_MODIFICO) VALUES('AGU0809','AGUA MINERAL BONAFONT LATA355 ML','CAN OF MINERAL BONAFONT WATER 355ML',1,55,1,1,'amxsab.system@gmail.com',CURRENT_TIMESTAMP,'amxsab.system@gmail.com',CURRENT_TIMESTAMP);
INSERT INTO MATERIAL (NUMERO_PARTE,DESCRIPCION_ES,DESCRIPCION_EN,ID_CATEGORIA_MATERIAL,TIPO_ABASTECIMIENTO,PESO,STATUS,USUARIO_CREO,FECHA_CREO,USUARIO_MODIFICO,FECHA_MODIFICO) VALUES('AGU0810','AGUA SAN PELLEGRINO 250ML','SAN PELLEGRINO WATER 250 ML',1,55,1,1,'amxsab.system@gmail.com',CURRENT_TIMESTAMP,'amxsab.system@gmail.com',CURRENT_TIMESTAMP);
INSERT INTO MATERIAL (NUMERO_PARTE,DESCRIPCION_ES,DESCRIPCION_EN,ID_CATEGORIA_MATERIAL,TIPO_ABASTECIMIENTO,PESO,STATUS,USUARIO_CREO,FECHA_CREO,USUARIO_MODIFICO,FECHA_MODIFICO) VALUES('AGU0811','AGUA NATURAL PET CIEL 1.5 LT','AGUA NATURAL PET CIEL 1.5 LT',1,55,1,1,'amxsab.system@gmail.com',CURRENT_TIMESTAMP,'amxsab.system@gmail.com',CURRENT_TIMESTAMP);
INSERT INTO MATERIAL (NUMERO_PARTE,DESCRIPCION_ES,DESCRIPCION_EN,ID_CATEGORIA_MATERIAL,TIPO_ABASTECIMIENTO,PESO,STATUS,USUARIO_CREO,FECHA_CREO,USUARIO_MODIFICO,FECHA_MODIFICO) VALUES('AGU0812','AGUA NATURAL PET CIEL 355 ML','CIEL NATURAL PET WATER 355ML',1,55,1,1,'amxsab.system@gmail.com',CURRENT_TIMESTAMP,'amxsab.system@gmail.com',CURRENT_TIMESTAMP);
INSERT INTO MATERIAL (NUMERO_PARTE,DESCRIPCION_ES,DESCRIPCION_EN,ID_CATEGORIA_MATERIAL,TIPO_ABASTECIMIENTO,PESO,STATUS,USUARIO_CREO,FECHA_CREO,USUARIO_MODIFICO,FECHA_MODIFICO) VALUES('AGU0813','AGUA MINERAL LATA CIEL 355 ML','AGUA MINERAL LATA CIEL 355 ML',1,55,1,1,'amxsab.system@gmail.com',CURRENT_TIMESTAMP,'amxsab.system@gmail.com',CURRENT_TIMESTAMP);
INSERT INTO MATERIAL (NUMERO_PARTE,DESCRIPCION_ES,DESCRIPCION_EN,ID_CATEGORIA_MATERIAL,TIPO_ABASTECIMIENTO,PESO,STATUS,USUARIO_CREO,FECHA_CREO,USUARIO_MODIFICO,FECHA_MODIFICO) VALUES('AGU0814','AGUA LEVITE PIÑA-COCO 500ML','AGUA LEVITE PIÑA-COCO 500ML',1,55,1,1,'amxsab.system@gmail.com',CURRENT_TIMESTAMP,'amxsab.system@gmail.com',CURRENT_TIMESTAMP);
INSERT INTO MATERIAL (NUMERO_PARTE,DESCRIPCION_ES,DESCRIPCION_EN,ID_CATEGORIA_MATERIAL,TIPO_ABASTECIMIENTO,PESO,STATUS,USUARIO_CREO,FECHA_CREO,USUARIO_MODIFICO,FECHA_MODIFICO) VALUES('AGU0815','VITAMIN WATER 500 MLAGUA VITAMINADA','VITAMIN WATER 500 MLAGUA VITAMINADA',1,55,1,1,'amxsab.system@gmail.com',CURRENT_TIMESTAMP,'amxsab.system@gmail.com',CURRENT_TIMESTAMP);
INSERT INTO MATERIAL (NUMERO_PARTE,DESCRIPCION_ES,DESCRIPCION_EN,ID_CATEGORIA_MATERIAL,TIPO_ABASTECIMIENTO,PESO,STATUS,USUARIO_CREO,FECHA_CREO,USUARIO_MODIFICO,FECHA_MODIFICO) VALUES('AGU0816','AGUA DE COCO ACAPULCOCO 1 LT','AGUA DE COCO ACAPULCO',1,55,1,1,'amxsab.system@gmail.com',CURRENT_TIMESTAMP,'amxsab.system@gmail.com',CURRENT_TIMESTAMP);

INSERT INTO KIT_MASTER (CVE_KIT_MASTER,NOMBRE_ES,NOMBRE_EN,URL_MULTIMEDIA,MIME_TYPE,CONTENEDOR,ID_UNIDAD_MEDIDA,ID_INSTRUCCIONES_NACIONALES,ID_INSTRUCCIONES_INTERNAC,ID_TIPO_KIT,STATUS,USUARIO_CREO,FECHA_CREO,USUARIO_MODIFICO,FECHA_MODIFICO) VALUES('BOT0439', 'BOTANA NRT/ PVG', 'NRT/ PVG SNACK', 'https://aeromexico.com/cms/sites/default/files/hero-image_0.jpg'                                  , 'image/jpeg', 'CONT 1', 81,34,35, 59,1,'amxsab.system@gmail.com',CURRENT_TIMESTAMP,'amxsab.system@gmail.com',CURRENT_TIMESTAMP);
INSERT INTO KIT_MASTER (CVE_KIT_MASTER,NOMBRE_ES,NOMBRE_EN,URL_MULTIMEDIA,MIME_TYPE,CONTENEDOR,ID_UNIDAD_MEDIDA,ID_INSTRUCCIONES_NACIONALES,ID_INSTRUCCIONES_INTERNAC,ID_TIPO_KIT,STATUS,USUARIO_CREO,FECHA_CREO,USUARIO_MODIFICO,FECHA_MODIFICO) VALUES('JAR0302', 'JARRA TÉRMICA DE ACERO INOXIDABLE', 'THERMAL STAINLESS STEEL JAR', 'https://aeromexico.com/cms/sites/default/files/hero-image_0.jpg'   , 'image/jpeg', 'CONT 2', 81,32,37, 59,1,'amxsab.system@gmail.com',CURRENT_TIMESTAMP,'amxsab.system@gmail.com',CURRENT_TIMESTAMP);
INSERT INTO KIT_MASTER (CVE_KIT_MASTER,NOMBRE_ES,NOMBRE_EN,URL_MULTIMEDIA,MIME_TYPE,CONTENEDOR,ID_UNIDAD_MEDIDA,ID_INSTRUCCIONES_NACIONALES,ID_INSTRUCCIONES_INTERNAC,ID_TIPO_KIT,STATUS,USUARIO_CREO,FECHA_CREO,USUARIO_MODIFICO,FECHA_MODIFICO) VALUES('BOT0999', 'BOTANA NRT/ PVG X', 'NRT/ PVG SNACK X', 'https://aeromexico.com/cms/sites/default/files/hero-image_0.jpg'                              , 'image/jpeg', 'CONT 3', 80,34,35, 60,1,'amxsab.system@gmail.com',CURRENT_TIMESTAMP,'amxsab.system@gmail.com',CURRENT_TIMESTAMP);

INSERT INTO MATERIAL_KIT_MASTER (CVE_KIT_MASTER,NUMERO_PARTE,ID_UNIDAD_MEDIDA,ID_INSTRUCCIONES_NACIONALES,ID_INSTRUCCIONES_INTERNAC,CANTIDAD,RECICLABLE,OBSERVACIONES,STATUS,USUARIO_CREO,FECHA_CREO,USUARIO_MODIFICO,FECHA_MODIFICO) VALUES('BOT0439','BOT0439', 81, 34,35, 1, 0, 'SÓLO VUELOS DE ASIA',1,'amxsab.system@gmail.com',CURRENT_TIMESTAMP,'amxsab.system@gmail.com',CURRENT_TIMESTAMP);
INSERT INTO MATERIAL_KIT_MASTER (CVE_KIT_MASTER,NUMERO_PARTE,ID_UNIDAD_MEDIDA,ID_INSTRUCCIONES_NACIONALES,ID_INSTRUCCIONES_INTERNAC,CANTIDAD,RECICLABLE,OBSERVACIONES,STATUS,USUARIO_CREO,FECHA_CREO,USUARIO_MODIFICO,FECHA_MODIFICO) VALUES('JAR0302','JAR0302', 25, 32,37, 1, 0, 'SÓLO VUELOS DE ASIA',1,'amxsab.system@gmail.com',CURRENT_TIMESTAMP,'amxsab.system@gmail.com',CURRENT_TIMESTAMP);
INSERT INTO MATERIAL_KIT_MASTER (CVE_KIT_MASTER,NUMERO_PARTE,ID_UNIDAD_MEDIDA,ID_INSTRUCCIONES_NACIONALES,ID_INSTRUCCIONES_INTERNAC,CANTIDAD,RECICLABLE,OBSERVACIONES,STATUS,USUARIO_CREO,FECHA_CREO,USUARIO_MODIFICO,FECHA_MODIFICO) VALUES('BOT0999','ADE0410', 81, 34,35, 2, 0, 'SÓLO VUELOS DE ASIA',1,'amxsab.system@gmail.com',CURRENT_TIMESTAMP,'amxsab.system@gmail.com',CURRENT_TIMESTAMP);
INSERT INTO MATERIAL_KIT_MASTER (CVE_KIT_MASTER,NUMERO_PARTE,ID_UNIDAD_MEDIDA,ID_INSTRUCCIONES_NACIONALES,ID_INSTRUCCIONES_INTERNAC,CANTIDAD,RECICLABLE,OBSERVACIONES,STATUS,USUARIO_CREO,FECHA_CREO,USUARIO_MODIFICO,FECHA_MODIFICO) VALUES('BOT0999','ADE0412', 81, 34,35, 3, 0, 'SÓLO VUELOS DE ASIA',1,'amxsab.system@gmail.com',CURRENT_TIMESTAMP,'amxsab.system@gmail.com',CURRENT_TIMESTAMP);
INSERT INTO MATERIAL_KIT_MASTER (CVE_KIT_MASTER,NUMERO_PARTE,ID_UNIDAD_MEDIDA,ID_INSTRUCCIONES_NACIONALES,ID_INSTRUCCIONES_INTERNAC,CANTIDAD,RECICLABLE,OBSERVACIONES,STATUS,USUARIO_CREO,FECHA_CREO,USUARIO_MODIFICO,FECHA_MODIFICO) VALUES('BOT0999','ADE0413', 81, 34,35, 4, 0, 'SÓLO VUELOS DE ASIA',1,'amxsab.system@gmail.com',CURRENT_TIMESTAMP,'amxsab.system@gmail.com',CURRENT_TIMESTAMP);

INSERT INTO ESTACION (NOMBRE,CLAVE_IATA,ID_CIUDAD,STATUS,USUARIO_CREO,FECHA_CREO,USUARIO_MODIFICO,FECHA_MODIFICO) VALUES('Ámsterdam Airport Schiphol','AMS',1,1,'amxsab.system@gmail.com',CURRENT_TIMESTAMP,'amxsab.system@gmail.com',CURRENT_TIMESTAMP);
INSERT INTO ESTACION (NOMBRE,CLAVE_IATA,ID_CIUDAD,STATUS,USUARIO_CREO,FECHA_CREO,USUARIO_MODIFICO,FECHA_MODIFICO) VALUES('Aeropuerto Internacional de Austin-Bergstrom','AUS',2,1,'amxsab.system@gmail.com',CURRENT_TIMESTAMP,'amxsab.system@gmail.com',CURRENT_TIMESTAMP);
INSERT INTO ESTACION (NOMBRE,CLAVE_IATA,ID_CIUDAD,STATUS,USUARIO_CREO,FECHA_CREO,USUARIO_MODIFICO,FECHA_MODIFICO) VALUES('Aeropuerto Internacional El Dorado','BOG',3,1,'amxsab.system@gmail.com',CURRENT_TIMESTAMP,'amxsab.system@gmail.com',CURRENT_TIMESTAMP);
INSERT INTO ESTACION (NOMBRE,CLAVE_IATA,ID_CIUDAD,STATUS,USUARIO_CREO,FECHA_CREO,USUARIO_MODIFICO,FECHA_MODIFICO) VALUES('Logan International Airport','BOS',4,1,'amxsab.system@gmail.com',CURRENT_TIMESTAMP,'amxsab.system@gmail.com',CURRENT_TIMESTAMP);
INSERT INTO ESTACION (NOMBRE,CLAVE_IATA,ID_CIUDAD,STATUS,USUARIO_CREO,FECHA_CREO,USUARIO_MODIFICO,FECHA_MODIFICO) VALUES('París Charles de Gaulle Airport','CDG',5,1,'amxsab.system@gmail.com',CURRENT_TIMESTAMP,'amxsab.system@gmail.com',CURRENT_TIMESTAMP);
INSERT INTO ESTACION (NOMBRE,CLAVE_IATA,ID_CIUDAD,STATUS,USUARIO_CREO,FECHA_CREO,USUARIO_MODIFICO,FECHA_MODIFICO) VALUES('Aeropuerto Internacional de Cancún','CUN',6,1,'amxsab.system@gmail.com',CURRENT_TIMESTAMP,'amxsab.system@gmail.com',CURRENT_TIMESTAMP);
INSERT INTO ESTACION (NOMBRE,CLAVE_IATA,ID_CIUDAD,STATUS,USUARIO_CREO,FECHA_CREO,USUARIO_MODIFICO,FECHA_MODIFICO) VALUES('Aeropuerto Internacional de Denver','DEN',7,1,'amxsab.system@gmail.com',CURRENT_TIMESTAMP,'amxsab.system@gmail.com',CURRENT_TIMESTAMP);
INSERT INTO ESTACION (NOMBRE,CLAVE_IATA,ID_CIUDAD,STATUS,USUARIO_CREO,FECHA_CREO,USUARIO_MODIFICO,FECHA_MODIFICO) VALUES('Aeropuerto Internacional de Dallas-Fort Worth','DFW',8,1,'amxsab.system@gmail.com',CURRENT_TIMESTAMP,'amxsab.system@gmail.com',CURRENT_TIMESTAMP);
INSERT INTO ESTACION (NOMBRE,CLAVE_IATA,ID_CIUDAD,STATUS,USUARIO_CREO,FECHA_CREO,USUARIO_MODIFICO,FECHA_MODIFICO) VALUES('Aeropuerto Internacional de Detroit','DTW',9,1,'amxsab.system@gmail.com',CURRENT_TIMESTAMP,'amxsab.system@gmail.com',CURRENT_TIMESTAMP);
INSERT INTO ESTACION (NOMBRE,CLAVE_IATA,ID_CIUDAD,STATUS,USUARIO_CREO,FECHA_CREO,USUARIO_MODIFICO,FECHA_MODIFICO) VALUES('Aeropuerto Internacional Ministro Pistarini','EZE',10,1,'amxsab.system@gmail.com',CURRENT_TIMESTAMP,'amxsab.system@gmail.com',CURRENT_TIMESTAMP);
INSERT INTO ESTACION (NOMBRE,CLAVE_IATA,ID_CIUDAD,STATUS,USUARIO_CREO,FECHA_CREO,USUARIO_MODIFICO,FECHA_MODIFICO) VALUES('Aeropuerto Internacional de Fresno-Yosemite','FAT',11,1,'amxsab.system@gmail.com',CURRENT_TIMESTAMP,'amxsab.system@gmail.com',CURRENT_TIMESTAMP);
INSERT INTO ESTACION (NOMBRE,CLAVE_IATA,ID_CIUDAD,STATUS,USUARIO_CREO,FECHA_CREO,USUARIO_MODIFICO,FECHA_MODIFICO) VALUES('Aeroporto Internacional de São Paulo','GRU',12,1,'amxsab.system@gmail.com',CURRENT_TIMESTAMP,'amxsab.system@gmail.com',CURRENT_TIMESTAMP);
INSERT INTO ESTACION (NOMBRE,CLAVE_IATA,ID_CIUDAD,STATUS,USUARIO_CREO,FECHA_CREO,USUARIO_MODIFICO,FECHA_MODIFICO) VALUES('Aeropuerto Internacional La Aurora de la Ciudad de Guatemala','GUA',13,1,'amxsab.system@gmail.com',CURRENT_TIMESTAMP,'amxsab.system@gmail.com',CURRENT_TIMESTAMP);
INSERT INTO ESTACION (NOMBRE,CLAVE_IATA,ID_CIUDAD,STATUS,USUARIO_CREO,FECHA_CREO,USUARIO_MODIFICO,FECHA_MODIFICO) VALUES('Aeropuerto Internacional José Martí','HAV',14,1,'amxsab.system@gmail.com',CURRENT_TIMESTAMP,'amxsab.system@gmail.com',CURRENT_TIMESTAMP);
INSERT INTO ESTACION (NOMBRE,CLAVE_IATA,ID_CIUDAD,STATUS,USUARIO_CREO,FECHA_CREO,USUARIO_MODIFICO,FECHA_MODIFICO) VALUES('Aeropuerto Internacional de Washington-Dulles','IAD',15,1,'amxsab.system@gmail.com',CURRENT_TIMESTAMP,'amxsab.system@gmail.com',CURRENT_TIMESTAMP);
INSERT INTO ESTACION (NOMBRE,CLAVE_IATA,ID_CIUDAD,STATUS,USUARIO_CREO,FECHA_CREO,USUARIO_MODIFICO,FECHA_MODIFICO) VALUES('Aeropuerto Intercontinental George Bush','IAH',16,1,'amxsab.system@gmail.com',CURRENT_TIMESTAMP,'amxsab.system@gmail.com',CURRENT_TIMESTAMP);
INSERT INTO ESTACION (NOMBRE,CLAVE_IATA,ID_CIUDAD,STATUS,USUARIO_CREO,FECHA_CREO,USUARIO_MODIFICO,FECHA_MODIFICO) VALUES('Aeropuerto Internacional de Incheon','ICN',17,1,'amxsab.system@gmail.com',CURRENT_TIMESTAMP,'amxsab.system@gmail.com',CURRENT_TIMESTAMP);
INSERT INTO ESTACION (NOMBRE,CLAVE_IATA,ID_CIUDAD,STATUS,USUARIO_CREO,FECHA_CREO,USUARIO_MODIFICO,FECHA_MODIFICO) VALUES('Aeropuerto Internacional John F. Kennedy','JFK',18,1,'amxsab.system@gmail.com',CURRENT_TIMESTAMP,'amxsab.system@gmail.com',CURRENT_TIMESTAMP);
INSERT INTO ESTACION (NOMBRE,CLAVE_IATA,ID_CIUDAD,STATUS,USUARIO_CREO,FECHA_CREO,USUARIO_MODIFICO,FECHA_MODIFICO) VALUES('Aeropuerto Internacional McCarran','LAS',19,1,'amxsab.system@gmail.com',CURRENT_TIMESTAMP,'amxsab.system@gmail.com',CURRENT_TIMESTAMP);
INSERT INTO ESTACION (NOMBRE,CLAVE_IATA,ID_CIUDAD,STATUS,USUARIO_CREO,FECHA_CREO,USUARIO_MODIFICO,FECHA_MODIFICO) VALUES('Aeropuerto Internacional de Los Ángeles','LAX',20,1,'amxsab.system@gmail.com',CURRENT_TIMESTAMP,'amxsab.system@gmail.com',CURRENT_TIMESTAMP);
INSERT INTO ESTACION (NOMBRE,CLAVE_IATA,ID_CIUDAD,STATUS,USUARIO_CREO,FECHA_CREO,USUARIO_MODIFICO,FECHA_MODIFICO) VALUES('Aeropuerto de Londres Heathrow','LHR',21,1,'amxsab.system@gmail.com',CURRENT_TIMESTAMP,'amxsab.system@gmail.com',CURRENT_TIMESTAMP);
INSERT INTO ESTACION (NOMBRE,CLAVE_IATA,ID_CIUDAD,STATUS,USUARIO_CREO,FECHA_CREO,USUARIO_MODIFICO,FECHA_MODIFICO) VALUES('Aeropuerto Internacional Jorge Chávez','LIM',22,1,'amxsab.system@gmail.com',CURRENT_TIMESTAMP,'amxsab.system@gmail.com',CURRENT_TIMESTAMP);
INSERT INTO ESTACION (NOMBRE,CLAVE_IATA,ID_CIUDAD,STATUS,USUARIO_CREO,FECHA_CREO,USUARIO_MODIFICO,FECHA_MODIFICO) VALUES('Aeropuerto Adolfo Suárez Madrid-Barajas','MAD',23,1,'amxsab.system@gmail.com',CURRENT_TIMESTAMP,'amxsab.system@gmail.com',CURRENT_TIMESTAMP);
INSERT INTO ESTACION (NOMBRE,CLAVE_IATA,ID_CIUDAD,STATUS,USUARIO_CREO,FECHA_CREO,USUARIO_MODIFICO,FECHA_MODIFICO) VALUES('Aeropuerto Internacional de Orlando','MCO',24,1,'amxsab.system@gmail.com',CURRENT_TIMESTAMP,'amxsab.system@gmail.com',CURRENT_TIMESTAMP);
INSERT INTO ESTACION (NOMBRE,CLAVE_IATA,ID_CIUDAD,STATUS,USUARIO_CREO,FECHA_CREO,USUARIO_MODIFICO,FECHA_MODIFICO) VALUES('Aeropuerto Internacional José María Córdova ','MDE',25,1,'amxsab.system@gmail.com',CURRENT_TIMESTAMP,'amxsab.system@gmail.com',CURRENT_TIMESTAMP);
INSERT INTO ESTACION (NOMBRE,CLAVE_IATA,ID_CIUDAD,STATUS,USUARIO_CREO,FECHA_CREO,USUARIO_MODIFICO,FECHA_MODIFICO) VALUES('Aeropuerto Internacional Augusto C. Sandino','MGA',26,1,'amxsab.system@gmail.com',CURRENT_TIMESTAMP,'amxsab.system@gmail.com',CURRENT_TIMESTAMP);
INSERT INTO ESTACION (NOMBRE,CLAVE_IATA,ID_CIUDAD,STATUS,USUARIO_CREO,FECHA_CREO,USUARIO_MODIFICO,FECHA_MODIFICO) VALUES('Aeropuerto Internacional de Miami','MIA',27,1,'amxsab.system@gmail.com',CURRENT_TIMESTAMP,'amxsab.system@gmail.com',CURRENT_TIMESTAMP);
INSERT INTO ESTACION (NOMBRE,CLAVE_IATA,ID_CIUDAD,STATUS,USUARIO_CREO,FECHA_CREO,USUARIO_MODIFICO,FECHA_MODIFICO) VALUES('Aeropuerto Internacional General Mariano Escobedo','MTY',28,1,'amxsab.system@gmail.com',CURRENT_TIMESTAMP,'amxsab.system@gmail.com',CURRENT_TIMESTAMP);
INSERT INTO ESTACION (NOMBRE,CLAVE_IATA,ID_CIUDAD,STATUS,USUARIO_CREO,FECHA_CREO,USUARIO_MODIFICO,FECHA_MODIFICO) VALUES('Aeropuerto Internacional de Narita','NRT',29,1,'amxsab.system@gmail.com',CURRENT_TIMESTAMP,'amxsab.system@gmail.com',CURRENT_TIMESTAMP);
INSERT INTO ESTACION (NOMBRE,CLAVE_IATA,ID_CIUDAD,STATUS,USUARIO_CREO,FECHA_CREO,USUARIO_MODIFICO,FECHA_MODIFICO) VALUES('Aeropuerto Internacional LA/Ontario','ONT',30,1,'amxsab.system@gmail.com',CURRENT_TIMESTAMP,'amxsab.system@gmail.com',CURRENT_TIMESTAMP);
INSERT INTO ESTACION (NOMBRE,CLAVE_IATA,ID_CIUDAD,STATUS,USUARIO_CREO,FECHA_CREO,USUARIO_MODIFICO,FECHA_MODIFICO) VALUES('Aeropuerto Internacional de Chicago-O´Hare','ORD',31,1,'amxsab.system@gmail.com',CURRENT_TIMESTAMP,'amxsab.system@gmail.com',CURRENT_TIMESTAMP);
INSERT INTO ESTACION (NOMBRE,CLAVE_IATA,ID_CIUDAD,STATUS,USUARIO_CREO,FECHA_CREO,USUARIO_MODIFICO,FECHA_MODIFICO) VALUES('Aeropuerto Internacional de Tocumen','PTY',32,1,'amxsab.system@gmail.com',CURRENT_TIMESTAMP,'amxsab.system@gmail.com',CURRENT_TIMESTAMP);
INSERT INTO ESTACION (NOMBRE,CLAVE_IATA,ID_CIUDAD,STATUS,USUARIO_CREO,FECHA_CREO,USUARIO_MODIFICO,FECHA_MODIFICO) VALUES('Aeropuerto Internacional de Shanghái Pudong','PVG',33,1,'amxsab.system@gmail.com',CURRENT_TIMESTAMP,'amxsab.system@gmail.com',CURRENT_TIMESTAMP);
INSERT INTO ESTACION (NOMBRE,CLAVE_IATA,ID_CIUDAD,STATUS,USUARIO_CREO,FECHA_CREO,USUARIO_MODIFICO,FECHA_MODIFICO) VALUES('Aeropuerto Internacional de El Salvador Monseñor Oscar Arnulfo Romero y Galdámez ','SAL',34,1,'amxsab.system@gmail.com',CURRENT_TIMESTAMP,'amxsab.system@gmail.com',CURRENT_TIMESTAMP);
INSERT INTO ESTACION (NOMBRE,CLAVE_IATA,ID_CIUDAD,STATUS,USUARIO_CREO,FECHA_CREO,USUARIO_MODIFICO,FECHA_MODIFICO) VALUES('Aeropuerto Internacional Ramón Villeda Morales','SAP',35,1,'amxsab.system@gmail.com',CURRENT_TIMESTAMP,'amxsab.system@gmail.com',CURRENT_TIMESTAMP);
INSERT INTO ESTACION (NOMBRE,CLAVE_IATA,ID_CIUDAD,STATUS,USUARIO_CREO,FECHA_CREO,USUARIO_MODIFICO,FECHA_MODIFICO) VALUES('Aeropuerto Internacional de San Antonio','SAT',36,1,'amxsab.system@gmail.com',CURRENT_TIMESTAMP,'amxsab.system@gmail.com',CURRENT_TIMESTAMP);
INSERT INTO ESTACION (NOMBRE,CLAVE_IATA,ID_CIUDAD,STATUS,USUARIO_CREO,FECHA_CREO,USUARIO_MODIFICO,FECHA_MODIFICO) VALUES('Aeropuerto Internacional Comodoro Arturo Merino Benítez','SCL',37,1,'amxsab.system@gmail.com',CURRENT_TIMESTAMP,'amxsab.system@gmail.com',CURRENT_TIMESTAMP);
INSERT INTO ESTACION (NOMBRE,CLAVE_IATA,ID_CIUDAD,STATUS,USUARIO_CREO,FECHA_CREO,USUARIO_MODIFICO,FECHA_MODIFICO) VALUES('Aeropuerto Internacional Las Américas','SDQ',38,1,'amxsab.system@gmail.com',CURRENT_TIMESTAMP,'amxsab.system@gmail.com',CURRENT_TIMESTAMP);
INSERT INTO ESTACION (NOMBRE,CLAVE_IATA,ID_CIUDAD,STATUS,USUARIO_CREO,FECHA_CREO,USUARIO_MODIFICO,FECHA_MODIFICO) VALUES('Aeropuerto Internacional de San Francisco','SFO',39,1,'amxsab.system@gmail.com',CURRENT_TIMESTAMP,'amxsab.system@gmail.com',CURRENT_TIMESTAMP);
INSERT INTO ESTACION (NOMBRE,CLAVE_IATA,ID_CIUDAD,STATUS,USUARIO_CREO,FECHA_CREO,USUARIO_MODIFICO,FECHA_MODIFICO) VALUES('Aeropuerto Internacional Juan Santamaría','SJO',40,1,'amxsab.system@gmail.com',CURRENT_TIMESTAMP,'amxsab.system@gmail.com',CURRENT_TIMESTAMP);
INSERT INTO ESTACION (NOMBRE,CLAVE_IATA,ID_CIUDAD,STATUS,USUARIO_CREO,FECHA_CREO,USUARIO_MODIFICO,FECHA_MODIFICO) VALUES('Aeropuerto Internacional de Sacramento','SMF',41,1,'amxsab.system@gmail.com',CURRENT_TIMESTAMP,'amxsab.system@gmail.com',CURRENT_TIMESTAMP);
INSERT INTO ESTACION (NOMBRE,CLAVE_IATA,ID_CIUDAD,STATUS,USUARIO_CREO,FECHA_CREO,USUARIO_MODIFICO,FECHA_MODIFICO) VALUES('Aeropuerto Internacional de Torreón Francisco Sarabia','TRC',42,1,'amxsab.system@gmail.com',CURRENT_TIMESTAMP,'amxsab.system@gmail.com',CURRENT_TIMESTAMP);
INSERT INTO ESTACION (NOMBRE,CLAVE_IATA,ID_CIUDAD,STATUS,USUARIO_CREO,FECHA_CREO,USUARIO_MODIFICO,FECHA_MODIFICO) VALUES('Aeropuerto internacional Pierre Elliott Trudeau de Montreal','YUL',43,1,'amxsab.system@gmail.com',CURRENT_TIMESTAMP,'amxsab.system@gmail.com',CURRENT_TIMESTAMP);
INSERT INTO ESTACION (NOMBRE,CLAVE_IATA,ID_CIUDAD,STATUS,USUARIO_CREO,FECHA_CREO,USUARIO_MODIFICO,FECHA_MODIFICO) VALUES('Aeropuerto Internacional de Vancouver','YVR',44,1,'amxsab.system@gmail.com',CURRENT_TIMESTAMP,'amxsab.system@gmail.com',CURRENT_TIMESTAMP);
INSERT INTO ESTACION (NOMBRE,CLAVE_IATA,ID_CIUDAD,STATUS,USUARIO_CREO,FECHA_CREO,USUARIO_MODIFICO,FECHA_MODIFICO) VALUES('Aeropuerto Internacional de Calgary','YYC',45,1,'amxsab.system@gmail.com',CURRENT_TIMESTAMP,'amxsab.system@gmail.com',CURRENT_TIMESTAMP);
INSERT INTO ESTACION (NOMBRE,CLAVE_IATA,ID_CIUDAD,STATUS,USUARIO_CREO,FECHA_CREO,USUARIO_MODIFICO,FECHA_MODIFICO) VALUES('Aeropuerto Internacional Toronto Pearson','YYZ',46,1,'amxsab.system@gmail.com',CURRENT_TIMESTAMP,'amxsab.system@gmail.com',CURRENT_TIMESTAMP);
INSERT INTO ESTACION (NOMBRE,CLAVE_IATA,ID_CIUDAD,STATUS,USUARIO_CREO,FECHA_CREO,USUARIO_MODIFICO,FECHA_MODIFICO) VALUES('Aeropuerto Internacional de San José Norman Y. Mineta','SJC',47,1,'amxsab.system@gmail.com',CURRENT_TIMESTAMP,'amxsab.system@gmail.com',CURRENT_TIMESTAMP);
INSERT INTO ESTACION (NOMBRE,CLAVE_IATA,ID_CIUDAD,STATUS,USUARIO_CREO,FECHA_CREO,USUARIO_MODIFICO,FECHA_MODIFICO) VALUES('Aeropuerto Internacional Mariscal Sucre','UIO',48,1,'amxsab.system@gmail.com',CURRENT_TIMESTAMP,'amxsab.system@gmail.com',CURRENT_TIMESTAMP);
INSERT INTO ESTACION (NOMBRE,CLAVE_IATA,ID_CIUDAD,STATUS,USUARIO_CREO,FECHA_CREO,USUARIO_MODIFICO,FECHA_MODIFICO) VALUES('Aeropuerto Internacional de Guadalajara Miguel Hidalgo y Costilla','GDL',49,1,'amxsab.system@gmail.com',CURRENT_TIMESTAMP,'amxsab.system@gmail.com',CURRENT_TIMESTAMP);
INSERT INTO ESTACION (NOMBRE,CLAVE_IATA,ID_CIUDAD,STATUS,USUARIO_CREO,FECHA_CREO,USUARIO_MODIFICO,FECHA_MODIFICO) VALUES('Aeropuerto Internacional Hartsfield-Jackson','ATL',50,1,'amxsab.system@gmail.com',CURRENT_TIMESTAMP,'amxsab.system@gmail.com',CURRENT_TIMESTAMP);
INSERT INTO ESTACION (NOMBRE,CLAVE_IATA,ID_CIUDAD,STATUS,USUARIO_CREO,FECHA_CREO,USUARIO_MODIFICO,FECHA_MODIFICO) VALUES('Aeropuerto Internacional Del Bajío','BJX',51,1,'amxsab.system@gmail.com',CURRENT_TIMESTAMP,'amxsab.system@gmail.com',CURRENT_TIMESTAMP);
INSERT INTO ESTACION (NOMBRE,CLAVE_IATA,ID_CIUDAD,STATUS,USUARIO_CREO,FECHA_CREO,USUARIO_MODIFICO,FECHA_MODIFICO) VALUES('Aeropuerto Internacional General Juan N. Álvarez','ACA',52,1,'amxsab.system@gmail.com',CURRENT_TIMESTAMP,'amxsab.system@gmail.com',CURRENT_TIMESTAMP);
INSERT INTO ESTACION (NOMBRE,CLAVE_IATA,ID_CIUDAD,STATUS,USUARIO_CREO,FECHA_CREO,USUARIO_MODIFICO,FECHA_MODIFICO) VALUES('Aeropuerto Internacional Lic. Jesús Terán Peredo','AGU',53,1,'amxsab.system@gmail.com',CURRENT_TIMESTAMP,'amxsab.system@gmail.com',CURRENT_TIMESTAMP);
INSERT INTO ESTACION (NOMBRE,CLAVE_IATA,ID_CIUDAD,STATUS,USUARIO_CREO,FECHA_CREO,USUARIO_MODIFICO,FECHA_MODIFICO) VALUES('Aeropuerto Internacional Del Bajío ','BJX',54,1,'amxsab.system@gmail.com',CURRENT_TIMESTAMP,'amxsab.system@gmail.com',CURRENT_TIMESTAMP);
INSERT INTO ESTACION (NOMBRE,CLAVE_IATA,ID_CIUDAD,STATUS,USUARIO_CREO,FECHA_CREO,USUARIO_MODIFICO,FECHA_MODIFICO) VALUES('Aeropuerto Internacional de Ciudad Obregón','CEN',55,1,'amxsab.system@gmail.com',CURRENT_TIMESTAMP,'amxsab.system@gmail.com',CURRENT_TIMESTAMP);
INSERT INTO ESTACION (NOMBRE,CLAVE_IATA,ID_CIUDAD,STATUS,USUARIO_CREO,FECHA_CREO,USUARIO_MODIFICO,FECHA_MODIFICO) VALUES('Aeropuerto Internacional Abraham González','CJS',56,1,'amxsab.system@gmail.com',CURRENT_TIMESTAMP,'amxsab.system@gmail.com',CURRENT_TIMESTAMP);
INSERT INTO ESTACION (NOMBRE,CLAVE_IATA,ID_CIUDAD,STATUS,USUARIO_CREO,FECHA_CREO,USUARIO_MODIFICO,FECHA_MODIFICO) VALUES('Aeropuerto Internacional de Ciudad del Carmen','CME',57,1,'amxsab.system@gmail.com',CURRENT_TIMESTAMP,'amxsab.system@gmail.com',CURRENT_TIMESTAMP);
INSERT INTO ESTACION (NOMBRE,CLAVE_IATA,ID_CIUDAD,STATUS,USUARIO_CREO,FECHA_CREO,USUARIO_MODIFICO,FECHA_MODIFICO) VALUES('Aeropuerto Internacional Ingeniero Alberto Acuña Ongay','CPE',58,1,'amxsab.system@gmail.com',CURRENT_TIMESTAMP,'amxsab.system@gmail.com',CURRENT_TIMESTAMP);
INSERT INTO ESTACION (NOMBRE,CLAVE_IATA,ID_CIUDAD,STATUS,USUARIO_CREO,FECHA_CREO,USUARIO_MODIFICO,FECHA_MODIFICO) VALUES('Aeropuerto Internacional Federal de Culiacán','CUL',59,1,'amxsab.system@gmail.com',CURRENT_TIMESTAMP,'amxsab.system@gmail.com',CURRENT_TIMESTAMP);
INSERT INTO ESTACION (NOMBRE,CLAVE_IATA,ID_CIUDAD,STATUS,USUARIO_CREO,FECHA_CREO,USUARIO_MODIFICO,FECHA_MODIFICO) VALUES('Aeropuerto Internacional de Cancún','CUN',60,1,'amxsab.system@gmail.com',CURRENT_TIMESTAMP,'amxsab.system@gmail.com',CURRENT_TIMESTAMP);
INSERT INTO ESTACION (NOMBRE,CLAVE_IATA,ID_CIUDAD,STATUS,USUARIO_CREO,FECHA_CREO,USUARIO_MODIFICO,FECHA_MODIFICO) VALUES('Aeropuerto Internacional General Roberto Fierro Villalobos','CUU',61,1,'amxsab.system@gmail.com',CURRENT_TIMESTAMP,'amxsab.system@gmail.com',CURRENT_TIMESTAMP);
INSERT INTO ESTACION (NOMBRE,CLAVE_IATA,ID_CIUDAD,STATUS,USUARIO_CREO,FECHA_CREO,USUARIO_MODIFICO,FECHA_MODIFICO) VALUES('Aeropuerto Internacional de Cozumel','CZM',62,1,'amxsab.system@gmail.com',CURRENT_TIMESTAMP,'amxsab.system@gmail.com',CURRENT_TIMESTAMP);
INSERT INTO ESTACION (NOMBRE,CLAVE_IATA,ID_CIUDAD,STATUS,USUARIO_CREO,FECHA_CREO,USUARIO_MODIFICO,FECHA_MODIFICO) VALUES('Aeropuerto Internacional Guadalupe Victoria','DGO',63,1,'amxsab.system@gmail.com',CURRENT_TIMESTAMP,'amxsab.system@gmail.com',CURRENT_TIMESTAMP);
INSERT INTO ESTACION (NOMBRE,CLAVE_IATA,ID_CIUDAD,STATUS,USUARIO_CREO,FECHA_CREO,USUARIO_MODIFICO,FECHA_MODIFICO) VALUES('Aeropuerto Internacional de Guadalajara Miguel Hidalgo y Costilla','GDL',64,1,'amxsab.system@gmail.com',CURRENT_TIMESTAMP,'amxsab.system@gmail.com',CURRENT_TIMESTAMP);
INSERT INTO ESTACION (NOMBRE,CLAVE_IATA,ID_CIUDAD,STATUS,USUARIO_CREO,FECHA_CREO,USUARIO_MODIFICO,FECHA_MODIFICO) VALUES('Aeropuerto Internacional General Ignacio Pesqueira García','HMO',65,1,'amxsab.system@gmail.com',CURRENT_TIMESTAMP,'amxsab.system@gmail.com',CURRENT_TIMESTAMP);
INSERT INTO ESTACION (NOMBRE,CLAVE_IATA,ID_CIUDAD,STATUS,USUARIO_CREO,FECHA_CREO,USUARIO_MODIFICO,FECHA_MODIFICO) VALUES('Aeropuerto Internacional de Bahías de Huatulco','HUX',66,1,'amxsab.system@gmail.com',CURRENT_TIMESTAMP,'amxsab.system@gmail.com',CURRENT_TIMESTAMP);
INSERT INTO ESTACION (NOMBRE,CLAVE_IATA,ID_CIUDAD,STATUS,USUARIO_CREO,FECHA_CREO,USUARIO_MODIFICO,FECHA_MODIFICO) VALUES('Aeropuerto Internacional Manuel Márquez de León','LAP',67,1,'amxsab.system@gmail.com',CURRENT_TIMESTAMP,'amxsab.system@gmail.com',CURRENT_TIMESTAMP);
INSERT INTO ESTACION (NOMBRE,CLAVE_IATA,ID_CIUDAD,STATUS,USUARIO_CREO,FECHA_CREO,USUARIO_MODIFICO,FECHA_MODIFICO) VALUES('Aeropuerto Internacional Federal del Valle del Fuerte','LMM',68,1,'amxsab.system@gmail.com',CURRENT_TIMESTAMP,'amxsab.system@gmail.com',CURRENT_TIMESTAMP);
INSERT INTO ESTACION (NOMBRE,CLAVE_IATA,ID_CIUDAD,STATUS,USUARIO_CREO,FECHA_CREO,USUARIO_MODIFICO,FECHA_MODIFICO) VALUES('Aeropuerto Internacional General Servando Canales','MAM',69,1,'amxsab.system@gmail.com',CURRENT_TIMESTAMP,'amxsab.system@gmail.com',CURRENT_TIMESTAMP);
INSERT INTO ESTACION (NOMBRE,CLAVE_IATA,ID_CIUDAD,STATUS,USUARIO_CREO,FECHA_CREO,USUARIO_MODIFICO,FECHA_MODIFICO) VALUES('Aeropuerto Internacional Manuel Crescencio Rejón','MID',70,1,'amxsab.system@gmail.com',CURRENT_TIMESTAMP,'amxsab.system@gmail.com',CURRENT_TIMESTAMP);
INSERT INTO ESTACION (NOMBRE,CLAVE_IATA,ID_CIUDAD,STATUS,USUARIO_CREO,FECHA_CREO,USUARIO_MODIFICO,FECHA_MODIFICO) VALUES('Aeropuerto Internacional General Francisco Mujica','MLM',71,1,'amxsab.system@gmail.com',CURRENT_TIMESTAMP,'amxsab.system@gmail.com',CURRENT_TIMESTAMP);
INSERT INTO ESTACION (NOMBRE,CLAVE_IATA,ID_CIUDAD,STATUS,USUARIO_CREO,FECHA_CREO,USUARIO_MODIFICO,FECHA_MODIFICO) VALUES('Aeropuerto Internacional de Minatitlán','MTT',72,1,'amxsab.system@gmail.com',CURRENT_TIMESTAMP,'amxsab.system@gmail.com',CURRENT_TIMESTAMP);
INSERT INTO ESTACION (NOMBRE,CLAVE_IATA,ID_CIUDAD,STATUS,USUARIO_CREO,FECHA_CREO,USUARIO_MODIFICO,FECHA_MODIFICO) VALUES('Aeropuerto Internacional General Mariano Escobedo','MTY',73,1,'amxsab.system@gmail.com',CURRENT_TIMESTAMP,'amxsab.system@gmail.com',CURRENT_TIMESTAMP);
INSERT INTO ESTACION (NOMBRE,CLAVE_IATA,ID_CIUDAD,STATUS,USUARIO_CREO,FECHA_CREO,USUARIO_MODIFICO,FECHA_MODIFICO) VALUES('Aeropuerto Internacional General Rodolfo Sánchez Taboada','MXL',74,1,'amxsab.system@gmail.com',CURRENT_TIMESTAMP,'amxsab.system@gmail.com',CURRENT_TIMESTAMP);
INSERT INTO ESTACION (NOMBRE,CLAVE_IATA,ID_CIUDAD,STATUS,USUARIO_CREO,FECHA_CREO,USUARIO_MODIFICO,FECHA_MODIFICO) VALUES('Aeropuerto Internacional General Rafael Buelna','MZT',75,1,'amxsab.system@gmail.com',CURRENT_TIMESTAMP,'amxsab.system@gmail.com',CURRENT_TIMESTAMP);
INSERT INTO ESTACION (NOMBRE,CLAVE_IATA,ID_CIUDAD,STATUS,USUARIO_CREO,FECHA_CREO,USUARIO_MODIFICO,FECHA_MODIFICO) VALUES('Aeropuerto Internacional Quetzalcóatl','NDL',76,1,'amxsab.system@gmail.com',CURRENT_TIMESTAMP,'amxsab.system@gmail.com',CURRENT_TIMESTAMP);
INSERT INTO ESTACION (NOMBRE,CLAVE_IATA,ID_CIUDAD,STATUS,USUARIO_CREO,FECHA_CREO,USUARIO_MODIFICO,FECHA_MODIFICO) VALUES('Aeropuerto Internacional Xoxocotlán','OAX',77,1,'amxsab.system@gmail.com',CURRENT_TIMESTAMP,'amxsab.system@gmail.com',CURRENT_TIMESTAMP);
INSERT INTO ESTACION (NOMBRE,CLAVE_IATA,ID_CIUDAD,STATUS,USUARIO_CREO,FECHA_CREO,USUARIO_MODIFICO,FECHA_MODIFICO) VALUES('Aeropuerto Internacional de Puebla ','PBC',78,1,'amxsab.system@gmail.com',CURRENT_TIMESTAMP,'amxsab.system@gmail.com',CURRENT_TIMESTAMP);
INSERT INTO ESTACION (NOMBRE,CLAVE_IATA,ID_CIUDAD,STATUS,USUARIO_CREO,FECHA_CREO,USUARIO_MODIFICO,FECHA_MODIFICO) VALUES('Aeropuerto Internacional Licenciado Gustavo Díaz Ordaz','PVR',79,1,'amxsab.system@gmail.com',CURRENT_TIMESTAMP,'amxsab.system@gmail.com',CURRENT_TIMESTAMP);
INSERT INTO ESTACION (NOMBRE,CLAVE_IATA,ID_CIUDAD,STATUS,USUARIO_CREO,FECHA_CREO,USUARIO_MODIFICO,FECHA_MODIFICO) VALUES('Aeropuerto Intercontinental de Querétaro','QRO',80,1,'amxsab.system@gmail.com',CURRENT_TIMESTAMP,'amxsab.system@gmail.com',CURRENT_TIMESTAMP);
INSERT INTO ESTACION (NOMBRE,CLAVE_IATA,ID_CIUDAD,STATUS,USUARIO_CREO,FECHA_CREO,USUARIO_MODIFICO,FECHA_MODIFICO) VALUES('Aeropuerto Internacional General Lucio Blanco','REX',81,1,'amxsab.system@gmail.com',CURRENT_TIMESTAMP,'amxsab.system@gmail.com',CURRENT_TIMESTAMP);
INSERT INTO ESTACION (NOMBRE,CLAVE_IATA,ID_CIUDAD,STATUS,USUARIO_CREO,FECHA_CREO,USUARIO_MODIFICO,FECHA_MODIFICO) VALUES('Aeropuerto Internacional de Los Cabos','SJD',82,1,'amxsab.system@gmail.com',CURRENT_TIMESTAMP,'amxsab.system@gmail.com',CURRENT_TIMESTAMP);
INSERT INTO ESTACION (NOMBRE,CLAVE_IATA,ID_CIUDAD,STATUS,USUARIO_CREO,FECHA_CREO,USUARIO_MODIFICO,FECHA_MODIFICO) VALUES('Aeropuerto Internacional Ponciano Arriaga','SLP',83,1,'amxsab.system@gmail.com',CURRENT_TIMESTAMP,'amxsab.system@gmail.com',CURRENT_TIMESTAMP);
INSERT INTO ESTACION (NOMBRE,CLAVE_IATA,ID_CIUDAD,STATUS,USUARIO_CREO,FECHA_CREO,USUARIO_MODIFICO,FECHA_MODIFICO) VALUES('Aeropuerto Internacional Plan de Guadalupe','SLW',84,1,'amxsab.system@gmail.com',CURRENT_TIMESTAMP,'amxsab.system@gmail.com',CURRENT_TIMESTAMP);
INSERT INTO ESTACION (NOMBRE,CLAVE_IATA,ID_CIUDAD,STATUS,USUARIO_CREO,FECHA_CREO,USUARIO_MODIFICO,FECHA_MODIFICO) VALUES('Aeropuerto Internacional General Francisco Javier Mina','TAM',85,1,'amxsab.system@gmail.com',CURRENT_TIMESTAMP,'amxsab.system@gmail.com',CURRENT_TIMESTAMP);
INSERT INTO ESTACION (NOMBRE,CLAVE_IATA,ID_CIUDAD,STATUS,USUARIO_CREO,FECHA_CREO,USUARIO_MODIFICO,FECHA_MODIFICO) VALUES('Aeropuerto Internacional de Tapachula','TAP',86,1,'amxsab.system@gmail.com',CURRENT_TIMESTAMP,'amxsab.system@gmail.com',CURRENT_TIMESTAMP);
INSERT INTO ESTACION (NOMBRE,CLAVE_IATA,ID_CIUDAD,STATUS,USUARIO_CREO,FECHA_CREO,USUARIO_MODIFICO,FECHA_MODIFICO) VALUES('Aeropuerto Internacional de Tuxtla Gutiérrez','TGZ',87,1,'amxsab.system@gmail.com',CURRENT_TIMESTAMP,'amxsab.system@gmail.com',CURRENT_TIMESTAMP);
INSERT INTO ESTACION (NOMBRE,CLAVE_IATA,ID_CIUDAD,STATUS,USUARIO_CREO,FECHA_CREO,USUARIO_MODIFICO,FECHA_MODIFICO) VALUES('Aeropuerto Internacional General Abelardo L. Rodríguez','TIJ',88,1,'amxsab.system@gmail.com',CURRENT_TIMESTAMP,'amxsab.system@gmail.com',CURRENT_TIMESTAMP);
INSERT INTO ESTACION (NOMBRE,CLAVE_IATA,ID_CIUDAD,STATUS,USUARIO_CREO,FECHA_CREO,USUARIO_MODIFICO,FECHA_MODIFICO) VALUES('Aeropuerto Internacional Licenciado Adolfo López Mateos','TLC',89,1,'amxsab.system@gmail.com',CURRENT_TIMESTAMP,'amxsab.system@gmail.com',CURRENT_TIMESTAMP);
INSERT INTO ESTACION (NOMBRE,CLAVE_IATA,ID_CIUDAD,STATUS,USUARIO_CREO,FECHA_CREO,USUARIO_MODIFICO,FECHA_MODIFICO) VALUES('Aeropuerto Internacional de Torreón Francisco Sarabia','TRC',90,1,'amxsab.system@gmail.com',CURRENT_TIMESTAMP,'amxsab.system@gmail.com',CURRENT_TIMESTAMP);
INSERT INTO ESTACION (NOMBRE,CLAVE_IATA,ID_CIUDAD,STATUS,USUARIO_CREO,FECHA_CREO,USUARIO_MODIFICO,FECHA_MODIFICO) VALUES('Aeropuerto Internacional General Heriberto Jara','VER',91,1,'amxsab.system@gmail.com',CURRENT_TIMESTAMP,'amxsab.system@gmail.com',CURRENT_TIMESTAMP);
INSERT INTO ESTACION (NOMBRE,CLAVE_IATA,ID_CIUDAD,STATUS,USUARIO_CREO,FECHA_CREO,USUARIO_MODIFICO,FECHA_MODIFICO) VALUES('Aeropuerto Internacional Carlos Rovirosa Pérez','VSA',92,1,'amxsab.system@gmail.com',CURRENT_TIMESTAMP,'amxsab.system@gmail.com',CURRENT_TIMESTAMP);
INSERT INTO ESTACION (NOMBRE,CLAVE_IATA,ID_CIUDAD,STATUS,USUARIO_CREO,FECHA_CREO,USUARIO_MODIFICO,FECHA_MODIFICO) VALUES('Aeropuerto Internacional General Leobardo C. Ruiz','ZCL',93,1,'amxsab.system@gmail.com',CURRENT_TIMESTAMP,'amxsab.system@gmail.com',CURRENT_TIMESTAMP);
INSERT INTO ESTACION (NOMBRE,CLAVE_IATA,ID_CIUDAD,STATUS,USUARIO_CREO,FECHA_CREO,USUARIO_MODIFICO,FECHA_MODIFICO) VALUES('Aeropuerto Internacional de Ixtapa-Zihuatanejo','ZIH',94,1,'amxsab.system@gmail.com',CURRENT_TIMESTAMP,'amxsab.system@gmail.com',CURRENT_TIMESTAMP);
INSERT INTO ESTACION (NOMBRE,CLAVE_IATA,ID_CIUDAD,STATUS,USUARIO_CREO,FECHA_CREO,USUARIO_MODIFICO,FECHA_MODIFICO) VALUES('Aeropuerto Internacional Playa de Oro','ZLO',95,1,'amxsab.system@gmail.com',CURRENT_TIMESTAMP,'amxsab.system@gmail.com',CURRENT_TIMESTAMP);
INSERT INTO ESTACION (NOMBRE,CLAVE_IATA,ID_CIUDAD,STATUS,USUARIO_CREO,FECHA_CREO,USUARIO_MODIFICO,FECHA_MODIFICO) VALUES('Aeropuerto Internacional de la Ciudad de México','MEX',96,1,'amxsab.system@gmail.com',CURRENT_TIMESTAMP,'amxsab.system@gmail.com',CURRENT_TIMESTAMP);
INSERT INTO ESTACION (NOMBRE,CLAVE_IATA,ID_CIUDAD,STATUS,USUARIO_CREO,FECHA_CREO,USUARIO_MODIFICO,FECHA_MODIFICO) VALUES('Seattle-Tacoma International Airport','SEA',97,1,'amxsab.system@gmail.com',CURRENT_TIMESTAMP,'amxsab.system@gmail.com',CURRENT_TIMESTAMP);
INSERT INTO ESTACION (NOMBRE,CLAVE_IATA,ID_CIUDAD,STATUS,USUARIO_CREO,FECHA_CREO,USUARIO_MODIFICO,FECHA_MODIFICO) VALUES('Aeropuerto Internacional de Portland','PDX',98,1,'amxsab.system@gmail.com',CURRENT_TIMESTAMP,'amxsab.system@gmail.com',CURRENT_TIMESTAMP);

INSERT INTO PRODUCTO (NOMBRE,STATUS,USUARIO_CREO,FECHA_CREO,USUARIO_MODIFICO,FECHA_MODIFICO) VALUES('240',1,'amxsab.system@gmail.com',CURRENT_TIMESTAMP,'amxsab.system@gmail.com',CURRENT_TIMESTAMP);
INSERT INTO PRODUCTO (NOMBRE,STATUS,USUARIO_CREO,FECHA_CREO,USUARIO_MODIFICO,FECHA_MODIFICO) VALUES('300',1,'amxsab.system@gmail.com',CURRENT_TIMESTAMP,'amxsab.system@gmail.com',CURRENT_TIMESTAMP);
INSERT INTO PRODUCTO (NOMBRE,STATUS,USUARIO_CREO,FECHA_CREO,USUARIO_MODIFICO,FECHA_MODIFICO) VALUES('480',1,'amxsab.system@gmail.com',CURRENT_TIMESTAMP,'amxsab.system@gmail.com',CURRENT_TIMESTAMP);
INSERT INTO PRODUCTO (NOMBRE,STATUS,USUARIO_CREO,FECHA_CREO,USUARIO_MODIFICO,FECHA_MODIFICO) VALUES('480S',1,'amxsab.system@gmail.com',CURRENT_TIMESTAMP,'amxsab.system@gmail.com',CURRENT_TIMESTAMP);
INSERT INTO PRODUCTO (NOMBRE,STATUS,USUARIO_CREO,FECHA_CREO,USUARIO_MODIFICO,FECHA_MODIFICO) VALUES('720',1,'amxsab.system@gmail.com',CURRENT_TIMESTAMP,'amxsab.system@gmail.com',CURRENT_TIMESTAMP);
INSERT INTO PRODUCTO (NOMBRE,STATUS,USUARIO_CREO,FECHA_CREO,USUARIO_MODIFICO,FECHA_MODIFICO) VALUES('900',1,'amxsab.system@gmail.com',CURRENT_TIMESTAMP,'amxsab.system@gmail.com',CURRENT_TIMESTAMP);

INSERT INTO MODELO_AVION (MODELO,DESCRIPCION,ID_TIPO_CABINA,ID_COMPANIA,ID_FABRICANTE,STATUS,USUARIO_CREO,FECHA_CREO,USUARIO_MODIFICO,FECHA_MODIFICO) VALUES('B787/ 9', '', 5, 1,4,1,'amxsab.system@gmail.com',CURRENT_TIMESTAMP,'amxsab.system@gmail.com',CURRENT_TIMESTAMP);
INSERT INTO MODELO_AVION (MODELO,DESCRIPCION,ID_TIPO_CABINA,ID_COMPANIA,ID_FABRICANTE,STATUS,USUARIO_CREO,FECHA_CREO,USUARIO_MODIFICO,FECHA_MODIFICO) VALUES('B787/ 8', '', 5, 1,4,1,'amxsab.system@gmail.com',CURRENT_TIMESTAMP,'amxsab.system@gmail.com',CURRENT_TIMESTAMP);
INSERT INTO MODELO_AVION (MODELO,DESCRIPCION,ID_TIPO_CABINA,ID_COMPANIA,ID_FABRICANTE,STATUS,USUARIO_CREO,FECHA_CREO,USUARIO_MODIFICO,FECHA_MODIFICO) VALUES('B777', '', 5, 1,4,1,'amxsab.system@gmail.com',CURRENT_TIMESTAMP,'amxsab.system@gmail.com',CURRENT_TIMESTAMP);
INSERT INTO MODELO_AVION (MODELO,DESCRIPCION,ID_TIPO_CABINA,ID_COMPANIA,ID_FABRICANTE,STATUS,USUARIO_CREO,FECHA_CREO,USUARIO_MODIFICO,FECHA_MODIFICO) VALUES('B737/ 800', '', 5, 1,4,1,'amxsab.system@gmail.com',CURRENT_TIMESTAMP,'amxsab.system@gmail.com',CURRENT_TIMESTAMP);
INSERT INTO MODELO_AVION (MODELO,DESCRIPCION,ID_TIPO_CABINA,ID_COMPANIA,ID_FABRICANTE,STATUS,USUARIO_CREO,FECHA_CREO,USUARIO_MODIFICO,FECHA_MODIFICO) VALUES('B787/ 800', '', 5, 1,4,1,'amxsab.system@gmail.com',CURRENT_TIMESTAMP,'amxsab.system@gmail.com',CURRENT_TIMESTAMP);
INSERT INTO MODELO_AVION (MODELO,DESCRIPCION,ID_TIPO_CABINA,ID_COMPANIA,ID_FABRICANTE,STATUS,USUARIO_CREO,FECHA_CREO,USUARIO_MODIFICO,FECHA_MODIFICO) VALUES('B737/ 700', '', 5, 1,4,1,'amxsab.system@gmail.com',CURRENT_TIMESTAMP,'amxsab.system@gmail.com',CURRENT_TIMESTAMP);
INSERT INTO MODELO_AVION (MODELO,DESCRIPCION,ID_TIPO_CABINA,ID_COMPANIA,ID_FABRICANTE,STATUS,USUARIO_CREO,FECHA_CREO,USUARIO_MODIFICO,FECHA_MODIFICO) VALUES('ERJ 190', '', 6, 1,3,1,'amxsab.system@gmail.com',CURRENT_TIMESTAMP,'amxsab.system@gmail.com',CURRENT_TIMESTAMP);
INSERT INTO MODELO_AVION (MODELO,DESCRIPCION,ID_TIPO_CABINA,ID_COMPANIA,ID_FABRICANTE,STATUS,USUARIO_CREO,FECHA_CREO,USUARIO_MODIFICO,FECHA_MODIFICO) VALUES('ERJ 170', '', 6, 1,3,1,'amxsab.system@gmail.com',CURRENT_TIMESTAMP,'amxsab.system@gmail.com',CURRENT_TIMESTAMP);
INSERT INTO MODELO_AVION (MODELO,DESCRIPCION,ID_TIPO_CABINA,ID_COMPANIA,ID_FABRICANTE,STATUS,USUARIO_CREO,FECHA_CREO,USUARIO_MODIFICO,FECHA_MODIFICO) VALUES('EMB170', '', 6, 1,3,1,'amxsab.system@gmail.com',CURRENT_TIMESTAMP,'amxsab.system@gmail.com',CURRENT_TIMESTAMP);
INSERT INTO MODELO_AVION (MODELO,DESCRIPCION,ID_TIPO_CABINA,ID_COMPANIA,ID_FABRICANTE,STATUS,USUARIO_CREO,FECHA_CREO,USUARIO_MODIFICO,FECHA_MODIFICO) VALUES('EMB190', '', 6, 1,3,1,'amxsab.system@gmail.com',CURRENT_TIMESTAMP,'amxsab.system@gmail.com',CURRENT_TIMESTAMP);
INSERT INTO MODELO_AVION (MODELO,DESCRIPCION,ID_TIPO_CABINA,ID_COMPANIA,ID_FABRICANTE,STATUS,USUARIO_CREO,FECHA_CREO,USUARIO_MODIFICO,FECHA_MODIFICO) VALUES('ERJ145', '', 6, 2,3,1,'amxsab.system@gmail.com',CURRENT_TIMESTAMP,'amxsab.system@gmail.com',CURRENT_TIMESTAMP);

INSERT INTO SISTEMA_ENTRETENIMIENTO (TIPO,VERSION,DESCRIPCION,STATUS,USUARIO_CREO,FECHA_CREO,USUARIO_MODIFICO,FECHA_MODIFICO) VALUES('AVOD', 'EX1', '',1,'amxsab.system@gmail.com',CURRENT_TIMESTAMP,'amxsab.system@gmail.com',CURRENT_TIMESTAMP);
INSERT INTO SISTEMA_ENTRETENIMIENTO (TIPO,VERSION,DESCRIPCION,STATUS,USUARIO_CREO,FECHA_CREO,USUARIO_MODIFICO,FECHA_MODIFICO) VALUES('AVOD', 'EX2', '',1,'amxsab.system@gmail.com',CURRENT_TIMESTAMP,'amxsab.system@gmail.com',CURRENT_TIMESTAMP);
INSERT INTO SISTEMA_ENTRETENIMIENTO (TIPO,VERSION,DESCRIPCION,STATUS,USUARIO_CREO,FECHA_CREO,USUARIO_MODIFICO,FECHA_MODIFICO) VALUES('AVOD', 'EX3', '',1,'amxsab.system@gmail.com',CURRENT_TIMESTAMP,'amxsab.system@gmail.com',CURRENT_TIMESTAMP);
INSERT INTO SISTEMA_ENTRETENIMIENTO (TIPO,VERSION,DESCRIPCION,STATUS,USUARIO_CREO,FECHA_CREO,USUARIO_MODIFICO,FECHA_MODIFICO) VALUES('OVERHEAD', 'DIGITAL', '',1,'amxsab.system@gmail.com',CURRENT_TIMESTAMP,'amxsab.system@gmail.com',CURRENT_TIMESTAMP);
INSERT INTO SISTEMA_ENTRETENIMIENTO (TIPO,VERSION,DESCRIPCION,STATUS,USUARIO_CREO,FECHA_CREO,USUARIO_MODIFICO,FECHA_MODIFICO) VALUES('OVERHEAD', 'ANÁLOGO', '',1,'amxsab.system@gmail.com',CURRENT_TIMESTAMP,'amxsab.system@gmail.com',CURRENT_TIMESTAMP);

INSERT INTO TIPO_EQUIPO_AVION (TIPO_EQUIPO,ID_MODELO_AVION,TOTAL_AVIONES,STATUS,USUARIO_CREO,FECHA_CREO,USUARIO_MODIFICO,FECHA_MODIFICO) VALUES('737', 6,0,1,'amxsab.system@gmail.com',CURRENT_TIMESTAMP,'amxsab.system@gmail.com',CURRENT_TIMESTAMP);
INSERT INTO TIPO_EQUIPO_AVION (TIPO_EQUIPO,ID_MODELO_AVION,TOTAL_AVIONES,STATUS,USUARIO_CREO,FECHA_CREO,USUARIO_MODIFICO,FECHA_MODIFICO) VALUES('738', 4,0,1,'amxsab.system@gmail.com',CURRENT_TIMESTAMP,'amxsab.system@gmail.com',CURRENT_TIMESTAMP);
INSERT INTO TIPO_EQUIPO_AVION (TIPO_EQUIPO,ID_MODELO_AVION,TOTAL_AVIONES,STATUS,USUARIO_CREO,FECHA_CREO,USUARIO_MODIFICO,FECHA_MODIFICO) VALUES('38A', 4,0,1,'amxsab.system@gmail.com',CURRENT_TIMESTAMP,'amxsab.system@gmail.com',CURRENT_TIMESTAMP);
INSERT INTO TIPO_EQUIPO_AVION (TIPO_EQUIPO,ID_MODELO_AVION,TOTAL_AVIONES,STATUS,USUARIO_CREO,FECHA_CREO,USUARIO_MODIFICO,FECHA_MODIFICO) VALUES('789', 1,0,1,'amxsab.system@gmail.com',CURRENT_TIMESTAMP,'amxsab.system@gmail.com',CURRENT_TIMESTAMP);
INSERT INTO TIPO_EQUIPO_AVION (TIPO_EQUIPO,ID_MODELO_AVION,TOTAL_AVIONES,STATUS,USUARIO_CREO,FECHA_CREO,USUARIO_MODIFICO,FECHA_MODIFICO) VALUES('7S8', 4,0,1,'amxsab.system@gmail.com',CURRENT_TIMESTAMP,'amxsab.system@gmail.com',CURRENT_TIMESTAMP);
INSERT INTO TIPO_EQUIPO_AVION (TIPO_EQUIPO,ID_MODELO_AVION,TOTAL_AVIONES,STATUS,USUARIO_CREO,FECHA_CREO,USUARIO_MODIFICO,FECHA_MODIFICO) VALUES('777', 3,0,1,'amxsab.system@gmail.com',CURRENT_TIMESTAMP,'amxsab.system@gmail.com',CURRENT_TIMESTAMP);
INSERT INTO TIPO_EQUIPO_AVION (TIPO_EQUIPO,ID_MODELO_AVION,TOTAL_AVIONES,STATUS,USUARIO_CREO,FECHA_CREO,USUARIO_MODIFICO,FECHA_MODIFICO) VALUES('E90', 7,0,1,'amxsab.system@gmail.com',CURRENT_TIMESTAMP,'amxsab.system@gmail.com',CURRENT_TIMESTAMP);

INSERT INTO DURACION_VUELOS (TIEMPO_INICIO,TIEMPO_FIN,STATUS,USUARIO_CREO,FECHA_CREO,USUARIO_MODIFICO,FECHA_MODIFICO) VALUES('2:00', '2:59',1,'amxsab.system@gmail.com',CURRENT_TIMESTAMP,'amxsab.system@gmail.com',CURRENT_TIMESTAMP);
INSERT INTO DURACION_VUELOS (TIEMPO_INICIO,TIEMPO_FIN,STATUS,USUARIO_CREO,FECHA_CREO,USUARIO_MODIFICO,FECHA_MODIFICO) VALUES('3:00', '3:59',1,'amxsab.system@gmail.com',CURRENT_TIMESTAMP,'amxsab.system@gmail.com',CURRENT_TIMESTAMP);
INSERT INTO DURACION_VUELOS (TIEMPO_INICIO,TIEMPO_FIN,STATUS,USUARIO_CREO,FECHA_CREO,USUARIO_MODIFICO,FECHA_MODIFICO) VALUES('4:00', '5:30',1,'amxsab.system@gmail.com',CURRENT_TIMESTAMP,'amxsab.system@gmail.com',CURRENT_TIMESTAMP);
INSERT INTO DURACION_VUELOS (TIEMPO_INICIO,TIEMPO_FIN,STATUS,USUARIO_CREO,FECHA_CREO,USUARIO_MODIFICO,FECHA_MODIFICO) VALUES('2:30', '4:45',1,'amxsab.system@gmail.com',CURRENT_TIMESTAMP,'amxsab.system@gmail.com',CURRENT_TIMESTAMP);
INSERT INTO DURACION_VUELOS (TIEMPO_INICIO,TIEMPO_FIN,STATUS,USUARIO_CREO,FECHA_CREO,USUARIO_MODIFICO,FECHA_MODIFICO) VALUES('4:46', '7:30',1,'amxsab.system@gmail.com',CURRENT_TIMESTAMP,'amxsab.system@gmail.com',CURRENT_TIMESTAMP);
INSERT INTO DURACION_VUELOS (TIEMPO_INICIO,TIEMPO_FIN,STATUS,USUARIO_CREO,FECHA_CREO,USUARIO_MODIFICO,FECHA_MODIFICO) VALUES('7:31', '9:30',1,'amxsab.system@gmail.com',CURRENT_TIMESTAMP,'amxsab.system@gmail.com',CURRENT_TIMESTAMP);
INSERT INTO DURACION_VUELOS (TIEMPO_INICIO,TIEMPO_FIN,STATUS,USUARIO_CREO,FECHA_CREO,USUARIO_MODIFICO,FECHA_MODIFICO) VALUES('5:31', '10:10',1,'amxsab.system@gmail.com',CURRENT_TIMESTAMP,'amxsab.system@gmail.com',CURRENT_TIMESTAMP);
INSERT INTO DURACION_VUELOS (TIEMPO_INICIO,TIEMPO_FIN,STATUS,USUARIO_CREO,FECHA_CREO,USUARIO_MODIFICO,FECHA_MODIFICO) VALUES('1:35', '3:45',1,'amxsab.system@gmail.com',CURRENT_TIMESTAMP,'amxsab.system@gmail.com',CURRENT_TIMESTAMP);
INSERT INTO DURACION_VUELOS (TIEMPO_INICIO,TIEMPO_FIN,STATUS,USUARIO_CREO,FECHA_CREO,USUARIO_MODIFICO,FECHA_MODIFICO) VALUES('2:46', '3:45',1,'amxsab.system@gmail.com',CURRENT_TIMESTAMP,'amxsab.system@gmail.com',CURRENT_TIMESTAMP);
INSERT INTO DURACION_VUELOS (TIEMPO_INICIO,TIEMPO_FIN,STATUS,USUARIO_CREO,FECHA_CREO,USUARIO_MODIFICO,FECHA_MODIFICO) VALUES('0:55', '1:29',1,'amxsab.system@gmail.com',CURRENT_TIMESTAMP,'amxsab.system@gmail.com',CURRENT_TIMESTAMP);
INSERT INTO DURACION_VUELOS (TIEMPO_INICIO,TIEMPO_FIN,STATUS,USUARIO_CREO,FECHA_CREO,USUARIO_MODIFICO,FECHA_MODIFICO) VALUES('5:01', '6:00',1,'amxsab.system@gmail.com',CURRENT_TIMESTAMP,'amxsab.system@gmail.com',CURRENT_TIMESTAMP);

INSERT INTO HORARIO_REGION (ID_REGION,HORA_INICIO,HORA_FIN,STATUS,USUARIO_CREO,FECHA_CREO,USUARIO_MODIFICO,FECHA_MODIFICO) VALUES(2, '6:00', '9:59',1,'amxsab.system@gmail.com',CURRENT_TIMESTAMP,'amxsab.system@gmail.com',CURRENT_TIMESTAMP);
INSERT INTO HORARIO_REGION (ID_REGION,HORA_INICIO,HORA_FIN,STATUS,USUARIO_CREO,FECHA_CREO,USUARIO_MODIFICO,FECHA_MODIFICO) VALUES(2, '10:00', '11:59',1,'amxsab.system@gmail.com',CURRENT_TIMESTAMP,'amxsab.system@gmail.com',CURRENT_TIMESTAMP);
INSERT INTO HORARIO_REGION (ID_REGION,HORA_INICIO,HORA_FIN,STATUS,USUARIO_CREO,FECHA_CREO,USUARIO_MODIFICO,FECHA_MODIFICO) VALUES(2, '12:00', '15:59',1,'amxsab.system@gmail.com',CURRENT_TIMESTAMP,'amxsab.system@gmail.com',CURRENT_TIMESTAMP);
INSERT INTO HORARIO_REGION (ID_REGION,HORA_INICIO,HORA_FIN,STATUS,USUARIO_CREO,FECHA_CREO,USUARIO_MODIFICO,FECHA_MODIFICO) VALUES(2, '16:00', '18:59',1,'amxsab.system@gmail.com',CURRENT_TIMESTAMP,'amxsab.system@gmail.com',CURRENT_TIMESTAMP);
INSERT INTO HORARIO_REGION (ID_REGION,HORA_INICIO,HORA_FIN,STATUS,USUARIO_CREO,FECHA_CREO,USUARIO_MODIFICO,FECHA_MODIFICO) VALUES(2, '19:00', '23:59',1,'amxsab.system@gmail.com',CURRENT_TIMESTAMP,'amxsab.system@gmail.com',CURRENT_TIMESTAMP);
INSERT INTO HORARIO_REGION (ID_REGION,HORA_INICIO,HORA_FIN,STATUS,USUARIO_CREO,FECHA_CREO,USUARIO_MODIFICO,FECHA_MODIFICO) VALUES(2, '0:01', '5:59',1,'amxsab.system@gmail.com',CURRENT_TIMESTAMP,'amxsab.system@gmail.com',CURRENT_TIMESTAMP);
INSERT INTO HORARIO_REGION (ID_REGION,HORA_INICIO,HORA_FIN,STATUS,USUARIO_CREO,FECHA_CREO,USUARIO_MODIFICO,FECHA_MODIFICO) VALUES(6, '6:00', '9:59',1,'amxsab.system@gmail.com',CURRENT_TIMESTAMP,'amxsab.system@gmail.com',CURRENT_TIMESTAMP);
INSERT INTO HORARIO_REGION (ID_REGION,HORA_INICIO,HORA_FIN,STATUS,USUARIO_CREO,FECHA_CREO,USUARIO_MODIFICO,FECHA_MODIFICO) VALUES(6, '10:00', '11:59',1,'amxsab.system@gmail.com',CURRENT_TIMESTAMP,'amxsab.system@gmail.com',CURRENT_TIMESTAMP);
INSERT INTO HORARIO_REGION (ID_REGION,HORA_INICIO,HORA_FIN,STATUS,USUARIO_CREO,FECHA_CREO,USUARIO_MODIFICO,FECHA_MODIFICO) VALUES(6, '12:00', '15:59',1,'amxsab.system@gmail.com',CURRENT_TIMESTAMP,'amxsab.system@gmail.com',CURRENT_TIMESTAMP);
INSERT INTO HORARIO_REGION (ID_REGION,HORA_INICIO,HORA_FIN,STATUS,USUARIO_CREO,FECHA_CREO,USUARIO_MODIFICO,FECHA_MODIFICO) VALUES(6, '16:00', '18:59',1,'amxsab.system@gmail.com',CURRENT_TIMESTAMP,'amxsab.system@gmail.com',CURRENT_TIMESTAMP);
INSERT INTO HORARIO_REGION (ID_REGION,HORA_INICIO,HORA_FIN,STATUS,USUARIO_CREO,FECHA_CREO,USUARIO_MODIFICO,FECHA_MODIFICO) VALUES(6, '19:00', '23:59',1,'amxsab.system@gmail.com',CURRENT_TIMESTAMP,'amxsab.system@gmail.com',CURRENT_TIMESTAMP);
INSERT INTO HORARIO_REGION (ID_REGION,HORA_INICIO,HORA_FIN,STATUS,USUARIO_CREO,FECHA_CREO,USUARIO_MODIFICO,FECHA_MODIFICO) VALUES(6, '0:01', '5:59',1,'amxsab.system@gmail.com',CURRENT_TIMESTAMP,'amxsab.system@gmail.com',CURRENT_TIMESTAMP);
INSERT INTO HORARIO_REGION (ID_REGION,HORA_INICIO,HORA_FIN,STATUS,USUARIO_CREO,FECHA_CREO,USUARIO_MODIFICO,FECHA_MODIFICO) VALUES(3, '06:00', '09:59',1,'amxsab.system@gmail.com',CURRENT_TIMESTAMP,'amxsab.system@gmail.com',CURRENT_TIMESTAMP);
INSERT INTO HORARIO_REGION (ID_REGION,HORA_INICIO,HORA_FIN,STATUS,USUARIO_CREO,FECHA_CREO,USUARIO_MODIFICO,FECHA_MODIFICO) VALUES(3, '10:00', '11:59',1,'amxsab.system@gmail.com',CURRENT_TIMESTAMP,'amxsab.system@gmail.com',CURRENT_TIMESTAMP);
INSERT INTO HORARIO_REGION (ID_REGION,HORA_INICIO,HORA_FIN,STATUS,USUARIO_CREO,FECHA_CREO,USUARIO_MODIFICO,FECHA_MODIFICO) VALUES(3, '12:00', '15:59',1,'amxsab.system@gmail.com',CURRENT_TIMESTAMP,'amxsab.system@gmail.com',CURRENT_TIMESTAMP);
INSERT INTO HORARIO_REGION (ID_REGION,HORA_INICIO,HORA_FIN,STATUS,USUARIO_CREO,FECHA_CREO,USUARIO_MODIFICO,FECHA_MODIFICO) VALUES(3, '16:00', '18:59',1,'amxsab.system@gmail.com',CURRENT_TIMESTAMP,'amxsab.system@gmail.com',CURRENT_TIMESTAMP);
INSERT INTO HORARIO_REGION (ID_REGION,HORA_INICIO,HORA_FIN,STATUS,USUARIO_CREO,FECHA_CREO,USUARIO_MODIFICO,FECHA_MODIFICO) VALUES(3, '19:00', '23:59',1,'amxsab.system@gmail.com',CURRENT_TIMESTAMP,'amxsab.system@gmail.com',CURRENT_TIMESTAMP);
INSERT INTO HORARIO_REGION (ID_REGION,HORA_INICIO,HORA_FIN,STATUS,USUARIO_CREO,FECHA_CREO,USUARIO_MODIFICO,FECHA_MODIFICO) VALUES(3, '00:00', '05:59',1,'amxsab.system@gmail.com',CURRENT_TIMESTAMP,'amxsab.system@gmail.com',CURRENT_TIMESTAMP);
INSERT INTO HORARIO_REGION (ID_REGION,HORA_INICIO,HORA_FIN,STATUS,USUARIO_CREO,FECHA_CREO,USUARIO_MODIFICO,FECHA_MODIFICO) VALUES(1, '06:00', '09:59',1,'amxsab.system@gmail.com',CURRENT_TIMESTAMP,'amxsab.system@gmail.com',CURRENT_TIMESTAMP);
INSERT INTO HORARIO_REGION (ID_REGION,HORA_INICIO,HORA_FIN,STATUS,USUARIO_CREO,FECHA_CREO,USUARIO_MODIFICO,FECHA_MODIFICO) VALUES(1, '10:00', '12:00',1,'amxsab.system@gmail.com',CURRENT_TIMESTAMP,'amxsab.system@gmail.com',CURRENT_TIMESTAMP);
INSERT INTO HORARIO_REGION (ID_REGION,HORA_INICIO,HORA_FIN,STATUS,USUARIO_CREO,FECHA_CREO,USUARIO_MODIFICO,FECHA_MODIFICO) VALUES(1, '12:01', '15:00',1,'amxsab.system@gmail.com',CURRENT_TIMESTAMP,'amxsab.system@gmail.com',CURRENT_TIMESTAMP);
INSERT INTO HORARIO_REGION (ID_REGION,HORA_INICIO,HORA_FIN,STATUS,USUARIO_CREO,FECHA_CREO,USUARIO_MODIFICO,FECHA_MODIFICO) VALUES(1, '15:01', '18:59',1,'amxsab.system@gmail.com',CURRENT_TIMESTAMP,'amxsab.system@gmail.com',CURRENT_TIMESTAMP);
INSERT INTO HORARIO_REGION (ID_REGION,HORA_INICIO,HORA_FIN,STATUS,USUARIO_CREO,FECHA_CREO,USUARIO_MODIFICO,FECHA_MODIFICO) VALUES(1, '19:00', '22:59',1,'amxsab.system@gmail.com',CURRENT_TIMESTAMP,'amxsab.system@gmail.com',CURRENT_TIMESTAMP);
INSERT INTO HORARIO_REGION (ID_REGION,HORA_INICIO,HORA_FIN,STATUS,USUARIO_CREO,FECHA_CREO,USUARIO_MODIFICO,FECHA_MODIFICO) VALUES(1, '23:00', '05:59',1,'amxsab.system@gmail.com',CURRENT_TIMESTAMP,'amxsab.system@gmail.com',CURRENT_TIMESTAMP);
INSERT INTO HORARIO_REGION (ID_REGION,HORA_INICIO,HORA_FIN,STATUS,USUARIO_CREO,FECHA_CREO,USUARIO_MODIFICO,FECHA_MODIFICO) VALUES(4, '06:00', '09:59',1,'amxsab.system@gmail.com',CURRENT_TIMESTAMP,'amxsab.system@gmail.com',CURRENT_TIMESTAMP);
INSERT INTO HORARIO_REGION (ID_REGION,HORA_INICIO,HORA_FIN,STATUS,USUARIO_CREO,FECHA_CREO,USUARIO_MODIFICO,FECHA_MODIFICO) VALUES(4, '10:00', '12:00',1,'amxsab.system@gmail.com',CURRENT_TIMESTAMP,'amxsab.system@gmail.com',CURRENT_TIMESTAMP);
INSERT INTO HORARIO_REGION (ID_REGION,HORA_INICIO,HORA_FIN,STATUS,USUARIO_CREO,FECHA_CREO,USUARIO_MODIFICO,FECHA_MODIFICO) VALUES(4, '12:01', '15:00',1,'amxsab.system@gmail.com',CURRENT_TIMESTAMP,'amxsab.system@gmail.com',CURRENT_TIMESTAMP);
INSERT INTO HORARIO_REGION (ID_REGION,HORA_INICIO,HORA_FIN,STATUS,USUARIO_CREO,FECHA_CREO,USUARIO_MODIFICO,FECHA_MODIFICO) VALUES(4, '15:01', '18:59',1,'amxsab.system@gmail.com',CURRENT_TIMESTAMP,'amxsab.system@gmail.com',CURRENT_TIMESTAMP);
INSERT INTO HORARIO_REGION (ID_REGION,HORA_INICIO,HORA_FIN,STATUS,USUARIO_CREO,FECHA_CREO,USUARIO_MODIFICO,FECHA_MODIFICO) VALUES(4, '19:00', '22:59',1,'amxsab.system@gmail.com',CURRENT_TIMESTAMP,'amxsab.system@gmail.com',CURRENT_TIMESTAMP);
INSERT INTO HORARIO_REGION (ID_REGION,HORA_INICIO,HORA_FIN,STATUS,USUARIO_CREO,FECHA_CREO,USUARIO_MODIFICO,FECHA_MODIFICO) VALUES(4, '23:00', '05:59',1,'amxsab.system@gmail.com',CURRENT_TIMESTAMP,'amxsab.system@gmail.com',CURRENT_TIMESTAMP);
INSERT INTO HORARIO_REGION (ID_REGION,HORA_INICIO,HORA_FIN,STATUS,USUARIO_CREO,FECHA_CREO,USUARIO_MODIFICO,FECHA_MODIFICO) VALUES(5, '06:00', '09:59',1,'amxsab.system@gmail.com',CURRENT_TIMESTAMP,'amxsab.system@gmail.com',CURRENT_TIMESTAMP);
INSERT INTO HORARIO_REGION (ID_REGION,HORA_INICIO,HORA_FIN,STATUS,USUARIO_CREO,FECHA_CREO,USUARIO_MODIFICO,FECHA_MODIFICO) VALUES(5, '10:00', '11:59',1,'amxsab.system@gmail.com',CURRENT_TIMESTAMP,'amxsab.system@gmail.com',CURRENT_TIMESTAMP);
INSERT INTO HORARIO_REGION (ID_REGION,HORA_INICIO,HORA_FIN,STATUS,USUARIO_CREO,FECHA_CREO,USUARIO_MODIFICO,FECHA_MODIFICO) VALUES(5, '12:00', '15:59',1,'amxsab.system@gmail.com',CURRENT_TIMESTAMP,'amxsab.system@gmail.com',CURRENT_TIMESTAMP);
INSERT INTO HORARIO_REGION (ID_REGION,HORA_INICIO,HORA_FIN,STATUS,USUARIO_CREO,FECHA_CREO,USUARIO_MODIFICO,FECHA_MODIFICO) VALUES(5, '16:00', '18:59',1,'amxsab.system@gmail.com',CURRENT_TIMESTAMP,'amxsab.system@gmail.com',CURRENT_TIMESTAMP);
INSERT INTO HORARIO_REGION (ID_REGION,HORA_INICIO,HORA_FIN,STATUS,USUARIO_CREO,FECHA_CREO,USUARIO_MODIFICO,FECHA_MODIFICO) VALUES(5, '19:00', '23:59',1,'amxsab.system@gmail.com',CURRENT_TIMESTAMP,'amxsab.system@gmail.com',CURRENT_TIMESTAMP);
INSERT INTO HORARIO_REGION (ID_REGION,HORA_INICIO,HORA_FIN,STATUS,USUARIO_CREO,FECHA_CREO,USUARIO_MODIFICO,FECHA_MODIFICO) VALUES(5, '00:00', '05:59',1,'amxsab.system@gmail.com',CURRENT_TIMESTAMP,'amxsab.system@gmail.com',CURRENT_TIMESTAMP);
INSERT INTO HORARIO_REGION (ID_REGION,HORA_INICIO,HORA_FIN,STATUS,USUARIO_CREO,FECHA_CREO,USUARIO_MODIFICO,FECHA_MODIFICO) VALUES(7, '06:00', '09:59',1,'amxsab.system@gmail.com',CURRENT_TIMESTAMP,'amxsab.system@gmail.com',CURRENT_TIMESTAMP);
INSERT INTO HORARIO_REGION (ID_REGION,HORA_INICIO,HORA_FIN,STATUS,USUARIO_CREO,FECHA_CREO,USUARIO_MODIFICO,FECHA_MODIFICO) VALUES(7, '10:00', '11:59',1,'amxsab.system@gmail.com',CURRENT_TIMESTAMP,'amxsab.system@gmail.com',CURRENT_TIMESTAMP);
INSERT INTO HORARIO_REGION (ID_REGION,HORA_INICIO,HORA_FIN,STATUS,USUARIO_CREO,FECHA_CREO,USUARIO_MODIFICO,FECHA_MODIFICO) VALUES(7, '12:00', '15:59',1,'amxsab.system@gmail.com',CURRENT_TIMESTAMP,'amxsab.system@gmail.com',CURRENT_TIMESTAMP);
INSERT INTO HORARIO_REGION (ID_REGION,HORA_INICIO,HORA_FIN,STATUS,USUARIO_CREO,FECHA_CREO,USUARIO_MODIFICO,FECHA_MODIFICO) VALUES(7, '16:00', '18:59',1,'amxsab.system@gmail.com',CURRENT_TIMESTAMP,'amxsab.system@gmail.com',CURRENT_TIMESTAMP);
INSERT INTO HORARIO_REGION (ID_REGION,HORA_INICIO,HORA_FIN,STATUS,USUARIO_CREO,FECHA_CREO,USUARIO_MODIFICO,FECHA_MODIFICO) VALUES(7, '19:00', '23:59',1,'amxsab.system@gmail.com',CURRENT_TIMESTAMP,'amxsab.system@gmail.com',CURRENT_TIMESTAMP);
INSERT INTO HORARIO_REGION (ID_REGION,HORA_INICIO,HORA_FIN,STATUS,USUARIO_CREO,FECHA_CREO,USUARIO_MODIFICO,FECHA_MODIFICO) VALUES(7, '00:00', '05:59',1,'amxsab.system@gmail.com',CURRENT_TIMESTAMP,'amxsab.system@gmail.com',CURRENT_TIMESTAMP);

INSERT INTO GRAFICO (ID_MODELO_AVION,ID_IDIOMA,STATUS,USUARIO_CREO,FECHA_CREO,USUARIO_MODIFICO,FECHA_MODIFICO) VALUES(1,1,1,'amxsab.system@gmail.com',CURRENT_TIMESTAMP,'amxsab.system@gmail.com',CURRENT_TIMESTAMP);

INSERT INTO CLASE (CLAVE,NOMBRE_ESP,NOMBRE_ENG,STATUS,USUARIO_CREO,FECHA_CREO,USUARIO_MODIFICO,FECHA_MODIFICO) VALUES('CJ', 'PREMIER', 'PREMIER',1,'amxsab.system@gmail.com',CURRENT_TIMESTAMP,'amxsab.system@gmail.com',CURRENT_TIMESTAMP);
INSERT INTO CLASE (CLAVE,NOMBRE_ESP,NOMBRE_ENG,STATUS,USUARIO_CREO,FECHA_CREO,USUARIO_MODIFICO,FECHA_MODIFICO) VALUES('CY', 'TURISTA', 'TOURIST',1,'amxsab.system@gmail.com',CURRENT_TIMESTAMP,'amxsab.system@gmail.com',CURRENT_TIMESTAMP);
INSERT INTO CLASE (CLAVE,NOMBRE_ESP,NOMBRE_ENG,STATUS,USUARIO_CREO,FECHA_CREO,USUARIO_MODIFICO,FECHA_MODIFICO) VALUES('CE', 'ÚNICA', 'UNIQUE',1,'amxsab.system@gmail.com',CURRENT_TIMESTAMP,'amxsab.system@gmail.com',CURRENT_TIMESTAMP);

INSERT INTO CODIGO_SERVICIO (CVE_CODIGO_SERVICIO,DESCRIPCION,ID_CLASE,ID_TIPO_CODIGO_SERVICIO,ID_TIPO_CICLO,STATUS,USUARIO_CREO,FECHA_CREO,USUARIO_MODIFICO,FECHA_MODIFICO) VALUES('BDG', 'Box Diurno Grande', 1, 53, 10,1,'amxsab.system@gmail.com',CURRENT_TIMESTAMP,'amxsab.system@gmail.com',CURRENT_TIMESTAMP);
INSERT INTO CODIGO_SERVICIO (CVE_CODIGO_SERVICIO,DESCRIPCION,ID_CLASE,ID_TIPO_CODIGO_SERVICIO,ID_TIPO_CICLO,STATUS,USUARIO_CREO,FECHA_CREO,USUARIO_MODIFICO,FECHA_MODIFICO) VALUES('BSF', 'Canasta de Fruta (Basket Snack Fruit)', 1, 53, 10,1,'amxsab.system@gmail.com',CURRENT_TIMESTAMP,'amxsab.system@gmail.com',CURRENT_TIMESTAMP);
INSERT INTO CODIGO_SERVICIO (CVE_CODIGO_SERVICIO,DESCRIPCION,ID_CLASE,ID_TIPO_CODIGO_SERVICIO,ID_TIPO_CICLO,STATUS,USUARIO_CREO,FECHA_CREO,USUARIO_MODIFICO,FECHA_MODIFICO) VALUES('BVG', 'Box Vespertino Grande', 1, 53, 10,1,'amxsab.system@gmail.com',CURRENT_TIMESTAMP,'amxsab.system@gmail.com',CURRENT_TIMESTAMP);
INSERT INTO CODIGO_SERVICIO (CVE_CODIGO_SERVICIO,DESCRIPCION,ID_CLASE,ID_TIPO_CODIGO_SERVICIO,ID_TIPO_CICLO,STATUS,USUARIO_CREO,FECHA_CREO,USUARIO_MODIFICO,FECHA_MODIFICO) VALUES('CCA', 'Comida Caliente América', 1, 53, 10,1,'amxsab.system@gmail.com',CURRENT_TIMESTAMP,'amxsab.system@gmail.com',CURRENT_TIMESTAMP);
INSERT INTO CODIGO_SERVICIO (CVE_CODIGO_SERVICIO,DESCRIPCION,ID_CLASE,ID_TIPO_CODIGO_SERVICIO,ID_TIPO_CICLO,STATUS,USUARIO_CREO,FECHA_CREO,USUARIO_MODIFICO,FECHA_MODIFICO) VALUES('CCC', 'Comida Caliente China', 1, 53, 10,1,'amxsab.system@gmail.com',CURRENT_TIMESTAMP,'amxsab.system@gmail.com',CURRENT_TIMESTAMP);
INSERT INTO CODIGO_SERVICIO (CVE_CODIGO_SERVICIO,DESCRIPCION,ID_CLASE,ID_TIPO_CODIGO_SERVICIO,ID_TIPO_CICLO,STATUS,USUARIO_CREO,FECHA_CREO,USUARIO_MODIFICO,FECHA_MODIFICO) VALUES('CCI', 'Comida Caliente ICN (Seul)', 1, 53, 10,1,'amxsab.system@gmail.com',CURRENT_TIMESTAMP,'amxsab.system@gmail.com',CURRENT_TIMESTAMP);
INSERT INTO CODIGO_SERVICIO (CVE_CODIGO_SERVICIO,DESCRIPCION,ID_CLASE,ID_TIPO_CODIGO_SERVICIO,ID_TIPO_CICLO,STATUS,USUARIO_CREO,FECHA_CREO,USUARIO_MODIFICO,FECHA_MODIFICO) VALUES('CCE', 'Comida Caliente Europa', 1, 53, 10,1,'amxsab.system@gmail.com',CURRENT_TIMESTAMP,'amxsab.system@gmail.com',CURRENT_TIMESTAMP);
INSERT INTO CODIGO_SERVICIO (CVE_CODIGO_SERVICIO,DESCRIPCION,ID_CLASE,ID_TIPO_CODIGO_SERVICIO,ID_TIPO_CICLO,STATUS,USUARIO_CREO,FECHA_CREO,USUARIO_MODIFICO,FECHA_MODIFICO) VALUES('CCJ', 'Comida Caliente Japón', 1, 53, 10,1,'amxsab.system@gmail.com',CURRENT_TIMESTAMP,'amxsab.system@gmail.com',CURRENT_TIMESTAMP);
INSERT INTO CODIGO_SERVICIO (CVE_CODIGO_SERVICIO,DESCRIPCION,ID_CLASE,ID_TIPO_CODIGO_SERVICIO,ID_TIPO_CICLO,STATUS,USUARIO_CREO,FECHA_CREO,USUARIO_MODIFICO,FECHA_MODIFICO) VALUES('CCS', 'Comida Caliente Sudamérica', 1, 53, 10,1,'amxsab.system@gmail.com',CURRENT_TIMESTAMP,'amxsab.system@gmail.com',CURRENT_TIMESTAMP);
INSERT INTO CODIGO_SERVICIO (CVE_CODIGO_SERVICIO,DESCRIPCION,ID_CLASE,ID_TIPO_CODIGO_SERVICIO,ID_TIPO_CICLO,STATUS,USUARIO_CREO,FECHA_CREO,USUARIO_MODIFICO,FECHA_MODIFICO) VALUES('CCX', 'Comida Caliente Multiregión', 1, 53, 10,1,'amxsab.system@gmail.com',CURRENT_TIMESTAMP,'amxsab.system@gmail.com',CURRENT_TIMESTAMP);
INSERT INTO CODIGO_SERVICIO (CVE_CODIGO_SERVICIO,DESCRIPCION,ID_CLASE,ID_TIPO_CODIGO_SERVICIO,ID_TIPO_CICLO,STATUS,USUARIO_CREO,FECHA_CREO,USUARIO_MODIFICO,FECHA_MODIFICO) VALUES('CFA', 'Comida Fría América', 1, 53, 10,1,'amxsab.system@gmail.com',CURRENT_TIMESTAMP,'amxsab.system@gmail.com',CURRENT_TIMESTAMP);
INSERT INTO CODIGO_SERVICIO (CVE_CODIGO_SERVICIO,DESCRIPCION,ID_CLASE,ID_TIPO_CODIGO_SERVICIO,ID_TIPO_CICLO,STATUS,USUARIO_CREO,FECHA_CREO,USUARIO_MODIFICO,FECHA_MODIFICO) VALUES('CFP', 'Comida Fría Premium', 1, 53, 10,1,'amxsab.system@gmail.com',CURRENT_TIMESTAMP,'amxsab.system@gmail.com',CURRENT_TIMESTAMP);
INSERT INTO CODIGO_SERVICIO (CVE_CODIGO_SERVICIO,DESCRIPCION,ID_CLASE,ID_TIPO_CODIGO_SERVICIO,ID_TIPO_CICLO,STATUS,USUARIO_CREO,FECHA_CREO,USUARIO_MODIFICO,FECHA_MODIFICO) VALUES('CFX', 'Comida Fría Multiregión', 1, 53, 10,1,'amxsab.system@gmail.com',CURRENT_TIMESTAMP,'amxsab.system@gmail.com',CURRENT_TIMESTAMP);
INSERT INTO CODIGO_SERVICIO (CVE_CODIGO_SERVICIO,DESCRIPCION,ID_CLASE,ID_TIPO_CODIGO_SERVICIO,ID_TIPO_CICLO,STATUS,USUARIO_CREO,FECHA_CREO,USUARIO_MODIFICO,FECHA_MODIFICO) VALUES('CNX', 'Comida Nocturna Multiregión', 1, 53, 10,1,'amxsab.system@gmail.com',CURRENT_TIMESTAMP,'amxsab.system@gmail.com',CURRENT_TIMESTAMP);
INSERT INTO CODIGO_SERVICIO (CVE_CODIGO_SERVICIO,DESCRIPCION,ID_CLASE,ID_TIPO_CODIGO_SERVICIO,ID_TIPO_CICLO,STATUS,USUARIO_CREO,FECHA_CREO,USUARIO_MODIFICO,FECHA_MODIFICO) VALUES('CMA', 'Comida Mixta América', 1, 53, 10,1,'amxsab.system@gmail.com',CURRENT_TIMESTAMP,'amxsab.system@gmail.com',CURRENT_TIMESTAMP);
INSERT INTO CODIGO_SERVICIO (CVE_CODIGO_SERVICIO,DESCRIPCION,ID_CLASE,ID_TIPO_CODIGO_SERVICIO,ID_TIPO_CICLO,STATUS,USUARIO_CREO,FECHA_CREO,USUARIO_MODIFICO,FECHA_MODIFICO) VALUES('DCA', 'Desayuno Caliente América', 1, 53, 10,1,'amxsab.system@gmail.com',CURRENT_TIMESTAMP,'amxsab.system@gmail.com',CURRENT_TIMESTAMP);
INSERT INTO CODIGO_SERVICIO (CVE_CODIGO_SERVICIO,DESCRIPCION,ID_CLASE,ID_TIPO_CODIGO_SERVICIO,ID_TIPO_CICLO,STATUS,USUARIO_CREO,FECHA_CREO,USUARIO_MODIFICO,FECHA_MODIFICO) VALUES('DCU', 'Desayuno Caliente USA', 1, 53, 10,1,'amxsab.system@gmail.com',CURRENT_TIMESTAMP,'amxsab.system@gmail.com',CURRENT_TIMESTAMP);
INSERT INTO CODIGO_SERVICIO (CVE_CODIGO_SERVICIO,DESCRIPCION,ID_CLASE,ID_TIPO_CODIGO_SERVICIO,ID_TIPO_CICLO,STATUS,USUARIO_CREO,FECHA_CREO,USUARIO_MODIFICO,FECHA_MODIFICO) VALUES('DCC', 'Desayuno Caliente China', 1, 53, 10,1,'amxsab.system@gmail.com',CURRENT_TIMESTAMP,'amxsab.system@gmail.com',CURRENT_TIMESTAMP);
INSERT INTO CODIGO_SERVICIO (CVE_CODIGO_SERVICIO,DESCRIPCION,ID_CLASE,ID_TIPO_CODIGO_SERVICIO,ID_TIPO_CICLO,STATUS,USUARIO_CREO,FECHA_CREO,USUARIO_MODIFICO,FECHA_MODIFICO) VALUES('DCI', 'Desayuno Caliente ICN (Seul)', 1, 53, 10,1,'amxsab.system@gmail.com',CURRENT_TIMESTAMP,'amxsab.system@gmail.com',CURRENT_TIMESTAMP);
INSERT INTO CODIGO_SERVICIO (CVE_CODIGO_SERVICIO,DESCRIPCION,ID_CLASE,ID_TIPO_CODIGO_SERVICIO,ID_TIPO_CICLO,STATUS,USUARIO_CREO,FECHA_CREO,USUARIO_MODIFICO,FECHA_MODIFICO) VALUES('DCJ', 'Desayuno Caliente Japón', 1, 53, 10,1,'amxsab.system@gmail.com',CURRENT_TIMESTAMP,'amxsab.system@gmail.com',CURRENT_TIMESTAMP);
INSERT INTO CODIGO_SERVICIO (CVE_CODIGO_SERVICIO,DESCRIPCION,ID_CLASE,ID_TIPO_CODIGO_SERVICIO,ID_TIPO_CICLO,STATUS,USUARIO_CREO,FECHA_CREO,USUARIO_MODIFICO,FECHA_MODIFICO) VALUES('DCX', 'Desayuno Caliente Multiregión', 1, 53, 10,1,'amxsab.system@gmail.com',CURRENT_TIMESTAMP,'amxsab.system@gmail.com',CURRENT_TIMESTAMP);
INSERT INTO CODIGO_SERVICIO (CVE_CODIGO_SERVICIO,DESCRIPCION,ID_CLASE,ID_TIPO_CODIGO_SERVICIO,ID_TIPO_CICLO,STATUS,USUARIO_CREO,FECHA_CREO,USUARIO_MODIFICO,FECHA_MODIFICO) VALUES('DFX', 'Desayuno Frío Multiregión', 1, 53, 10,1,'amxsab.system@gmail.com',CURRENT_TIMESTAMP,'amxsab.system@gmail.com',CURRENT_TIMESTAMP);
INSERT INTO CODIGO_SERVICIO (CVE_CODIGO_SERVICIO,DESCRIPCION,ID_CLASE,ID_TIPO_CODIGO_SERVICIO,ID_TIPO_CICLO,STATUS,USUARIO_CREO,FECHA_CREO,USUARIO_MODIFICO,FECHA_MODIFICO) VALUES('DFA', 'Desayuno Frío América', 1, 53, 10,1,'amxsab.system@gmail.com',CURRENT_TIMESTAMP,'amxsab.system@gmail.com',CURRENT_TIMESTAMP);
INSERT INTO CODIGO_SERVICIO (CVE_CODIGO_SERVICIO,DESCRIPCION,ID_CLASE,ID_TIPO_CODIGO_SERVICIO,ID_TIPO_CICLO,STATUS,USUARIO_CREO,FECHA_CREO,USUARIO_MODIFICO,FECHA_MODIFICO) VALUES('DFP', 'Desayuno Frío Premium', 1, 53, 10,1,'amxsab.system@gmail.com',CURRENT_TIMESTAMP,'amxsab.system@gmail.com',CURRENT_TIMESTAMP);
INSERT INTO CODIGO_SERVICIO (CVE_CODIGO_SERVICIO,DESCRIPCION,ID_CLASE,ID_TIPO_CODIGO_SERVICIO,ID_TIPO_CICLO,STATUS,USUARIO_CREO,FECHA_CREO,USUARIO_MODIFICO,FECHA_MODIFICO) VALUES('DPN', 'Desayuno Pernocta Nacional', 1, 53, 10,1,'amxsab.system@gmail.com',CURRENT_TIMESTAMP,'amxsab.system@gmail.com',CURRENT_TIMESTAMP);
INSERT INTO CODIGO_SERVICIO (CVE_CODIGO_SERVICIO,DESCRIPCION,ID_CLASE,ID_TIPO_CODIGO_SERVICIO,ID_TIPO_CICLO,STATUS,USUARIO_CREO,FECHA_CREO,USUARIO_MODIFICO,FECHA_MODIFICO) VALUES('EFO', 'Entretiempo Frío Oriental', 1, 53, 10,1,'amxsab.system@gmail.com',CURRENT_TIMESTAMP,'amxsab.system@gmail.com',CURRENT_TIMESTAMP);
INSERT INTO CODIGO_SERVICIO (CVE_CODIGO_SERVICIO,DESCRIPCION,ID_CLASE,ID_TIPO_CODIGO_SERVICIO,ID_TIPO_CICLO,STATUS,USUARIO_CREO,FECHA_CREO,USUARIO_MODIFICO,FECHA_MODIFICO) VALUES('ENE', 'Entretiempo Nocturno Europa', 1, 53, 10,1,'amxsab.system@gmail.com',CURRENT_TIMESTAMP,'amxsab.system@gmail.com',CURRENT_TIMESTAMP);
INSERT INTO CODIGO_SERVICIO (CVE_CODIGO_SERVICIO,DESCRIPCION,ID_CLASE,ID_TIPO_CODIGO_SERVICIO,ID_TIPO_CICLO,STATUS,USUARIO_CREO,FECHA_CREO,USUARIO_MODIFICO,FECHA_MODIFICO) VALUES('ENS', 'Entretiempo Nocturno Sudamérica', 1, 53, 10,1,'amxsab.system@gmail.com',CURRENT_TIMESTAMP,'amxsab.system@gmail.com',CURRENT_TIMESTAMP);
INSERT INTO CODIGO_SERVICIO (CVE_CODIGO_SERVICIO,DESCRIPCION,ID_CLASE,ID_TIPO_CODIGO_SERVICIO,ID_TIPO_CICLO,STATUS,USUARIO_CREO,FECHA_CREO,USUARIO_MODIFICO,FECHA_MODIFICO) VALUES('EVE', 'Entretiempo Vespertino Europa', 1, 53, 10,1,'amxsab.system@gmail.com',CURRENT_TIMESTAMP,'amxsab.system@gmail.com',CURRENT_TIMESTAMP);
INSERT INTO CODIGO_SERVICIO (CVE_CODIGO_SERVICIO,DESCRIPCION,ID_CLASE,ID_TIPO_CODIGO_SERVICIO,ID_TIPO_CICLO,STATUS,USUARIO_CREO,FECHA_CREO,USUARIO_MODIFICO,FECHA_MODIFICO) VALUES('EVS', 'Entretiempo Vespertino Sudamérica', 1, 53, 10,1,'amxsab.system@gmail.com',CURRENT_TIMESTAMP,'amxsab.system@gmail.com',CURRENT_TIMESTAMP);
INSERT INTO CODIGO_SERVICIO (CVE_CODIGO_SERVICIO,DESCRIPCION,ID_CLASE,ID_TIPO_CODIGO_SERVICIO,ID_TIPO_CICLO,STATUS,USUARIO_CREO,FECHA_CREO,USUARIO_MODIFICO,FECHA_MODIFICO) VALUES('PQX', 'Plato de Quesos Multiregión', 1, 53, 10,1,'amxsab.system@gmail.com',CURRENT_TIMESTAMP,'amxsab.system@gmail.com',CURRENT_TIMESTAMP);
INSERT INTO CODIGO_SERVICIO (CVE_CODIGO_SERVICIO,DESCRIPCION,ID_CLASE,ID_TIPO_CODIGO_SERVICIO,ID_TIPO_CICLO,STATUS,USUARIO_CREO,FECHA_CREO,USUARIO_MODIFICO,FECHA_MODIFICO) VALUES('RFI', 'Refrigerio Frío ICN (Seul)', 1, 53, 10,1,'amxsab.system@gmail.com',CURRENT_TIMESTAMP,'amxsab.system@gmail.com',CURRENT_TIMESTAMP);
INSERT INTO CODIGO_SERVICIO (CVE_CODIGO_SERVICIO,DESCRIPCION,ID_CLASE,ID_TIPO_CODIGO_SERVICIO,ID_TIPO_CICLO,STATUS,USUARIO_CREO,FECHA_CREO,USUARIO_MODIFICO,FECHA_MODIFICO) VALUES('RFO', 'Refrigerio Frío Oriental', 1, 53, 10,1,'amxsab.system@gmail.com',CURRENT_TIMESTAMP,'amxsab.system@gmail.com',CURRENT_TIMESTAMP);
INSERT INTO CODIGO_SERVICIO (CVE_CODIGO_SERVICIO,DESCRIPCION,ID_CLASE,ID_TIPO_CODIGO_SERVICIO,ID_TIPO_CICLO,STATUS,USUARIO_CREO,FECHA_CREO,USUARIO_MODIFICO,FECHA_MODIFICO) VALUES('RFX', 'Refrigerio Frío Multiregión', 1, 53, 10,1,'amxsab.system@gmail.com',CURRENT_TIMESTAMP,'amxsab.system@gmail.com',CURRENT_TIMESTAMP);
INSERT INTO CODIGO_SERVICIO (CVE_CODIGO_SERVICIO,DESCRIPCION,ID_CLASE,ID_TIPO_CODIGO_SERVICIO,ID_TIPO_CICLO,STATUS,USUARIO_CREO,FECHA_CREO,USUARIO_MODIFICO,FECHA_MODIFICO) VALUES('RCX', 'Refrigerio caliente multiregión', 1, 53, 10,1,'amxsab.system@gmail.com',CURRENT_TIMESTAMP,'amxsab.system@gmail.com',CURRENT_TIMESTAMP);
INSERT INTO CODIGO_SERVICIO (CVE_CODIGO_SERVICIO,DESCRIPCION,ID_CLASE,ID_TIPO_CODIGO_SERVICIO,ID_TIPO_CICLO,STATUS,USUARIO_CREO,FECHA_CREO,USUARIO_MODIFICO,FECHA_MODIFICO) VALUES('OH', 'Overhead', 1, 54, 10,1,'amxsab.system@gmail.com',CURRENT_TIMESTAMP,'amxsab.system@gmail.com',CURRENT_TIMESTAMP);
INSERT INTO CODIGO_SERVICIO (CVE_CODIGO_SERVICIO,DESCRIPCION,ID_CLASE,ID_TIPO_CODIGO_SERVICIO,ID_TIPO_CICLO,STATUS,USUARIO_CREO,FECHA_CREO,USUARIO_MODIFICO,FECHA_MODIFICO) VALUES('AU', 'AUDÍFONOS', 1, 54, 10,1,'amxsab.system@gmail.com',CURRENT_TIMESTAMP,'amxsab.system@gmail.com',CURRENT_TIMESTAMP);
INSERT INTO CODIGO_SERVICIO (CVE_CODIGO_SERVICIO,DESCRIPCION,ID_CLASE,ID_TIPO_CODIGO_SERVICIO,ID_TIPO_CICLO,STATUS,USUARIO_CREO,FECHA_CREO,USUARIO_MODIFICO,FECHA_MODIFICO) VALUES('BA', 'BOTANA ALMENDRAS', 1, 54, 10,1,'amxsab.system@gmail.com',CURRENT_TIMESTAMP,'amxsab.system@gmail.com',CURRENT_TIMESTAMP);
INSERT INTO CODIGO_SERVICIO (CVE_CODIGO_SERVICIO,DESCRIPCION,ID_CLASE,ID_TIPO_CODIGO_SERVICIO,ID_TIPO_CICLO,STATUS,USUARIO_CREO,FECHA_CREO,USUARIO_MODIFICO,FECHA_MODIFICO) VALUES('BC', 'BAR DE CORTESÍA', 1, 54, 10,1,'amxsab.system@gmail.com',CURRENT_TIMESTAMP,'amxsab.system@gmail.com',CURRENT_TIMESTAMP);
INSERT INTO CODIGO_SERVICIO (CVE_CODIGO_SERVICIO,DESCRIPCION,ID_CLASE,ID_TIPO_CODIGO_SERVICIO,ID_TIPO_CICLO,STATUS,USUARIO_CREO,FECHA_CREO,USUARIO_MODIFICO,FECHA_MODIFICO) VALUES('BJ', 'BOTANA JAPONESA', 1, 54, 10,1,'amxsab.system@gmail.com',CURRENT_TIMESTAMP,'amxsab.system@gmail.com',CURRENT_TIMESTAMP);
INSERT INTO CODIGO_SERVICIO (CVE_CODIGO_SERVICIO,DESCRIPCION,ID_CLASE,ID_TIPO_CODIGO_SERVICIO,ID_TIPO_CICLO,STATUS,USUARIO_CREO,FECHA_CREO,USUARIO_MODIFICO,FECHA_MODIFICO) VALUES('DVD', 'DVD´S PORTÁTILES', 1, 54, 10,1,'amxsab.system@gmail.com',CURRENT_TIMESTAMP,'amxsab.system@gmail.com',CURRENT_TIMESTAMP);
INSERT INTO CODIGO_SERVICIO (CVE_CODIGO_SERVICIO,DESCRIPCION,ID_CLASE,ID_TIPO_CODIGO_SERVICIO,ID_TIPO_CICLO,STATUS,USUARIO_CREO,FECHA_CREO,USUARIO_MODIFICO,FECHA_MODIFICO) VALUES('GS', 'GALLETAS DULCES', 1, 54, 10,1,'amxsab.system@gmail.com',CURRENT_TIMESTAMP,'amxsab.system@gmail.com',CURRENT_TIMESTAMP);
INSERT INTO CODIGO_SERVICIO (CVE_CODIGO_SERVICIO,DESCRIPCION,ID_CLASE,ID_TIPO_CODIGO_SERVICIO,ID_TIPO_CICLO,STATUS,USUARIO_CREO,FECHA_CREO,USUARIO_MODIFICO,FECHA_MODIFICO) VALUES('JB', 'JUGO DE BIENVENIDA', 1, 54, 10,1,'amxsab.system@gmail.com',CURRENT_TIMESTAMP,'amxsab.system@gmail.com',CURRENT_TIMESTAMP);
INSERT INTO CODIGO_SERVICIO (CVE_CODIGO_SERVICIO,DESCRIPCION,ID_CLASE,ID_TIPO_CODIGO_SERVICIO,ID_TIPO_CICLO,STATUS,USUARIO_CREO,FECHA_CREO,USUARIO_MODIFICO,FECHA_MODIFICO) VALUES('LI', 'LÍQUIDOS', 1, 54, 10,1,'amxsab.system@gmail.com',CURRENT_TIMESTAMP,'amxsab.system@gmail.com',CURRENT_TIMESTAMP);
INSERT INTO CODIGO_SERVICIO (CVE_CODIGO_SERVICIO,DESCRIPCION,ID_CLASE,ID_TIPO_CODIGO_SERVICIO,ID_TIPO_CICLO,STATUS,USUARIO_CREO,FECHA_CREO,USUARIO_MODIFICO,FECHA_MODIFICO) VALUES('PD', 'PAN DULCE', 1, 54, 10,1,'amxsab.system@gmail.com',CURRENT_TIMESTAMP,'amxsab.system@gmail.com',CURRENT_TIMESTAMP);
INSERT INTO CODIGO_SERVICIO (CVE_CODIGO_SERVICIO,DESCRIPCION,ID_CLASE,ID_TIPO_CODIGO_SERVICIO,ID_TIPO_CICLO,STATUS,USUARIO_CREO,FECHA_CREO,USUARIO_MODIFICO,FECHA_MODIFICO) VALUES('PE', 'PROYECCIÓN DE PELÍCULA', 1, 54, 10,1,'amxsab.system@gmail.com',CURRENT_TIMESTAMP,'amxsab.system@gmail.com',CURRENT_TIMESTAMP);
INSERT INTO CODIGO_SERVICIO (CVE_CODIGO_SERVICIO,DESCRIPCION,ID_CLASE,ID_TIPO_CODIGO_SERVICIO,ID_TIPO_CICLO,STATUS,USUARIO_CREO,FECHA_CREO,USUARIO_MODIFICO,FECHA_MODIFICO) VALUES('TB', 'TIENDA A BORDO', 1, 54, 10,1,'amxsab.system@gmail.com',CURRENT_TIMESTAMP,'amxsab.system@gmail.com',CURRENT_TIMESTAMP);
INSERT INTO CODIGO_SERVICIO (CVE_CODIGO_SERVICIO,DESCRIPCION,ID_CLASE,ID_TIPO_CODIGO_SERVICIO,ID_TIPO_CICLO,STATUS,USUARIO_CREO,FECHA_CREO,USUARIO_MODIFICO,FECHA_MODIFICO) VALUES('TF', 'TOALLA FACIAL', 1, 54, 10,1,'amxsab.system@gmail.com',CURRENT_TIMESTAMP,'amxsab.system@gmail.com',CURRENT_TIMESTAMP);
INSERT INTO CODIGO_SERVICIO (CVE_CODIGO_SERVICIO,DESCRIPCION,ID_CLASE,ID_TIPO_CODIGO_SERVICIO,ID_TIPO_CICLO,STATUS,USUARIO_CREO,FECHA_CREO,USUARIO_MODIFICO,FECHA_MODIFICO) VALUES('TV', 'SERIE CORTA DE TV EQUIPOS B737-700/800', 1, 54, 10,1,'amxsab.system@gmail.com',CURRENT_TIMESTAMP,'amxsab.system@gmail.com',CURRENT_TIMESTAMP);
INSERT INTO CODIGO_SERVICIO (CVE_CODIGO_SERVICIO,DESCRIPCION,ID_CLASE,ID_TIPO_CODIGO_SERVICIO,ID_TIPO_CICLO,STATUS,USUARIO_CREO,FECHA_CREO,USUARIO_MODIFICO,FECHA_MODIFICO) VALUES('VM', 'VINOS DE MESA', 1, 54, 10,1,'amxsab.system@gmail.com',CURRENT_TIMESTAMP,'amxsab.system@gmail.com',CURRENT_TIMESTAMP);
INSERT INTO CODIGO_SERVICIO (CVE_CODIGO_SERVICIO,DESCRIPCION,ID_CLASE,ID_TIPO_CODIGO_SERVICIO,ID_TIPO_CICLO,STATUS,USUARIO_CREO,FECHA_CREO,USUARIO_MODIFICO,FECHA_MODIFICO) VALUES('WD', 'BAR DE BIENVENIDA', 1, 54, 10,1,'amxsab.system@gmail.com',CURRENT_TIMESTAMP,'amxsab.system@gmail.com',CURRENT_TIMESTAMP);
INSERT INTO CODIGO_SERVICIO (CVE_CODIGO_SERVICIO,DESCRIPCION,ID_CLASE,ID_TIPO_CODIGO_SERVICIO,ID_TIPO_CICLO,STATUS,USUARIO_CREO,FECHA_CREO,USUARIO_MODIFICO,FECHA_MODIFICO) VALUES('BDG', 'Box Diurno Grande', 2, 53, 10,1,'amxsab.system@gmail.com',CURRENT_TIMESTAMP,'amxsab.system@gmail.com',CURRENT_TIMESTAMP);
INSERT INTO CODIGO_SERVICIO (CVE_CODIGO_SERVICIO,DESCRIPCION,ID_CLASE,ID_TIPO_CODIGO_SERVICIO,ID_TIPO_CICLO,STATUS,USUARIO_CREO,FECHA_CREO,USUARIO_MODIFICO,FECHA_MODIFICO) VALUES('BFA', 'Desayuno Frio A', 2, 53, 10,1,'amxsab.system@gmail.com',CURRENT_TIMESTAMP,'amxsab.system@gmail.com',CURRENT_TIMESTAMP);
INSERT INTO CODIGO_SERVICIO (CVE_CODIGO_SERVICIO,DESCRIPCION,ID_CLASE,ID_TIPO_CODIGO_SERVICIO,ID_TIPO_CICLO,STATUS,USUARIO_CREO,FECHA_CREO,USUARIO_MODIFICO,FECHA_MODIFICO) VALUES('BFB', 'Desayuno Frio B', 2, 53, 10,1,'amxsab.system@gmail.com',CURRENT_TIMESTAMP,'amxsab.system@gmail.com',CURRENT_TIMESTAMP);
INSERT INTO CODIGO_SERVICIO (CVE_CODIGO_SERVICIO,DESCRIPCION,ID_CLASE,ID_TIPO_CODIGO_SERVICIO,ID_TIPO_CICLO,STATUS,USUARIO_CREO,FECHA_CREO,USUARIO_MODIFICO,FECHA_MODIFICO) VALUES('BFC', 'Desayuno Frio C', 2, 53, 10,1,'amxsab.system@gmail.com',CURRENT_TIMESTAMP,'amxsab.system@gmail.com',CURRENT_TIMESTAMP);
INSERT INTO CODIGO_SERVICIO (CVE_CODIGO_SERVICIO,DESCRIPCION,ID_CLASE,ID_TIPO_CODIGO_SERVICIO,ID_TIPO_CICLO,STATUS,USUARIO_CREO,FECHA_CREO,USUARIO_MODIFICO,FECHA_MODIFICO) VALUES('BFO', 'Box Frío Oriental', 2, 53, 10,1,'amxsab.system@gmail.com',CURRENT_TIMESTAMP,'amxsab.system@gmail.com',CURRENT_TIMESTAMP);
INSERT INTO CODIGO_SERVICIO (CVE_CODIGO_SERVICIO,DESCRIPCION,ID_CLASE,ID_TIPO_CODIGO_SERVICIO,ID_TIPO_CICLO,STATUS,USUARIO_CREO,FECHA_CREO,USUARIO_MODIFICO,FECHA_MODIFICO) VALUES('BVG', 'Box Vespertino Grande', 2, 53, 10,1,'amxsab.system@gmail.com',CURRENT_TIMESTAMP,'amxsab.system@gmail.com',CURRENT_TIMESTAMP);
INSERT INTO CODIGO_SERVICIO (CVE_CODIGO_SERVICIO,DESCRIPCION,ID_CLASE,ID_TIPO_CODIGO_SERVICIO,ID_TIPO_CICLO,STATUS,USUARIO_CREO,FECHA_CREO,USUARIO_MODIFICO,FECHA_MODIFICO) VALUES('BVX', 'Box Lunch Multiregión', 2, 53, 10,1,'amxsab.system@gmail.com',CURRENT_TIMESTAMP,'amxsab.system@gmail.com',CURRENT_TIMESTAMP);
INSERT INTO CODIGO_SERVICIO (CVE_CODIGO_SERVICIO,DESCRIPCION,ID_CLASE,ID_TIPO_CODIGO_SERVICIO,ID_TIPO_CICLO,STATUS,USUARIO_CREO,FECHA_CREO,USUARIO_MODIFICO,FECHA_MODIFICO) VALUES('CCA', 'Comida Caliente América', 2, 53, 10,1,'amxsab.system@gmail.com',CURRENT_TIMESTAMP,'amxsab.system@gmail.com',CURRENT_TIMESTAMP);
INSERT INTO CODIGO_SERVICIO (CVE_CODIGO_SERVICIO,DESCRIPCION,ID_CLASE,ID_TIPO_CODIGO_SERVICIO,ID_TIPO_CICLO,STATUS,USUARIO_CREO,FECHA_CREO,USUARIO_MODIFICO,FECHA_MODIFICO) VALUES('CCC', 'Comida Caliente China', 2, 53, 10,1,'amxsab.system@gmail.com',CURRENT_TIMESTAMP,'amxsab.system@gmail.com',CURRENT_TIMESTAMP);
INSERT INTO CODIGO_SERVICIO (CVE_CODIGO_SERVICIO,DESCRIPCION,ID_CLASE,ID_TIPO_CODIGO_SERVICIO,ID_TIPO_CICLO,STATUS,USUARIO_CREO,FECHA_CREO,USUARIO_MODIFICO,FECHA_MODIFICO) VALUES('CCI', 'Comida Caliente ICN (Seul)', 2, 53, 10,1,'amxsab.system@gmail.com',CURRENT_TIMESTAMP,'amxsab.system@gmail.com',CURRENT_TIMESTAMP);
INSERT INTO CODIGO_SERVICIO (CVE_CODIGO_SERVICIO,DESCRIPCION,ID_CLASE,ID_TIPO_CODIGO_SERVICIO,ID_TIPO_CICLO,STATUS,USUARIO_CREO,FECHA_CREO,USUARIO_MODIFICO,FECHA_MODIFICO) VALUES('CCJ', 'Comida Caliente Japón', 2, 53, 10,1,'amxsab.system@gmail.com',CURRENT_TIMESTAMP,'amxsab.system@gmail.com',CURRENT_TIMESTAMP);
INSERT INTO CODIGO_SERVICIO (CVE_CODIGO_SERVICIO,DESCRIPCION,ID_CLASE,ID_TIPO_CODIGO_SERVICIO,ID_TIPO_CICLO,STATUS,USUARIO_CREO,FECHA_CREO,USUARIO_MODIFICO,FECHA_MODIFICO) VALUES('CCX', 'Comida Caliente Multiregión', 2, 53, 10,1,'amxsab.system@gmail.com',CURRENT_TIMESTAMP,'amxsab.system@gmail.com',CURRENT_TIMESTAMP);
INSERT INTO CODIGO_SERVICIO (CVE_CODIGO_SERVICIO,DESCRIPCION,ID_CLASE,ID_TIPO_CODIGO_SERVICIO,ID_TIPO_CICLO,STATUS,USUARIO_CREO,FECHA_CREO,USUARIO_MODIFICO,FECHA_MODIFICO) VALUES('DCA', 'Desayuno Caliente América', 2, 53, 10,1,'amxsab.system@gmail.com',CURRENT_TIMESTAMP,'amxsab.system@gmail.com',CURRENT_TIMESTAMP);
INSERT INTO CODIGO_SERVICIO (CVE_CODIGO_SERVICIO,DESCRIPCION,ID_CLASE,ID_TIPO_CODIGO_SERVICIO,ID_TIPO_CICLO,STATUS,USUARIO_CREO,FECHA_CREO,USUARIO_MODIFICO,FECHA_MODIFICO) VALUES('DCC', 'Desayuno Caliente China', 2, 53, 10,1,'amxsab.system@gmail.com',CURRENT_TIMESTAMP,'amxsab.system@gmail.com',CURRENT_TIMESTAMP);
INSERT INTO CODIGO_SERVICIO (CVE_CODIGO_SERVICIO,DESCRIPCION,ID_CLASE,ID_TIPO_CODIGO_SERVICIO,ID_TIPO_CICLO,STATUS,USUARIO_CREO,FECHA_CREO,USUARIO_MODIFICO,FECHA_MODIFICO) VALUES('DCI', 'Desayuno Caliente ICN (Seul)', 2, 53, 10,1,'amxsab.system@gmail.com',CURRENT_TIMESTAMP,'amxsab.system@gmail.com',CURRENT_TIMESTAMP);
INSERT INTO CODIGO_SERVICIO (CVE_CODIGO_SERVICIO,DESCRIPCION,ID_CLASE,ID_TIPO_CODIGO_SERVICIO,ID_TIPO_CICLO,STATUS,USUARIO_CREO,FECHA_CREO,USUARIO_MODIFICO,FECHA_MODIFICO) VALUES('DCJ', 'Desayuno Caliente Japón', 2, 53, 10,1,'amxsab.system@gmail.com',CURRENT_TIMESTAMP,'amxsab.system@gmail.com',CURRENT_TIMESTAMP);
INSERT INTO CODIGO_SERVICIO (CVE_CODIGO_SERVICIO,DESCRIPCION,ID_CLASE,ID_TIPO_CODIGO_SERVICIO,ID_TIPO_CICLO,STATUS,USUARIO_CREO,FECHA_CREO,USUARIO_MODIFICO,FECHA_MODIFICO) VALUES('DCX', 'Desayuno Caliente Multiregión', 2, 53, 10,1,'amxsab.system@gmail.com',CURRENT_TIMESTAMP,'amxsab.system@gmail.com',CURRENT_TIMESTAMP);
INSERT INTO CODIGO_SERVICIO (CVE_CODIGO_SERVICIO,DESCRIPCION,ID_CLASE,ID_TIPO_CODIGO_SERVICIO,ID_TIPO_CICLO,STATUS,USUARIO_CREO,FECHA_CREO,USUARIO_MODIFICO,FECHA_MODIFICO) VALUES('DFA', 'Desayuno Frío América', 2, 53, 10,1,'amxsab.system@gmail.com',CURRENT_TIMESTAMP,'amxsab.system@gmail.com',CURRENT_TIMESTAMP);
INSERT INTO CODIGO_SERVICIO (CVE_CODIGO_SERVICIO,DESCRIPCION,ID_CLASE,ID_TIPO_CODIGO_SERVICIO,ID_TIPO_CICLO,STATUS,USUARIO_CREO,FECHA_CREO,USUARIO_MODIFICO,FECHA_MODIFICO) VALUES('DFE', 'Desayuno Frío Europa', 2, 53, 10,1,'amxsab.system@gmail.com',CURRENT_TIMESTAMP,'amxsab.system@gmail.com',CURRENT_TIMESTAMP);
INSERT INTO CODIGO_SERVICIO (CVE_CODIGO_SERVICIO,DESCRIPCION,ID_CLASE,ID_TIPO_CODIGO_SERVICIO,ID_TIPO_CICLO,STATUS,USUARIO_CREO,FECHA_CREO,USUARIO_MODIFICO,FECHA_MODIFICO) VALUES('EFO', 'Entretiempo Frío Oriental', 2, 53, 10,1,'amxsab.system@gmail.com',CURRENT_TIMESTAMP,'amxsab.system@gmail.com',CURRENT_TIMESTAMP);
INSERT INTO CODIGO_SERVICIO (CVE_CODIGO_SERVICIO,DESCRIPCION,ID_CLASE,ID_TIPO_CODIGO_SERVICIO,ID_TIPO_CICLO,STATUS,USUARIO_CREO,FECHA_CREO,USUARIO_MODIFICO,FECHA_MODIFICO) VALUES('ENE', 'Entretiempo Nocturno Europa', 2, 53, 10,1,'amxsab.system@gmail.com',CURRENT_TIMESTAMP,'amxsab.system@gmail.com',CURRENT_TIMESTAMP);
INSERT INTO CODIGO_SERVICIO (CVE_CODIGO_SERVICIO,DESCRIPCION,ID_CLASE,ID_TIPO_CODIGO_SERVICIO,ID_TIPO_CICLO,STATUS,USUARIO_CREO,FECHA_CREO,USUARIO_MODIFICO,FECHA_MODIFICO) VALUES('ENS', 'Entretiempo Nocturno Sudamérica', 2, 53, 10,1,'amxsab.system@gmail.com',CURRENT_TIMESTAMP,'amxsab.system@gmail.com',CURRENT_TIMESTAMP);
INSERT INTO CODIGO_SERVICIO (CVE_CODIGO_SERVICIO,DESCRIPCION,ID_CLASE,ID_TIPO_CODIGO_SERVICIO,ID_TIPO_CICLO,STATUS,USUARIO_CREO,FECHA_CREO,USUARIO_MODIFICO,FECHA_MODIFICO) VALUES('EVE', 'Entretiempo Vespertino Europa', 2, 53, 10,1,'amxsab.system@gmail.com',CURRENT_TIMESTAMP,'amxsab.system@gmail.com',CURRENT_TIMESTAMP);
INSERT INTO CODIGO_SERVICIO (CVE_CODIGO_SERVICIO,DESCRIPCION,ID_CLASE,ID_TIPO_CODIGO_SERVICIO,ID_TIPO_CICLO,STATUS,USUARIO_CREO,FECHA_CREO,USUARIO_MODIFICO,FECHA_MODIFICO) VALUES('EVS', 'Entretiempo Vespertino Sudamérica', 2, 53, 10,1,'amxsab.system@gmail.com',CURRENT_TIMESTAMP,'amxsab.system@gmail.com',CURRENT_TIMESTAMP);
INSERT INTO CODIGO_SERVICIO (CVE_CODIGO_SERVICIO,DESCRIPCION,ID_CLASE,ID_TIPO_CODIGO_SERVICIO,ID_TIPO_CICLO,STATUS,USUARIO_CREO,FECHA_CREO,USUARIO_MODIFICO,FECHA_MODIFICO) VALUES('RFX', 'Refrigerio Frío Multiregión', 2, 53, 10,1,'amxsab.system@gmail.com',CURRENT_TIMESTAMP,'amxsab.system@gmail.com',CURRENT_TIMESTAMP);
INSERT INTO CODIGO_SERVICIO (CVE_CODIGO_SERVICIO,DESCRIPCION,ID_CLASE,ID_TIPO_CODIGO_SERVICIO,ID_TIPO_CICLO,STATUS,USUARIO_CREO,FECHA_CREO,USUARIO_MODIFICO,FECHA_MODIFICO) VALUES('RFI', 'Refrigerio Frío ICN (Seul)', 2, 53, 10,1,'amxsab.system@gmail.com',CURRENT_TIMESTAMP,'amxsab.system@gmail.com',CURRENT_TIMESTAMP);
INSERT INTO CODIGO_SERVICIO (CVE_CODIGO_SERVICIO,DESCRIPCION,ID_CLASE,ID_TIPO_CODIGO_SERVICIO,ID_TIPO_CICLO,STATUS,USUARIO_CREO,FECHA_CREO,USUARIO_MODIFICO,FECHA_MODIFICO) VALUES('SCX', 'Sándwich caliente Multiregión', 2, 53, 10,1,'amxsab.system@gmail.com',CURRENT_TIMESTAMP,'amxsab.system@gmail.com',CURRENT_TIMESTAMP);
INSERT INTO CODIGO_SERVICIO (CVE_CODIGO_SERVICIO,DESCRIPCION,ID_CLASE,ID_TIPO_CODIGO_SERVICIO,ID_TIPO_CICLO,STATUS,USUARIO_CREO,FECHA_CREO,USUARIO_MODIFICO,FECHA_MODIFICO) VALUES('SFA', 'Snack Frío América', 2, 53, 10,1,'amxsab.system@gmail.com',CURRENT_TIMESTAMP,'amxsab.system@gmail.com',CURRENT_TIMESTAMP);
INSERT INTO CODIGO_SERVICIO (CVE_CODIGO_SERVICIO,DESCRIPCION,ID_CLASE,ID_TIPO_CODIGO_SERVICIO,ID_TIPO_CICLO,STATUS,USUARIO_CREO,FECHA_CREO,USUARIO_MODIFICO,FECHA_MODIFICO) VALUES('SFN', 'Snack Frío Norteamérica', 2, 53, 10,1,'amxsab.system@gmail.com',CURRENT_TIMESTAMP,'amxsab.system@gmail.com',CURRENT_TIMESTAMP);
INSERT INTO CODIGO_SERVICIO (CVE_CODIGO_SERVICIO,DESCRIPCION,ID_CLASE,ID_TIPO_CODIGO_SERVICIO,ID_TIPO_CICLO,STATUS,USUARIO_CREO,FECHA_CREO,USUARIO_MODIFICO,FECHA_MODIFICO) VALUES('SFX', 'Sándwich Frío Multiregión', 2, 53, 10,1,'amxsab.system@gmail.com',CURRENT_TIMESTAMP,'amxsab.system@gmail.com',CURRENT_TIMESTAMP);
INSERT INTO CODIGO_SERVICIO (CVE_CODIGO_SERVICIO,DESCRIPCION,ID_CLASE,ID_TIPO_CODIGO_SERVICIO,ID_TIPO_CICLO,STATUS,USUARIO_CREO,FECHA_CREO,USUARIO_MODIFICO,FECHA_MODIFICO) VALUES('SFY', 'Sándwich Frío', 2, 53, 10,1,'amxsab.system@gmail.com',CURRENT_TIMESTAMP,'amxsab.system@gmail.com',CURRENT_TIMESTAMP);
INSERT INTO CODIGO_SERVICIO (CVE_CODIGO_SERVICIO,DESCRIPCION,ID_CLASE,ID_TIPO_CODIGO_SERVICIO,ID_TIPO_CICLO,STATUS,USUARIO_CREO,FECHA_CREO,USUARIO_MODIFICO,FECHA_MODIFICO) VALUES('AU', 'AUDÍFONOS', 2, 54, 10,1,'amxsab.system@gmail.com',CURRENT_TIMESTAMP,'amxsab.system@gmail.com',CURRENT_TIMESTAMP);
INSERT INTO CODIGO_SERVICIO (CVE_CODIGO_SERVICIO,DESCRIPCION,ID_CLASE,ID_TIPO_CODIGO_SERVICIO,ID_TIPO_CICLO,STATUS,USUARIO_CREO,FECHA_CREO,USUARIO_MODIFICO,FECHA_MODIFICO) VALUES('BC', 'BAR DE CORTESÍA', 2, 54, 10,1,'amxsab.system@gmail.com',CURRENT_TIMESTAMP,'amxsab.system@gmail.com',CURRENT_TIMESTAMP);
INSERT INTO CODIGO_SERVICIO (CVE_CODIGO_SERVICIO,DESCRIPCION,ID_CLASE,ID_TIPO_CODIGO_SERVICIO,ID_TIPO_CICLO,STATUS,USUARIO_CREO,FECHA_CREO,USUARIO_MODIFICO,FECHA_MODIFICO) VALUES('BO', 'BOTANA', 2, 54, 10,1,'amxsab.system@gmail.com',CURRENT_TIMESTAMP,'amxsab.system@gmail.com',CURRENT_TIMESTAMP);
INSERT INTO CODIGO_SERVICIO (CVE_CODIGO_SERVICIO,DESCRIPCION,ID_CLASE,ID_TIPO_CODIGO_SERVICIO,ID_TIPO_CICLO,STATUS,USUARIO_CREO,FECHA_CREO,USUARIO_MODIFICO,FECHA_MODIFICO) VALUES('GS', 'GALLETAS DULCES', 2, 54, 10,1,'amxsab.system@gmail.com',CURRENT_TIMESTAMP,'amxsab.system@gmail.com',CURRENT_TIMESTAMP);
INSERT INTO CODIGO_SERVICIO (CVE_CODIGO_SERVICIO,DESCRIPCION,ID_CLASE,ID_TIPO_CODIGO_SERVICIO,ID_TIPO_CICLO,STATUS,USUARIO_CREO,FECHA_CREO,USUARIO_MODIFICO,FECHA_MODIFICO) VALUES('LI', 'LÍQUIDOS', 2, 54, 10,1,'amxsab.system@gmail.com',CURRENT_TIMESTAMP,'amxsab.system@gmail.com',CURRENT_TIMESTAMP);
INSERT INTO CODIGO_SERVICIO (CVE_CODIGO_SERVICIO,DESCRIPCION,ID_CLASE,ID_TIPO_CODIGO_SERVICIO,ID_TIPO_CICLO,STATUS,USUARIO_CREO,FECHA_CREO,USUARIO_MODIFICO,FECHA_MODIFICO) VALUES('OH', 'Overhead', 2, 54, 10,1,'amxsab.system@gmail.com',CURRENT_TIMESTAMP,'amxsab.system@gmail.com',CURRENT_TIMESTAMP);
INSERT INTO CODIGO_SERVICIO (CVE_CODIGO_SERVICIO,DESCRIPCION,ID_CLASE,ID_TIPO_CODIGO_SERVICIO,ID_TIPO_CICLO,STATUS,USUARIO_CREO,FECHA_CREO,USUARIO_MODIFICO,FECHA_MODIFICO) VALUES('PD', 'PAN DULCE', 2, 54, 10,1,'amxsab.system@gmail.com',CURRENT_TIMESTAMP,'amxsab.system@gmail.com',CURRENT_TIMESTAMP);
INSERT INTO CODIGO_SERVICIO (CVE_CODIGO_SERVICIO,DESCRIPCION,ID_CLASE,ID_TIPO_CODIGO_SERVICIO,ID_TIPO_CICLO,STATUS,USUARIO_CREO,FECHA_CREO,USUARIO_MODIFICO,FECHA_MODIFICO) VALUES('PE', 'PROYECCIÓN DE PELÍCULA', 2, 54, 10,1,'amxsab.system@gmail.com',CURRENT_TIMESTAMP,'amxsab.system@gmail.com',CURRENT_TIMESTAMP);
INSERT INTO CODIGO_SERVICIO (CVE_CODIGO_SERVICIO,DESCRIPCION,ID_CLASE,ID_TIPO_CODIGO_SERVICIO,ID_TIPO_CICLO,STATUS,USUARIO_CREO,FECHA_CREO,USUARIO_MODIFICO,FECHA_MODIFICO) VALUES('TB', 'TIENDA A BORDO', 2, 54, 10,1,'amxsab.system@gmail.com',CURRENT_TIMESTAMP,'amxsab.system@gmail.com',CURRENT_TIMESTAMP);
INSERT INTO CODIGO_SERVICIO (CVE_CODIGO_SERVICIO,DESCRIPCION,ID_CLASE,ID_TIPO_CODIGO_SERVICIO,ID_TIPO_CICLO,STATUS,USUARIO_CREO,FECHA_CREO,USUARIO_MODIFICO,FECHA_MODIFICO) VALUES('TF', 'TOALLA FACIAL', 2, 54, 10,1,'amxsab.system@gmail.com',CURRENT_TIMESTAMP,'amxsab.system@gmail.com',CURRENT_TIMESTAMP);
INSERT INTO CODIGO_SERVICIO (CVE_CODIGO_SERVICIO,DESCRIPCION,ID_CLASE,ID_TIPO_CODIGO_SERVICIO,ID_TIPO_CICLO,STATUS,USUARIO_CREO,FECHA_CREO,USUARIO_MODIFICO,FECHA_MODIFICO) VALUES('TV', 'SERIE CORTA DE TV EQUIPOS B737-700/800', 2, 54, 10,1,'amxsab.system@gmail.com',CURRENT_TIMESTAMP,'amxsab.system@gmail.com',CURRENT_TIMESTAMP);
INSERT INTO CODIGO_SERVICIO (CVE_CODIGO_SERVICIO,DESCRIPCION,ID_CLASE,ID_TIPO_CODIGO_SERVICIO,ID_TIPO_CICLO,STATUS,USUARIO_CREO,FECHA_CREO,USUARIO_MODIFICO,FECHA_MODIFICO) VALUES('VM', 'VINOS DE MESA', 2, 54, 10,1,'amxsab.system@gmail.com',CURRENT_TIMESTAMP,'amxsab.system@gmail.com',CURRENT_TIMESTAMP);

-- =======================================================
-- ccarmona@aeromexico.com / qwerty123456;
INSERT INTO USUARIO(EMAIL_USUARIO,CONTRASENIA,NOMBRE,APELLIDO_PATERNO,APELLIDO_MATERNO,STATUS,USUARIO_CREO,FECHA_CREO,USUARIO_MODIFICO,FECHA_MODIFICO)VALUES('ccarmona@aeromexico.com','OldFoF+H3e4dtoshfcBDv6IG0ceqod0KfddrhSpzNZc=','Cinthya','Carmona','Viveros',1,'amxsab.system@gmail.com',CURRENT_TIMESTAMP,'amxsab.system@gmail.com',CURRENT_TIMESTAMP);
INSERT INTO PERFIL_USUARIO(PERFIL,EMAIL_USUARIO) VALUES('PORTAL_BASICUSER','ccarmona@aeromexico.com');
INSERT INTO EMPLEADO(EMAIL_USUARIO,ID_EMPLEADO_JEFE,ID_COMPANIA,ID_AREA,ID_ESTACION,TELEFONO,EXTENSION,DIRECTORIO_SAB,PUESTO_ES,PUESTO_EN,STATUS,USUARIO_CREO,FECHA_CREO,USUARIO_MODIFICO,FECHA_MODIFICO)VALUES('ccarmona@aeromexico.com',NULL,1,1,96,'91324000','5266',1,'Supervisor de Servicios a Bordo','Supervisor',1,'amxsab.system@gmail.com',CURRENT_TIMESTAMP,'amxsab.system@gmail.com',CURRENT_TIMESTAMP);
-- ciglesias@aeromexico.com / qwerty123456;
INSERT INTO USUARIO(EMAIL_USUARIO,CONTRASENIA,NOMBRE,APELLIDO_PATERNO,APELLIDO_MATERNO,STATUS,USUARIO_CREO,FECHA_CREO,USUARIO_MODIFICO,FECHA_MODIFICO)VALUES('ciglesias@aeromexico.com','OldFoF+H3e4dtoshfcBDv6IG0ceqod0KfddrhSpzNZc=','Claudio Alfonso','Iglesias','Argaez',1,'amxsab.system@gmail.com',CURRENT_TIMESTAMP,'amxsab.system@gmail.com',CURRENT_TIMESTAMP);
INSERT INTO PERFIL_USUARIO(PERFIL,EMAIL_USUARIO) VALUES('PORTAL_BASICUSER','ciglesias@aeromexico.com');
INSERT INTO EMPLEADO(EMAIL_USUARIO,ID_EMPLEADO_JEFE,ID_COMPANIA,ID_AREA,ID_ESTACION,TELEFONO,EXTENSION,DIRECTORIO_SAB,PUESTO_ES,PUESTO_EN,STATUS,USUARIO_CREO,FECHA_CREO,USUARIO_MODIFICO,FECHA_MODIFICO)VALUES('ciglesias@aeromexico.com',NULL,1,1,96,'91324000','5316',1,'Coordinador de Operaciones','Operating coordinator',1,'amxsab.system@gmail.com',CURRENT_TIMESTAMP,'amxsab.system@gmail.com',CURRENT_TIMESTAMP);
-- frojas@aeromexico.com / qwerty123456;
INSERT INTO USUARIO(EMAIL_USUARIO,CONTRASENIA,NOMBRE,APELLIDO_PATERNO,APELLIDO_MATERNO,STATUS,USUARIO_CREO,FECHA_CREO,USUARIO_MODIFICO,FECHA_MODIFICO)VALUES('frojas@aeromexico.com','OldFoF+H3e4dtoshfcBDv6IG0ceqod0KfddrhSpzNZc=','Fernando','Rojas','Hernandez',1,'amxsab.system@gmail.com',CURRENT_TIMESTAMP,'amxsab.system@gmail.com',CURRENT_TIMESTAMP);
INSERT INTO PERFIL_USUARIO(PERFIL,EMAIL_USUARIO) VALUES('PORTAL_BASICUSER','frojas@aeromexico.com');
INSERT INTO PERFIL_USUARIO(PERFIL,EMAIL_USUARIO) VALUES('PORTAL_ADMINISTRATOR'   ,'frojas@aeromexico.com');
INSERT INTO PERFIL_USUARIO(PERFIL,EMAIL_USUARIO) VALUES('OPERATION_ADMINISTRATOR','frojas@aeromexico.com');
INSERT INTO PERFIL_USUARIO(PERFIL,EMAIL_USUARIO) VALUES('DESIGN_ADMINISTRATOR'   ,'frojas@aeromexico.com');
INSERT INTO EMPLEADO(EMAIL_USUARIO,ID_EMPLEADO_JEFE,ID_COMPANIA,ID_AREA,ID_ESTACION,TELEFONO,EXTENSION,DIRECTORIO_SAB,PUESTO_ES,PUESTO_EN,STATUS,USUARIO_CREO,FECHA_CREO,USUARIO_MODIFICO,FECHA_MODIFICO)VALUES('frojas@aeromexico.com',NULL,1,1,96,'91324000','5239',1,'Gerente Planeación Servicios y Matls','Services Planning Manager',1,'amxsab.system@gmail.com',CURRENT_TIMESTAMP,'amxsab.system@gmail.com',CURRENT_TIMESTAMP);

INSERT INTO VUELO (NUMERO_VUELO,ID_COMPANIA,ID_TIPO_CABINA,ID_ESTACION_ORIGEN,ID_ESTACION_DESTINO,STATUS,USUARIO_CREO,FECHA_CREO,USUARIO_MODIFICO,FECHA_MODIFICO) VALUES (1,1,5,96,23,1,'amxsab.system@gmail.com',CURRENT_TIMESTAMP,'amxsab.system@gmail.com',CURRENT_TIMESTAMP);
INSERT INTO VUELO (NUMERO_VUELO,ID_COMPANIA,ID_TIPO_CABINA,ID_ESTACION_ORIGEN,ID_ESTACION_DESTINO,STATUS,USUARIO_CREO,FECHA_CREO,USUARIO_MODIFICO,FECHA_MODIFICO) VALUES (2,1,5,23,96,1,'amxsab.system@gmail.com',CURRENT_TIMESTAMP,'amxsab.system@gmail.com',CURRENT_TIMESTAMP);
INSERT INTO VUELO (NUMERO_VUELO,ID_COMPANIA,ID_TIPO_CABINA,ID_ESTACION_ORIGEN,ID_ESTACION_DESTINO,STATUS,USUARIO_CREO,FECHA_CREO,USUARIO_MODIFICO,FECHA_MODIFICO) VALUES (3,1,5,96,5,1,'amxsab.system@gmail.com',CURRENT_TIMESTAMP,'amxsab.system@gmail.com',CURRENT_TIMESTAMP);
INSERT INTO VUELO (NUMERO_VUELO,ID_COMPANIA,ID_TIPO_CABINA,ID_ESTACION_ORIGEN,ID_ESTACION_DESTINO,STATUS,USUARIO_CREO,FECHA_CREO,USUARIO_MODIFICO,FECHA_MODIFICO) VALUES (4,1,5,5,96,1,'amxsab.system@gmail.com',CURRENT_TIMESTAMP,'amxsab.system@gmail.com',CURRENT_TIMESTAMP);
INSERT INTO VUELO (NUMERO_VUELO,ID_COMPANIA,ID_TIPO_CABINA,ID_ESTACION_ORIGEN,ID_ESTACION_DESTINO,STATUS,USUARIO_CREO,FECHA_CREO,USUARIO_MODIFICO,FECHA_MODIFICO) VALUES (7,1,5,96,21,1,'amxsab.system@gmail.com',CURRENT_TIMESTAMP,'amxsab.system@gmail.com',CURRENT_TIMESTAMP);
INSERT INTO VUELO (NUMERO_VUELO,ID_COMPANIA,ID_TIPO_CABINA,ID_ESTACION_ORIGEN,ID_ESTACION_DESTINO,STATUS,USUARIO_CREO,FECHA_CREO,USUARIO_MODIFICO,FECHA_MODIFICO) VALUES (8,1,5,21,96,1,'amxsab.system@gmail.com',CURRENT_TIMESTAMP,'amxsab.system@gmail.com',CURRENT_TIMESTAMP);
INSERT INTO VUELO (NUMERO_VUELO,ID_COMPANIA,ID_TIPO_CABINA,ID_ESTACION_ORIGEN,ID_ESTACION_DESTINO,STATUS,USUARIO_CREO,FECHA_CREO,USUARIO_MODIFICO,FECHA_MODIFICO) VALUES (24,1,5,96,37,1,'amxsab.system@gmail.com',CURRENT_TIMESTAMP,'amxsab.system@gmail.com',CURRENT_TIMESTAMP);
INSERT INTO VUELO (NUMERO_VUELO,ID_COMPANIA,ID_TIPO_CABINA,ID_ESTACION_ORIGEN,ID_ESTACION_DESTINO,STATUS,USUARIO_CREO,FECHA_CREO,USUARIO_MODIFICO,FECHA_MODIFICO) VALUES (11,1,5,37,96,1,'amxsab.system@gmail.com',CURRENT_TIMESTAMP,'amxsab.system@gmail.com',CURRENT_TIMESTAMP);
INSERT INTO VUELO (NUMERO_VUELO,ID_COMPANIA,ID_TIPO_CABINA,ID_ESTACION_ORIGEN,ID_ESTACION_DESTINO,STATUS,USUARIO_CREO,FECHA_CREO,USUARIO_MODIFICO,FECHA_MODIFICO) VALUES (14,1,5,96,12,1,'amxsab.system@gmail.com',CURRENT_TIMESTAMP,'amxsab.system@gmail.com',CURRENT_TIMESTAMP);

INSERT INTO PRODUCTO (NOMBRE,STATUS,USUARIO_CREO,FECHA_CREO,USUARIO_MODIFICO,FECHA_MODIFICO) VALUES('240',1,'amxsab.system@gmail.com',CURRENT_TIMESTAMP,'amxsab.system@gmail.com',CURRENT_TIMESTAMP);
INSERT INTO PRODUCTO (NOMBRE,STATUS,USUARIO_CREO,FECHA_CREO,USUARIO_MODIFICO,FECHA_MODIFICO) VALUES('300',1,'amxsab.system@gmail.com',CURRENT_TIMESTAMP,'amxsab.system@gmail.com',CURRENT_TIMESTAMP);
INSERT INTO PRODUCTO (NOMBRE,STATUS,USUARIO_CREO,FECHA_CREO,USUARIO_MODIFICO,FECHA_MODIFICO) VALUES('480',1,'amxsab.system@gmail.com',CURRENT_TIMESTAMP,'amxsab.system@gmail.com',CURRENT_TIMESTAMP);
INSERT INTO PRODUCTO (NOMBRE,STATUS,USUARIO_CREO,FECHA_CREO,USUARIO_MODIFICO,FECHA_MODIFICO) VALUES('480S',1,'amxsab.system@gmail.com',CURRENT_TIMESTAMP,'amxsab.system@gmail.com',CURRENT_TIMESTAMP);
INSERT INTO PRODUCTO (NOMBRE,STATUS,USUARIO_CREO,FECHA_CREO,USUARIO_MODIFICO,FECHA_MODIFICO) VALUES('720',1,'amxsab.system@gmail.com',CURRENT_TIMESTAMP,'amxsab.system@gmail.com',CURRENT_TIMESTAMP);
INSERT INTO PRODUCTO (NOMBRE,STATUS,USUARIO_CREO,FECHA_CREO,USUARIO_MODIFICO,FECHA_MODIFICO) VALUES('900',1,'amxsab.system@gmail.com',CURRENT_TIMESTAMP,'amxsab.system@gmail.com',CURRENT_TIMESTAMP);

INSERT INTO TIPO_PRODUCTO_REPORTE (DESCRIPCION,ESTATUS) VALUES('Bar' ,72);
INSERT INTO TIPO_PRODUCTO_REPORTE (DESCRIPCION,ESTATUS) VALUES('Líquidos' ,72);
INSERT INTO TIPO_PRODUCTO_REPORTE (DESCRIPCION,ESTATUS) VALUES('Limpieza' ,72);
INSERT INTO TIPO_PRODUCTO_REPORTE (DESCRIPCION,ESTATUS) VALUES('Confort' ,72);
INSERT INTO TIPO_PRODUCTO_REPORTE (DESCRIPCION,ESTATUS) VALUES('Misceláneos' ,72);
INSERT INTO TIPO_PRODUCTO_REPORTE (DESCRIPCION,ESTATUS) VALUES('Entretenimiento' ,72);
INSERT INTO TIPO_PRODUCTO_REPORTE (DESCRIPCION,ESTATUS) VALUES('Equipo' ,72);
INSERT INTO TIPO_PRODUCTO_REPORTE (DESCRIPCION,ESTATUS) VALUES('Seguridad' ,72);
INSERT INTO TIPO_PRODUCTO_REPORTE (DESCRIPCION,ESTATUS) VALUES('Guías de Servicio' ,72);
INSERT INTO TIPO_PRODUCTO_REPORTE (DESCRIPCION,ESTATUS) VALUES('Formas' ,72);
INSERT INTO TIPO_PRODUCTO_REPORTE (DESCRIPCION,ESTATUS) VALUES('Procedimiento' ,72);
INSERT INTO TIPO_PRODUCTO_REPORTE (DESCRIPCION,ESTATUS) VALUES('Alimentos' ,72);
INSERT INTO TIPO_PRODUCTO_REPORTE (DESCRIPCION,ESTATUS) VALUES('Menús Impresos' ,72);

INSERT INTO TIPO_IRREGULARIDAD (DESCRIPCION,ESTATUS) VALUES('Sabor' ,72);
INSERT INTO TIPO_IRREGULARIDAD (DESCRIPCION,ESTATUS) VALUES('Cantidad' ,72);
INSERT INTO TIPO_IRREGULARIDAD (DESCRIPCION,ESTATUS) VALUES('Acomodo' ,72);
INSERT INTO TIPO_IRREGULARIDAD (DESCRIPCION,ESTATUS) VALUES('Estado' ,72);
INSERT INTO TIPO_IRREGULARIDAD (DESCRIPCION,ESTATUS) VALUES('Presentación' ,72);
INSERT INTO TIPO_IRREGULARIDAD (DESCRIPCION,ESTATUS) VALUES('Apego a Especificaciones' ,72);

INSERT INTO CRITERIO_IRREGULARIDAD (DESCRIPCION,ESTATUS) VALUES('Malo' ,72);
INSERT INTO CRITERIO_IRREGULARIDAD (DESCRIPCION,ESTATUS) VALUES('Bueno' ,72);
INSERT INTO CRITERIO_IRREGULARIDAD (DESCRIPCION,ESTATUS) VALUES('Excelente' ,72);
INSERT INTO CRITERIO_IRREGULARIDAD (DESCRIPCION,ESTATUS) VALUES('Insuficiente' ,72);
INSERT INTO CRITERIO_IRREGULARIDAD (DESCRIPCION,ESTATUS) VALUES('Desagradable' ,72);
INSERT INTO CRITERIO_IRREGULARIDAD (DESCRIPCION,ESTATUS) VALUES('Sin abordar' ,72);
INSERT INTO CRITERIO_IRREGULARIDAD (DESCRIPCION,ESTATUS) VALUES('Mal' ,72);
INSERT INTO CRITERIO_IRREGULARIDAD (DESCRIPCION,ESTATUS) VALUES('Sucio' ,72);
INSERT INTO CRITERIO_IRREGULARIDAD (DESCRIPCION,ESTATUS) VALUES('Objeto Extraño' ,72);
INSERT INTO CRITERIO_IRREGULARIDAD (DESCRIPCION,ESTATUS) VALUES('Caduco' ,72);
INSERT INTO CRITERIO_IRREGULARIDAD (DESCRIPCION,ESTATUS) VALUES('Mal aplicado' ,72);
INSERT INTO CRITERIO_IRREGULARIDAD (DESCRIPCION,ESTATUS) VALUES('Equivocado' ,72);
INSERT INTO CRITERIO_IRREGULARIDAD (DESCRIPCION,ESTATUS) VALUES('Crudo' ,72);
INSERT INTO CRITERIO_IRREGULARIDAD (DESCRIPCION,ESTATUS) VALUES('Sobrecocido' ,72);

INSERT INTO CONFIGURACION_REPORTE (ID_TIPO_PRODUCTO_REPORTE, ID_TIPO_IRREGULARIDAD, ID_CRITERIO_IRREGULARIDAD,STATUS) VALUES(1, 1, 1,1);
INSERT INTO CONFIGURACION_REPORTE (ID_TIPO_PRODUCTO_REPORTE, ID_TIPO_IRREGULARIDAD, ID_CRITERIO_IRREGULARIDAD,STATUS) VALUES(1, 1, 2,1);
INSERT INTO CONFIGURACION_REPORTE (ID_TIPO_PRODUCTO_REPORTE, ID_TIPO_IRREGULARIDAD, ID_CRITERIO_IRREGULARIDAD,STATUS) VALUES(1, 1, 3,1);
INSERT INTO CONFIGURACION_REPORTE (ID_TIPO_PRODUCTO_REPORTE, ID_TIPO_IRREGULARIDAD, ID_CRITERIO_IRREGULARIDAD,STATUS) VALUES(1, 2, 4,1);
INSERT INTO CONFIGURACION_REPORTE (ID_TIPO_PRODUCTO_REPORTE, ID_TIPO_IRREGULARIDAD, ID_CRITERIO_IRREGULARIDAD,STATUS) VALUES(1, 2, 6,1);
INSERT INTO CONFIGURACION_REPORTE (ID_TIPO_PRODUCTO_REPORTE, ID_TIPO_IRREGULARIDAD, ID_CRITERIO_IRREGULARIDAD,STATUS) VALUES(1, 4, 1,1);
INSERT INTO CONFIGURACION_REPORTE (ID_TIPO_PRODUCTO_REPORTE, ID_TIPO_IRREGULARIDAD, ID_CRITERIO_IRREGULARIDAD,STATUS) VALUES(1, 4, 10,1);
INSERT INTO CONFIGURACION_REPORTE (ID_TIPO_PRODUCTO_REPORTE, ID_TIPO_IRREGULARIDAD, ID_CRITERIO_IRREGULARIDAD,STATUS) VALUES(12, 1, 5,1);
INSERT INTO CONFIGURACION_REPORTE (ID_TIPO_PRODUCTO_REPORTE, ID_TIPO_IRREGULARIDAD, ID_CRITERIO_IRREGULARIDAD,STATUS) VALUES(12, 2, 4,1);
INSERT INTO CONFIGURACION_REPORTE (ID_TIPO_PRODUCTO_REPORTE, ID_TIPO_IRREGULARIDAD, ID_CRITERIO_IRREGULARIDAD,STATUS) VALUES(12, 2, 6,1);
INSERT INTO CONFIGURACION_REPORTE (ID_TIPO_PRODUCTO_REPORTE, ID_TIPO_IRREGULARIDAD, ID_CRITERIO_IRREGULARIDAD,STATUS) VALUES(12, 3, 7,1);
INSERT INTO CONFIGURACION_REPORTE (ID_TIPO_PRODUCTO_REPORTE, ID_TIPO_IRREGULARIDAD, ID_CRITERIO_IRREGULARIDAD,STATUS) VALUES(12, 4, 1,1);
INSERT INTO CONFIGURACION_REPORTE (ID_TIPO_PRODUCTO_REPORTE, ID_TIPO_IRREGULARIDAD, ID_CRITERIO_IRREGULARIDAD,STATUS) VALUES(12, 4, 10,1);
INSERT INTO CONFIGURACION_REPORTE (ID_TIPO_PRODUCTO_REPORTE, ID_TIPO_IRREGULARIDAD, ID_CRITERIO_IRREGULARIDAD,STATUS) VALUES(12, 5, 1,1);
INSERT INTO CONFIGURACION_REPORTE (ID_TIPO_PRODUCTO_REPORTE, ID_TIPO_IRREGULARIDAD, ID_CRITERIO_IRREGULARIDAD,STATUS) VALUES(12, 5, 9,1);
INSERT INTO CONFIGURACION_REPORTE (ID_TIPO_PRODUCTO_REPORTE, ID_TIPO_IRREGULARIDAD, ID_CRITERIO_IRREGULARIDAD,STATUS) VALUES(12, 6, 11,1);
INSERT INTO CONFIGURACION_REPORTE (ID_TIPO_PRODUCTO_REPORTE, ID_TIPO_IRREGULARIDAD, ID_CRITERIO_IRREGULARIDAD,STATUS) VALUES(12, 6, 12,1);

INSERT INTO PROVEEDOR (CLAVE_PROVEEDOR,NOMBRE,RAZON_SOCIAL,STATUS,USUARIO_CREO,FECHA_CREO,USUARIO_MODIFICO,FECHA_MODIFICO) VALUES('AER', 'Aerocafe', 'Aerocafe',1,'amxsab.system@gmail.com',CURRENT_TIMESTAMP,'amxsab.system@gmail.com',CURRENT_TIMESTAMP);
INSERT INTO PROVEEDOR (CLAVE_PROVEEDOR,NOMBRE,RAZON_SOCIAL,STATUS,USUARIO_CREO,FECHA_CREO,USUARIO_MODIFICO,FECHA_MODIFICO) VALUES('F&F', 'FLYING FOOD', 'FLYING FOOD',1,'amxsab.system@gmail.com',CURRENT_TIMESTAMP,'amxsab.system@gmail.com',CURRENT_TIMESTAMP);
INSERT INTO PROVEEDOR (CLAVE_PROVEEDOR,NOMBRE,RAZON_SOCIAL,STATUS,USUARIO_CREO,FECHA_CREO,USUARIO_MODIFICO,FECHA_MODIFICO) VALUES('LSA', 'LSG & ACO', 'LSG & ACO',1,'amxsab.system@gmail.com',CURRENT_TIMESTAMP,'amxsab.system@gmail.com',CURRENT_TIMESTAMP);
INSERT INTO PROVEEDOR (CLAVE_PROVEEDOR,NOMBRE,RAZON_SOCIAL,STATUS,USUARIO_CREO,FECHA_CREO,USUARIO_MODIFICO,FECHA_MODIFICO) VALUES('TFK', 'Tokio Flight Kitchen', 'Tokio Flight Kitchen',1,'amxsab.system@gmail.com',CURRENT_TIMESTAMP,'amxsab.system@gmail.com',CURRENT_TIMESTAMP);
INSERT INTO PROVEEDOR (CLAVE_PROVEEDOR,NOMBRE,RAZON_SOCIAL,STATUS,USUARIO_CREO,FECHA_CREO,USUARIO_MODIFICO,FECHA_MODIFICO) VALUES('CAR', 'Camino Real', 'Camino Real',1,'amxsab.system@gmail.com',CURRENT_TIMESTAMP,'amxsab.system@gmail.com',CURRENT_TIMESTAMP);
INSERT INTO PROVEEDOR (CLAVE_PROVEEDOR,NOMBRE,RAZON_SOCIAL,STATUS,USUARIO_CREO,FECHA_CREO,USUARIO_MODIFICO,FECHA_MODIFICO) VALUES('GG', 'Gategourmet', 'Gategourmet',1,'amxsab.system@gmail.com',CURRENT_TIMESTAMP,'amxsab.system@gmail.com',CURRENT_TIMESTAMP);
INSERT INTO PROVEEDOR (CLAVE_PROVEEDOR,NOMBRE,RAZON_SOCIAL,STATUS,USUARIO_CREO,FECHA_CREO,USUARIO_MODIFICO,FECHA_MODIFICO) VALUES('GOD', 'Goddard', 'Goddard',1,'amxsab.system@gmail.com',CURRENT_TIMESTAMP,'amxsab.system@gmail.com',CURRENT_TIMESTAMP);
INSERT INTO PROVEEDOR (CLAVE_PROVEEDOR,NOMBRE,RAZON_SOCIAL,STATUS,USUARIO_CREO,FECHA_CREO,USUARIO_MODIFICO,FECHA_MODIFICO) VALUES('JJR', 'JJ Roca', 'JJ Roca',1,'amxsab.system@gmail.com',CURRENT_TIMESTAMP,'amxsab.system@gmail.com',CURRENT_TIMESTAMP);
INSERT INTO PROVEEDOR (CLAVE_PROVEEDOR,NOMBRE,RAZON_SOCIAL,STATUS,USUARIO_CREO,FECHA_CREO,USUARIO_MODIFICO,FECHA_MODIFICO) VALUES('LSG', 'Sky Chefs', 'Sky Chefs',1,'amxsab.system@gmail.com',CURRENT_TIMESTAMP,'amxsab.system@gmail.com',CURRENT_TIMESTAMP);
INSERT INTO PROVEEDOR (CLAVE_PROVEEDOR,NOMBRE,RAZON_SOCIAL,STATUS,USUARIO_CREO,FECHA_CREO,USUARIO_MODIFICO,FECHA_MODIFICO) VALUES('NEW', 'Newrest', 'Newrest',1,'amxsab.system@gmail.com',CURRENT_TIMESTAMP,'amxsab.system@gmail.com',CURRENT_TIMESTAMP);
INSERT INTO PROVEEDOR (CLAVE_PROVEEDOR,NOMBRE,RAZON_SOCIAL,STATUS,USUARIO_CREO,FECHA_CREO,USUARIO_MODIFICO,FECHA_MODIFICO) VALUES('SER', 'Servair', 'Servair',1,'amxsab.system@gmail.com',CURRENT_TIMESTAMP,'amxsab.system@gmail.com',CURRENT_TIMESTAMP);

INSERT INTO PROVEEDOR_ESTACION (ID_ESTACION,CLAVE_PROVEEDOR,CLAVE_PROVEEDOR_ESTACION,RAZON_SOCIAL,STATUS,USUARIO_CREO,FECHA_CREO,USUARIO_MODIFICO,FECHA_MODIFICO) VALUES(8, 'GG', 'GGDFW','GGDFW',1,'amxsab.system@gmail.com',CURRENT_TIMESTAMP,'amxsab.system@gmail.com',CURRENT_TIMESTAMP);
INSERT INTO PROVEEDOR_ESTACION (ID_ESTACION,CLAVE_PROVEEDOR,CLAVE_PROVEEDOR_ESTACION,RAZON_SOCIAL,STATUS,USUARIO_CREO,FECHA_CREO,USUARIO_MODIFICO,FECHA_MODIFICO) VALUES(7, 'LSG', 'LSGDEN','LSGDEN',1,'amxsab.system@gmail.com',CURRENT_TIMESTAMP,'amxsab.system@gmail.com',CURRENT_TIMESTAMP);
INSERT INTO PROVEEDOR_ESTACION (ID_ESTACION,CLAVE_PROVEEDOR,CLAVE_PROVEEDOR_ESTACION,RAZON_SOCIAL,STATUS,USUARIO_CREO,FECHA_CREO,USUARIO_MODIFICO,FECHA_MODIFICO) VALUES(9, 'LSG', 'LSGDTW','LSGDTW',1,'amxsab.system@gmail.com',CURRENT_TIMESTAMP,'amxsab.system@gmail.com',CURRENT_TIMESTAMP);
INSERT INTO PROVEEDOR_ESTACION (ID_ESTACION,CLAVE_PROVEEDOR,CLAVE_PROVEEDOR_ESTACION,RAZON_SOCIAL,STATUS,USUARIO_CREO,FECHA_CREO,USUARIO_MODIFICO,FECHA_MODIFICO) VALUES(15, 'LSG', 'LSGIAD','LSGIAD',1,'amxsab.system@gmail.com',CURRENT_TIMESTAMP,'amxsab.system@gmail.com',CURRENT_TIMESTAMP);

INSERT INTO MATRIZ (CVE_KIT_MASTER,ID_PRODUCTO, ID_TIPO_EQUIPO_AVION,CANTIDAD_CJ,CANTIDAD_CY, TOTAL_CANTIDAD_CJ_CY ,STATUS,USUARIO_CREO,FECHA_CREO,USUARIO_MODIFICO,FECHA_MODIFICO) VALUES('JAR0302', 1, 1,0, 2, 2,1,'amxsab.system@gmail.com',CURRENT_TIMESTAMP,'amxsab.system@gmail.com',CURRENT_TIMESTAMP);
INSERT INTO MATRIZ (CVE_KIT_MASTER,ID_PRODUCTO, ID_TIPO_EQUIPO_AVION,CANTIDAD_CJ,CANTIDAD_CY, TOTAL_CANTIDAD_CJ_CY ,STATUS,USUARIO_CREO,FECHA_CREO,USUARIO_MODIFICO,FECHA_MODIFICO) VALUES('JAR0302', 3, 2,4, 4, 8,1,'amxsab.system@gmail.com',CURRENT_TIMESTAMP,'amxsab.system@gmail.com',CURRENT_TIMESTAMP);
INSERT INTO MATRIZ (CVE_KIT_MASTER,ID_PRODUCTO, ID_TIPO_EQUIPO_AVION,CANTIDAD_CJ,CANTIDAD_CY, TOTAL_CANTIDAD_CJ_CY ,STATUS,USUARIO_CREO,FECHA_CREO,USUARIO_MODIFICO,FECHA_MODIFICO) VALUES('BOT0999', 4, 2,1, 2, 3,1,'amxsab.system@gmail.com',CURRENT_TIMESTAMP,'amxsab.system@gmail.com',CURRENT_TIMESTAMP);
